frame_idx,phase,trial_id,stim_pair_id,elapsed_time,global_time,flip_time,event_marker
0,phase1,84,pair_085,0.0,1035.842734,1045.701265,stimulus_onset
1,phase1,84,pair_085,0.016659,1035.859395,1045.717924,
2,phase1,84,pair_085,0.033586,1035.876318,1045.734852,
3,phase1,84,pair_085,0.049972,1035.892704,1045.751237,
4,phase1,84,pair_085,0.066628,1035.90936,1045.767893,
5,phase1,84,pair_085,0.083324,1035.926056,1045.78459,
6,phase1,84,pair_085,0.099931,1035.942663,1045.801197,
7,phase1,84,pair_085,0.116916,1035.959654,1045.818182,
8,phase1,84,pair_085,0.133308,1035.976042,1045.834574,
9,phase1,84,pair_085,0.150048,1035.992781,1045.851313,
10,phase1,84,pair_085,0.166905,1036.009637,1045.86817,
11,phase1,84,pair_085,0.183329,1036.026064,1045.884594,
12,phase1,84,pair_085,0.20028,1036.043012,1045.901546,
13,phase1,84,pair_085,0.216705,1036.059437,1045.91797,
14,phase1,84,pair_085,0.233324,1036.076056,1045.934589,
15,phase1,84,pair_085,0.249971,1036.092707,1045.951236,
16,phase1,84,pair_085,0.266656,1036.109388,1045.967921,
17,phase1,84,pair_085,0.283299,1036.12603,1045.984564,
18,phase1,84,pair_085,0.299978,1036.14271,1046.001243,
19,phase1,84,pair_085,0.316641,1036.159373,1046.017906,
20,phase1,84,pair_085,0.333334,1036.176068,1046.034599,
21,phase1,84,pair_085,0.349963,1036.192695,1046.051229,
22,phase1,84,pair_085,0.366581,1036.209314,1046.067847,
23,phase1,84,pair_085,0.383671,1036.226407,1046.084937,
24,phase1,84,pair_085,0.400289,1036.243021,1046.101554,
25,phase1,84,pair_085,0.416639,1036.259371,1046.117905,
26,phase1,84,pair_085,0.433319,1036.276051,1046.134585,
27,phase1,84,pair_085,0.44996,1036.292691,1046.151225,
28,phase1,84,pair_085,0.46663,1036.309362,1046.167896,
29,phase1,84,pair_085,0.483308,1036.326039,1046.184573,
30,phase1,84,pair_085,0.500001,1036.342732,1046.201266,
31,phase1,84,pair_085,0.516621,1036.359352,1046.217886,
32,phase1,84,pair_085,0.533628,1036.37636,1046.234893,
33,phase1,84,pair_085,0.549982,1036.392713,1046.251247,
34,phase1,84,pair_085,0.566721,1036.409452,1046.267986,
35,phase1,84,pair_085,0.583601,1036.426333,1046.284866,
36,phase1,84,pair_085,0.599955,1036.442695,1046.30122,
37,phase1,84,pair_085,0.616939,1036.459671,1046.318205,
38,phase1,84,pair_085,0.633282,1036.476014,1046.334547,
39,phase1,84,pair_085,0.649939,1036.49267,1046.351204,
40,phase1,84,pair_085,0.666967,1036.509699,1046.368232,
41,phase1,84,pair_085,0.683595,1036.526327,1046.38486,
42,phase1,84,pair_085,0.699985,1036.542717,1046.401251,
43,phase1,84,pair_085,0.716656,1036.559391,1046.417922,
44,phase1,84,pair_085,0.733289,1036.576021,1046.434554,
45,phase1,84,pair_085,0.750267,1036.592998,1046.451532,
46,phase1,84,pair_085,0.766663,1036.609395,1046.467928,
47,phase1,84,pair_085,0.783313,1036.626045,1046.484578,
48,phase1,84,pair_085,0.799944,1036.642675,1046.501209,
49,phase1,84,pair_085,0.81696,1036.659692,1046.518225,
50,phase1,84,pair_085,0.833299,1036.676031,1046.534565,
51,phase1,84,pair_085,0.849967,1036.692699,1046.551233,
52,phase1,84,pair_085,0.866714,1036.709446,1046.567979,
53,phase1,84,pair_085,0.883278,1036.72601,1046.584543,
54,phase1,84,pair_085,0.9,1036.742731,1046.601265,
55,phase1,84,pair_085,0.916625,1036.759357,1046.617891,
56,phase1,84,pair_085,0.933282,1036.776014,1046.634548,
57,phase1,84,pair_085,0.949961,1036.792695,1046.651227,
58,phase1,84,pair_085,0.966913,1036.809645,1046.668178,
59,phase1,84,pair_085,0.983293,1036.826024,1046.684558,
60,phase1,84,pair_085,0.999938,1036.842669,1046.701203,
61,phase1,84,pair_085,1.016627,1036.859358,1046.717892,
62,phase1,84,pair_085,1.033591,1036.876323,1046.734857,
63,phase1,84,pair_085,1.049965,1036.892696,1046.75123,
64,phase1,84,pair_085,1.066558,1036.909295,1046.767823,
65,phase1,84,pair_085,1.08354,1036.926278,1046.784805,
66,phase1,84,pair_085,1.100247,1036.942981,1046.801512,
67,phase1,84,pair_085,1.116622,1036.959357,1046.817888,
68,phase1,84,pair_085,1.133249,1036.975981,1046.834514,
69,phase1,84,pair_085,1.150238,1036.992971,1046.851503,
70,phase1,84,pair_085,1.166927,1037.009659,1046.868192,
71,phase1,84,pair_085,1.183301,1037.026033,1046.884566,
72,phase1,84,pair_085,1.199942,1037.042674,1046.901207,
73,phase1,84,pair_085,1.216633,1037.059364,1046.917898,
74,phase1,84,pair_085,1.233265,1037.075996,1046.93453,
75,phase1,84,pair_085,1.249968,1037.0927,1046.951233,
76,phase1,84,pair_085,1.266615,1037.109346,1046.96788,
77,phase1,84,pair_085,1.283578,1037.12631,1046.984843,
78,phase1,84,pair_085,1.299881,1037.142615,1047.001146,
79,phase1,84,pair_085,1.316659,1037.159393,1047.017924,
80,phase1,84,pair_085,1.333277,1037.176008,1047.034542,
81,phase1,84,pair_085,1.349914,1037.192646,1047.051179,
82,phase1,84,pair_085,1.36656,1037.209292,1047.067825,
83,phase1,84,pair_085,1.383233,1037.225965,1047.084499,
84,phase1,84,pair_085,1.399875,1037.242608,1047.101141,
85,phase1,84,pair_085,1.416573,1037.259304,1047.117838,
86,phase1,84,pair_085,1.433258,1037.275989,1047.134523,
87,phase1,84,pair_085,1.4499,1037.292632,1047.151165,
88,phase1,84,pair_085,1.466662,1037.309394,1047.167927,
89,phase1,84,pair_085,1.483241,1037.325972,1047.184506,
90,phase1,84,pair_085,1.499939,1037.342671,1047.201204,
91,phase1,84,pair_085,1.51662,1037.359351,1047.217885,
92,phase1,84,pair_085,1.533288,1037.376019,1047.234553,
93,phase1,84,pair_085,1.54999,1037.392721,1047.251255,
94,phase1,84,pair_085,1.566603,1037.409335,1047.267868,
95,phase1,84,pair_085,1.583547,1037.426279,1047.284813,
96,phase1,84,pair_085,1.599925,1037.442657,1047.301191,
97,phase1,84,pair_085,1.616588,1037.459319,1047.317853,
98,phase1,84,pair_085,1.63325,1037.475982,1047.334516,
99,phase1,84,pair_085,1.649909,1037.49264,1047.351174,
100,phase1,84,pair_085,1.666611,1037.509343,1047.367877,
101,phase1,84,pair_085,1.68369,1037.526422,1047.384955,
102,phase1,84,pair_085,1.700036,1037.542768,1047.401302,
103,phase1,84,pair_085,1.716735,1037.559467,1047.418,
104,phase1,84,pair_085,1.733427,1037.576159,1047.434693,
105,phase1,84,pair_085,1.750352,1037.593084,1047.451617,
106,phase1,84,pair_085,1.76669,1037.609422,1047.467956,
107,phase1,84,pair_085,1.783378,1037.62611,1047.484643,
108,phase1,84,pair_085,1.800043,1037.642778,1047.501308,
109,phase1,84,pair_085,1.816716,1037.659447,1047.517981,
110,phase1,84,pair_085,1.833379,1037.676114,1047.534644,
111,phase1,84,pair_085,1.850061,1037.692793,1047.551327,
112,phase1,84,pair_085,1.86672,1037.709452,1047.567986,
113,phase1,84,pair_085,1.883671,1037.726403,1047.584937,
114,phase1,84,pair_085,1.900014,1037.742748,1047.601279,
115,phase1,84,pair_085,1.916708,1037.759442,1047.617973,
116,phase1,84,pair_085,1.933364,1037.776095,1047.634629,
117,phase1,84,pair_085,1.95034,1037.793073,1047.651605,
118,phase1,84,pair_085,1.967009,1037.809741,1047.668275,
119,phase1,84,pair_085,1.983373,1037.826107,1047.684639,
120,phase1,84,pair_085,2.000031,1037.842763,1047.701296,
121,phase1,84,pair_085,2.016738,1037.859473,1047.718004,
122,phase1,84,pair_085,2.033675,1037.876406,1047.73494,
123,phase1,84,pair_085,2.050015,1037.892753,1047.751281,
124,phase1,84,pair_085,2.0667,1037.909431,1047.767965,
125,phase1,84,pair_085,2.083321,1037.926052,1047.784586,
126,phase1,84,pair_085,2.100015,1037.942746,1047.80128,
127,phase1,84,pair_085,2.116705,1037.959436,1047.81797,
128,phase1,84,pair_085,2.133368,1037.976099,1047.834633,
129,phase1,84,pair_085,2.150043,1037.992775,1047.851308,
130,phase1,84,pair_085,2.167002,1038.009733,1047.868267,
131,phase1,84,pair_085,2.183614,1038.026346,1047.88488,
132,phase1,84,pair_085,2.200012,1038.042745,1047.901278,
133,phase1,84,pair_085,2.216765,1038.059497,1047.91803,
134,phase1,84,pair_085,2.233386,1038.076117,1047.934651,
135,phase1,84,pair_085,2.250014,1038.092745,1047.951279,
136,phase1,84,pair_085,2.266711,1038.109443,1047.967977,
137,phase1,84,pair_085,2.283381,1038.126112,1047.984646,
138,phase1,84,pair_085,2.300033,1038.142765,1048.001299,
139,phase1,84,pair_085,2.316664,1038.159396,1048.01793,
140,phase1,84,pair_085,2.333381,1038.176113,1048.034647,
141,phase1,84,pair_085,2.350005,1038.192736,1048.05127,
142,phase1,84,pair_085,2.366751,1038.209482,1048.068016,
143,phase1,84,pair_085,2.383672,1038.226404,1048.084938,
144,phase1,84,pair_085,2.400038,1038.242771,1048.101303,
145,phase1,84,pair_085,2.416698,1038.259429,1048.117963,
146,phase1,84,pair_085,2.433345,1038.276076,1048.13461,
147,phase1,84,pair_085,2.450337,1038.293068,1048.151602,
148,phase1,84,pair_085,2.466953,1038.309684,1048.168218,
149,phase1,84,pair_085,2.483364,1038.326095,1048.184629,
150,phase1,84,pair_085,2.500066,1038.342798,1048.201331,
151,phase1,84,pair_085,2.517011,1038.359743,1048.218277,
152,phase1,84,pair_085,2.533358,1038.37609,1048.234624,
153,phase1,84,pair_085,2.550064,1038.392796,1048.251329,
154,phase1,84,pair_085,2.566734,1038.409466,1048.268,
155,phase1,84,pair_085,2.583677,1038.426409,1048.284942,
156,phase1,84,pair_085,2.600023,1038.442757,1048.301289,
157,phase1,84,pair_085,2.616703,1038.459435,1048.317968,
158,phase1,84,pair_085,2.633399,1038.47613,1048.334664,
159,phase1,84,pair_085,2.650008,1038.492739,1048.351273,
160,phase1,84,pair_085,2.666984,1038.509716,1048.368249,
161,phase1,84,pair_085,2.683349,1038.52608,1048.384614,
162,phase1,84,pair_085,2.700052,1038.542787,1048.401317,
163,phase1,84,pair_085,2.716685,1038.559417,1048.417951,
164,phase1,84,pair_085,2.733367,1038.576101,1048.434633,
165,phase1,84,pair_085,2.75,1038.592731,1048.451265,
166,phase1,84,pair_085,2.766651,1038.609382,1048.467916,
167,phase1,84,pair_085,2.78333,1038.626062,1048.484595,
168,phase1,84,pair_085,2.799981,1038.642712,1048.501246,
169,phase1,84,pair_085,2.816697,1038.659429,1048.517962,
170,phase1,84,pair_085,2.833285,1038.676017,1048.53455,
171,phase1,84,pair_085,2.850043,1038.692775,1048.551308,
172,phase1,84,pair_085,2.866992,1038.709724,1048.568258,
173,phase1,84,pair_085,2.883355,1038.726086,1048.58462,
174,phase1,84,pair_085,2.900081,1038.742831,1048.601346,
175,phase1,84,pair_085,2.916679,1038.759413,1048.617944,
176,phase1,84,pair_085,2.933663,1038.776395,1048.634929,
177,phase1,84,pair_085,2.949999,1038.79273,1048.651264,
178,phase1,84,pair_085,2.966677,1038.809408,1048.667942,
179,phase1,84,pair_085,2.983285,1038.826016,1048.68455,
180,phase1,84,pair_085,2.999986,1038.842717,1048.701251,
181,phase1,84,pair_085,3.01669,1038.859423,1048.717955,
182,phase1,84,pair_085,3.033321,1038.876052,1048.734586,
183,phase1,84,pair_085,3.049928,1038.89266,1048.751194,
184,phase1,84,pair_085,3.066646,1038.909377,1048.767911,
185,phase1,84,pair_085,3.083605,1038.926336,1048.78487,
186,phase1,84,pair_085,3.100002,1038.942734,1048.801267,
187,phase1,84,pair_085,3.1166,1038.959338,1048.817865,
188,phase1,84,pair_085,3.133632,1038.976364,1048.834897,
189,phase1,84,pair_085,3.149986,1038.992717,1048.851251,
190,phase1,84,pair_085,3.166622,1039.009354,1048.867887,
191,phase1,84,pair_085,3.183349,1039.026081,1048.884615,
192,phase1,84,pair_085,3.199925,1039.042656,1048.90119,
193,phase1,84,pair_085,3.216976,1039.059708,1048.918241,
194,phase1,84,pair_085,3.233337,1039.076072,1048.934603,
195,phase1,84,pair_085,3.249989,1039.092724,1048.951254,
196,phase1,84,pair_085,3.266647,1039.109379,1048.967912,
197,phase1,84,pair_085,3.283291,1039.126023,1048.984556,
198,phase1,84,pair_085,3.299963,1039.142694,1049.001228,
199,phase1,84,pair_085,3.31663,1039.159362,1049.017896,
200,phase1,84,pair_085,3.333408,1039.176139,1049.034673,
201,phase1,84,pair_085,3.350314,1039.193046,1049.051579,
202,phase1,84,pair_085,3.366569,1039.2093,1049.067834,
203,phase1,84,pair_085,3.383385,1039.226117,1049.084651,
204,phase1,84,pair_085,3.399995,1039.242726,1049.10126,
205,phase1,84,pair_085,3.416977,1039.259709,1049.118243,
206,phase1,84,pair_085,3.43327,1039.276002,1049.134535,
207,phase1,84,pair_085,3.449997,1039.292729,1049.151262,
208,phase1,84,pair_085,3.466658,1039.309392,1049.167924,
209,phase1,84,pair_085,3.483603,1039.326334,1049.184868,
210,phase1,84,pair_085,3.500021,1039.342777,1049.201287,
211,phase1,84,pair_085,3.516661,1039.359397,1049.217927,
212,phase1,84,pair_085,3.533397,1039.376131,1049.234662,
213,phase1,84,pair_085,3.550295,1039.393026,1049.25156,
214,phase1,84,pair_085,3.566676,1039.409409,1049.267941,
215,phase1,84,pair_085,3.583252,1039.425984,1049.284518,
216,phase1,84,pair_085,3.599998,1039.442729,1049.301263,
217,phase1,84,pair_085,3.616656,1039.459388,1049.317921,
218,phase1,84,pair_085,3.633627,1039.476359,1049.334892,
219,phase1,84,pair_085,3.649955,1039.492686,1049.35122,
220,phase1,84,pair_085,3.66669,1039.509422,1049.367956,
221,phase1,84,pair_085,3.683317,1039.526048,1049.384582,
222,phase1,84,pair_085,3.700304,1039.543035,1049.401569,
223,phase1,84,pair_085,3.716661,1039.559398,1049.417926,
224,phase1,84,pair_085,3.733343,1039.576075,1049.434608,
225,phase1,84,pair_085,3.750257,1039.592989,1049.451522,
226,phase1,84,pair_085,3.766614,1039.609345,1049.467879,
227,phase1,84,pair_085,3.783592,1039.626324,1049.484857,
228,phase1,84,pair_085,3.799886,1039.642618,1049.501151,
229,phase1,84,pair_085,3.816683,1039.659414,1049.517948,
230,phase1,84,pair_085,3.833577,1039.676308,1049.534842,
231,phase1,84,pair_085,3.850263,1039.692997,1049.551529,
232,phase1,84,pair_085,3.866653,1039.709384,1049.567918,
233,phase1,84,pair_085,3.883291,1039.726023,1049.584556,
234,phase1,84,pair_085,3.899965,1039.742696,1049.60123,
235,phase1,84,pair_085,3.916945,1039.759676,1049.61821,
236,phase1,84,pair_085,3.933312,1039.776046,1049.634577,
237,phase1,84,pair_085,3.950008,1039.79274,1049.651273,
238,phase1,84,pair_085,3.9669,1039.809632,1049.668165,
239,phase1,84,pair_085,3.983588,1039.82632,1049.684853,
240,phase1,84,pair_085,3.999961,1039.842693,1049.701227,
241,phase1,84,pair_085,4.016692,1039.859424,1049.717957,
242,phase1,84,pair_085,4.033282,1039.876014,1049.734547,
243,phase1,84,pair_085,4.05028,1039.893012,1049.751546,
244,phase1,84,pair_085,4.066639,1039.909371,1049.767905,
245,phase1,84,pair_085,4.083288,1039.926023,1049.784554,
246,phase1,84,pair_085,4.099949,1039.942681,1049.801215,
247,phase1,84,pair_085,4.11694,1039.959671,1049.818205,
248,phase1,84,pair_085,4.133578,1039.97631,1049.834843,
249,phase1,84,pair_085,4.149967,1039.992698,1049.851232,
250,phase1,84,pair_085,4.166705,1040.009437,1049.867971,
251,phase1,84,pair_085,4.183212,1040.025951,1049.884477,
252,phase1,84,pair_085,4.19997,1040.042702,1049.901236,
253,phase1,84,pair_085,4.216613,1040.059345,1049.917879,
254,phase1,84,pair_085,4.233288,1040.07602,1049.934553,
255,phase1,84,pair_085,4.249876,1040.092608,1049.951141,
256,phase1,84,pair_085,4.26693,1040.109662,1049.968195,
257,phase1,84,pair_085,4.283323,1040.126054,1049.984588,
258,phase1,84,pair_085,4.299999,1040.142731,1050.001265,
259,phase1,84,pair_085,4.316542,1040.159274,1050.017807,
260,phase1,84,pair_085,4.333202,1040.175934,1050.034468,
261,phase1,84,pair_085,4.349953,1040.192684,1050.051218,
262,phase1,84,pair_085,4.366585,1040.209318,1050.06785,
263,phase1,84,pair_085,4.383297,1040.226028,1050.084562,
264,phase1,84,pair_085,4.399909,1040.24264,1050.101174,
265,phase1,84,pair_085,4.416604,1040.259336,1050.11787,
266,phase1,84,pair_085,4.433257,1040.275989,1050.134523,
267,phase1,84,pair_085,4.44997,1040.292702,1050.151235,
268,phase1,84,pair_085,4.466941,1040.309672,1050.168206,
269,phase1,84,pair_085,4.48358,1040.326312,1050.184845,
270,phase1,84,pair_085,4.499944,1040.342676,1050.201209,
271,phase1,84,pair_085,4.516927,1040.359658,1050.218192,
272,phase1,84,pair_085,4.533254,1040.375985,1050.234519,
273,phase1,84,pair_085,4.549956,1040.392688,1050.251221,
274,phase1,84,pair_085,4.566618,1040.40935,1050.267884,
275,phase1,84,pair_085,4.583287,1040.426022,1050.284552,
276,phase1,84,pair_085,4.599957,1040.442691,1050.301223,
277,phase1,84,pair_085,4.616902,1040.459633,1050.318167,
278,phase1,84,pair_085,4.633292,1040.476024,1050.334557,
279,phase1,84,pair_085,4.64989,1040.492622,1050.351156,
280,phase1,84,pair_085,4.666917,1040.509648,1050.368182,
281,phase1,84,pair_085,4.683582,1040.526314,1050.384848,
282,phase1,84,pair_085,4.699916,1040.542648,1050.401182,
283,phase1,84,pair_085,4.716898,1040.55963,1050.418163,
284,phase1,84,pair_085,4.733326,1040.576058,1050.434592,
285,phase1,84,pair_085,4.749956,1040.592687,1050.451221,
286,phase1,84,pair_085,4.76669,1040.609422,1050.467956,
287,phase1,84,pair_085,4.783281,1040.626013,1050.484546,
288,phase1,84,pair_085,4.79991,1040.642642,1050.501176,
289,phase1,84,pair_085,4.816907,1040.659638,1050.518172,
290,phase1,84,pair_085,4.833346,1040.676078,1050.534612,
291,phase1,84,pair_085,4.849892,1040.692624,1050.551158,
292,phase1,84,pair_085,4.866875,1040.709607,1050.568141,
293,phase1,84,pair_085,4.883265,1040.725997,1050.58453,
294,phase1,84,pair_085,4.899925,1040.742656,1050.60119,
295,phase1,84,pair_085,4.916581,1040.759312,1050.617846,
296,phase1,84,pair_085,4.933242,1040.775973,1050.634507,
297,phase1,84,pair_085,4.949926,1040.792658,1050.651191,
298,phase1,84,pair_085,4.966895,1040.809627,1050.668161,
299,phase1,84,pair_085,4.983281,1040.826012,1050.684546,
300,phase1,84,pair_085,4.999926,1040.842658,1050.701191,
301,phase1,84,pair_085,5.016576,1040.859308,1050.717842,
302,phase1,84,pair_085,5.033552,1040.876284,1050.734817,
303,phase1,84,pair_085,5.050068,1040.8928,1050.751334,
304,phase1,84,pair_085,5.066649,1040.909381,1050.767915,
305,phase1,84,pair_085,5.083544,1040.926275,1050.784809,
306,phase1,84,pair_085,5.10022,1040.942952,1050.801486,
307,phase1,84,pair_085,5.116618,1040.95935,1050.817883,
308,phase1,84,pair_085,5.133258,1040.975989,1050.834523,
309,phase1,84,pair_085,5.149929,1040.992661,1050.851195,
310,phase1,84,pair_085,5.166901,1041.009632,1050.868166,
311,phase1,84,pair_085,5.183291,1041.026022,1050.884556,
312,phase1,84,pair_085,5.199973,1041.042704,1050.901238,
313,phase1,84,pair_085,5.216555,1041.059287,1050.91782,
314,phase1,84,pair_085,5.233295,1041.076041,1050.93456,
315,phase1,84,pair_085,5.249998,1041.09293,1050.951263,
316,phase1,84,pair_085,5.266576,1041.109307,1050.967841,
317,phase1,84,pair_085,5.283211,1041.125942,1050.984476,
318,phase1,84,pair_085,5.299899,1041.142631,1051.001165,
319,phase1,84,pair_085,5.316609,1041.159343,1051.017874,
320,phase1,84,pair_085,5.333302,1041.176033,1051.034567,
321,phase1,84,pair_085,5.349996,1041.192728,1051.051261,
322,phase1,84,pair_085,5.366536,1041.209267,1051.067801,
323,phase1,84,pair_085,5.383308,1041.226061,1051.084573,
324,phase1,84,pair_085,5.399925,1041.242656,1051.10119,
325,phase1,84,pair_085,5.416593,1041.259325,1051.117859,
326,phase1,84,pair_085,5.43357,1041.276302,1051.134835,
327,phase1,84,pair_085,5.449904,1041.292636,1051.15117,
328,phase1,84,pair_085,5.466597,1041.309329,1051.167862,
329,phase1,84,pair_085,5.483263,1041.325995,1051.184529,
330,phase1,84,pair_085,5.500224,1041.342956,1051.20149,
331,phase1,84,pair_085,5.516533,1041.359264,1051.217798,
332,phase1,84,pair_085,5.533282,1041.376013,1051.234547,
333,phase1,84,pair_085,5.549921,1041.392652,1051.251186,
334,phase1,84,pair_085,5.566887,1041.409619,1051.268153,
335,phase1,84,pair_085,5.583534,1041.426265,1051.284799,
336,phase1,84,pair_085,5.599889,1041.442621,1051.301154,
337,phase1,84,pair_085,5.616994,1041.459726,1051.31826,
338,phase1,84,pair_085,5.633347,1041.476081,1051.334612,
339,phase1,84,pair_085,5.650035,1041.492771,1051.351301,
340,phase1,84,pair_085,5.666741,1041.509472,1051.368006,
341,phase1,84,pair_085,5.683672,1041.526403,1051.384937,
342,phase1,84,pair_085,5.700295,1041.543026,1051.40156,
343,phase1,84,pair_085,5.716668,1041.5594,1051.417934,
344,phase1,84,pair_085,5.733331,1041.576063,1051.434596,
345,phase1,84,pair_085,5.750039,1041.592771,1051.451305,
346,phase1,84,pair_085,5.766673,1041.609405,1051.467938,
347,phase1,84,pair_085,5.783338,1041.62607,1051.484604,
348,phase1,84,pair_085,5.800004,1041.642735,1051.501269,
349,phase1,84,pair_085,5.816673,1041.659405,1051.517939,
350,phase1,84,pair_085,5.833613,1041.676345,1051.534879,
351,phase1,84,pair_085,5.85001,1041.692743,1051.551275,
352,phase1,84,pair_085,5.866667,1041.709398,1051.567932,
353,phase1,84,pair_085,5.883329,1041.726061,1051.584595,
354,phase1,84,pair_085,5.900326,1041.743058,1051.601591,
355,phase1,84,pair_085,5.916696,1041.759432,1051.617961,
356,phase1,84,pair_085,5.93335,1041.776082,1051.634615,
357,phase1,84,pair_085,5.950057,1041.792788,1051.651322,
358,phase1,84,pair_085,5.966984,1041.809716,1051.668249,
359,phase1,84,pair_085,5.983331,1041.826062,1051.684596,
360,phase1,84,pair_085,6.000004,1041.842736,1051.70127,
361,phase1,84,pair_085,6.016678,1041.859409,1051.717943,
362,phase1,84,pair_085,6.033638,1041.87637,1051.734903,
363,phase1,84,pair_085,6.049968,1041.892702,1051.751233,
364,phase1,84,pair_085,6.06664,1041.909371,1051.767905,
365,phase1,84,pair_085,6.083332,1041.926064,1051.784598,
366,phase1,84,pair_085,6.100332,1041.943064,1051.801598,
367,phase1,84,pair_085,6.116653,1041.95939,1051.817918,
368,phase1,84,pair_085,6.133287,1041.976018,1051.834552,
369,phase1,84,pair_085,6.149979,1041.992713,1051.851244,
370,phase1,84,pair_085,6.166996,1042.009728,1051.868261,
371,phase1,84,pair_085,6.183338,1042.02607,1051.884604,
372,phase1,84,pair_085,6.200005,1042.042739,1051.901271,
373,phase1,84,pair_085,6.216951,1042.05969,1051.918217,
374,phase1,84,pair_085,6.23367,1042.076402,1051.934935,
375,phase1,84,pair_085,6.250303,1042.093035,1051.951569,
376,phase1,84,pair_085,6.266682,1042.109414,1051.967948,
377,phase1,84,pair_085,6.283301,1042.126033,1051.984567,
378,phase1,84,pair_085,6.300021,1042.142752,1052.001286,
379,phase1,84,pair_085,6.316971,1042.159703,1052.018237,
380,phase1,84,pair_085,6.333352,1042.176084,1052.034618,
381,phase1,84,pair_085,6.350013,1042.192766,1052.051278,
382,phase1,84,pair_085,6.366643,1042.209376,1052.067908,
383,phase1,84,pair_085,6.383642,1042.226374,1052.084907,
384,phase1,84,pair_085,6.400015,1042.242747,1052.10128,
385,phase1,84,pair_085,6.416624,1042.259361,1052.117889,
386,phase1,84,pair_085,6.43324,1042.275973,1052.134506,
387,phase1,84,pair_085,6.450297,1042.293029,1052.151562,
388,phase1,84,pair_085,6.466665,1042.309399,1052.16793,
389,phase1,84,pair_085,6.483278,1042.32601,1052.184544,
390,phase1,84,pair_085,6.500034,1042.342767,1052.201299,
391,phase1,84,pair_085,6.516957,1042.359688,1052.218222,
392,phase1,84,pair_085,6.533307,1042.376039,1052.234572,
393,phase1,84,pair_085,6.549992,1042.392725,1052.251257,
394,phase1,84,pair_085,6.56693,1042.409662,1052.268195,
395,phase1,84,pair_085,6.583654,1042.426386,1052.284919,
396,phase1,84,pair_085,6.600267,1042.442999,1052.301532,
397,phase1,84,pair_085,6.616688,1042.459421,1052.317953,
398,phase1,84,pair_085,6.633572,1042.476304,1052.334837,
399,phase1,84,pair_085,6.649995,1042.492727,1052.351261,
400,phase1,84,pair_085,6.666665,1042.509397,1052.36793,
401,phase1,84,pair_085,6.683341,1042.526073,1052.384607,
402,phase1,84,pair_085,6.700028,1042.542763,1052.401293,
403,phase1,84,pair_085,6.716659,1042.55939,1052.417924,
404,phase1,84,pair_085,6.733646,1042.576379,1052.434911,
405,phase1,84,pair_085,6.749955,1042.592686,1052.45122,
406,phase1,84,pair_085,6.766673,1042.609405,1052.467938,
407,phase1,84,pair_085,6.783307,1042.626038,1052.484572,
408,phase1,84,pair_085,6.799976,1042.642707,1052.501241,
409,phase1,84,pair_085,6.816632,1042.659385,1052.517897,
410,phase1,84,pair_085,6.833338,1042.676069,1052.534603,
411,phase1,84,pair_085,6.850289,1042.693022,1052.551555,
412,phase1,84,pair_085,6.866952,1042.709683,1052.568217,
413,phase1,84,pair_085,6.883289,1042.726021,1052.584555,
414,phase1,84,pair_085,6.899963,1042.742694,1052.601228,
415,phase1,84,pair_085,6.916668,1042.7594,1052.617934,
416,phase1,84,pair_085,6.933625,1042.776356,1052.63489,
417,phase1,84,pair_085,6.950255,1042.792987,1052.65152,
418,phase1,84,pair_085,6.966653,1042.809386,1052.667918,
419,phase1,84,pair_085,6.983357,1042.826088,1052.684622,
420,phase1,84,pair_085,6.999967,1042.842699,1052.701232,
421,phase1,84,pair_085,7.01692,1042.859651,1052.718185,
422,phase1,84,pair_085,7.033319,1042.87605,1052.734584,
423,phase1,84,pair_085,7.049984,1042.892717,1052.751249,
424,phase1,84,pair_085,7.066921,1042.909652,1052.768186,
425,phase1,84,pair_085,7.083552,1042.926283,1052.784817,
426,phase1,84,pair_085,7.099894,1042.942626,1052.80116,
427,phase1,84,pair_085,7.116655,1042.959388,1052.81792,
428,phase1,84,pair_085,7.133244,1042.975975,1052.834509,
429,phase1,84,pair_085,7.150288,1042.993019,1052.851553,
430,phase1,84,pair_085,7.1666,1043.009331,1052.867865,
431,phase1,84,pair_085,7.183336,1043.026068,1052.884602,
432,phase1,84,pair_085,7.199953,1043.042685,1052.901219,
433,phase1,84,pair_085,7.216916,1043.059648,1052.918182,
434,phase1,84,pair_085,7.233305,1043.076036,1052.93457,
435,phase1,84,pair_085,7.25028,1043.093011,1052.951545,
436,phase1,84,pair_085,7.266703,1043.109435,1052.967969,
437,phase1,84,pair_085,7.2836,1043.126331,1052.984865,
438,phase1,84,pair_085,7.299949,1043.142689,1053.001214,
439,phase1,84,pair_085,7.316612,1043.159344,1053.017877,
440,phase1,84,pair_085,7.333293,1043.176024,1053.034558,
441,phase1,84,pair_085,7.350278,1043.193009,1053.051543,
442,phase1,84,pair_085,7.366906,1043.209638,1053.068172,
443,phase1,84,pair_085,7.38331,1043.226044,1053.084575,
444,phase1,84,pair_085,7.400291,1043.243022,1053.101556,
445,phase1,84,pair_085,7.416616,1043.25935,1053.117881,
446,phase1,84,pair_085,7.433571,1043.276303,1053.134837,
447,phase1,84,pair_085,7.449953,1043.292686,1053.151219,
448,phase1,84,pair_085,7.466844,1043.309576,1053.16811,
449,phase1,84,pair_085,7.48328,1043.326011,1053.184545,
450,phase1,84,pair_085,7.500239,1043.34297,1053.201504,
451,phase1,84,pair_085,7.516628,1043.35936,1053.217894,
452,phase1,84,pair_085,7.533327,1043.376061,1053.234592,
453,phase1,84,pair_085,7.549921,1043.392652,1053.251186,
454,phase1,84,pair_085,7.566916,1043.409649,1053.268181,
455,phase1,84,pair_085,7.583251,1043.425983,1053.284516,
456,phase1,84,pair_085,7.599961,1043.442693,1053.301227,
457,phase1,84,pair_085,7.616609,1043.45934,1053.317874,
458,phase1,84,pair_085,7.633587,1043.476318,1053.334852,
459,phase1,84,pair_085,7.649956,1043.492687,1053.351221,
460,phase1,84,pair_085,7.666609,1043.509341,1053.367874,
461,phase1,84,pair_085,7.68335,1043.526081,1053.384615,
462,phase1,84,pair_085,7.699889,1043.542621,1053.401154,
463,phase1,84,pair_085,7.716889,1043.559621,1053.418155,
464,phase1,84,pair_085,7.73331,1043.576042,1053.434575,
465,phase1,84,pair_085,7.749943,1043.592677,1053.451208,
466,phase1,84,pair_085,7.766613,1043.609346,1053.467879,
467,phase1,84,pair_085,7.78326,1043.625991,1053.484525,
468,phase1,84,pair_085,7.799907,1043.642639,1053.501172,
469,phase1,84,pair_085,7.816585,1043.659317,1053.51785,
470,phase1,84,pair_085,7.833567,1043.676299,1053.534833,
471,phase1,84,pair_085,7.850053,1043.692786,1053.551319,
472,phase1,84,pair_085,7.866593,1043.709325,1053.567858,
473,phase1,84,pair_085,7.883244,1043.725975,1053.584509,
474,phase1,84,pair_085,7.899925,1043.742657,1053.601191,
475,phase1,84,pair_085,7.916899,1043.75963,1053.618164,
476,phase1,84,pair_085,7.933276,1043.776007,1053.634541,
477,phase1,84,pair_085,7.94995,1043.792681,1053.651215,
478,phase1,84,pair_085,7.966605,1043.809337,1053.66787,
479,phase1,84,pair_085,7.983568,1043.8263,1053.684833,
480,phase1,84,pair_085,7.99991,1043.842642,1053.701175,
481,phase1,84,pair_085,8.016595,1043.859326,1053.71786,
482,phase1,84,pair_085,8.03334,1043.876072,1053.734606,
483,phase1,84,pair_085,8.049902,1043.892634,1053.751167,
484,phase1,84,pair_085,8.066594,1043.909326,1053.76786,
485,phase1,84,pair_085,8.08324,1043.925971,1053.784505,
486,phase1,84,pair_085,8.100233,1043.942966,1053.801498,
487,phase1,84,pair_085,8.116569,1043.959301,1053.817835,
488,phase1,84,pair_085,8.133545,1043.976276,1053.83481,
489,phase1,84,pair_085,8.149917,1043.992648,1053.851182,
490,phase1,84,pair_085,8.166645,1044.009376,1053.86791,
491,phase1,84,pair_085,8.183224,1044.025956,1053.88449,
492,phase1,84,pair_085,8.200222,1044.042953,1053.901487,
493,phase1,84,pair_085,8.216587,1044.059318,1053.917852,
494,phase1,84,pair_085,8.233332,1044.076064,1053.934598,
495,phase1,84,pair_085,8.249913,1044.092645,1053.951178,
496,phase1,84,pair_085,8.266881,1044.109613,1053.968147,
497,phase1,84,pair_085,8.283253,1044.125985,1053.984518,
498,phase1,84,pair_085,8.300033,1044.14278,1054.001299,
499,phase1,84,pair_085,8.316584,1044.159315,1054.017849,
500,phase1,84,pair_085,8.333261,1044.175993,1054.034526,
501,phase1,84,pair_085,8.349929,1044.192661,1054.051195,
502,phase1,84,pair_085,8.366617,1044.209349,1054.067883,
503,phase1,84,pair_085,8.383195,1044.225927,1054.08446,
504,phase1,84,pair_085,8.39991,1044.242642,1054.101175,
505,phase1,84,pair_085,8.416592,1044.259324,1054.117857,
506,phase1,84,pair_085,8.433243,1044.275975,1054.134508,
507,phase1,84,pair_085,8.450278,1044.29301,1054.151543,
508,phase1,84,pair_085,8.466895,1044.309626,1054.16816,
509,phase1,84,pair_085,8.48324,1044.325972,1054.184505,
510,phase1,84,pair_085,8.49991,1044.342641,1054.201175,
511,phase1,84,pair_085,8.516562,1044.359294,1054.217827,
512,phase1,84,pair_085,8.533528,1044.37626,1054.234794,
513,phase1,84,pair_085,8.550201,1044.392933,1054.251466,
514,phase1,84,pair_085,8.566586,1044.409317,1054.267851,
515,phase1,84,pair_085,8.583299,1044.426031,1054.284564,
516,phase1,84,pair_085,8.599892,1044.442624,1054.301158,
517,phase1,84,pair_085,8.6166,1044.459331,1054.317865,
518,phase1,84,pair_085,8.633252,1044.475984,1054.334518,
519,phase1,84,pair_085,8.649904,1044.492636,1054.35117,
520,phase1,84,pair_085,8.666859,1044.509591,1054.368125,
521,phase1,84,pair_085,8.683535,1044.526267,1054.384801,
522,phase1,84,pair_085,8.69987,1044.542601,1054.401135,
523,phase1,84,pair_085,8.716564,1044.559296,1054.417829,
524,phase1,84,pair_085,8.733566,1044.576298,1054.434832,
525,phase1,84,pair_085,8.750203,1044.592935,1054.451469,
526,phase1,84,pair_085,8.766589,1044.60932,1054.467854,
527,phase1,84,pair_085,8.783241,1044.625972,1054.484506,
528,phase1,84,pair_085,8.800168,1044.6429,1054.501434,
529,phase1,84,pair_085,8.816884,1044.659616,1054.518149,
530,phase1,84,pair_085,8.833248,1044.67598,1054.534513,
531,phase1,84,pair_085,8.849913,1044.692645,1054.551179,
532,phase1,84,pair_085,8.866848,1044.70958,1054.568113,
533,phase1,84,pair_085,8.883555,1044.726286,1054.58482,
534,phase1,84,pair_085,8.899885,1044.742619,1054.60115,
535,phase1,84,pair_085,8.916696,1044.759442,1054.617962,
536,phase1,84,pair_085,8.933286,1044.776018,1054.634552,
537,phase1,84,pair_085,8.950205,1044.792936,1054.65147,
538,phase1,84,pair_085,8.966598,1044.80933,1054.667864,
539,phase1,84,pair_085,8.98324,1044.825972,1054.684505,
540,phase1,84,pair_085,8.999962,1044.842693,1054.701227,
541,phase1,84,pair_085,9.016526,1044.859258,1054.717792,
542,phase1,84,pair_085,9.033233,1044.875964,1054.734498,
543,phase1,84,pair_085,9.049873,1044.892605,1054.751138,
544,phase1,84,pair_085,9.066528,1044.90926,1054.767793,
545,phase1,84,pair_085,9.08318,1044.925911,1054.784445,
546,phase1,84,pair_085,9.100197,1044.94293,1054.801462,
547,phase1,84,pair_085,9.116566,1044.959297,1054.817831,
548,phase1,84,pair_085,9.133232,1044.975964,1054.834497,
549,phase1,84,pair_085,9.149839,1044.992571,1054.851105,
550,phase1,84,pair_085,9.166862,1045.009593,1054.868127,
551,phase1,84,pair_085,9.183303,1045.026035,1054.884568,
552,phase1,84,pair_085,9.199894,1045.042626,1054.90116,
553,phase1,84,pair_085,9.216584,1045.059337,1054.917849,
554,phase1,84,pair_085,9.233523,1045.076255,1054.934788,
555,phase1,84,pair_085,9.249915,1045.092647,1054.95118,
556,phase1,84,pair_085,9.266583,1045.109315,1054.967848,
557,phase1,84,pair_085,9.283154,1045.125885,1054.984419,
558,phase1,84,pair_085,9.299865,1045.142596,1055.00113,
559,phase1,84,pair_085,9.316563,1045.159294,1055.017828,
560,phase1,84,pair_085,9.333209,1045.17594,1055.034474,
561,phase1,84,pair_085,9.349869,1045.1926,1055.051134,
562,phase1,84,pair_085,9.366558,1045.20929,1055.067823,
563,phase1,84,pair_085,9.38323,1045.225962,1055.084496,
564,phase1,84,pair_085,9.399884,1045.242615,1055.101149,
565,phase1,84,pair_085,9.41652,1045.259252,1055.117785,
566,phase1,84,pair_085,9.433207,1045.275938,1055.134472,
567,phase1,84,pair_085,9.449867,1045.292599,1055.151133,
568,phase1,84,pair_085,9.466561,1045.309293,1055.167826,
569,phase1,84,pair_085,9.483266,1045.325997,1055.184531,
570,phase1,84,pair_085,9.49984,1045.342572,1055.201105,
571,phase1,84,pair_085,9.516467,1045.3592,1055.217732,
572,phase1,84,pair_085,9.533265,1045.375997,1055.23453,
573,phase1,84,pair_085,9.55032,1045.393051,1055.251585,
574,phase1,84,pair_085,9.56665,1045.409382,1055.267916,
575,phase1,84,pair_085,9.583322,1045.426055,1055.284588,
576,phase1,84,pair_085,9.59999,1045.442722,1055.301255,
577,phase1,84,pair_085,9.616951,1045.459683,1055.318217,
578,phase1,84,pair_085,9.633333,1045.476065,1055.334599,
579,phase1,84,pair_085,-1035.842993,1045.692802,9.858273,response
0,phase2,84,pair_085,0.0,1046.959375,1056.817901,single_opt_onset_seq1_opt1_石头
1,phase2,84,pair_085,0.016666,1046.976034,1056.834567,
2,phase2,84,pair_085,0.033609,1046.992976,1056.851511,
3,phase2,84,pair_085,0.04998,1047.009347,1056.867882,
4,phase2,84,pair_085,0.066669,1047.026035,1056.88457,
5,phase2,84,pair_085,0.083604,1047.042972,1056.901506,
6,phase2,84,pair_085,0.100273,1047.059639,1056.918175,
7,phase2,84,pair_085,0.116645,1047.076011,1056.934546,
8,phase2,84,pair_085,0.133261,1047.092627,1056.951162,
9,phase2,84,pair_085,0.149968,1047.109334,1056.967869,
10,phase2,84,pair_085,0.166913,1047.126279,1056.984815,
11,phase2,84,pair_085,0.183288,1047.142654,1057.001189,
12,phase2,84,pair_085,0.199914,1047.15928,1057.017816,
13,phase2,84,pair_085,0.216598,1047.175965,1057.0345,
14,phase2,84,pair_085,0.233266,1047.192634,1057.051168,
15,phase2,84,pair_085,0.250237,1047.209602,1057.068138,
16,phase2,84,pair_085,0.266613,1047.225979,1057.084514,
17,phase2,84,pair_085,0.283298,1047.242664,1057.1012,
18,phase2,84,pair_085,0.299964,1047.25933,1057.117865,
19,phase2,84,pair_085,0.3169,1047.276265,1057.134801,
20,phase2,84,pair_085,0.333274,1047.292639,1057.151175,
21,phase2,84,pair_085,0.349914,1047.30928,1057.167816,
22,phase2,84,pair_085,0.366961,1047.326326,1057.184862,
23,phase2,84,pair_085,0.383537,1047.342903,1057.201438,
24,phase2,84,pair_085,0.399975,1047.359342,1057.217877,
25,phase2,84,pair_085,0.416606,1047.375972,1057.234507,
26,phase2,84,pair_085,0.433303,1047.392669,1057.251204,
27,phase2,84,pair_085,0.450263,1047.409629,1057.268165,
28,phase2,84,pair_085,0.466599,1047.425965,1057.284501,
29,phase2,84,pair_085,0.483272,1047.442638,1057.301173,
30,phase2,84,pair_085,0.499947,1047.459313,1057.317848,
31,phase2,84,pair_085,0.516597,1047.475965,1057.334499,
32,phase2,84,pair_085,0.533285,1047.492651,1057.351186,
33,phase2,84,pair_085,0.54992,1047.509285,1057.367821,
34,phase2,84,pair_085,0.566659,1047.526029,1057.38456,
35,phase2,84,pair_085,0.583607,1047.542972,1057.401508,
36,phase2,84,pair_085,0.599924,1047.55929,1057.417826,
37,phase2,84,pair_085,0.616591,1047.575957,1057.434493,
38,phase2,84,pair_085,0.633273,1047.592644,1057.451175,
39,phase2,84,pair_085,0.649952,1047.609318,1057.467854,
40,phase2,84,pair_085,0.666925,1047.626291,1057.484827,
41,phase2,84,pair_085,0.683259,1047.642624,1057.50116,
42,phase2,84,pair_085,0.699957,1047.659322,1057.517858,
43,phase2,84,pair_085,0.71659,1047.675957,1057.534492,
44,phase2,84,pair_085,0.733552,1047.692917,1057.551453,
45,phase2,84,pair_085,0.749954,1047.70932,1057.567855,
46,phase2,84,pair_085,0.766641,1047.726006,1057.584543,
47,phase2,84,pair_085,0.783592,1047.742957,1057.601493,
48,phase2,84,pair_085,0.800234,1047.759599,1057.618135,
49,phase2,84,pair_085,0.8166,1047.775965,1057.634501,
50,phase2,84,pair_085,0.83328,1047.792648,1057.651181,
51,phase2,84,pair_085,0.850185,1047.80955,1057.668086,
52,phase2,84,pair_085,0.866523,1047.825888,1057.684424,
53,phase2,84,pair_085,0.883259,1047.842625,1057.701161,
54,phase2,84,pair_085,0.899965,1047.85933,1057.717866,
55,phase2,84,pair_085,0.916633,1047.875998,1057.734534,
56,phase2,84,pair_085,0.933232,1047.892598,1057.751133,
57,phase2,84,pair_085,0.950228,1047.909594,1057.76813,
58,phase2,84,pair_085,0.966592,1047.925957,1057.784493,
59,phase2,84,pair_085,0.98324,1047.942605,1057.801141,
60,phase2,84,pair_085,0.999904,1047.959269,1057.817805,
61,phase2,84,pair_085,1.016618,1047.975983,1057.834519,
62,phase2,84,pair_085,1.033245,1047.992612,1057.851147,
63,phase2,84,pair_085,1.049956,1048.009321,1057.867857,
64,phase2,84,pair_085,1.066567,1048.025932,1057.884468,
65,phase2,84,pair_085,1.083538,1048.042903,1057.901439,
66,phase2,84,pair_085,1.099951,1048.059317,1057.917853,
67,phase2,84,pair_085,1.116587,1048.075953,1057.934489,
68,phase2,84,pair_085,1.133248,1048.092613,1057.951149,
69,phase2,84,pair_085,1.150217,1048.109582,1057.968118,
70,phase2,84,pair_085,1.166606,1048.125971,1057.984507,
71,phase2,84,pair_085,1.183289,1048.142655,1058.00119,
72,phase2,84,pair_085,1.199894,1048.15926,1058.017796,
73,phase2,84,pair_085,1.216882,1048.176247,1058.034783,
74,phase2,84,pair_085,1.233252,1048.192617,1058.051153,
75,phase2,84,pair_085,1.249997,1048.209362,1058.067898,
76,phase2,84,pair_085,1.266629,1048.225994,1058.08453,
77,phase2,84,pair_085,1.283562,1048.242927,1058.101463,
78,phase2,84,pair_085,1.299907,1048.259273,1058.117809,
79,phase2,84,pair_085,1.31664,1048.276005,1058.134541,
80,phase2,84,pair_085,1.333523,1048.292888,1058.151424,
81,phase2,84,pair_085,1.349872,1048.309238,1058.167773,
82,phase2,84,pair_085,1.366866,1048.326232,1058.184768,
83,phase2,84,pair_085,1.38328,1048.342646,1058.201182,
84,phase2,84,pair_085,1.399961,1048.359327,1058.217863,
85,phase2,84,pair_085,1.416551,1048.375917,1058.234453,
86,phase2,84,pair_085,1.433546,1048.392911,1058.251447,
87,phase2,84,pair_085,1.449904,1048.409269,1058.267805,
88,phase2,84,pair_085,1.466575,1048.42594,1058.284476,
89,phase2,84,pair_085,1.48322,1048.442585,1058.301121,
90,phase2,84,pair_085,1.500212,1048.459578,1058.318114,
0,phase2,84,pair_085,0.0,1048.475963,1058.334495,iti_onset_dur_1.333
1,phase2,84,pair_085,0.016661,1048.49262,1058.351156,
2,phase2,84,pair_085,0.033626,1048.509584,1058.368121,
3,phase2,84,pair_085,0.050278,1048.526236,1058.384773,
4,phase2,84,pair_085,0.066679,1048.542638,1058.401175,
5,phase2,84,pair_085,0.083364,1048.559323,1058.417859,
6,phase2,84,pair_085,0.100231,1048.57619,1058.434726,
7,phase2,84,pair_085,0.116632,1048.592591,1058.451127,
8,phase2,84,pair_085,0.133342,1048.609301,1058.467837,
9,phase2,84,pair_085,0.149983,1048.625944,1058.484478,
10,phase2,84,pair_085,0.166673,1048.642632,1058.501169,
11,phase2,84,pair_085,0.183265,1048.659224,1058.51776,
12,phase2,84,pair_085,0.199945,1048.675904,1058.53444,
13,phase2,84,pair_085,0.216674,1048.692634,1058.55117,
14,phase2,84,pair_085,0.23329,1048.709249,1058.567785,
15,phase2,84,pair_085,0.249973,1048.725932,1058.584469,
16,phase2,84,pair_085,0.266588,1048.742547,1058.601083,
17,phase2,84,pair_085,0.283314,1048.759272,1058.617809,
18,phase2,84,pair_085,0.299999,1048.775958,1058.634494,
19,phase2,84,pair_085,0.316618,1048.792578,1058.651113,
20,phase2,84,pair_085,0.333286,1048.809244,1058.667781,
21,phase2,84,pair_085,0.349985,1048.825944,1058.68448,
22,phase2,84,pair_085,0.366632,1048.842591,1058.701127,
23,phase2,84,pair_085,0.383597,1048.859556,1058.718093,
24,phase2,84,pair_085,0.400254,1048.876212,1058.734749,
25,phase2,84,pair_085,0.416704,1048.892664,1058.751199,
26,phase2,84,pair_085,0.433204,1048.909163,1058.767699,
27,phase2,84,pair_085,0.44989,1048.925849,1058.784386,
28,phase2,84,pair_085,0.466925,1048.942884,1058.801421,
29,phase2,84,pair_085,0.483297,1048.959256,1058.817792,
30,phase2,84,pair_085,0.500019,1048.975978,1058.834514,
31,phase2,84,pair_085,0.516589,1048.992547,1058.851084,
32,phase2,84,pair_085,0.533262,1049.009225,1058.867757,
33,phase2,84,pair_085,0.549935,1049.025896,1058.88443,
34,phase2,84,pair_085,0.566609,1049.042568,1058.901104,
35,phase2,84,pair_085,0.583552,1049.059511,1058.918047,
36,phase2,84,pair_085,0.599939,1049.075898,1058.934434,
37,phase2,84,pair_085,0.616634,1049.092593,1058.95113,
38,phase2,84,pair_085,0.63331,1049.109268,1058.967805,
39,phase2,84,pair_085,0.649924,1049.125882,1058.984419,
40,phase2,84,pair_085,0.666946,1049.142905,1059.001441,
41,phase2,84,pair_085,0.683237,1049.159195,1059.017732,
42,phase2,84,pair_085,0.699941,1049.175899,1059.034436,
43,phase2,84,pair_085,0.716625,1049.192585,1059.051121,
44,phase2,84,pair_085,0.733247,1049.209206,1059.067742,
45,phase2,84,pair_085,0.749936,1049.225895,1059.084431,
46,phase2,84,pair_085,0.76667,1049.242629,1059.101165,
47,phase2,84,pair_085,0.783309,1049.259267,1059.117804,
48,phase2,84,pair_085,0.799933,1049.275892,1059.134428,
49,phase2,84,pair_085,0.816917,1049.292876,1059.151412,
50,phase2,84,pair_085,0.833243,1049.309202,1059.167738,
51,phase2,84,pair_085,0.850386,1049.326345,1059.184881,
52,phase2,84,pair_085,0.866713,1049.342672,1059.201208,
53,phase2,84,pair_085,0.883392,1049.35935,1059.217887,
54,phase2,84,pair_085,0.900044,1049.376002,1059.234539,
55,phase2,84,pair_085,0.917038,1049.392997,1059.251533,
56,phase2,84,pair_085,0.933378,1049.409337,1059.267873,
57,phase2,84,pair_085,0.949999,1049.425958,1059.284494,
58,phase2,84,pair_085,0.966769,1049.442732,1059.301264,
59,phase2,84,pair_085,0.983716,1049.459675,1059.318211,
60,phase2,84,pair_085,1.000033,1049.475992,1059.334528,
61,phase2,84,pair_085,1.016712,1049.492671,1059.351208,
62,phase2,84,pair_085,1.033422,1049.509382,1059.367917,
63,phase2,84,pair_085,1.05005,1049.526009,1059.384545,
64,phase2,84,pair_085,1.066712,1049.54267,1059.401207,
65,phase2,84,pair_085,1.083394,1049.559353,1059.417889,
66,phase2,84,pair_085,1.10007,1049.576032,1059.434565,
67,phase2,84,pair_085,1.116713,1049.592676,1059.451208,
68,phase2,84,pair_085,1.133375,1049.609333,1059.46787,
69,phase2,84,pair_085,1.150032,1049.625991,1059.484527,
70,phase2,84,pair_085,1.166701,1049.64266,1059.501196,
71,phase2,84,pair_085,1.18335,1049.659311,1059.517845,
72,phase2,84,pair_085,1.199977,1049.675936,1059.534472,
73,phase2,84,pair_085,1.216652,1049.692611,1059.551147,
74,phase2,84,pair_085,1.233368,1049.709328,1059.567863,
75,phase2,84,pair_085,1.250019,1049.725978,1059.584514,
76,phase2,84,pair_085,1.266637,1049.742599,1059.601132,
77,phase2,84,pair_085,1.283302,1049.759262,1059.617797,
78,phase2,84,pair_085,1.300062,1049.776022,1059.634557,
79,phase2,84,pair_085,1.316681,1049.792641,1059.651176,
0,phase2,84,pair_085,0.0,1049.809666,1059.668196,single_opt_onset_seq2_opt4_哭
1,phase2,84,pair_085,0.016311,1049.825972,1059.684507,
2,phase2,84,pair_085,0.033006,1049.842668,1059.701203,
3,phase2,84,pair_085,0.049722,1049.859385,1059.717918,
4,phase2,84,pair_085,0.066339,1049.876001,1059.734535,
5,phase2,84,pair_085,0.083002,1049.892663,1059.751198,
6,phase2,84,pair_085,0.099681,1049.909342,1059.767877,
7,phase2,84,pair_085,0.116394,1049.926055,1059.784591,
8,phase2,84,pair_085,0.13334,1049.943001,1059.801536,
9,phase2,84,pair_085,0.149702,1049.959363,1059.817899,
10,phase2,84,pair_085,0.166288,1049.975949,1059.834484,
11,phase2,84,pair_085,0.182975,1049.992636,1059.851172,
12,phase2,84,pair_085,0.199676,1050.009337,1059.867872,
13,phase2,84,pair_085,0.216604,1050.026265,1059.8848,
14,phase2,84,pair_085,0.23301,1050.04267,1059.901206,
15,phase2,84,pair_085,0.249695,1050.059356,1059.917891,
16,phase2,84,pair_085,0.26633,1050.07599,1059.934526,
17,phase2,84,pair_085,0.283297,1050.092957,1059.951493,
18,phase2,84,pair_085,0.299652,1050.109312,1059.967848,
19,phase2,84,pair_085,0.316324,1050.125984,1059.98452,
20,phase2,84,pair_085,0.333014,1050.142675,1060.00121,
21,phase2,84,pair_085,0.349971,1050.159632,1060.018168,
22,phase2,84,pair_085,0.366295,1050.175956,1060.034492,
23,phase2,84,pair_085,0.382967,1050.192628,1060.051164,
24,phase2,84,pair_085,0.399706,1050.209368,1060.067902,
25,phase2,84,pair_085,0.416652,1050.226313,1060.084848,
26,phase2,84,pair_085,0.432994,1050.242655,1060.10119,
27,phase2,84,pair_085,0.44969,1050.259355,1060.117886,
28,phase2,84,pair_085,0.466365,1050.276029,1060.134561,
29,phase2,84,pair_085,0.483313,1050.292973,1060.151509,
30,phase2,84,pair_085,0.49965,1050.309311,1060.167846,
31,phase2,84,pair_085,0.51635,1050.32601,1060.184546,
32,phase2,84,pair_085,0.53305,1050.34271,1060.201246,
33,phase2,84,pair_085,0.549648,1050.359308,1060.217844,
34,phase2,84,pair_085,0.566322,1050.375983,1060.234518,
35,phase2,84,pair_085,0.58299,1050.392651,1060.251187,
36,phase2,84,pair_085,0.599709,1050.409369,1060.267905,
37,phase2,84,pair_085,0.616281,1050.425941,1060.284477,
38,phase2,84,pair_085,0.633307,1050.442967,1060.301504,
39,phase2,84,pair_085,0.64967,1050.459331,1060.317867,
40,phase2,84,pair_085,0.666331,1050.475991,1060.334527,
41,phase2,84,pair_085,0.682998,1050.492658,1060.351194,
42,phase2,84,pair_085,0.699946,1050.509606,1060.368142,
43,phase2,84,pair_085,0.716341,1050.526004,1060.384537,
44,phase2,84,pair_085,0.73294,1050.5426,1060.401136,
45,phase2,84,pair_085,0.749649,1050.559309,1060.417845,
46,phase2,84,pair_085,0.766579,1050.576239,1060.434775,
47,phase2,84,pair_085,0.782989,1050.592653,1060.451185,
48,phase2,84,pair_085,0.799686,1050.609347,1060.467882,
49,phase2,84,pair_085,0.816319,1050.625979,1060.484515,
50,phase2,84,pair_085,0.833295,1050.642955,1060.501491,
51,phase2,84,pair_085,0.849616,1050.659276,1060.517812,
52,phase2,84,pair_085,0.866366,1050.676027,1060.534562,
53,phase2,84,pair_085,0.883246,1050.692906,1060.551443,
54,phase2,84,pair_085,0.899641,1050.709302,1060.567838,
55,phase2,84,pair_085,0.916317,1050.725977,1060.584513,
56,phase2,84,pair_085,0.932993,1050.742658,1060.601189,
57,phase2,84,pair_085,0.949726,1050.759386,1060.617922,
58,phase2,84,pair_085,0.966622,1050.776282,1060.634818,
59,phase2,84,pair_085,0.982964,1050.792624,1060.65116,
60,phase2,84,pair_085,0.999602,1050.809262,1060.667798,
61,phase2,84,pair_085,1.016378,1050.826039,1060.684575,
62,phase2,84,pair_085,1.032972,1050.842634,1060.701168,
63,phase2,84,pair_085,1.049949,1050.85961,1060.718146,
64,phase2,84,pair_085,1.06629,1050.875951,1060.734486,
65,phase2,84,pair_085,1.083012,1050.892673,1060.751208,
66,phase2,84,pair_085,1.099932,1050.909596,1060.768128,
67,phase2,84,pair_085,1.116606,1050.926268,1060.784802,
68,phase2,84,pair_085,1.132979,1050.94264,1060.801176,
69,phase2,84,pair_085,1.149644,1050.959304,1060.81784,
70,phase2,84,pair_085,1.166311,1050.975973,1060.834508,
71,phase2,84,pair_085,1.183272,1050.992932,1060.851468,
72,phase2,84,pair_085,1.199652,1051.009315,1060.867849,
73,phase2,84,pair_085,1.216282,1051.025942,1060.884478,
74,phase2,84,pair_085,1.232934,1051.042594,1060.90113,
75,phase2,84,pair_085,1.249945,1051.059605,1060.918141,
76,phase2,84,pair_085,1.266256,1051.075916,1060.934452,
77,phase2,84,pair_085,1.283036,1051.092923,1060.951232,
78,phase2,84,pair_085,1.299897,1051.109558,1060.968094,
79,phase2,84,pair_085,1.316624,1051.126285,1060.98482,
80,phase2,84,pair_085,1.333261,1051.142922,1061.001457,
81,phase2,84,pair_085,1.349706,1051.159367,1061.017903,
82,phase2,84,pair_085,1.366385,1051.176046,1061.034581,
83,phase2,84,pair_085,1.38294,1051.1926,1061.051136,
84,phase2,84,pair_085,1.399925,1051.209586,1061.068122,
85,phase2,84,pair_085,1.416306,1051.225966,1061.084502,
86,phase2,84,pair_085,1.432964,1051.242626,1061.101161,
87,phase2,84,pair_085,1.449936,1051.259596,1061.118132,
88,phase2,84,pair_085,1.466277,1051.275938,1061.134473,
89,phase2,84,pair_085,1.482951,1051.292611,1061.151147,
90,phase2,84,pair_085,1.499604,1051.309265,1061.1678,
0,phase2,84,pair_085,0.0,1051.326258,1061.184787,iti_onset_dur_1.292
1,phase2,84,pair_085,0.016657,1051.342908,1061.201444,
2,phase2,84,pair_085,0.033052,1051.359303,1061.217839,
3,phase2,84,pair_085,0.049759,1051.37601,1061.234546,
4,phase2,84,pair_085,0.066351,1051.392601,1061.251138,
5,phase2,84,pair_085,0.083009,1051.40926,1061.267796,
6,phase2,84,pair_085,0.099681,1051.425931,1061.284468,
7,phase2,84,pair_085,0.116378,1051.442633,1061.301165,
8,phase2,84,pair_085,0.133038,1051.459289,1061.317825,
9,phase2,84,pair_085,0.14964,1051.47589,1061.334427,
10,phase2,84,pair_085,0.166343,1051.492594,1061.35113,
11,phase2,84,pair_085,0.183053,1051.509304,1061.36784,
12,phase2,84,pair_085,0.199707,1051.525959,1061.384494,
13,phase2,84,pair_085,0.216358,1051.542609,1061.401145,
14,phase2,84,pair_085,0.233311,1051.559562,1061.418098,
15,phase2,84,pair_085,0.249697,1051.575947,1061.434484,
16,phase2,84,pair_085,0.26636,1051.592612,1061.451147,
17,phase2,84,pair_085,0.283299,1051.609549,1061.468086,
18,phase2,84,pair_085,0.299983,1051.626234,1061.48477,
19,phase2,84,pair_085,0.316386,1051.642644,1061.501173,
20,phase2,84,pair_085,0.333009,1051.65926,1061.517796,
21,phase2,84,pair_085,0.349668,1051.675919,1061.534455,
22,phase2,84,pair_085,0.366332,1051.692583,1061.551119,
23,phase2,84,pair_085,0.382982,1051.709233,1061.567769,
24,phase2,84,pair_085,0.399661,1051.725912,1061.584448,
25,phase2,84,pair_085,0.416362,1051.742615,1061.601149,
26,phase2,84,pair_085,0.433322,1051.759572,1061.618109,
27,phase2,84,pair_085,0.449685,1051.775936,1061.634472,
28,phase2,84,pair_085,0.466397,1051.792647,1061.651184,
29,phase2,84,pair_085,0.482991,1051.809242,1061.667778,
30,phase2,84,pair_085,0.499982,1051.826232,1061.684769,
31,phase2,84,pair_085,0.516331,1051.842582,1061.701118,
32,phase2,84,pair_085,0.533029,1051.859283,1061.717816,
33,phase2,84,pair_085,0.549662,1051.875913,1061.734449,
34,phase2,84,pair_085,0.566291,1051.892541,1061.751078,
35,phase2,84,pair_085,0.582962,1051.909213,1061.767749,
36,phase2,84,pair_085,0.599737,1051.925989,1061.784524,
37,phase2,84,pair_085,0.616613,1051.942863,1061.8014,
38,phase2,84,pair_085,0.633007,1051.95926,1061.817794,
39,phase2,84,pair_085,0.649973,1051.976223,1061.83476,
40,phase2,84,pair_085,0.666369,1051.992622,1061.851156,
41,phase2,84,pair_085,0.683013,1052.009263,1061.8678,
42,phase2,84,pair_085,0.699649,1052.025899,1061.884436,
43,phase2,84,pair_085,0.71665,1052.042901,1061.901437,
44,phase2,84,pair_085,0.733035,1052.059285,1061.917822,
45,phase2,84,pair_085,0.749666,1052.075916,1061.934453,
46,phase2,84,pair_085,0.766309,1052.09256,1061.951096,
47,phase2,84,pair_085,0.783285,1052.109536,1061.968072,
48,phase2,84,pair_085,0.799645,1052.1259,1061.984432,
49,phase2,84,pair_085,0.816392,1052.142644,1062.001179,
50,phase2,84,pair_085,0.832945,1052.159198,1062.017732,
51,phase2,84,pair_085,0.849975,1052.176226,1062.034762,
52,phase2,84,pair_085,0.86635,1052.192601,1062.051137,
53,phase2,84,pair_085,0.883026,1052.209276,1062.067813,
54,phase2,84,pair_085,0.899719,1052.22597,1062.084506,
55,phase2,84,pair_085,0.91631,1052.24256,1062.101097,
56,phase2,84,pair_085,0.932994,1052.259244,1062.117781,
57,phase2,84,pair_085,0.949688,1052.275939,1062.134475,
58,phase2,84,pair_085,0.966361,1052.292612,1062.151148,
59,phase2,84,pair_085,0.982961,1052.309211,1062.167748,
60,phase2,84,pair_085,0.999959,1052.32621,1062.184746,
61,phase2,84,pair_085,1.016373,1052.342625,1062.20116,
62,phase2,84,pair_085,1.033227,1052.359478,1062.218014,
63,phase2,84,pair_085,1.049648,1052.375899,1062.234435,
64,phase2,84,pair_085,1.06662,1052.39287,1062.251407,
65,phase2,84,pair_085,1.083,1052.409251,1062.267787,
66,phase2,84,pair_085,1.099649,1052.4259,1062.284436,
67,phase2,84,pair_085,1.116631,1052.442882,1062.301418,
68,phase2,84,pair_085,1.133277,1052.459528,1062.318064,
69,phase2,84,pair_085,1.149632,1052.475882,1062.334419,
70,phase2,84,pair_085,1.166327,1052.492577,1062.351114,
71,phase2,84,pair_085,1.183031,1052.509282,1062.367818,
72,phase2,84,pair_085,1.199965,1052.526215,1062.384752,
73,phase2,84,pair_085,1.216337,1052.542587,1062.401124,
74,phase2,84,pair_085,1.233029,1052.55928,1062.417816,
75,phase2,84,pair_085,1.249646,1052.575896,1062.434433,
76,phase2,84,pair_085,1.266628,1052.592879,1062.451415,
77,phase2,84,pair_085,1.283011,1052.609262,1062.467798,
0,phase2,84,pair_085,0.0,1052.625908,1062.484438,single_opt_onset_seq3_opt3_迷子
1,phase2,84,pair_085,0.016669,1052.642572,1062.501107,
2,phase2,84,pair_085,0.033287,1052.659189,1062.517725,
3,phase2,84,pair_085,0.05001,1052.675913,1062.534448,
4,phase2,84,pair_085,0.066668,1052.692571,1062.551107,
5,phase2,84,pair_085,0.083621,1052.709524,1062.568059,
6,phase2,84,pair_085,0.100317,1052.72622,1062.584756,
7,phase2,84,pair_085,0.116647,1052.74255,1062.601086,
8,phase2,84,pair_085,0.133326,1052.759229,1062.617764,
9,phase2,84,pair_085,0.149987,1052.775889,1062.634425,
10,phase2,84,pair_085,0.166665,1052.792568,1062.651103,
11,phase2,84,pair_085,0.183622,1052.809525,1062.668061,
12,phase2,84,pair_085,0.200022,1052.825925,1062.684461,
13,phase2,84,pair_085,0.216649,1052.842551,1062.701087,
14,phase2,84,pair_085,0.23331,1052.859213,1062.717748,
15,phase2,84,pair_085,0.250293,1052.876196,1062.734732,
16,phase2,84,pair_085,0.266666,1052.892569,1062.751105,
17,phase2,84,pair_085,0.283326,1052.909228,1062.767764,
18,phase2,84,pair_085,0.300288,1052.92619,1062.784727,
19,phase2,84,pair_085,0.316965,1052.942867,1062.801403,
20,phase2,84,pair_085,0.333338,1052.959241,1062.817777,
21,phase2,84,pair_085,0.35003,1052.975932,1062.834468,
22,phase2,84,pair_085,0.366928,1052.99283,1062.851367,
23,phase2,84,pair_085,0.383305,1053.009207,1062.867743,
24,phase2,84,pair_085,0.400021,1053.025923,1062.884459,
25,phase2,84,pair_085,0.416715,1053.042617,1062.901153,
26,phase2,84,pair_085,0.433357,1053.059261,1062.917795,
27,phase2,84,pair_085,0.450309,1053.076211,1062.934747,
28,phase2,84,pair_085,0.466655,1053.092558,1062.951094,
29,phase2,84,pair_085,0.483315,1053.109217,1062.967753,
30,phase2,84,pair_085,0.499952,1053.125854,1062.98439,
31,phase2,84,pair_085,0.516655,1053.142558,1063.001094,
32,phase2,84,pair_085,0.533319,1053.159221,1063.017757,
33,phase2,84,pair_085,0.550032,1053.175935,1063.034471,
34,phase2,84,pair_085,0.566648,1053.19255,1063.051086,
35,phase2,84,pair_085,0.58329,1053.209193,1063.067728,
36,phase2,84,pair_085,0.599956,1053.225858,1063.084394,
37,phase2,84,pair_085,0.616671,1053.242577,1063.101109,
38,phase2,84,pair_085,0.633755,1053.25966,1063.118193,
39,phase2,84,pair_085,0.650089,1053.275995,1063.134528,
40,phase2,84,pair_085,0.666759,1053.292662,1063.151198,
41,phase2,84,pair_085,0.683693,1053.309595,1063.168131,
42,phase2,84,pair_085,0.700026,1053.325932,1063.184464,
43,phase2,84,pair_085,0.716747,1053.342651,1063.201185,
44,phase2,84,pair_085,0.733414,1053.359316,1063.217852,
45,phase2,84,pair_085,0.750132,1053.376035,1063.234571,
46,phase2,84,pair_085,0.767053,1053.392955,1063.251491,
47,phase2,84,pair_085,0.783418,1053.409321,1063.267856,
48,phase2,84,pair_085,0.800093,1053.426,1063.284532,
49,phase2,84,pair_085,0.816823,1053.442726,1063.301262,
50,phase2,84,pair_085,0.833737,1053.45964,1063.318176,
51,phase2,84,pair_085,0.850077,1053.47598,1063.334516,
52,phase2,84,pair_085,0.866757,1053.49266,1063.351196,
53,phase2,84,pair_085,0.883435,1053.509337,1063.367873,
54,phase2,84,pair_085,0.90001,1053.525912,1063.384448,
55,phase2,84,pair_085,0.91673,1053.542641,1063.401168,
56,phase2,84,pair_085,0.933439,1053.559347,1063.417878,
57,phase2,84,pair_085,0.95013,1053.576033,1063.434569,
58,phase2,84,pair_085,0.96672,1053.592622,1063.451158,
59,phase2,84,pair_085,0.983412,1053.609315,1063.467851,
60,phase2,84,pair_085,1.000062,1053.625965,1063.4845,
61,phase2,84,pair_085,1.016778,1053.642681,1063.501217,
62,phase2,84,pair_085,1.033367,1053.65927,1063.517806,
63,phase2,84,pair_085,1.050391,1053.676293,1063.534829,
64,phase2,84,pair_085,1.066728,1053.692634,1063.551166,
65,phase2,84,pair_085,1.083419,1053.709323,1063.567857,
66,phase2,84,pair_085,1.100072,1053.725975,1063.58451,
67,phase2,84,pair_085,1.11705,1053.742952,1063.601488,
68,phase2,84,pair_085,1.133416,1053.759319,1063.617854,
69,phase2,84,pair_085,1.150011,1053.775917,1063.634449,
70,phase2,84,pair_085,1.166731,1053.792634,1063.65117,
71,phase2,84,pair_085,1.183691,1053.809594,1063.66813,
72,phase2,84,pair_085,1.200082,1053.825987,1063.68452,
73,phase2,84,pair_085,1.21674,1053.842643,1063.701179,
74,phase2,84,pair_085,1.233407,1053.859309,1063.717845,
75,phase2,84,pair_085,1.250373,1053.876276,1063.734811,
76,phase2,84,pair_085,1.266708,1053.892612,1063.751147,
77,phase2,84,pair_085,1.283386,1053.909289,1063.767824,
78,phase2,84,pair_085,1.300035,1053.925937,1063.784473,
79,phase2,84,pair_085,1.31674,1053.942646,1063.801179,
80,phase2,84,pair_085,1.333399,1053.959306,1063.817838,
81,phase2,84,pair_085,1.350033,1053.975936,1063.834472,
82,phase2,84,pair_085,1.366764,1053.992667,1063.851203,
83,phase2,84,pair_085,1.383426,1054.009328,1063.867864,
84,phase2,84,pair_085,1.400057,1054.025962,1063.884495,
85,phase2,84,pair_085,1.416678,1054.042582,1063.901116,
86,phase2,84,pair_085,1.433371,1054.059274,1063.91781,
87,phase2,84,pair_085,1.45006,1054.075962,1063.934498,
88,phase2,84,pair_085,1.467044,1054.092947,1063.951482,
89,phase2,84,pair_085,1.483409,1054.109311,1063.967847,
90,phase2,84,pair_085,1.50006,1054.125965,1063.984498,
0,phase2,84,pair_085,0.0,1054.142606,1064.001138,iti_onset_dur_1.121
1,phase2,84,pair_085,0.017018,1054.159619,1064.018156,
2,phase2,84,pair_085,0.033327,1054.175928,1064.034465,
3,phase2,84,pair_085,0.049961,1054.192563,1064.051099,
4,phase2,84,pair_085,0.067041,1054.209643,1064.068179,
5,phase2,84,pair_085,0.083641,1054.226243,1064.084779,
6,phase2,84,pair_085,0.100019,1054.24262,1064.101157,
7,phase2,84,pair_085,0.116705,1054.25931,1064.117843,
8,phase2,84,pair_085,0.13362,1054.276229,1064.134758,
9,phase2,84,pair_085,0.149984,1054.292585,1064.151122,
10,phase2,84,pair_085,0.166678,1054.309279,1064.167815,
11,phase2,84,pair_085,0.183343,1054.325945,1064.184481,
12,phase2,84,pair_085,0.19995,1054.342551,1064.201088,
13,phase2,84,pair_085,0.216652,1054.359254,1064.21779,
14,phase2,84,pair_085,0.23336,1054.375965,1064.234498,
15,phase2,84,pair_085,0.249977,1054.392578,1064.251115,
16,phase2,84,pair_085,0.266679,1054.40928,1064.267816,
17,phase2,84,pair_085,0.283346,1054.425949,1064.284484,
18,phase2,84,pair_085,0.300342,1054.442945,1064.30148,
19,phase2,84,pair_085,0.316687,1054.459289,1064.317825,
20,phase2,84,pair_085,0.333388,1054.475989,1064.334526,
21,phase2,84,pair_085,0.350048,1054.49265,1064.351186,
22,phase2,84,pair_085,0.366998,1054.509599,1064.368136,
23,phase2,84,pair_085,0.383366,1054.525968,1064.384504,
24,phase2,84,pair_085,0.400081,1054.542683,1064.401219,
25,phase2,84,pair_085,0.4167,1054.559302,1064.417838,
26,phase2,84,pair_085,0.433635,1054.576237,1064.434773,
27,phase2,84,pair_085,0.450026,1054.592627,1064.451164,
28,phase2,84,pair_085,0.466722,1054.609324,1064.46786,
29,phase2,84,pair_085,0.483353,1054.625956,1064.484491,
30,phase2,84,pair_085,0.499954,1054.642555,1064.501092,
31,phase2,84,pair_085,0.516656,1054.659257,1064.517793,
32,phase2,84,pair_085,0.533374,1054.675976,1064.534512,
33,phase2,84,pair_085,0.550268,1054.692869,1064.551406,
34,phase2,84,pair_085,0.566655,1054.709257,1064.567793,
35,phase2,84,pair_085,0.58334,1054.725941,1064.584477,
36,phase2,84,pair_085,0.60003,1054.742634,1064.601167,
37,phase2,84,pair_085,0.616658,1054.75926,1064.617796,
38,phase2,84,pair_085,0.633344,1054.775947,1064.634482,
39,phase2,84,pair_085,0.649987,1054.792588,1064.651125,
40,phase2,84,pair_085,0.66667,1054.809274,1064.667808,
41,phase2,84,pair_085,0.683373,1054.825975,1064.684511,
42,phase2,84,pair_085,0.700307,1054.842909,1064.701445,
43,phase2,84,pair_085,0.716684,1054.859287,1064.717822,
44,phase2,84,pair_085,0.733315,1054.875916,1064.734453,
45,phase2,84,pair_085,0.750011,1054.892615,1064.751149,
46,phase2,84,pair_085,0.766699,1054.909301,1064.767837,
47,phase2,84,pair_085,0.783641,1054.926246,1064.784779,
48,phase2,84,pair_085,0.799996,1054.942598,1064.801134,
49,phase2,84,pair_085,0.816712,1054.959316,1064.81785,
50,phase2,84,pair_085,0.833337,1054.975939,1064.834475,
51,phase2,84,pair_085,0.85,1054.992601,1064.851138,
52,phase2,84,pair_085,0.866641,1055.009243,1064.867779,
53,phase2,84,pair_085,0.883388,1055.025989,1064.884526,
54,phase2,84,pair_085,0.899978,1055.042579,1064.901116,
55,phase2,84,pair_085,0.916987,1055.059589,1064.918125,
56,phase2,84,pair_085,0.933598,1055.076199,1064.934736,
57,phase2,84,pair_085,0.949988,1055.092589,1064.951126,
58,phase2,84,pair_085,0.96668,1055.109282,1064.967818,
59,phase2,84,pair_085,0.983327,1055.12593,1064.984465,
60,phase2,84,pair_085,0.999957,1055.142559,1065.001095,
61,phase2,84,pair_085,1.016671,1055.159275,1065.017809,
62,phase2,84,pair_085,1.033375,1055.175977,1065.034513,
63,phase2,84,pair_085,1.0503,1055.192904,1065.051438,
64,phase2,84,pair_085,1.066943,1055.209545,1065.068081,
65,phase2,84,pair_085,1.083312,1055.225913,1065.08445,
66,phase2,84,pair_085,1.099995,1055.242596,1065.101133,
67,phase2,84,pair_085,1.116963,1055.259565,1065.118101,
0,phase2,84,pair_085,0.0,1055.276238,1065.134768,single_opt_onset_seq4_opt2_成人
1,phase2,84,pair_085,0.016356,1055.29259,1065.151125,
2,phase2,84,pair_085,0.032999,1055.309232,1065.167768,
3,phase2,84,pair_085,0.049614,1055.325846,1065.184382,
4,phase2,84,pair_085,0.066672,1055.342905,1065.20144,
5,phase2,84,pair_085,0.083015,1055.359249,1065.217783,
6,phase2,84,pair_085,0.099706,1055.375938,1065.234474,
7,phase2,84,pair_085,0.116418,1055.392651,1065.251186,
8,phase2,84,pair_085,0.133326,1055.409559,1065.268095,
9,phase2,84,pair_085,0.149625,1055.425858,1065.284393,
10,phase2,84,pair_085,0.166385,1055.442619,1065.301153,
11,phase2,84,pair_085,0.183031,1055.459266,1065.3178,
12,phase2,84,pair_085,0.200019,1055.476252,1065.334787,
13,phase2,84,pair_085,0.216334,1055.492567,1065.351102,
14,phase2,84,pair_085,0.233043,1055.509275,1065.367811,
15,phase2,84,pair_085,0.249662,1055.525895,1065.384431,
16,phase2,84,pair_085,0.266344,1055.542577,1065.401112,
17,phase2,84,pair_085,0.283029,1055.559266,1065.417797,
18,phase2,84,pair_085,0.299729,1055.575963,1065.434497,
19,phase2,84,pair_085,0.316353,1055.592586,1065.451121,
20,phase2,84,pair_085,0.333287,1055.60952,1065.468055,
21,phase2,84,pair_085,0.349699,1055.625931,1065.484467,
22,phase2,84,pair_085,0.366336,1055.642568,1065.501104,
23,phase2,84,pair_085,0.382976,1055.659208,1065.517744,
24,phase2,84,pair_085,0.399661,1055.675893,1065.534429,
25,phase2,84,pair_085,0.416298,1055.69253,1065.551066,
26,phase2,84,pair_085,0.433039,1055.709274,1065.567808,
27,phase2,84,pair_085,0.449702,1055.725934,1065.58447,
28,phase2,84,pair_085,0.466338,1055.74257,1065.601106,
29,phase2,84,pair_085,0.483303,1055.759535,1065.618071,
30,phase2,84,pair_085,0.49968,1055.775912,1065.634448,
31,phase2,84,pair_085,0.516369,1055.792602,1065.651138,
32,phase2,84,pair_085,0.532977,1055.80921,1065.667745,
33,phase2,84,pair_085,0.549974,1055.826206,1065.684742,
34,phase2,84,pair_085,0.566344,1055.842576,1065.701112,
35,phase2,84,pair_085,0.583001,1055.859233,1065.717769,
36,phase2,84,pair_085,0.599927,1055.876159,1065.734695,
37,phase2,84,pair_085,0.616305,1055.892537,1065.751073,
38,phase2,84,pair_085,0.633275,1055.909508,1065.768044,
39,phase2,84,pair_085,0.649709,1055.925942,1065.784478,
40,phase2,84,pair_085,0.666331,1055.942564,1065.8011,
41,phase2,84,pair_085,0.68292,1055.959152,1065.817688,
42,phase2,84,pair_085,0.699676,1055.975909,1065.834444,
43,phase2,84,pair_085,0.716351,1055.992584,1065.851119,
44,phase2,84,pair_085,0.732982,1056.009214,1065.86775,
45,phase2,84,pair_085,0.749944,1056.026177,1065.884712,
46,phase2,84,pair_085,0.766629,1056.042862,1065.901398,
47,phase2,84,pair_085,0.782995,1056.059227,1065.917763,
48,phase2,84,pair_085,0.799648,1056.07588,1065.934416,
49,phase2,84,pair_085,0.816335,1056.092567,1065.951103,
50,phase2,84,pair_085,0.833295,1056.109527,1065.968063,
51,phase2,84,pair_085,0.849709,1056.125941,1065.984477,
52,phase2,84,pair_085,0.866567,1056.142799,1066.001335,
53,phase2,84,pair_085,0.882994,1056.159227,1066.017762,
54,phase2,84,pair_085,0.899951,1056.176183,1066.034719,
55,phase2,84,pair_085,0.916341,1056.192573,1066.051109,
56,phase2,84,pair_085,0.933039,1056.209272,1066.067808,
57,phase2,84,pair_085,0.949689,1056.225921,1066.084457,
58,phase2,84,pair_085,0.966301,1056.242534,1066.10107,
59,phase2,84,pair_085,0.982986,1056.259218,1066.117754,
60,phase2,84,pair_085,0.999633,1056.275865,1066.134401,
61,phase2,84,pair_085,1.016318,1056.29255,1066.151086,
62,phase2,84,pair_085,1.032978,1056.30921,1066.167746,
63,phase2,84,pair_085,1.049897,1056.32613,1066.184666,
64,phase2,84,pair_085,1.066376,1056.342608,1066.201144,
65,phase2,84,pair_085,1.082929,1056.359161,1066.217698,
66,phase2,84,pair_085,1.099985,1056.376217,1066.234753,
67,phase2,84,pair_085,1.116301,1056.392533,1066.251069,
68,phase2,84,pair_085,1.133032,1056.409265,1066.267801,
69,phase2,84,pair_085,1.149649,1056.425881,1066.284417,
70,phase2,84,pair_085,1.166298,1056.44253,1066.301066,
71,phase2,84,pair_085,1.183287,1056.459519,1066.318055,
72,phase2,84,pair_085,1.19967,1056.475902,1066.334438,
73,phase2,84,pair_085,1.216318,1056.49255,1066.351086,
74,phase2,84,pair_085,1.232968,1056.5092,1066.367736,
75,phase2,84,pair_085,1.24995,1056.526182,1066.384718,
76,phase2,84,pair_085,1.266345,1056.542578,1066.401113,
77,phase2,84,pair_085,1.283007,1056.559239,1066.417775,
78,phase2,84,pair_085,1.299911,1056.576144,1066.43468,
79,phase2,84,pair_085,1.316613,1056.592845,1066.451381,
80,phase2,84,pair_085,1.33301,1056.609242,1066.467778,
81,phase2,84,pair_085,1.349661,1056.625893,1066.484429,
82,phase2,84,pair_085,1.366376,1056.642609,1066.501145,
83,phase2,84,pair_085,1.382939,1056.659171,1066.517707,
84,phase2,84,pair_085,1.399634,1056.675866,1066.534402,
85,phase2,84,pair_085,1.416307,1056.69254,1066.551076,
86,phase2,84,pair_085,1.432964,1056.709196,1066.567732,
87,phase2,84,pair_085,1.449974,1056.726207,1066.584742,
88,phase2,84,pair_085,1.466276,1056.742521,1066.601044,
89,phase2,84,pair_085,1.482998,1056.75923,1066.617766,
90,phase2,84,pair_085,1.49962,1056.775853,1066.634389,
0,phase2,84,pair_085,0.0,1056.792524,1066.651058,iti_onset_dur_1.628
1,phase2,84,pair_085,0.016674,1056.809195,1066.667731,
2,phase2,84,pair_085,0.033387,1056.825908,1066.684445,
3,phase2,84,pair_085,0.050003,1056.842524,1066.70106,
4,phase2,84,pair_085,0.06667,1056.859191,1066.717728,
5,phase2,84,pair_085,0.083643,1056.876164,1066.734701,
6,phase2,84,pair_085,0.099953,1056.892475,1066.751011,
7,phase2,84,pair_085,0.116726,1056.909248,1066.767784,
8,phase2,84,pair_085,0.133384,1056.925905,1066.784442,
9,phase2,84,pair_085,0.149993,1056.942514,1066.801051,
10,phase2,84,pair_085,0.166642,1056.959163,1066.817699,
11,phase2,84,pair_085,0.183392,1056.975913,1066.83445,
12,phase2,84,pair_085,0.199974,1056.992496,1066.851032,
13,phase2,84,pair_085,0.216656,1057.009177,1066.867714,
14,phase2,84,pair_085,0.233331,1057.025852,1066.884388,
15,phase2,84,pair_085,0.249986,1057.042507,1066.901043,
16,phase2,84,pair_085,0.266717,1057.059238,1066.917774,
17,phase2,84,pair_085,0.283657,1057.076178,1066.934715,
18,phase2,84,pair_085,0.299993,1057.092515,1066.951051,
19,phase2,84,pair_085,0.316931,1057.109452,1066.967988,
20,phase2,84,pair_085,0.333389,1057.12591,1066.984447,
21,phase2,84,pair_085,0.349968,1057.142489,1067.001026,
22,phase2,84,pair_085,0.36668,1057.159201,1067.017738,
23,phase2,84,pair_085,0.383344,1057.175865,1067.034401,
24,phase2,84,pair_085,0.400411,1057.192932,1067.051468,
25,phase2,84,pair_085,0.416771,1057.209293,1067.067829,
26,phase2,84,pair_085,0.433436,1057.22596,1067.084494,
27,phase2,84,pair_085,0.450122,1057.242644,1067.10118,
28,phase2,84,pair_085,0.46707,1057.259592,1067.118128,
29,phase2,84,pair_085,0.483444,1057.275965,1067.134502,
30,phase2,84,pair_085,0.500079,1057.2926,1067.151137,
31,phase2,84,pair_085,0.51677,1057.309292,1067.167828,
32,phase2,84,pair_085,0.53375,1057.326272,1067.184808,
33,phase2,84,pair_085,0.550055,1057.342576,1067.201112,
34,phase2,84,pair_085,0.566774,1057.359295,1067.217832,
35,phase2,84,pair_085,0.583469,1057.375996,1067.234527,
36,phase2,84,pair_085,0.60006,1057.392581,1067.251118,
37,phase2,84,pair_085,0.61675,1057.409271,1067.267808,
38,phase2,84,pair_085,0.633389,1057.425911,1067.284447,
39,phase2,84,pair_085,0.650101,1057.442623,1067.301159,
40,phase2,84,pair_085,0.667085,1057.459606,1067.318143,
41,phase2,84,pair_085,0.683428,1057.475949,1067.334485,
42,phase2,84,pair_085,0.700091,1057.492613,1067.351149,
43,phase2,84,pair_085,0.716835,1057.509359,1067.367892,
44,phase2,84,pair_085,0.733408,1057.525929,1067.384466,
45,phase2,84,pair_085,0.750407,1057.542931,1067.401464,
46,phase2,84,pair_085,0.76674,1057.559262,1067.417798,
47,phase2,84,pair_085,0.783439,1057.57596,1067.434496,
48,phase2,84,pair_085,0.800126,1057.592655,1067.451183,
49,phase2,84,pair_085,0.81705,1057.609571,1067.468108,
50,phase2,84,pair_085,0.833424,1057.625946,1067.484482,
51,phase2,84,pair_085,0.850111,1057.642637,1067.501169,
52,phase2,84,pair_085,0.866744,1057.659266,1067.517801,
53,phase2,84,pair_085,0.88372,1057.676241,1067.534778,
54,phase2,84,pair_085,0.900089,1057.692612,1067.551146,
55,phase2,84,pair_085,0.916751,1057.709272,1067.567808,
56,phase2,84,pair_085,0.933405,1057.725927,1067.584463,
57,phase2,84,pair_085,0.950404,1057.742926,1067.601462,
58,phase2,84,pair_085,0.96676,1057.759281,1067.617817,
59,phase2,84,pair_085,0.983418,1057.775943,1067.634475,
60,phase2,84,pair_085,1.000121,1057.792649,1067.651179,
61,phase2,84,pair_085,1.017063,1057.809585,1067.668121,
62,phase2,84,pair_085,1.033419,1057.82594,1067.684477,
63,phase2,84,pair_085,1.050086,1057.842607,1067.701144,
64,phase2,84,pair_085,1.066795,1057.859317,1067.717853,
65,phase2,84,pair_085,1.083407,1057.875928,1067.734465,
66,phase2,84,pair_085,1.100031,1057.892552,1067.751089,
67,phase2,84,pair_085,1.116774,1057.909301,1067.767831,
68,phase2,84,pair_085,1.13345,1057.925974,1067.784508,
69,phase2,84,pair_085,1.150074,1057.942607,1067.801132,
70,phase2,84,pair_085,1.166758,1057.95928,1067.817816,
71,phase2,84,pair_085,1.1834,1057.975921,1067.834457,
72,phase2,84,pair_085,1.200074,1057.992596,1067.851132,
73,phase2,84,pair_085,1.216719,1058.00924,1067.867776,
74,phase2,84,pair_085,1.233424,1058.025945,1067.884482,
75,phase2,84,pair_085,1.250025,1058.042546,1067.901083,
76,phase2,84,pair_085,1.266789,1058.059312,1067.917847,
77,phase2,84,pair_085,1.283413,1058.075935,1067.934471,
78,phase2,84,pair_085,1.300383,1058.092904,1067.951441,
79,phase2,84,pair_085,1.316764,1058.109285,1067.967821,
80,phase2,84,pair_085,1.333436,1058.125957,1067.984494,
81,phase2,84,pair_085,1.350356,1058.142877,1068.001414,
82,phase2,84,pair_085,1.367054,1058.159575,1068.018111,
83,phase2,84,pair_085,1.383401,1058.175922,1068.034459,
84,phase2,84,pair_085,1.400117,1058.192638,1068.051174,
85,phase2,84,pair_085,1.416772,1058.209304,1068.06783,
86,phase2,84,pair_085,1.433725,1058.226246,1068.084783,
87,phase2,84,pair_085,1.450089,1058.24261,1068.101147,
88,phase2,84,pair_085,1.466754,1058.259275,1068.117812,
89,phase2,84,pair_085,1.483468,1058.27599,1068.134525,
90,phase2,84,pair_085,1.50039,1058.292911,1068.151447,
91,phase2,84,pair_085,1.517026,1058.309547,1068.168083,
92,phase2,84,pair_085,1.533391,1058.325912,1068.184449,
93,phase2,84,pair_085,1.550129,1058.342651,1068.201187,
94,phase2,84,pair_085,1.566724,1058.359246,1068.217782,
95,phase2,84,pair_085,1.583401,1058.375923,1068.234459,
96,phase2,84,pair_085,1.600081,1058.392602,1068.251139,
97,phase2,84,pair_085,1.616706,1058.409227,1068.267764,
0,phase2,84,pair_085,0.0,1059.259573,1069.1181,final_choice_onset
1,phase2,84,pair_085,0.016357,1059.275925,1069.134458,
2,phase2,84,pair_085,0.033035,1059.292603,1069.151135,
3,phase2,84,pair_085,0.049676,1059.309244,1069.167777,
4,phase2,84,pair_085,0.06631,1059.325877,1069.18441,
5,phase2,84,pair_085,0.083331,1059.342901,1069.201431,
6,phase2,84,pair_085,0.099637,1059.359204,1069.217737,
7,phase2,84,pair_085,0.116303,1059.37587,1069.234403,
8,phase2,84,pair_085,0.132972,1059.39254,1069.251073,
9,phase2,84,pair_085,0.149633,1059.4092,1069.267734,
10,phase2,84,pair_085,0.166315,1059.425882,1069.284415,
11,phase2,84,pair_085,0.183025,1059.442592,1069.301125,
12,phase2,84,pair_085,0.199665,1059.459234,1069.317766,
13,phase2,84,pair_085,0.216646,1059.476214,1069.334746,
14,phase2,84,pair_085,0.23302,1059.492587,1069.35112,
15,phase2,84,pair_085,0.249706,1059.509273,1069.367806,
16,phase2,84,pair_085,0.266558,1059.526125,1069.384658,
17,phase2,84,pair_085,0.282964,1059.542531,1069.401064,
18,phase2,84,pair_085,0.299633,1059.5592,1069.417733,
19,phase2,84,pair_085,0.316275,1059.575845,1069.434375,
20,phase2,84,pair_085,0.332938,1059.592508,1069.451038,
21,phase2,84,pair_085,0.349647,1059.609216,1069.467747,
22,phase2,84,pair_085,0.36633,1059.625898,1069.484431,
23,phase2,84,pair_085,0.383025,1059.642594,1069.501126,
24,phase2,84,pair_085,0.399676,1059.659245,1069.517777,
25,phase2,84,pair_085,0.416641,1059.676209,1069.534741,
26,phase2,84,pair_085,0.433284,1059.692852,1069.551384,
27,phase2,84,pair_085,0.449647,1059.709215,1069.567748,
28,phase2,84,pair_085,0.466325,1059.725897,1069.584425,
29,phase2,84,pair_085,0.482988,1059.742555,1069.601088,
30,phase2,84,pair_085,0.49996,1059.759529,1069.61806,
31,phase2,84,pair_085,0.516354,1059.775922,1069.634454,
32,phase2,84,pair_085,0.532988,1059.792556,1069.651089,
33,phase2,84,pair_085,0.549649,1059.809217,1069.66775,
34,phase2,84,pair_085,0.566626,1059.826194,1069.684727,
35,phase2,84,pair_085,0.582968,1059.842535,1069.701068,
36,phase2,84,pair_085,0.599772,1059.859341,1069.717872,
37,phase2,84,pair_085,0.616318,1059.875885,1069.734418,
38,phase2,84,pair_085,0.632926,1059.892493,1069.751026,
39,phase2,84,pair_085,0.649651,1059.909218,1069.767751,
40,phase2,84,pair_085,0.666325,1059.925892,1069.784425,
41,phase2,84,pair_085,0.683249,1059.942816,1069.80135,
42,phase2,84,pair_085,0.699653,1059.95922,1069.817754,
43,phase2,84,pair_085,0.716317,1059.975884,1069.834418,
44,phase2,84,pair_085,0.732989,1059.992556,1069.851089,
45,phase2,84,pair_085,0.74965,1060.00922,1069.867751,
46,phase2,84,pair_085,0.766637,1060.026205,1069.884738,
47,phase2,84,pair_085,0.783277,1060.042845,1069.901377,
48,phase2,84,pair_085,0.799624,1060.059192,1069.917725,
49,phase2,84,pair_085,0.816329,1060.075896,1069.934429,
50,phase2,84,pair_085,0.832952,1060.092521,1069.951052,
51,phase2,84,pair_085,0.849689,1060.109258,1069.967789,
52,phase2,84,pair_085,0.866304,1060.125873,1069.984404,
53,phase2,84,pair_085,0.883043,1060.142611,1070.001144,
54,phase2,84,pair_085,0.899568,1060.159135,1070.017668,
55,phase2,84,pair_085,0.916616,1060.176183,1070.034716,
56,phase2,84,pair_085,0.933039,1060.192607,1070.05114,
57,phase2,84,pair_085,0.94962,1060.209188,1070.067721,
58,phase2,84,pair_085,0.966295,1060.225862,1070.084396,
59,phase2,84,pair_085,0.983298,1060.242865,1070.101398,
60,phase2,84,pair_085,0.999656,1060.259224,1070.117757,
61,phase2,84,pair_085,1.01638,1060.275947,1070.13448,
62,phase2,84,pair_085,1.03324,1060.292807,1070.15134,
63,phase2,84,pair_085,1.049538,1060.309105,1070.167638,
64,phase2,84,pair_085,1.066299,1060.325866,1070.184399,
65,phase2,84,pair_085,1.083062,1060.342654,1070.201163,
66,phase2,84,pair_085,1.09989,1060.359457,1070.21799,
67,phase2,84,pair_085,1.116287,1060.375854,1070.234388,
68,phase2,84,pair_085,1.132953,1060.39252,1070.251054,
69,phase2,84,pair_085,1.149625,1060.409193,1070.267726,
70,phase2,84,pair_085,1.166252,1060.42582,1070.284353,
71,phase2,84,pair_085,1.182963,1060.44253,1070.301063,
72,phase2,84,pair_085,1.199917,1060.459485,1070.318018,
73,phase2,84,pair_085,1.216307,1060.475874,1070.334408,
74,phase2,84,pair_085,1.232987,1060.492557,1070.351088,
75,phase2,84,pair_085,1.249606,1060.509173,1070.367707,
76,phase2,84,pair_085,1.266275,1060.525842,1070.384375,
77,phase2,84,pair_085,1.283004,1060.542572,1070.401105,
78,phase2,84,pair_085,1.299575,1060.559143,1070.417676,
79,phase2,84,pair_085,1.31625,1060.575817,1070.43435,
80,phase2,84,pair_085,1.333267,1060.592834,1070.451367,
81,phase2,84,pair_085,1.349642,1060.60921,1070.467742,
82,phase2,84,pair_085,1.366281,1060.625849,1070.484382,
83,phase2,84,pair_085,1.382933,1060.6425,1070.501033,
84,phase2,84,pair_085,1.399611,1060.659178,1070.517711,
85,phase2,84,pair_085,1.416285,1060.675853,1070.534386,
86,phase2,84,pair_085,1.432951,1060.692519,1070.551052,
87,phase2,84,pair_085,1.449987,1060.709555,1070.568088,
88,phase2,84,pair_085,1.466599,1060.726167,1070.5847,
89,phase2,84,pair_085,1.483245,1060.742812,1070.601345,
90,phase2,84,pair_085,1.499624,1060.759191,1070.617725,
91,phase2,84,pair_085,1.516292,1060.775859,1070.634393,
92,phase2,84,pair_085,1.532958,1060.792525,1070.651058,
93,phase2,84,pair_085,1.549626,1060.809194,1070.667727,
94,phase2,84,pair_085,1.566264,1060.825832,1070.684365,
95,phase2,84,pair_085,1.582957,1060.842524,1070.701057,
96,phase2,84,pair_085,1.59995,1060.859518,1070.71805,
97,phase2,84,pair_085,1.616607,1060.876175,1070.734708,
98,phase2,84,pair_085,1.632952,1060.892519,1070.751052,
99,phase2,84,pair_085,1.649561,1060.909129,1070.767662,
100,phase2,84,pair_085,1.666598,1060.926165,1070.784698,
101,phase2,84,pair_085,1.683241,1060.942809,1070.801342,
102,phase2,84,pair_085,1.69965,1060.959218,1070.817751,
103,phase2,84,pair_085,1.716285,1060.975852,1070.834385,
104,phase2,84,pair_085,1.732947,1060.992514,1070.851047,
105,phase2,84,pair_085,1.749923,1061.00949,1070.868023,
106,phase2,84,pair_085,1.766237,1061.025804,1070.884338,
107,phase2,84,pair_085,1.782965,1061.042532,1070.901065,
108,phase2,84,pair_085,1.799583,1061.05915,1070.917683,
109,phase2,84,pair_085,1.816605,1061.076173,1070.934706,
110,phase2,84,pair_085,1.833274,1061.09306,1070.951374,
111,phase2,84,pair_085,1.849671,1061.109238,1070.967772,
112,phase2,84,pair_085,1.866402,1061.125969,1070.984502,
113,phase2,84,pair_085,1.883064,1061.142634,1071.001165,
114,phase2,84,pair_085,1.899663,1061.159231,1071.017764,
115,phase2,84,pair_085,1.916714,1061.176281,1071.034814,
116,phase2,84,pair_085,1.933052,1061.192619,1071.051152,
117,phase2,84,pair_085,1.949724,1061.209291,1071.067824,
118,phase2,84,pair_085,1.966377,1061.225944,1071.084477,
119,phase2,84,pair_085,1.983052,1061.242641,1071.101152,
120,phase2,84,pair_085,2.000007,1061.259575,1071.118108,
121,phase2,84,pair_085,2.016391,1061.275958,1071.134491,
122,phase2,84,pair_085,2.03305,1061.292617,1071.151151,
123,phase2,84,pair_085,2.049696,1061.309263,1071.167796,
124,phase2,84,pair_085,2.066698,1061.326266,1071.184799,
125,phase2,84,pair_085,2.083057,1061.342625,1071.201158,
126,phase2,84,pair_085,2.099714,1061.359286,1071.217814,
127,phase2,84,pair_085,2.116335,1061.375902,1071.234435,
128,phase2,84,pair_085,2.133369,1061.392936,1071.251469,
129,phase2,84,pair_085,2.149722,1061.409295,1071.267822,
130,phase2,84,pair_085,2.166322,1061.42589,1071.284423,
131,phase2,84,pair_085,2.183337,1061.442905,1071.301438,
132,phase2,84,pair_085,2.199573,1061.45914,1071.317673,
133,phase2,84,pair_085,2.216402,1061.475971,1071.334502,
134,phase2,84,pair_085,2.233037,1061.492604,1071.351137,
135,phase2,84,pair_085,2.249976,1061.509545,1071.368076,
136,phase2,84,pair_085,2.266725,1061.526292,1071.384825,
137,phase2,84,pair_085,2.283047,1061.542615,1071.401148,
138,phase2,84,pair_085,2.29971,1061.559277,1071.41781,
139,phase2,84,pair_085,2.316407,1061.575974,1071.434507,
140,phase2,84,pair_085,2.333325,1061.592892,1071.451426,
141,phase2,84,pair_085,2.349983,1061.609551,1071.468084,
142,phase2,84,pair_085,2.366381,1061.625948,1071.484481,
143,phase2,84,pair_085,2.382989,1061.642556,1071.501089,
144,phase2,84,pair_085,2.399695,1061.659262,1071.517796,
145,phase2,84,pair_085,2.416623,1061.676191,1071.534724,
146,phase2,84,pair_085,2.43301,1061.692583,1071.55111,
147,phase2,84,pair_085,2.44975,1061.709319,1071.56785,
148,phase2,84,pair_085,2.466671,1061.726238,1071.584771,
149,phase2,84,pair_085,2.48334,1061.742907,1071.60144,
150,phase2,84,pair_085,2.499713,1061.75928,1071.617814,
151,phase2,84,pair_085,2.516375,1061.775942,1071.634476,
152,phase2,84,pair_085,2.533329,1061.792899,1071.65143,
153,phase2,84,pair_085,2.550021,1061.809588,1071.668121,
154,phase2,84,pair_085,2.566374,1061.825942,1071.684475,
155,phase2,84,pair_085,2.582965,1061.842532,1071.701065,
156,phase2,84,pair_085,2.599689,1061.859256,1071.717789,
157,phase2,84,pair_085,2.616675,1061.876243,1071.734776,
158,phase2,84,pair_085,2.633016,1061.892585,1071.751116,
159,phase2,84,pair_085,2.649654,1061.909221,1071.767754,
160,phase2,84,pair_085,2.666373,1061.92594,1071.784473,
161,phase2,84,pair_085,2.683305,1061.942873,1071.801406,
162,phase2,84,pair_085,2.699986,1061.959553,1071.818086,
163,phase2,84,pair_085,2.716365,1061.975932,1071.834465,
164,phase2,84,pair_085,2.733076,1061.992643,1071.851176,
165,phase2,84,pair_085,2.750016,1062.009583,1071.868116,
166,phase2,84,pair_085,2.766327,1062.025894,1071.884427,
167,phase2,84,pair_085,2.783022,1062.042591,1071.901122,
168,phase2,84,pair_085,2.799693,1062.059262,1071.917794,
169,phase2,84,pair_085,2.816355,1062.075922,1071.934455,
170,phase2,84,pair_085,2.833046,1062.092613,1071.951146,
171,phase2,84,pair_085,2.849695,1062.109262,1071.967795,
172,phase2,84,pair_085,2.866376,1062.125943,1071.984476,
173,phase2,84,pair_085,2.88332,1062.142887,1072.00142,
174,phase2,84,pair_085,2.899989,1062.159557,1072.01809,
175,phase2,84,pair_085,2.916312,1062.175879,1072.034412,
176,phase2,84,pair_085,2.93305,1062.192618,1072.051151,
177,phase2,84,pair_085,2.949685,1062.209252,1072.067785,
178,phase2,84,pair_085,2.966466,1062.226034,1072.084567,
179,phase2,84,pair_085,2.983022,1062.242595,1072.101123,
180,phase2,84,pair_085,2.999681,1062.259248,1072.117782,
181,phase2,84,pair_085,3.016352,1062.27592,1072.134452,
182,phase2,84,pair_085,3.033339,1062.292906,1072.151439,
183,phase2,84,pair_085,3.049654,1062.309243,1072.167755,
184,phase2,84,pair_085,3.066327,1062.325894,1072.184427,
185,phase2,84,pair_085,3.083042,1062.342609,1072.201142,
186,phase2,84,pair_085,3.09994,1062.359507,1072.218041,
187,phase2,84,pair_085,3.116285,1062.375852,1072.234385,
188,phase2,84,pair_085,3.133079,1062.392646,1072.25118,
189,phase2,84,pair_085,3.149694,1062.409261,1072.267795,
190,phase2,84,pair_085,3.166679,1062.426246,1072.284779,
191,phase2,84,pair_085,3.182997,1062.442564,1072.301097,
192,phase2,84,pair_085,3.199685,1062.459252,1072.317786,
193,phase2,84,pair_085,3.21634,1062.475909,1072.33444,
194,phase2,84,pair_085,3.233009,1062.492577,1072.35111,
195,phase2,84,pair_085,3.249695,1062.509263,1072.367796,
196,phase2,84,pair_085,3.266325,1062.525893,1072.384426,
197,phase2,84,pair_085,3.283033,1062.542603,1072.401134,
198,phase2,84,pair_085,3.299684,1062.559251,1072.417784,
199,phase2,84,pair_085,3.316665,1062.576232,1072.434765,
200,phase2,84,pair_085,3.333053,1062.59262,1072.451153,
201,phase2,84,pair_085,3.349685,1062.609252,1072.467785,
202,phase2,84,pair_085,3.366589,1062.626156,1072.484689,
203,phase2,84,pair_085,3.383328,1062.642896,1072.501429,
204,phase2,84,pair_085,3.399614,1062.659182,1072.517715,
205,phase2,84,pair_085,3.416351,1062.675919,1072.534452,
206,phase2,84,pair_085,3.433014,1062.692583,1072.551114,
207,phase2,84,pair_085,3.449984,1062.709551,1072.568084,
208,phase2,84,pair_085,3.466331,1062.725898,1072.584431,
209,phase2,84,pair_085,3.48295,1062.742518,1072.601051,
210,phase2,84,pair_085,3.499964,1062.759531,1072.618064,
211,phase2,84,pair_085,3.51633,1062.775897,1072.63443,
212,phase2,84,pair_085,3.533012,1062.79258,1072.651113,
213,phase2,84,pair_085,3.549657,1062.809224,1072.667757,
214,phase2,84,pair_085,3.566329,1062.825897,1072.68443,
215,phase2,84,pair_085,3.583356,1062.842923,1072.701456,
216,phase2,84,pair_085,3.599951,1062.859518,1072.718051,
217,phase2,84,pair_085,3.616322,1062.87589,1072.734423,
218,phase2,84,pair_085,3.632906,1062.892474,1072.751007,
219,phase2,84,pair_085,3.649964,1062.909532,1072.768065,
220,phase2,84,pair_085,3.66657,1062.926138,1072.784671,
221,phase2,84,pair_085,3.683,1062.942567,1072.8011,
222,phase2,84,pair_085,3.699662,1062.95923,1072.817763,
223,phase2,84,pair_085,3.716623,1062.97619,1072.834723,
224,phase2,84,pair_085,3.733305,1062.992872,1072.851405,
225,phase2,84,pair_085,3.749657,1063.009224,1072.867757,
226,phase2,84,pair_085,3.766309,1063.025876,1072.884409,
227,phase2,84,pair_085,3.783025,1063.042592,1072.901125,
228,phase2,84,pair_085,3.799969,1063.059539,1072.91807,
229,phase2,84,pair_085,3.816335,1063.075902,1072.934435,
230,phase2,84,pair_085,3.832975,1063.092545,1072.951076,
231,phase2,84,pair_085,3.849659,1063.109227,1072.967759,
232,phase2,84,pair_085,3.866636,1063.126204,1072.984737,
233,phase2,84,pair_085,3.882983,1063.142551,1073.001084,
234,phase2,84,pair_085,3.899652,1063.159219,1073.017752,
235,phase2,84,pair_085,3.916311,1063.17588,1073.034412,
236,phase2,84,pair_085,3.932929,1063.192496,1073.051029,
237,phase2,84,pair_085,3.949664,1063.209232,1073.067764,
238,phase2,84,pair_085,3.966309,1063.225876,1073.084409,
239,phase2,84,pair_085,3.982956,1063.242523,1073.101056,
240,phase2,84,pair_085,3.999931,1063.259498,1073.118031,
241,phase2,84,pair_085,4.016592,1063.276159,1073.134692,
242,phase2,84,pair_085,4.032962,1063.292529,1073.151062,
243,phase2,84,pair_085,4.049879,1063.309446,1073.167979,
244,phase2,84,pair_085,4.066291,1063.325858,1073.184391,
245,phase2,84,pair_085,4.083266,1063.342833,1073.201366,
246,phase2,84,pair_085,4.099644,1063.359211,1073.217745,
247,phase2,84,pair_085,4.116295,1063.375862,1073.234395,
248,phase2,84,pair_085,4.133226,1063.392793,1073.251326,
249,phase2,84,pair_085,4.149945,1063.409512,1073.268045,
250,phase2,84,pair_085,4.166271,1063.425838,1073.284371,
251,phase2,84,pair_085,4.182988,1063.442555,1073.301088,
252,phase2,84,pair_085,4.199703,1063.459271,1073.317804,
253,phase2,84,pair_085,4.216272,1063.475839,1073.334372,
254,phase2,84,pair_085,4.23326,1063.492828,1073.351361,
255,phase2,84,pair_085,4.249666,1063.509234,1073.367767,
256,phase2,84,pair_085,4.266552,1063.526119,1073.384653,
257,phase2,84,pair_085,4.282963,1063.54253,1073.401063,
258,phase2,84,pair_085,4.299662,1063.559229,1073.417762,
259,phase2,84,pair_085,4.316333,1063.575901,1073.434434,
260,phase2,84,pair_085,4.333017,1063.592585,1073.451118,
261,phase2,84,pair_085,4.349936,1063.609503,1073.468036,
262,phase2,84,pair_085,4.366591,1063.626158,1073.484692,
263,phase2,84,pair_085,4.382981,1063.642548,1073.501081,
264,phase2,84,pair_085,4.399627,1063.659196,1073.517728,
265,phase2,84,pair_085,4.416604,1063.676171,1073.534705,
266,phase2,84,pair_085,4.43327,1063.692837,1073.551371,
267,phase2,84,pair_085,4.449632,1063.709199,1073.567732,
268,phase2,84,pair_085,4.466543,1063.72611,1073.584643,
269,phase2,84,pair_085,4.482951,1063.742518,1073.601051,
270,phase2,84,pair_085,4.499919,1063.759487,1073.61802,
271,phase2,84,pair_085,4.516275,1063.775843,1073.634376,
272,phase2,84,pair_085,4.532975,1063.792542,1073.651075,
273,phase2,84,pair_085,4.549593,1063.80916,1073.667693,
274,phase2,84,pair_085,4.566597,1063.826164,1073.684697,
275,phase2,84,pair_085,4.582938,1063.842505,1073.701038,
276,phase2,84,pair_085,4.59966,1063.859228,1073.717761,
277,phase2,84,pair_085,4.61627,1063.875837,1073.734371,
278,phase2,84,pair_085,4.632924,1063.892491,1073.751024,
279,phase2,84,pair_085,4.649612,1063.909179,1073.767712,
280,phase2,84,pair_085,4.666329,1063.925896,1073.78443,
281,phase2,84,pair_085,4.682939,1063.942506,1073.801039,
282,phase2,84,pair_085,4.699596,1063.959163,1073.817696,
283,phase2,84,pair_085,4.716573,1063.97614,1073.834673,
284,phase2,84,pair_085,4.732968,1063.992536,1073.851069,
285,phase2,84,pair_085,4.749608,1064.009175,1073.867709,
286,phase2,84,pair_085,4.766248,1064.025815,1073.884348,
287,phase2,84,pair_085,4.783249,1064.042816,1073.901349,
288,phase2,84,pair_085,4.799573,1064.05914,1073.917673,
289,phase2,84,pair_085,4.816275,1064.075842,1073.934375,
290,phase2,84,pair_085,4.832967,1064.092534,1073.951068,
291,phase2,84,pair_085,4.849906,1064.109473,1073.968006,
292,phase2,84,pair_085,4.866257,1064.125824,1073.984357,
293,phase2,84,pair_085,4.882921,1064.142488,1074.001021,
294,phase2,84,pair_085,4.899677,1064.159244,1074.017777,
295,phase2,84,pair_085,4.91659,1064.176157,1074.034691,
296,phase2,84,pair_085,4.932904,1064.192471,1074.051004,
297,phase2,84,pair_085,4.949592,1064.209159,1074.067692,
298,phase2,84,pair_085,4.966304,1064.225871,1074.084404,
299,phase2,84,pair_085,4.982929,1064.242497,1074.10103,
300,phase2,84,pair_085,4.999602,1064.259169,1074.117702,
301,phase2,84,pair_085,5.016285,1064.275852,1074.134385,
302,phase2,84,pair_085,5.032923,1064.292491,1074.151024,
303,phase2,84,pair_085,5.049921,1064.309489,1074.168022,
304,phase2,84,pair_085,5.06621,1064.325777,1074.18431,
305,phase2,84,pair_085,5.08295,1064.342517,1074.20105,
306,phase2,84,pair_085,5.099579,1064.359146,1074.21768,
307,phase2,84,pair_085,5.1166,1064.376167,1074.234701,
308,phase2,84,pair_085,5.133235,1064.392802,1074.251335,
309,phase2,84,pair_085,5.149623,1064.40919,1074.267723,
310,phase2,84,pair_085,5.166241,1064.425808,1074.284342,
311,phase2,84,pair_085,5.18323,1064.442797,1074.301331,
312,phase2,84,pair_085,5.199887,1064.459454,1074.317987,
313,phase2,84,pair_085,5.21622,1064.475787,1074.33432,
314,phase2,84,pair_085,5.232916,1064.492483,1074.351016,
315,phase2,84,pair_085,5.249923,1064.50949,1074.368023,
316,phase2,84,pair_085,5.266524,1064.526091,1074.384624,
317,phase2,84,pair_085,5.282952,1064.542519,1074.401052,
318,phase2,84,pair_085,5.29984,1064.559407,1074.417941,
319,phase2,84,pair_085,5.316272,1064.575839,1074.434373,
320,phase2,84,pair_085,5.332904,1064.592472,1074.451005,
321,phase2,84,pair_085,5.34962,1064.609188,1074.467721,
322,phase2,84,pair_085,5.366215,1064.625782,1074.484315,
323,phase2,84,pair_085,5.382908,1064.642475,1074.501009,
324,phase2,84,pair_085,5.399591,1064.659159,1074.517692,
325,phase2,84,pair_085,5.416531,1064.676098,1074.534631,
326,phase2,84,pair_085,5.432914,1064.692481,1074.551015,
327,phase2,84,pair_085,5.449575,1064.709142,1074.567676,
328,phase2,84,pair_085,5.466239,1064.725806,1074.58434,
329,phase2,84,pair_085,5.483199,1064.742766,1074.601299,
330,phase2,84,pair_085,5.499583,1064.75915,1074.617683,
331,phase2,84,pair_085,5.516254,1064.775821,1074.634354,
332,phase2,84,pair_085,5.532912,1064.792479,1074.651012,
333,phase2,84,pair_085,5.549879,1064.809447,1074.66798,
334,phase2,84,pair_085,5.56629,1064.825857,1074.68439,
335,phase2,84,pair_085,5.582948,1064.842515,1074.701049,
336,phase2,84,pair_085,5.5999,1064.859467,1074.718001,
337,phase2,84,pair_085,5.616541,1064.876109,1074.734642,
338,phase2,84,pair_085,5.632912,1064.892479,1074.751012,
339,phase2,84,pair_085,5.649571,1064.909138,1074.767672,
340,phase2,84,pair_085,5.666278,1064.925846,1074.784379,
341,phase2,84,pair_085,5.683239,1064.942806,1074.80134,
342,phase2,84,pair_085,5.699591,1064.959158,1074.817692,
343,phase2,84,pair_085,5.716237,1064.975804,1074.834337,
344,phase2,84,pair_085,5.733155,1064.992722,1074.851255,
345,phase2,84,pair_085,5.749558,1065.009125,1074.867658,
346,phase2,84,pair_085,5.766257,1065.025824,1074.884358,
347,phase2,84,pair_085,5.782913,1065.04248,1074.901013,
348,phase2,84,pair_085,5.799682,1065.059249,1074.917783,
349,phase2,84,pair_085,5.816361,1065.075931,1074.934462,
350,phase2,84,pair_085,5.833074,1065.092641,1074.951174,
351,phase2,84,pair_085,5.849659,1065.109226,1074.96776,
352,phase2,84,pair_085,5.866328,1065.125895,1074.984428,
353,phase2,84,pair_085,5.883036,1065.142605,1075.001136,
354,phase2,84,pair_085,5.899688,1065.159255,1075.017788,
355,phase2,84,pair_085,5.916341,1065.17591,1075.034442,
356,phase2,84,pair_085,5.933332,1065.192899,1075.051433,
357,phase2,84,pair_085,5.949668,1065.209237,1075.067768,
358,phase2,84,pair_085,5.966393,1065.225961,1075.084494,
359,phase2,84,pair_085,5.983009,1065.242577,1075.10111,
360,phase2,84,pair_085,5.999979,1065.259546,1075.118079,
361,phase2,84,pair_085,6.016361,1065.275929,1075.134462,
362,phase2,84,pair_085,6.03302,1065.292589,1075.151121,
363,phase2,84,pair_085,6.049936,1065.309503,1075.168036,
364,phase2,84,pair_085,6.066288,1065.325855,1075.184389,
365,phase2,84,pair_085,6.083018,1065.342585,1075.201118,
366,phase2,84,pair_085,6.099672,1065.359239,1075.217772,
367,phase2,84,pair_085,6.116353,1065.37592,1075.234453,
368,phase2,84,pair_085,6.132966,1065.392534,1075.251067,
369,phase2,84,pair_085,6.14967,1065.409237,1075.26777,
370,phase2,84,pair_085,6.166337,1065.425906,1075.284437,
371,phase2,84,pair_085,6.182991,1065.442558,1075.301091,
372,phase2,84,pair_085,6.199654,1065.459221,1075.317755,
373,phase2,84,pair_085,6.216334,1065.475901,1075.334434,
374,phase2,84,pair_085,6.233009,1065.492576,1075.351109,
375,phase2,84,pair_085,6.24961,1065.50918,1075.36771,
376,phase2,84,pair_085,6.266232,1065.525799,1075.384332,
377,phase2,84,pair_085,6.283016,1065.542583,1075.401117,
378,phase2,84,pair_085,6.299654,1065.559223,1075.417755,
379,phase2,84,pair_085,6.316331,1065.575898,1075.434432,
380,phase2,84,pair_085,6.333008,1065.592576,1075.451109,
381,phase2,84,pair_085,6.349974,1065.609541,1075.468074,
382,phase2,84,pair_085,6.366328,1065.625895,1075.484428,
383,phase2,84,pair_085,6.383023,1065.64259,1075.501124,
384,phase2,84,pair_085,6.399962,1065.659529,1075.518062,
385,phase2,84,pair_085,6.416636,1065.676204,1075.534737,
386,phase2,84,pair_085,6.433007,1065.692575,1075.551108,
387,phase2,84,pair_085,6.449698,1065.709265,1075.567798,
388,phase2,84,pair_085,6.4666,1065.726167,1075.5847,
389,phase2,84,pair_085,6.483283,1065.74285,1075.601383,
390,phase2,84,pair_085,6.499658,1065.759225,1075.617758,
391,phase2,84,pair_085,6.516326,1065.775893,1075.634427,
392,phase2,84,pair_085,6.53299,1065.792559,1075.65109,
393,phase2,84,pair_085,6.549985,1065.809552,1075.668086,
394,phase2,84,pair_085,6.566315,1065.825882,1075.684415,
395,phase2,84,pair_085,6.582994,1065.842561,1075.701094,
396,phase2,84,pair_085,6.59967,1065.859237,1075.71777,
397,phase2,84,pair_085,6.6166,1065.876167,1075.7347,
398,phase2,84,pair_085,6.632977,1065.892544,1075.751077,
399,phase2,84,pair_085,6.649661,1065.909228,1075.767762,
400,phase2,84,pair_085,6.6663,1065.925868,1075.784401,
401,phase2,84,pair_085,6.682977,1065.942544,1075.801078,
402,phase2,84,pair_085,6.699941,1065.959509,1075.818042,
403,phase2,84,pair_085,6.716331,1065.9759,1075.834431,
404,phase2,84,pair_085,6.733013,1065.99258,1075.851113,
405,phase2,84,pair_085,6.749642,1066.009211,1075.867742,
406,phase2,84,pair_085,6.766617,1066.026186,1075.884718,
407,phase2,84,pair_085,6.782992,1066.042559,1075.901092,
408,phase2,84,pair_085,6.799689,1066.059259,1075.917789,
409,phase2,84,pair_085,6.816333,1066.0759,1075.934433,
410,phase2,84,pair_085,6.833296,1066.092863,1075.951397,
411,phase2,84,pair_085,6.849672,1066.10924,1075.967773,
412,phase2,84,pair_085,6.866345,1066.125914,1075.984445,
413,phase2,84,pair_085,6.88298,1066.142549,1076.001081,
414,phase2,84,pair_085,6.899661,1066.15923,1076.017762,
415,phase2,84,pair_085,6.916329,1066.175896,1076.03443,
416,phase2,84,pair_085,6.933001,1066.192569,1076.051102,
417,phase2,84,pair_085,6.949658,1066.209225,1076.067758,
418,phase2,84,pair_085,6.966631,1066.226198,1076.084731,
419,phase2,84,pair_085,6.982992,1066.242559,1076.101092,
420,phase2,84,pair_085,6.999715,1066.259283,1076.117816,
421,phase2,84,pair_085,7.016345,1066.275912,1076.134445,
422,phase2,84,pair_085,7.033298,1066.292865,1076.151398,
423,phase2,84,pair_085,7.049658,1066.309226,1076.167759,
424,phase2,84,pair_085,7.066289,1066.325856,1076.184389,
425,phase2,84,pair_085,7.082897,1066.342464,1076.200997,
426,phase2,84,pair_085,7.099621,1066.359197,1076.217721,
427,phase2,84,pair_085,7.116591,1066.376158,1076.234691,
428,phase2,84,pair_085,7.13302,1066.392589,1076.251121,
429,phase2,84,pair_085,7.14963,1066.409197,1076.26773,
430,phase2,84,pair_085,7.16624,1066.425807,1076.28434,
431,phase2,84,pair_085,7.18327,1066.442837,1076.30137,
432,phase2,84,pair_085,7.199673,1066.459246,1076.317774,
433,phase2,84,pair_085,7.216372,1066.475939,1076.334472,
434,phase2,84,pair_085,7.233014,1066.49259,1076.351114,
435,phase2,84,pair_085,7.249931,1066.509499,1076.368031,
436,phase2,84,pair_085,7.266304,1066.525872,1076.384405,
437,phase2,84,pair_085,7.282898,1066.542465,1076.400998,
438,phase2,84,pair_085,7.29963,1066.559198,1076.417731,
439,phase2,84,pair_085,7.316309,1066.575876,1076.434409,
440,phase2,84,pair_085,7.332964,1066.592539,1076.451065,
441,phase2,84,pair_085,7.349705,1066.609275,1076.467805,
442,phase2,84,pair_085,7.366549,1066.626118,1076.484649,
443,phase2,84,pair_085,7.383303,1066.642871,1076.501403,
444,phase2,84,pair_085,7.39962,1066.659188,1076.517721,
445,phase2,84,pair_085,7.416341,1066.675911,1076.534442,
446,phase2,84,pair_085,7.433003,1066.692571,1076.551103,
447,phase2,84,pair_085,7.449962,1066.70953,1076.568063,
448,phase2,84,pair_085,7.466538,1066.726106,1076.584639,
449,phase2,84,pair_085,7.482959,1066.742526,1076.601059,
450,phase2,84,pair_085,7.499618,1066.759185,1076.617718,
451,phase2,84,pair_085,7.516286,1066.775854,1076.634387,
452,phase2,84,pair_085,7.533254,1066.792823,1076.651355,
453,phase2,84,pair_085,7.549606,1066.809173,1076.667706,
454,phase2,84,pair_085,7.566295,1066.825862,1076.684395,
455,phase2,84,pair_085,7.583249,1066.842816,1076.701349,
456,phase2,84,pair_085,7.599931,1066.859498,1076.718031,
457,phase2,84,pair_085,7.616286,1066.875856,1076.734386,
458,phase2,84,pair_085,7.632961,1066.892529,1076.751062,
459,phase2,84,pair_085,7.649937,1066.909504,1076.768037,
460,phase2,84,pair_085,7.666599,1066.926166,1076.784699,
461,phase2,84,pair_085,7.682954,1066.942523,1076.801055,
462,phase2,84,pair_085,7.699666,1066.959234,1076.817767,
463,phase2,84,pair_085,7.716537,1066.976105,1076.834638,
464,phase2,84,pair_085,7.733261,1066.992828,1076.851361,
465,phase2,84,pair_085,7.749601,1067.009169,1076.867702,
466,phase2,84,pair_085,7.766312,1067.02588,1076.884413,
467,phase2,84,pair_085,7.783208,1067.042775,1076.901308,
468,phase2,84,pair_085,7.799928,1067.059495,1076.918028,
469,phase2,84,pair_085,7.816273,1067.075841,1076.934374,
470,phase2,84,pair_085,7.83295,1067.092517,1076.95105,
471,phase2,84,pair_085,7.849876,1067.109443,1076.967977,
472,phase2,84,pair_085,7.866279,1067.125846,1076.98438,
473,phase2,84,pair_085,7.883244,1067.142811,1077.001344,
474,phase2,84,pair_085,7.899644,1067.159214,1077.017745,
475,phase2,84,pair_085,7.916323,1067.175891,1077.034424,
476,phase2,84,pair_085,7.932945,1067.192515,1077.051046,
477,phase2,84,pair_085,7.94991,1067.209479,1077.06801,
478,phase2,84,pair_085,7.966284,1067.225851,1077.084385,
479,phase2,84,pair_085,7.983184,1067.242754,1077.101285,
480,phase2,84,pair_085,7.999951,1067.259519,1077.118052,
481,phase2,84,pair_085,8.016576,1067.276143,1077.134676,
482,phase2,84,pair_085,8.032926,1067.292493,1077.151026,
483,phase2,84,pair_085,8.049864,1067.309431,1077.167964,
484,phase2,84,pair_085,8.066257,1067.325824,1077.184357,
485,phase2,84,pair_085,8.083233,1067.342801,1077.201334,
486,phase2,84,pair_085,8.099619,1067.359187,1077.217719,
487,phase2,84,pair_085,8.116255,1067.375822,1077.234355,
488,phase2,84,pair_085,8.132935,1067.392502,1077.251035,
489,phase2,84,pair_085,8.149916,1067.409483,1077.268016,
490,phase2,84,pair_085,8.16624,1067.425807,1077.284341,
491,phase2,84,pair_085,8.183152,1067.442719,1077.301252,
492,phase2,84,pair_085,8.199607,1067.459176,1077.317708,
493,phase2,84,pair_085,8.216261,1067.475829,1077.334362,
494,phase2,84,pair_085,8.232934,1067.492501,1077.351034,
495,phase2,84,pair_085,8.249624,1067.509193,1077.367724,
496,phase2,84,pair_085,8.2663,1067.525868,1077.384401,
497,phase2,84,pair_085,8.282915,1067.542482,1077.401015,
498,phase2,84,pair_085,8.299883,1067.559451,1077.417984,
499,phase2,84,pair_085,8.316295,1067.575862,1077.434395,
500,phase2,84,pair_085,8.33292,1067.592487,1077.45102,
501,phase2,84,pair_085,8.349565,1067.609132,1077.467665,
502,phase2,84,pair_085,8.366563,1067.62613,1077.484663,
503,phase2,84,pair_085,8.382952,1067.64252,1077.501053,
504,phase2,84,pair_085,8.399593,1067.65916,1077.517693,
505,phase2,84,pair_085,8.416262,1067.67583,1077.534363,
506,phase2,84,pair_085,8.433227,1067.692794,1077.551327,
507,phase2,84,pair_085,8.449649,1067.709218,1077.567749,
508,phase2,84,pair_085,8.466263,1067.72583,1077.584363,
509,phase2,84,pair_085,8.483223,1067.742793,1077.601324,
510,phase2,84,pair_085,8.499905,1067.759472,1077.618005,
511,phase2,84,pair_085,8.516254,1067.775821,1077.634355,
512,phase2,84,pair_085,8.533172,1067.792739,1077.651273,
513,phase2,84,pair_085,8.549666,1067.809233,1077.667767,
514,phase2,84,pair_085,8.566572,1067.826139,1077.684673,
515,phase2,84,pair_085,8.582908,1067.842475,1077.701009,
516,phase2,84,pair_085,8.599599,1067.859166,1077.717699,
517,phase2,84,pair_085,8.616234,1067.875801,1077.734334,
518,phase2,84,pair_085,8.633244,1067.892811,1077.751345,
519,phase2,84,pair_085,8.649865,1067.909432,1077.767966,
520,phase2,84,pair_085,8.666271,1067.925838,1077.784371,
521,phase2,84,pair_085,8.682905,1067.942472,1077.801005,
522,phase2,84,pair_085,8.699906,1067.959474,1077.818007,
523,phase2,84,pair_085,8.716547,1067.976115,1077.834648,
524,phase2,84,pair_085,8.732934,1067.992504,1077.851035,
525,phase2,84,pair_085,8.74959,1068.009157,1077.867691,
526,phase2,84,pair_085,8.766228,1068.025795,1077.884328,
527,phase2,84,pair_085,8.782909,1068.042476,1077.90101,
528,phase2,84,pair_085,8.79955,1068.059117,1077.91765,
529,phase2,84,pair_085,8.816473,1068.07604,1077.934573,
530,phase2,84,pair_085,8.833226,1068.092793,1077.951327,
531,phase2,84,pair_085,8.849882,1068.109449,1077.967982,
532,phase2,84,pair_085,8.866262,1068.125829,1077.984362,
533,phase2,84,pair_085,8.882854,1068.142421,1078.000954,
534,phase2,84,pair_085,8.899563,1068.15913,1078.017663,
535,phase2,84,pair_085,8.916561,1068.176128,1078.034661,
536,phase2,84,pair_085,8.932907,1068.192474,1078.051008,
537,phase2,84,pair_085,8.949591,1068.209158,1078.067691,
538,phase2,84,pair_085,8.966234,1068.225801,1078.084334,
539,phase2,84,pair_085,8.983219,1068.242786,1078.10132,
540,phase2,84,pair_085,8.999546,1068.259114,1078.117647,
541,phase2,84,pair_085,9.016236,1068.275803,1078.134336,
542,phase2,84,pair_085,9.03296,1068.292527,1078.151061,
543,phase2,84,pair_085,9.049894,1068.309461,1078.167995,
544,phase2,84,pair_085,9.066201,1068.325769,1078.184302,
545,phase2,84,pair_085,9.082932,1068.342499,1078.201033,
546,phase2,84,pair_085,9.099579,1068.359146,1078.217679,
547,phase2,84,pair_085,9.116222,1068.375789,1078.234322,
548,phase2,84,pair_085,9.133221,1068.392788,1078.251321,
549,phase2,84,pair_085,9.149553,1068.40912,1078.267653,
550,phase2,84,pair_085,9.166233,1068.4258,1078.284333,
551,phase2,84,pair_085,9.182826,1068.442393,1078.300926,
552,phase2,84,pair_085,9.199882,1068.459449,1078.317982,
553,phase2,84,pair_085,9.216235,1068.475802,1078.334335,
554,phase2,84,pair_085,9.23291,1068.492477,1078.351011,
555,phase2,84,pair_085,9.24991,1068.509477,1078.36801,
556,phase2,84,pair_085,9.266145,1068.525713,1078.384246,
557,phase2,84,pair_085,9.282922,1068.542489,1078.401022,
558,phase2,84,pair_085,9.299614,1068.559181,1078.417715,
559,phase2,84,pair_085,9.316248,1068.575816,1078.434349,
560,phase2,84,pair_085,9.332864,1068.592431,1078.450965,
561,phase2,84,pair_085,9.349546,1068.609113,1078.467646,
562,phase2,84,pair_085,9.366229,1068.625796,1078.484329,
563,phase2,84,pair_085,9.382876,1068.642443,1078.500977,
564,phase2,84,pair_085,9.399532,1068.659099,1078.517632,
565,phase2,84,pair_085,9.41652,1068.676087,1078.53462,
566,phase2,84,pair_085,9.432907,1068.692474,1078.551008,
567,phase2,84,pair_085,9.449546,1068.709113,1078.567647,
568,phase2,84,pair_085,9.466226,1068.725794,1078.584327,
569,phase2,84,pair_085,9.48318,1068.742748,1078.601281,
570,phase2,84,pair_085,9.499557,1068.759124,1078.617657,
571,phase2,84,pair_085,9.51627,1068.775837,1078.63437,
572,phase2,84,pair_085,9.532891,1068.792458,1078.650991,
573,phase2,84,pair_085,9.54984,1068.809407,1078.66794,
574,phase2,84,pair_085,9.566217,1068.825784,1078.684317,
575,phase2,84,pair_085,9.582889,1068.842456,1078.70099,
576,phase2,84,pair_085,9.599865,1068.859432,1078.717965,
577,phase2,84,pair_085,9.616524,1068.876092,1078.734625,
578,phase2,84,pair_085,9.632829,1068.892397,1078.75093,
579,phase2,84,pair_085,9.649595,1068.909161,1078.767695,
580,phase2,84,pair_085,9.666256,1068.925823,1078.784356,
581,phase2,84,pair_085,9.683182,1068.942749,1078.801282,
582,phase2,84,pair_085,9.699522,1068.959089,1078.817622,
583,phase2,84,pair_085,9.716271,1068.975838,1078.834371,
584,phase2,84,pair_085,9.733004,1068.992571,1078.851104,
585,phase2,84,pair_085,9.749653,1069.00922,1078.867753,
586,phase2,84,pair_085,9.766329,1069.025896,1078.88443,
587,phase2,84,pair_085,9.783324,1069.042892,1078.901425,
588,phase2,84,pair_085,9.799656,1069.059224,1078.917757,
589,phase2,84,pair_085,9.816325,1069.075892,1078.934425,
590,phase2,84,pair_085,9.833054,1069.092621,1078.951155,
591,phase2,84,pair_085,9.849625,1069.109193,1078.967726,
592,phase2,84,pair_085,9.866319,1069.125886,1078.984419,
593,phase2,84,pair_085,9.882979,1069.142547,1079.001079,
594,phase2,84,pair_085,9.899642,1069.159212,1079.017743,
595,phase2,84,pair_085,9.916302,1069.175869,1079.034402,
596,phase2,84,pair_085,9.933297,1069.192864,1079.051397,
597,phase2,84,pair_085,9.949667,1069.209234,1079.067767,
598,phase2,84,pair_085,9.96634,1069.225908,1079.084441,
599,phase2,84,pair_085,9.982987,1069.242554,1079.101087,
600,phase2,84,pair_085,9.999929,1069.259517,1079.118029,
601,phase2,84,pair_085,-1059.259828,1069.259584,9.858273,timeout
0,phase3,84,pair_085,0.0,1137.725304,1147.583832,stimulus_onset
1,phase3,84,pair_085,0.017073,1137.742373,1147.600904,
2,phase3,84,pair_085,0.033418,1137.758721,1147.617249,
3,phase3,84,pair_085,0.050087,1137.775392,1147.633918,
4,phase3,84,pair_085,0.066731,1137.792031,1147.650563,
5,phase3,84,pair_085,0.083711,1137.809012,1147.667542,
6,phase3,84,pair_085,0.100365,1137.825665,1147.684196,
7,phase3,84,pair_085,0.116784,1137.842084,1147.700616,
8,phase3,84,pair_085,0.133461,1137.85876,1147.717292,
9,phase3,84,pair_085,0.150064,1137.875363,1147.733895,
10,phase3,84,pair_085,0.166707,1137.892007,1147.750539,
11,phase3,84,pair_085,0.183356,1137.908655,1147.767187,
12,phase3,84,pair_085,0.200067,1137.925368,1147.783899,
13,phase3,84,pair_085,0.216709,1137.942008,1147.800541,
14,phase3,84,pair_085,0.233704,1137.959004,1147.817536,
15,phase3,84,pair_085,0.250066,1137.975365,1147.833897,
16,phase3,84,pair_085,0.266725,1137.992024,1147.850557,
17,phase3,84,pair_085,0.28373,1138.009031,1147.867562,
18,phase3,84,pair_085,0.300384,1138.025683,1147.884216,
19,phase3,84,pair_085,0.316725,1138.042024,1147.900556,
20,phase3,84,pair_085,0.333402,1138.058701,1147.917233,
21,phase3,84,pair_085,0.350311,1138.075611,1147.934143,
22,phase3,84,pair_085,0.367028,1138.092328,1147.95086,
23,phase3,84,pair_085,0.383398,1138.108697,1147.967229,
24,phase3,84,pair_085,0.400064,1138.125367,1147.983896,
25,phase3,84,pair_085,0.416995,1138.142298,1148.000827,
26,phase3,84,pair_085,0.433688,1138.158987,1148.01752,
27,phase3,84,pair_085,0.450063,1138.175362,1148.033894,
28,phase3,84,pair_085,0.466771,1138.192071,1148.050603,
29,phase3,84,pair_085,0.483671,1138.208971,1148.067503,
30,phase3,84,pair_085,0.500031,1138.22533,1148.083862,
31,phase3,84,pair_085,0.517007,1138.242307,1148.100839,
32,phase3,84,pair_085,0.533404,1138.258703,1148.117236,
33,phase3,84,pair_085,0.550081,1138.27538,1148.133913,
34,phase3,84,pair_085,0.566995,1138.292295,1148.150827,
35,phase3,84,pair_085,0.583382,1138.308682,1148.167214,
36,phase3,84,pair_085,0.600021,1138.325321,1148.183853,
37,phase3,84,pair_085,0.616787,1138.342088,1148.200619,
38,phase3,84,pair_085,0.633387,1138.358686,1148.217219,
39,phase3,84,pair_085,0.650364,1138.375666,1148.234196,
40,phase3,84,pair_085,0.666672,1138.391972,1148.250504,
41,phase3,84,pair_085,0.683712,1138.409012,1148.267544,
42,phase3,84,pair_085,0.700012,1138.425312,1148.283843,
43,phase3,84,pair_085,0.717019,1138.442318,1148.30085,
44,phase3,84,pair_085,0.733396,1138.458695,1148.317227,
45,phase3,84,pair_085,0.750023,1138.475322,1148.333854,
46,phase3,84,pair_085,0.766648,1138.491947,1148.350479,
47,phase3,84,pair_085,0.783693,1138.508992,1148.367524,
48,phase3,84,pair_085,0.800046,1138.525345,1148.383878,
49,phase3,84,pair_085,0.81673,1138.542029,1148.400561,
50,phase3,84,pair_085,0.833366,1138.558665,1148.417198,
51,phase3,84,pair_085,0.850367,1138.575666,1148.434198,
52,phase3,84,pair_085,0.866985,1138.592284,1148.450817,
53,phase3,84,pair_085,0.883395,1138.608694,1148.467227,
54,phase3,84,pair_085,0.900061,1138.625361,1148.483893,
55,phase3,84,pair_085,0.916631,1138.641931,1148.500463,
56,phase3,84,pair_085,0.933664,1138.658963,1148.517496,
57,phase3,84,pair_085,0.950065,1138.675365,1148.533897,
58,phase3,84,pair_085,0.966727,1138.692027,1148.550559,
59,phase3,84,pair_085,0.983651,1138.70895,1148.567483,
60,phase3,84,pair_085,1.000357,1138.725656,1148.584188,
61,phase3,84,pair_085,1.016697,1138.741996,1148.600529,
62,phase3,84,pair_085,1.033385,1138.758688,1148.617217,
63,phase3,84,pair_085,1.049984,1138.775283,1148.633816,
64,phase3,84,pair_085,1.066626,1138.791926,1148.650458,
65,phase3,84,pair_085,1.083407,1138.808706,1148.667238,
66,phase3,84,pair_085,1.100103,1138.825402,1148.683934,
67,phase3,84,pair_085,1.116711,1138.842011,1148.700543,
68,phase3,84,pair_085,1.133706,1138.859006,1148.717538,
69,phase3,84,pair_085,1.150095,1138.875395,1148.733927,
70,phase3,84,pair_085,1.166718,1138.892019,1148.75055,
71,phase3,84,pair_085,1.183404,1138.908703,1148.767236,
72,phase3,84,pair_085,1.200352,1138.925651,1148.784184,
73,phase3,84,pair_085,1.216703,1138.942002,1148.800534,
74,phase3,84,pair_085,1.233363,1138.958663,1148.817195,
75,phase3,84,pair_085,1.250031,1138.97533,1148.833862,
76,phase3,84,pair_085,1.267013,1138.992313,1148.850845,
77,phase3,84,pair_085,1.283652,1139.008951,1148.867484,
78,phase3,84,pair_085,1.300024,1139.025324,1148.883856,
79,phase3,84,pair_085,1.316726,1139.042025,1148.900557,
80,phase3,84,pair_085,1.333696,1139.058996,1148.917528,
81,phase3,84,pair_085,1.349981,1139.07528,1148.933812,
82,phase3,84,pair_085,1.366736,1139.092035,1148.950568,
83,phase3,84,pair_085,1.383362,1139.108661,1148.967194,
84,phase3,84,pair_085,1.400339,1139.125639,1148.984171,
85,phase3,84,pair_085,1.417016,1139.142315,1149.000847,
86,phase3,84,pair_085,1.433283,1139.158583,1149.017115,
87,phase3,84,pair_085,1.45007,1139.175369,1149.033901,
88,phase3,84,pair_085,1.466672,1139.191971,1149.050503,
89,phase3,84,pair_085,1.483659,1139.208958,1149.06749,
90,phase3,84,pair_085,1.499968,1139.225268,1149.0838,
91,phase3,84,pair_085,1.516717,1139.242016,1149.100548,
92,phase3,84,pair_085,1.533358,1139.258658,1149.11719,
93,phase3,84,pair_085,1.550328,1139.275627,1149.13416,
94,phase3,84,pair_085,1.566767,1139.292068,1149.150598,
95,phase3,84,pair_085,1.58336,1139.308659,1149.167191,
96,phase3,84,pair_085,1.600085,1139.325385,1149.183917,
97,phase3,84,pair_085,1.616994,1139.342293,1149.200825,
98,phase3,84,pair_085,1.63338,1139.358679,1149.217212,
99,phase3,84,pair_085,1.650082,1139.375382,1149.233914,
100,phase3,84,pair_085,1.666652,1139.391952,1149.250484,
101,phase3,84,pair_085,1.683339,1139.408638,1149.26717,
102,phase3,84,pair_085,1.700041,1139.425341,1149.283873,
103,phase3,84,pair_085,1.716676,1139.441975,1149.300508,
104,phase3,84,pair_085,1.733413,1139.458712,1149.317245,
105,phase3,84,pair_085,1.750326,1139.475625,1149.334158,
106,phase3,84,pair_085,1.766789,1139.492088,1149.35062,
107,phase3,84,pair_085,1.783372,1139.508671,1149.367203,
108,phase3,84,pair_085,1.799996,1139.525295,1149.383827,
109,phase3,84,pair_085,1.816578,1139.541877,1149.40041,
110,phase3,84,pair_085,1.833627,1139.558926,1149.417458,
111,phase3,84,pair_085,1.85002,1139.575319,1149.433852,
112,phase3,84,pair_085,1.866726,1139.592025,1149.450557,
113,phase3,84,pair_085,1.883341,1139.608641,1149.467173,
114,phase3,84,pair_085,1.900312,1139.625611,1149.484143,
115,phase3,84,pair_085,1.916728,1139.642027,1149.50056,
116,phase3,84,pair_085,1.933401,1139.6587,1149.517233,
117,phase3,84,pair_085,1.949926,1139.675226,1149.533758,
118,phase3,84,pair_085,1.9666,1139.691899,1149.550431,
119,phase3,84,pair_085,1.983422,1139.708721,1149.567253,
120,phase3,84,pair_085,2.000006,1139.725305,1149.583838,
121,phase3,84,pair_085,2.016753,1139.742053,1149.600585,
122,phase3,84,pair_085,2.033294,1139.758593,1149.617126,
123,phase3,84,pair_085,2.050018,1139.775317,1149.633849,
124,phase3,84,pair_085,2.067107,1139.792407,1149.650939,
125,phase3,84,pair_085,2.083456,1139.808755,1149.667287,
126,phase3,84,pair_085,2.100052,1139.825351,1149.683883,
127,phase3,84,pair_085,2.116716,1139.842015,1149.700548,
128,phase3,84,pair_085,2.133782,1139.859082,1149.717614,
129,phase3,84,pair_085,2.150124,1139.875424,1149.733956,
130,phase3,84,pair_085,2.166763,1139.892062,1149.750594,
131,phase3,84,pair_085,2.183458,1139.908757,1149.767289,
132,phase3,84,pair_085,2.200118,1139.925418,1149.78395,
133,phase3,84,pair_085,2.217084,1139.942383,1149.800915,
134,phase3,84,pair_085,2.233453,1139.958752,1149.817284,
135,phase3,84,pair_085,2.250071,1139.97537,1149.833903,
136,phase3,84,pair_085,2.266765,1139.992064,1149.850597,
137,phase3,84,pair_085,2.283743,1140.009041,1149.867574,
138,phase3,84,pair_085,2.3001,1140.025399,1149.883931,
139,phase3,84,pair_085,2.316783,1140.042083,1149.900615,
140,phase3,84,pair_085,2.333452,1140.058754,1149.917284,
141,phase3,84,pair_085,2.350126,1140.075425,1149.933958,
142,phase3,84,pair_085,2.366784,1140.092086,1149.950616,
143,phase3,84,pair_085,2.38344,1140.108739,1149.967272,
144,phase3,84,pair_085,2.400026,1140.125325,1149.983858,
145,phase3,84,pair_085,2.416727,1140.142027,1150.000559,
146,phase3,84,pair_085,2.433435,1140.158734,1150.017267,
147,phase3,84,pair_085,2.450106,1140.175405,1150.033937,
148,phase3,84,pair_085,2.466772,1140.192071,1150.050603,
149,phase3,84,pair_085,2.483767,1140.209066,1150.067598,
150,phase3,84,pair_085,2.500098,1140.225398,1150.08393,
151,phase3,84,pair_085,2.516758,1140.242057,1150.10059,
152,phase3,84,pair_085,2.533424,1140.258723,1150.117255,
153,phase3,84,pair_085,2.550071,1140.275369,1150.133902,
154,phase3,84,pair_085,2.567062,1140.292361,1150.150893,
155,phase3,84,pair_085,2.583381,1140.30868,1150.167213,
156,phase3,84,pair_085,2.60008,1140.325379,1150.183912,
157,phase3,84,pair_085,2.616763,1140.342064,1150.200595,
158,phase3,84,pair_085,2.633388,1140.358715,1150.217219,
159,phase3,84,pair_085,2.650116,1140.375415,1150.233947,
160,phase3,84,pair_085,2.666759,1140.392058,1150.25059,
161,phase3,84,pair_085,2.683438,1140.408738,1150.26727,
162,phase3,84,pair_085,2.700376,1140.425675,1150.284207,
163,phase3,84,pair_085,2.716756,1140.442058,1150.300588,
164,phase3,84,pair_085,2.73338,1140.458679,1150.317211,
165,phase3,84,pair_085,2.75012,1140.47542,1150.333952,
166,phase3,84,pair_085,2.766725,1140.492024,1150.350556,
167,phase3,84,pair_085,2.783413,1140.508712,1150.367244,
168,phase3,84,pair_085,2.800089,1140.525389,1150.38392,
169,phase3,84,pair_085,2.817018,1140.542317,1150.40085,
170,phase3,84,pair_085,2.833393,1140.558692,1150.417225,
171,phase3,84,pair_085,2.850367,1140.575666,1150.434199,
172,phase3,84,pair_085,2.866756,1140.592056,1150.450588,
173,phase3,84,pair_085,2.883466,1140.608768,1150.467298,
174,phase3,84,pair_085,2.900433,1140.625732,1150.484264,
175,phase3,84,pair_085,2.916751,1140.642052,1150.500582,
176,phase3,84,pair_085,2.933394,1140.658693,1150.517225,
177,phase3,84,pair_085,2.950118,1140.675418,1150.53395,
178,phase3,84,pair_085,2.966699,1140.691998,1150.55053,
179,phase3,84,pair_085,2.983713,1140.709013,1150.567545,
180,phase3,84,pair_085,3.000093,1140.725396,1150.583925,
181,phase3,84,pair_085,3.016735,1140.742035,1150.600567,
182,phase3,84,pair_085,3.033419,1140.758718,1150.617251,
183,phase3,84,pair_085,3.049989,1140.775289,1150.63382,
184,phase3,84,pair_085,3.066726,1140.792026,1150.650557,
185,phase3,84,pair_085,3.083385,1140.808684,1150.667216,
186,phase3,84,pair_085,3.100135,1140.825436,1150.683966,
187,phase3,84,pair_085,3.117063,1140.842363,1150.700895,
188,phase3,84,pair_085,3.133393,1140.858693,1150.717224,
189,phase3,84,pair_085,3.150099,1140.875398,1150.733931,
190,phase3,84,pair_085,3.166703,1140.892002,1150.750535,
191,phase3,84,pair_085,3.183727,1140.909026,1150.767559,
192,phase3,84,pair_085,3.200048,1140.925347,1150.78388,
193,phase3,84,pair_085,3.216729,1140.94203,1150.800561,
194,phase3,84,pair_085,3.233637,1140.958936,1150.817468,
195,phase3,84,pair_085,3.250054,1140.975353,1150.833886,
196,phase3,84,pair_085,3.266699,1140.991998,1150.85053,
197,phase3,84,pair_085,3.283413,1141.008712,1150.867245,
198,phase3,84,pair_085,3.300058,1141.025357,1150.883889,
199,phase3,84,pair_085,3.317072,1141.042371,1150.900903,
200,phase3,84,pair_085,3.333385,1141.058684,1150.917216,
201,phase3,84,pair_085,3.350069,1141.075368,1150.933901,
202,phase3,84,pair_085,3.366722,1141.092208,1150.950553,
203,phase3,84,pair_085,3.383421,1141.108721,1150.967253,
204,phase3,84,pair_085,3.567101,1141.292399,1151.150932,
205,phase3,84,pair_085,3.583463,1141.308762,1151.167294,
206,phase3,84,pair_085,3.600378,1141.325677,1151.184209,
207,phase3,84,pair_085,3.616658,1141.341957,1151.200489,
208,phase3,84,pair_085,3.633345,1141.358644,1151.217177,
209,phase3,84,pair_085,3.650108,1141.375407,1151.233939,
210,phase3,84,pair_085,3.667043,1141.392342,1151.250874,
211,phase3,84,pair_085,3.683663,1141.408962,1151.267494,
212,phase3,84,pair_085,3.700022,1141.425321,1151.283853,
213,phase3,84,pair_085,3.716722,1141.442021,1151.300553,
214,phase3,84,pair_085,3.733365,1141.458666,1151.317196,
215,phase3,84,pair_085,3.749986,1141.475285,1151.333817,
216,phase3,84,pair_085,3.76672,1141.492019,1151.350551,
217,phase3,84,pair_085,3.783403,1141.508704,1151.367234,
218,phase3,84,pair_085,3.800363,1141.525663,1151.384195,
219,phase3,84,pair_085,3.816743,1141.542042,1151.400574,
220,phase3,84,pair_085,3.833378,1141.558677,1151.41721,
221,phase3,84,pair_085,3.850089,1141.575388,1151.43392,
222,phase3,84,pair_085,3.866983,1141.592282,1151.450815,
223,phase3,84,pair_085,3.883685,1141.608984,1151.467517,
224,phase3,84,pair_085,3.900008,1141.625307,1151.48384,
225,phase3,84,pair_085,3.916777,1141.642077,1151.500609,
226,phase3,84,pair_085,3.933333,1141.658633,1151.517165,
227,phase3,84,pair_085,3.950056,1141.675355,1151.533888,
228,phase3,84,pair_085,3.966728,1141.692027,1151.55056,
229,phase3,84,pair_085,3.983452,1141.708776,1151.567283,
230,phase3,84,pair_085,4.000043,1141.725344,1151.583874,
231,phase3,84,pair_085,4.01668,1141.741979,1151.600512,
232,phase3,84,pair_085,4.033384,1141.758684,1151.617216,
233,phase3,84,pair_085,4.05012,1141.77542,1151.633952,
234,phase3,84,pair_085,4.066586,1141.791886,1151.650418,
235,phase3,84,pair_085,4.083705,1141.809004,1151.667537,
236,phase3,84,pair_085,4.100039,1141.825339,1151.683871,
237,phase3,84,pair_085,4.116713,1141.842012,1151.700545,
238,phase3,84,pair_085,4.133306,1141.858605,1151.717138,
239,phase3,84,pair_085,4.150059,1141.875361,1151.733891,
240,phase3,84,pair_085,4.166715,1141.892014,1151.750546,
241,phase3,84,pair_085,4.183403,1141.908703,1151.767234,
242,phase3,84,pair_085,4.200105,1141.925404,1151.783936,
243,phase3,84,pair_085,4.216642,1141.941942,1151.800474,
244,phase3,84,pair_085,4.233673,1141.958972,1151.817504,
245,phase3,84,pair_085,4.250076,1141.975378,1151.833908,
246,phase3,84,pair_085,4.266714,1141.992013,1151.850545,
247,phase3,84,pair_085,4.283701,1142.009002,1151.867532,
248,phase3,84,pair_085,4.300006,1142.025325,1151.883837,
249,phase3,84,pair_085,4.316711,1142.042011,1151.900543,
250,phase3,84,pair_085,4.33338,1142.058679,1151.917212,
251,phase3,84,pair_085,4.350356,1142.075655,1151.934188,
252,phase3,84,pair_085,4.367012,1142.092311,1151.950844,
253,phase3,84,pair_085,4.383378,1142.108677,1151.96721,
254,phase3,84,pair_085,4.400017,1142.125316,1151.983849,
255,phase3,84,pair_085,4.416756,1142.142055,1152.000588,
256,phase3,84,pair_085,4.433328,1142.158627,1152.017159,
257,phase3,84,pair_085,4.450302,1142.175601,1152.034133,
258,phase3,84,pair_085,4.466695,1142.191994,1152.050527,
259,phase3,84,pair_085,4.483445,1142.208744,1152.067276,
260,phase3,84,pair_085,4.500363,1142.225662,1152.084195,
261,phase3,84,pair_085,4.516995,1142.242294,1152.100826,
262,phase3,84,pair_085,4.533363,1142.258662,1152.117195,
263,phase3,84,pair_085,4.550013,1142.275312,1152.133845,
264,phase3,84,pair_085,4.566704,1142.292003,1152.150536,
265,phase3,84,pair_085,4.583647,1142.308946,1152.167478,
266,phase3,84,pair_085,4.600045,1142.325343,1152.183876,
267,phase3,84,pair_085,4.616662,1142.341963,1152.200494,
268,phase3,84,pair_085,4.633339,1142.358638,1152.217171,
269,phase3,84,pair_085,4.650319,1142.375618,1152.23415,
270,phase3,84,pair_085,4.666691,1142.391991,1152.250523,
271,phase3,84,pair_085,4.683407,1142.408707,1152.267238,
272,phase3,84,pair_085,4.700296,1142.425595,1152.284127,
273,phase3,84,pair_085,4.716997,1142.442297,1152.300828,
274,phase3,84,pair_085,4.733355,1142.458654,1152.317186,
275,phase3,84,pair_085,4.750341,1142.47564,1152.334172,
276,phase3,84,pair_085,4.766681,1142.491983,1152.350512,
277,phase3,84,pair_085,4.783333,1142.508632,1152.367164,
278,phase3,84,pair_085,4.799996,1142.525295,1152.383827,
279,phase3,84,pair_085,4.816751,1142.54205,1152.400582,
280,phase3,84,pair_085,4.833624,1142.558924,1152.417456,
281,phase3,84,pair_085,4.849996,1142.575295,1152.433827,
282,phase3,84,pair_085,4.866794,1142.592094,1152.450625,
283,phase3,84,pair_085,4.883305,1142.608604,1152.467136,
284,phase3,84,pair_085,4.900083,1142.625382,1152.483914,
285,phase3,84,pair_085,4.917014,1142.642314,1152.500846,
286,phase3,84,pair_085,4.933354,1142.658654,1152.517186,
287,phase3,84,pair_085,4.949995,1142.675294,1152.533827,
288,phase3,84,pair_085,4.966751,1142.69205,1152.550583,
289,phase3,84,pair_085,4.983309,1142.708608,1152.56714,
290,phase3,84,pair_085,5.000024,1142.725326,1152.583855,
291,phase3,84,pair_085,5.016631,1142.74193,1152.600462,
292,phase3,84,pair_085,5.033377,1142.758676,1152.617208,
293,phase3,84,pair_085,5.050007,1142.775306,1152.633838,
294,phase3,84,pair_085,5.066986,1142.792285,1152.650818,
295,phase3,84,pair_085,5.083386,1142.808687,1152.667217,
296,phase3,84,pair_085,5.100047,1142.825346,1152.683878,
297,phase3,84,pair_085,5.116667,1142.841966,1152.700498,
298,phase3,84,pair_085,5.133651,1142.85895,1152.717482,
299,phase3,84,pair_085,5.150002,1142.875301,1152.733834,
300,phase3,84,pair_085,5.166662,1142.891961,1152.750494,
301,phase3,84,pair_085,5.183379,1142.908678,1152.767211,
302,phase3,84,pair_085,5.200313,1142.925612,1152.784144,
303,phase3,84,pair_085,5.21664,1142.941939,1152.800471,
304,phase3,84,pair_085,5.233324,1142.958623,1152.817155,
305,phase3,84,pair_085,5.249985,1142.975284,1152.833817,
306,phase3,84,pair_085,5.266646,1142.991946,1152.850478,
307,phase3,84,pair_085,5.283329,1143.008628,1152.867161,
308,phase3,84,pair_085,5.300034,1143.025333,1152.883865,
309,phase3,84,pair_085,5.316667,1143.041966,1152.900499,
310,phase3,84,pair_085,5.333313,1143.058612,1152.917145,
311,phase3,84,pair_085,5.350313,1143.075612,1152.934144,
312,phase3,84,pair_085,5.366908,1143.092211,1152.95074,
313,phase3,84,pair_085,5.383306,1143.108606,1152.967138,
314,phase3,84,pair_085,5.400304,1143.125604,1152.984136,
315,phase3,84,pair_085,5.416952,1143.142252,1153.000784,
316,phase3,84,pair_085,5.433403,1143.158704,1153.017234,
317,phase3,84,pair_085,5.449993,1143.175292,1153.033824,
318,phase3,84,pair_085,5.466662,1143.191961,1153.050494,
319,phase3,84,pair_085,5.483632,1143.208931,1153.067463,
320,phase3,84,pair_085,5.499987,1143.225286,1153.083819,
321,phase3,84,pair_085,5.516705,1143.242004,1153.100536,
322,phase3,84,pair_085,5.533578,1143.258877,1153.117409,
323,phase3,84,pair_085,5.549969,1143.275268,1153.1338,
324,phase3,84,pair_085,5.5666,1143.291899,1153.150431,
325,phase3,84,pair_085,5.583322,1143.308622,1153.167154,
326,phase3,84,pair_085,5.599938,1143.325237,1153.183769,
327,phase3,84,pair_085,5.616641,1143.34194,1153.200473,
328,phase3,84,pair_085,5.63362,1143.358919,1153.217452,
329,phase3,84,pair_085,5.649986,1143.375285,1153.233817,
330,phase3,84,pair_085,5.666653,1143.391952,1153.250484,
331,phase3,84,pair_085,5.683314,1143.408613,1153.267146,
332,phase3,84,pair_085,5.700235,1143.425534,1153.284067,
333,phase3,84,pair_085,5.716649,1143.441948,1153.30048,
334,phase3,84,pair_085,5.733295,1143.458594,1153.317127,
335,phase3,84,pair_085,5.750292,1143.475591,1153.334123,
336,phase3,84,pair_085,5.766644,1143.491943,1153.350476,
337,phase3,84,pair_085,5.783291,1143.50859,1153.367122,
338,phase3,84,pair_085,5.883302,1143.608602,1153.467134,
339,phase3,84,pair_085,5.900274,1143.625574,1153.484105,
340,phase3,84,pair_085,5.916678,1143.641977,1153.50051,
341,phase3,84,pair_085,5.933358,1143.658657,1153.51719,
342,phase3,84,pair_085,5.949924,1143.675224,1153.533755,
343,phase3,84,pair_085,5.966961,1143.692261,1153.550793,
344,phase3,84,pair_085,5.9833,1143.70861,1153.567131,
345,phase3,84,pair_085,6.000035,1143.725335,1153.583867,
346,phase3,84,pair_085,6.016737,1143.742037,1153.600569,
347,phase3,84,pair_085,6.033429,1143.758728,1153.61726,
348,phase3,84,pair_085,6.0501,1143.775402,1153.633932,
349,phase3,84,pair_085,6.066767,1143.792066,1153.650598,
350,phase3,84,pair_085,6.08341,1143.808734,1153.667241,
351,phase3,84,pair_085,6.099949,1143.825249,1153.683781,
352,phase3,84,pair_085,6.116828,1143.842128,1153.70066,
353,phase3,84,pair_085,6.133742,1143.859041,1153.717573,
354,phase3,84,pair_085,6.150042,1143.875342,1153.733874,
355,phase3,84,pair_085,6.166704,1143.892003,1153.750535,
356,phase3,84,pair_085,6.183482,1143.908782,1153.767314,
357,phase3,84,pair_085,6.200436,1143.925736,1153.784267,
358,phase3,84,pair_085,6.217055,1143.942355,1153.800887,
359,phase3,84,pair_085,6.233429,1143.958733,1153.817261,
360,phase3,84,pair_085,6.250047,1143.975346,1153.833878,
361,phase3,84,pair_085,6.266743,1143.992043,1153.850575,
362,phase3,84,pair_085,6.283734,1144.009034,1153.867566,
363,phase3,84,pair_085,6.300015,1144.025315,1153.883847,
364,phase3,84,pair_085,6.316744,1144.042044,1153.900575,
365,phase3,84,pair_085,6.333434,1144.058734,1153.917265,
366,phase3,84,pair_085,6.350373,1144.075672,1153.934204,
367,phase3,84,pair_085,6.366755,1144.092057,1153.950587,
368,phase3,84,pair_085,6.383397,1144.108722,1153.967228,
369,phase3,84,pair_085,6.40038,1144.12568,1153.984212,
370,phase3,84,pair_085,6.417071,1144.142371,1154.000903,
371,phase3,84,pair_085,6.433412,1144.158712,1154.017244,
372,phase3,84,pair_085,6.45004,1144.17534,1154.033872,
373,phase3,84,pair_085,6.466844,1144.192143,1154.050675,
374,phase3,84,pair_085,6.483738,1144.209037,1154.067569,
375,phase3,84,pair_085,6.500035,1144.225334,1154.083866,
376,phase3,84,pair_085,6.516742,1144.242041,1154.100573,
377,phase3,84,pair_085,6.533642,1144.258941,1154.117473,
378,phase3,84,pair_085,6.550059,1144.275358,1154.133891,
379,phase3,84,pair_085,6.650972,1144.376271,1154.234804,
380,phase3,84,pair_085,6.666773,1144.392073,1154.250605,
381,phase3,84,pair_085,6.683439,1144.408757,1154.26727,
382,phase3,84,pair_085,6.700362,1144.425662,1154.284193,
383,phase3,84,pair_085,6.716726,1144.442026,1154.300558,
384,phase3,84,pair_085,6.733428,1144.458728,1154.31726,
385,phase3,84,pair_085,6.750063,1144.475363,1154.333894,
386,phase3,84,pair_085,6.767043,1144.492343,1154.350875,
387,phase3,84,pair_085,6.783387,1144.508687,1154.367219,
388,phase3,84,pair_085,6.80008,1144.525379,1154.383911,
389,phase3,84,pair_085,6.816731,1144.542033,1154.400563,
390,phase3,84,pair_085,6.833719,1144.559019,1154.41755,
391,phase3,84,pair_085,6.850059,1144.575359,1154.433891,
392,phase3,84,pair_085,6.866735,1144.592035,1154.450567,
393,phase3,84,pair_085,6.883658,1144.608958,1154.46749,
394,phase3,84,pair_085,6.900392,1144.625692,1154.484224,
395,phase3,84,pair_085,6.916678,1144.641978,1154.50051,
396,phase3,84,pair_085,6.933378,1144.658677,1154.517209,
397,phase3,84,pair_085,6.950084,1144.675384,1154.533915,
398,phase3,84,pair_085,6.966716,1144.692016,1154.550548,
399,phase3,84,pair_085,6.983371,1144.70867,1154.567202,
400,phase3,84,pair_085,7.000032,1144.725335,1154.583863,
401,phase3,84,pair_085,7.0167,1144.742,1154.600532,
402,phase3,84,pair_085,7.033702,1144.759001,1154.617533,
403,phase3,84,pair_085,7.050351,1144.77565,1154.634183,
404,phase3,84,pair_085,7.066728,1144.792028,1154.65056,
405,phase3,84,pair_085,7.08339,1144.80869,1154.667222,
406,phase3,84,pair_085,7.100046,1144.825345,1154.683878,
407,phase3,84,pair_085,7.116594,1144.841894,1154.700426,
408,phase3,84,pair_085,7.133377,1144.858677,1154.717209,
409,phase3,84,pair_085,7.150092,1144.875392,1154.733924,
410,phase3,84,pair_085,7.166713,1144.892014,1154.750545,
411,phase3,84,pair_085,7.183693,1144.908992,1154.767524,
412,phase3,84,pair_085,7.200024,1144.925324,1154.783856,
413,phase3,84,pair_085,7.216664,1144.941963,1154.800495,
414,phase3,84,pair_085,7.233658,1144.958957,1154.81749,
415,phase3,84,pair_085,7.250376,1144.975676,1154.834208,
416,phase3,84,pair_085,7.266703,1144.992004,1154.850535,
417,phase3,84,pair_085,7.28339,1145.008701,1154.867221,
418,phase3,84,pair_085,7.300016,1145.025315,1154.883847,
419,phase3,84,pair_085,7.317038,1145.042339,1154.90087,
420,phase3,84,pair_085,7.333661,1145.05896,1154.917493,
421,phase3,84,pair_085,7.350043,1145.075342,1154.933874,
422,phase3,84,pair_085,7.366955,1145.092256,1154.950787,
423,phase3,84,pair_085,7.383357,1145.108658,1154.967189,
424,phase3,84,pair_085,7.400344,1145.125644,1154.984176,
425,phase3,84,pair_085,7.483197,1145.208497,1155.067029,
426,phase3,84,pair_085,7.50005,1145.22535,1155.083882,
427,phase3,84,pair_085,7.516645,1145.241945,1155.100476,
428,phase3,84,pair_085,7.533344,1145.258644,1155.117175,
429,phase3,84,pair_085,7.550035,1145.275335,1155.133867,
430,phase3,84,pair_085,7.56669,1145.29199,1155.150521,
431,phase3,84,pair_085,7.583286,1145.308586,1155.167118,
432,phase3,84,pair_085,7.600352,1145.325652,1155.184183,
433,phase3,84,pair_085,7.616707,1145.342009,1155.200539,
434,phase3,84,pair_085,7.633364,1145.358664,1155.217196,
435,phase3,84,pair_085,7.649967,1145.375267,1155.233799,
436,phase3,84,pair_085,7.666992,1145.392292,1155.250824,
437,phase3,84,pair_085,7.683652,1145.408951,1155.267483,
438,phase3,84,pair_085,7.699997,1145.425296,1155.283828,
439,phase3,84,pair_085,7.716974,1145.442274,1155.300806,
440,phase3,84,pair_085,7.73336,1145.45866,1155.317191,
441,phase3,84,pair_085,7.750317,1145.475619,1155.334148,
442,phase3,84,pair_085,7.76671,1145.49201,1155.350541,
443,phase3,84,pair_085,7.783356,1145.508656,1155.367187,
444,phase3,84,pair_085,7.799956,1145.525256,1155.383787,
445,phase3,84,pair_085,7.816971,1145.542271,1155.400802,
446,phase3,84,pair_085,7.83336,1145.55866,1155.417191,
447,phase3,84,pair_085,7.850064,1145.575364,1155.433896,
448,phase3,84,pair_085,7.866673,1145.591974,1155.450504,
449,phase3,84,pair_085,7.883674,1145.608974,1155.467506,
450,phase3,84,pair_085,7.899988,1145.625288,1155.48382,
451,phase3,84,pair_085,7.916656,1145.641956,1155.500487,
452,phase3,84,pair_085,7.933609,1145.658909,1155.51744,
453,phase3,84,pair_085,7.950008,1145.675307,1155.533839,
454,phase3,84,pair_085,7.966689,1145.691989,1155.550521,
455,phase3,84,pair_085,7.983347,1145.708649,1155.567179,
456,phase3,84,pair_085,-1137.725559,1145.708715,9.858273,response
