frame_idx,phase,trial_id,stim_pair_id,elapsed_time,global_time,flip_time,event_marker
0,phase1,77,pair_078,0.0,608.428946,618.287476,stimulus_onset
1,phase1,77,pair_078,0.016675,608.445623,618.304151,
2,phase1,77,pair_078,0.033415,608.462357,618.320891,
3,phase1,77,pair_078,0.050055,608.478998,618.337531,
4,phase1,77,pair_078,0.066991,608.495933,618.354467,
5,phase1,77,pair_078,0.083494,608.512439,618.37097,
6,phase1,77,pair_078,0.100411,608.529356,618.387887,
7,phase1,77,pair_078,0.11678,608.545723,618.404256,
8,phase1,77,pair_078,0.133453,608.562398,618.420929,
9,phase1,77,pair_078,0.150088,608.579031,618.437564,
10,phase1,77,pair_078,0.166766,608.595708,618.454242,
11,phase1,77,pair_078,0.183439,608.612381,618.470915,
12,phase1,77,pair_078,0.200116,608.629058,618.487592,
13,phase1,77,pair_078,0.216761,608.645703,618.504237,
14,phase1,77,pair_078,0.233428,608.66237,618.520904,
15,phase1,77,pair_078,0.250108,608.67905,618.537584,
16,phase1,77,pair_078,0.266736,608.695678,618.554212,
17,phase1,77,pair_078,0.28347,608.712413,618.570946,
18,phase1,77,pair_078,0.300431,608.729373,618.587907,
19,phase1,77,pair_078,0.317089,608.746032,618.604565,
20,phase1,77,pair_078,0.333429,608.762373,618.620905,
21,phase1,77,pair_078,0.350041,608.778983,618.637517,
22,phase1,77,pair_078,0.36708,608.796022,618.654556,
23,phase1,77,pair_078,0.383734,608.812676,618.67121,
24,phase1,77,pair_078,0.400114,608.829061,618.68759,
25,phase1,77,pair_078,0.416736,608.845678,618.704212,
26,phase1,77,pair_078,0.433441,608.862383,618.720917,
27,phase1,77,pair_078,0.450383,608.879325,618.737859,
28,phase1,77,pair_078,0.466761,608.895703,618.754237,
29,phase1,77,pair_078,0.483455,608.912402,618.770931,
30,phase1,77,pair_078,0.500122,608.929064,618.787598,
31,phase1,77,pair_078,0.517102,608.946044,618.804578,
32,phase1,77,pair_078,0.533434,608.962376,618.82091,
33,phase1,77,pair_078,0.550124,608.97907,618.8376,
34,phase1,77,pair_078,0.566816,608.995758,618.854292,
35,phase1,77,pair_078,0.583726,609.012668,618.871202,
36,phase1,77,pair_078,0.600038,609.028981,618.887514,
37,phase1,77,pair_078,0.616736,609.045679,618.904212,
38,phase1,77,pair_078,0.633456,609.062399,618.920932,
39,phase1,77,pair_078,0.650079,609.079021,618.937555,
40,phase1,77,pair_078,0.666769,609.095712,618.954245,
41,phase1,77,pair_078,0.683412,609.112355,618.970888,
42,phase1,77,pair_078,0.70009,609.129032,618.987566,
43,phase1,77,pair_078,0.717056,609.145999,619.004532,
44,phase1,77,pair_078,0.733732,609.162675,619.021208,
45,phase1,77,pair_078,0.750078,609.17902,619.037554,
46,phase1,77,pair_078,0.766728,609.19567,619.054204,
47,phase1,77,pair_078,0.78372,609.212662,619.071196,
48,phase1,77,pair_078,0.80039,609.229332,619.087866,
49,phase1,77,pair_078,0.816754,609.245696,619.10423,
50,phase1,77,pair_078,0.833398,609.26234,619.120874,
51,phase1,77,pair_078,0.850124,609.279066,619.1376,
52,phase1,77,pair_078,0.866726,609.295668,619.154202,
53,phase1,77,pair_078,0.88342,609.312362,619.170896,
54,phase1,77,pair_078,0.900073,609.32902,619.187549,
55,phase1,77,pair_078,0.91682,609.345765,619.204296,
56,phase1,77,pair_078,0.933402,609.362346,619.220878,
57,phase1,77,pair_078,0.950376,609.379319,619.237852,
58,phase1,77,pair_078,0.966712,609.395656,619.254188,
59,phase1,77,pair_078,0.983432,609.412375,619.270908,
60,phase1,77,pair_078,1.000402,609.429344,619.287878,
61,phase1,77,pair_078,1.016995,609.445937,619.304471,
62,phase1,77,pair_078,1.033414,609.462356,619.32089,
63,phase1,77,pair_078,1.050113,609.479055,619.337589,
64,phase1,77,pair_078,1.067035,609.495977,619.354511,
65,phase1,77,pair_078,1.0837,609.512642,619.371176,
66,phase1,77,pair_078,1.100063,609.529007,619.387539,
67,phase1,77,pair_078,1.116774,609.54572,619.40425,
68,phase1,77,pair_078,1.133699,609.562641,619.421175,
69,phase1,77,pair_078,1.150395,609.579338,619.437871,
70,phase1,77,pair_078,1.166747,609.595689,619.454223,
71,phase1,77,pair_078,1.183416,609.612358,619.470892,
72,phase1,77,pair_078,1.200301,609.629243,619.487777,
73,phase1,77,pair_078,1.217042,609.645984,619.504518,
74,phase1,77,pair_078,1.233408,609.66235,619.520884,
75,phase1,77,pair_078,1.250102,609.679044,619.537578,
76,phase1,77,pair_078,1.266728,609.695672,619.554204,
77,phase1,77,pair_078,1.283705,609.712647,619.571181,
78,phase1,77,pair_078,1.300066,609.729011,619.587542,
79,phase1,77,pair_078,1.316727,609.745669,619.604203,
80,phase1,77,pair_078,1.333376,609.762318,619.620852,
81,phase1,77,pair_078,1.350039,609.778981,619.637515,
82,phase1,77,pair_078,1.366703,609.795645,619.654179,
83,phase1,77,pair_078,1.383396,609.812338,619.670872,
84,phase1,77,pair_078,1.400127,609.82907,619.687603,
85,phase1,77,pair_078,1.417025,609.845967,619.704501,
86,phase1,77,pair_078,1.433426,609.862368,619.720902,
87,phase1,77,pair_078,1.450056,609.879,619.737532,
88,phase1,77,pair_078,1.466667,609.895615,619.754143,
89,phase1,77,pair_078,1.48374,609.912688,619.771216,
90,phase1,77,pair_078,1.500048,609.928993,619.787524,
91,phase1,77,pair_078,1.516727,609.945671,619.804203,
92,phase1,77,pair_078,1.533457,609.962401,619.820933,
93,phase1,77,pair_078,1.550031,609.978975,619.837507,
94,phase1,77,pair_078,1.56702,609.995962,619.854496,
95,phase1,77,pair_078,1.583387,610.01233,619.870863,
96,phase1,77,pair_078,1.600109,610.029051,619.887585,
97,phase1,77,pair_078,1.616689,610.045631,619.904165,
98,phase1,77,pair_078,1.633711,610.062654,619.921187,
99,phase1,77,pair_078,1.650061,610.079003,619.937537,
100,phase1,77,pair_078,1.666754,610.095696,619.95423,
101,phase1,77,pair_078,1.683385,610.112329,619.970861,
102,phase1,77,pair_078,1.700365,610.129307,619.987841,
103,phase1,77,pair_078,1.716991,610.145962,620.004467,
104,phase1,77,pair_078,1.733426,610.162393,620.020902,
105,phase1,77,pair_078,1.75004,610.178985,620.037516,
106,phase1,77,pair_078,1.766699,610.195642,620.054175,
107,phase1,77,pair_078,1.78363,610.212572,620.071106,
108,phase1,77,pair_078,1.800045,610.228987,620.087521,
109,phase1,77,pair_078,1.816797,610.245741,620.104273,
110,phase1,77,pair_078,1.833718,610.262661,620.121194,
111,phase1,77,pair_078,1.85034,610.279282,620.137816,
112,phase1,77,pair_078,1.866677,610.295619,620.154153,
113,phase1,77,pair_078,1.883423,610.312365,620.170899,
114,phase1,77,pair_078,1.900329,610.329271,620.187805,
115,phase1,77,pair_078,1.917009,610.345951,620.204485,
116,phase1,77,pair_078,1.933368,610.362311,620.220844,
117,phase1,77,pair_078,1.950018,610.37896,620.237494,
118,phase1,77,pair_078,1.96671,610.395652,620.254186,
119,phase1,77,pair_078,1.983686,610.41263,620.271162,
120,phase1,77,pair_078,2.000025,610.428968,620.287501,
121,phase1,77,pair_078,2.016725,610.445668,620.304201,
122,phase1,77,pair_078,2.033385,610.462328,620.320861,
123,phase1,77,pair_078,2.050343,610.479285,620.337819,
124,phase1,77,pair_078,2.066714,610.495659,620.35419,
125,phase1,77,pair_078,2.083398,610.51234,620.370874,
126,phase1,77,pair_078,2.100056,610.529,620.387532,
127,phase1,77,pair_078,2.116675,610.545617,620.404151,
128,phase1,77,pair_078,2.133364,610.562307,620.42084,
129,phase1,77,pair_078,2.150063,610.579005,620.437539,
130,phase1,77,pair_078,2.16698,610.595923,620.454456,
131,phase1,77,pair_078,2.183369,610.612311,620.470845,
132,phase1,77,pair_078,2.200312,610.629255,620.487788,
133,phase1,77,pair_078,2.216737,610.645681,620.504213,
134,phase1,77,pair_078,2.233618,610.662561,620.521094,
135,phase1,77,pair_078,2.250051,610.678994,620.537527,
136,phase1,77,pair_078,2.267001,610.695943,620.554477,
137,phase1,77,pair_078,2.283363,610.712307,620.570839,
138,phase1,77,pair_078,2.300026,610.728968,620.587502,
139,phase1,77,pair_078,2.316678,610.745621,620.604154,
140,phase1,77,pair_078,2.333334,610.762276,620.62081,
141,phase1,77,pair_078,2.350013,610.778957,620.637489,
142,phase1,77,pair_078,2.366743,610.795686,620.654219,
143,phase1,77,pair_078,2.383613,610.812555,620.671089,
144,phase1,77,pair_078,2.40033,610.829272,620.687806,
145,phase1,77,pair_078,2.416689,610.845632,620.704165,
146,phase1,77,pair_078,2.433371,610.862313,620.720847,
147,phase1,77,pair_078,2.450086,610.879028,620.737562,
148,phase1,77,pair_078,2.46668,610.895622,620.754156,
149,phase1,77,pair_078,2.48335,610.912293,620.770826,
150,phase1,77,pair_078,2.500057,610.928999,620.787533,
151,phase1,77,pair_078,2.516746,610.945688,620.804222,
152,phase1,77,pair_078,2.533314,610.962256,620.82079,
153,phase1,77,pair_078,2.550292,610.979234,620.837768,
154,phase1,77,pair_078,2.566682,610.995625,620.854158,
155,phase1,77,pair_078,2.583644,611.012587,620.87112,
156,phase1,77,pair_078,2.599982,611.028925,620.887458,
157,phase1,77,pair_078,2.616649,611.045591,620.904125,
158,phase1,77,pair_078,2.633369,611.062312,620.920845,
159,phase1,77,pair_078,2.650001,611.078943,620.937477,
160,phase1,77,pair_078,2.666675,611.095824,620.954151,
161,phase1,77,pair_078,2.683661,611.112602,620.971137,
162,phase1,77,pair_078,2.699996,611.128938,620.987472,
163,phase1,77,pair_078,2.716718,611.14566,621.004194,
164,phase1,77,pair_078,2.733669,611.162611,621.021145,
165,phase1,77,pair_078,2.750311,611.179253,621.037787,
166,phase1,77,pair_078,2.766692,611.195634,621.054168,
167,phase1,77,pair_078,2.783346,611.212288,621.070822,
168,phase1,77,pair_078,2.800017,611.228959,621.087493,
169,phase1,77,pair_078,2.816641,611.245583,621.104117,
170,phase1,77,pair_078,2.833338,611.26228,621.120814,
171,phase1,77,pair_078,2.849991,611.278933,621.137467,
172,phase1,77,pair_078,2.866717,611.295659,621.154193,
173,phase1,77,pair_078,2.883341,611.312283,621.170817,
174,phase1,77,pair_078,2.899989,611.328931,621.187465,
175,phase1,77,pair_078,2.916737,611.34568,621.204213,
176,phase1,77,pair_078,2.933323,611.362266,621.220799,
177,phase1,77,pair_078,2.949995,611.378937,621.237471,
178,phase1,77,pair_078,2.966658,611.3956,621.254134,
179,phase1,77,pair_078,2.983347,611.412289,621.270823,
180,phase1,77,pair_078,2.99999,611.428933,621.287466,
181,phase1,77,pair_078,3.016941,611.445885,621.304417,
182,phase1,77,pair_078,3.033328,611.46227,621.320804,
183,phase1,77,pair_078,3.050014,611.478956,621.33749,
184,phase1,77,pair_078,3.066907,611.495851,621.354383,
185,phase1,77,pair_078,3.083338,611.51228,621.370814,
186,phase1,77,pair_078,3.100316,611.529258,621.387792,
187,phase1,77,pair_078,3.116642,611.545584,621.404118,
188,phase1,77,pair_078,3.13338,611.562322,621.420856,
189,phase1,77,pair_078,3.149984,611.578926,621.43746,
190,phase1,77,pair_078,3.166964,611.595906,621.45444,
191,phase1,77,pair_078,3.183345,611.612288,621.470821,
192,phase1,77,pair_078,3.200043,611.628986,621.487519,
193,phase1,77,pair_078,3.21673,611.645672,621.504206,
194,phase1,77,pair_078,3.233638,611.662581,621.521114,
195,phase1,77,pair_078,3.250001,611.678944,621.537477,
196,phase1,77,pair_078,3.266697,611.695641,621.554173,
197,phase1,77,pair_078,3.283396,611.712339,621.570872,
198,phase1,77,pair_078,3.299935,611.728878,621.587411,
199,phase1,77,pair_078,3.316665,611.745607,621.604141,
200,phase1,77,pair_078,3.333324,611.762266,621.6208,
201,phase1,77,pair_078,3.349987,611.77893,621.637463,
202,phase1,77,pair_078,3.366555,611.795497,621.654031,
203,phase1,77,pair_078,3.3833,611.812243,621.670776,
204,phase1,77,pair_078,3.400031,611.828973,621.687507,
205,phase1,77,pair_078,3.416643,611.845586,621.704119,
206,phase1,77,pair_078,3.433328,611.86227,621.720804,
207,phase1,77,pair_078,3.449979,611.878921,621.737455,
208,phase1,77,pair_078,3.466636,611.895578,621.754112,
209,phase1,77,pair_078,3.483325,611.912267,621.770801,
210,phase1,77,pair_078,3.500317,611.929259,621.787793,
211,phase1,77,pair_078,3.51664,611.945582,621.804116,
212,phase1,77,pair_078,3.533385,611.962327,621.820861,
213,phase1,77,pair_078,3.550005,611.978948,621.837481,
214,phase1,77,pair_078,3.566963,611.995906,621.854439,
215,phase1,77,pair_078,3.583298,612.01224,621.870774,
216,phase1,77,pair_078,3.600004,612.028946,621.88748,
217,phase1,77,pair_078,3.616642,612.045584,621.904118,
218,phase1,77,pair_078,3.633319,612.062261,621.920795,
219,phase1,77,pair_078,3.649975,612.078918,621.937451,
220,phase1,77,pair_078,3.666645,612.095587,621.954121,
221,phase1,77,pair_078,3.68335,612.112292,621.970826,
222,phase1,77,pair_078,3.70021,612.129152,621.987686,
223,phase1,77,pair_078,3.716639,612.145582,622.004115,
224,phase1,77,pair_078,3.733335,612.162278,622.020811,
225,phase1,77,pair_078,3.749957,612.178899,622.037433,
226,phase1,77,pair_078,3.766667,612.19561,622.054143,
227,phase1,77,pair_078,3.783621,612.212563,622.071097,
228,phase1,77,pair_078,3.799977,612.228919,622.087453,
229,phase1,77,pair_078,3.816641,612.245583,622.104117,
230,phase1,77,pair_078,3.83328,612.262222,622.120756,
231,phase1,77,pair_078,3.850275,612.279217,622.137751,
232,phase1,77,pair_078,3.866641,612.295583,622.154117,
233,phase1,77,pair_078,3.883352,612.312294,622.170828,
234,phase1,77,pair_078,3.899967,612.328909,622.187443,
235,phase1,77,pair_078,3.916959,612.345901,622.204435,
236,phase1,77,pair_078,3.933315,612.362257,622.220791,
237,phase1,77,pair_078,3.950035,612.378977,622.237511,
238,phase1,77,pair_078,3.966633,612.395576,622.254109,
239,phase1,77,pair_078,3.98336,612.412302,622.270836,
240,phase1,77,pair_078,3.999988,612.428931,622.287464,
241,phase1,77,pair_078,4.017189,612.446131,622.304664,
242,phase1,77,pair_078,4.033724,612.462667,622.3212,
243,phase1,77,pair_078,4.050086,612.479031,622.337562,
244,phase1,77,pair_078,4.066758,612.4957,622.354234,
245,phase1,77,pair_078,4.083435,612.512378,622.370911,
246,phase1,77,pair_078,4.100373,612.529316,622.387849,
247,phase1,77,pair_078,4.11676,612.545705,622.404236,
248,phase1,77,pair_078,4.133416,612.562358,622.420892,
249,phase1,77,pair_078,4.150409,612.579351,622.437885,
250,phase1,77,pair_078,4.167064,612.596006,622.45454,
251,phase1,77,pair_078,4.183692,612.612634,622.471167,
252,phase1,77,pair_078,4.200072,612.629014,622.487548,
253,phase1,77,pair_078,4.216779,612.645723,622.504255,
254,phase1,77,pair_078,4.233398,612.66234,622.520874,
255,phase1,77,pair_078,4.250042,612.678984,622.537518,
256,phase1,77,pair_078,4.266687,612.695629,622.554163,
257,phase1,77,pair_078,4.28336,612.712302,622.570836,
258,phase1,77,pair_078,4.300052,612.728994,622.587528,
259,phase1,77,pair_078,4.316772,612.745714,622.604248,
260,phase1,77,pair_078,4.333413,612.762359,622.620889,
261,phase1,77,pair_078,4.350087,612.779029,622.637563,
262,phase1,77,pair_078,4.367103,612.796045,622.654579,
263,phase1,77,pair_078,4.383543,612.812485,622.671019,
264,phase1,77,pair_078,4.400104,612.829046,622.68758,
265,phase1,77,pair_078,4.416743,612.845685,622.704219,
266,phase1,77,pair_078,4.433355,612.862298,622.720831,
267,phase1,77,pair_078,4.450373,612.879316,622.737849,
268,phase1,77,pair_078,4.466759,612.895702,622.754235,
269,phase1,77,pair_078,4.483418,612.912363,622.770894,
270,phase1,77,pair_078,4.50007,612.929012,622.787546,
271,phase1,77,pair_078,4.517038,612.945986,622.804514,
272,phase1,77,pair_078,4.533411,612.962353,622.820887,
273,phase1,77,pair_078,4.550098,612.979041,622.837574,
274,phase1,77,pair_078,4.566742,612.995685,622.854218,
275,phase1,77,pair_078,4.583402,613.012344,622.870878,
276,phase1,77,pair_078,4.600346,613.029288,622.887822,
277,phase1,77,pair_078,4.61674,613.045682,622.904216,
278,phase1,77,pair_078,4.633469,613.062411,622.920945,
279,phase1,77,pair_078,4.650404,613.079346,622.93788,
280,phase1,77,pair_078,4.667016,613.095958,622.954492,
281,phase1,77,pair_078,4.683365,613.112308,622.970841,
282,phase1,77,pair_078,4.700073,613.129016,622.987549,
283,phase1,77,pair_078,4.716722,613.145665,623.004198,
284,phase1,77,pair_078,4.733697,613.162639,623.021173,
285,phase1,77,pair_078,4.750067,613.179009,623.037543,
286,phase1,77,pair_078,4.767013,613.195956,623.054489,
287,phase1,77,pair_078,4.783393,613.212339,623.070869,
288,phase1,77,pair_078,4.800138,613.229091,623.087614,
289,phase1,77,pair_078,4.816728,613.245671,623.104204,
290,phase1,77,pair_078,4.833467,613.262409,623.120943,
291,phase1,77,pair_078,4.850039,613.278982,623.137515,
292,phase1,77,pair_078,4.866709,613.295652,623.154185,
293,phase1,77,pair_078,4.883386,613.312328,623.170862,
294,phase1,77,pair_078,4.900114,613.329058,623.18759,
295,phase1,77,pair_078,4.916694,613.345636,623.20417,
296,phase1,77,pair_078,4.9337,613.362643,623.221176,
297,phase1,77,pair_078,4.950063,613.379006,623.237539,
298,phase1,77,pair_078,4.966721,613.395663,623.254197,
299,phase1,77,pair_078,4.983372,613.412316,623.270848,
300,phase1,77,pair_078,5.000034,613.428978,623.28751,
301,phase1,77,pair_078,5.016652,613.445594,623.304127,
302,phase1,77,pair_078,5.033374,613.462316,623.32085,
303,phase1,77,pair_078,5.050033,613.478976,623.337509,
304,phase1,77,pair_078,5.067058,613.496001,623.354534,
305,phase1,77,pair_078,5.083415,613.512357,623.370891,
306,phase1,77,pair_078,5.100061,613.529024,623.387537,
307,phase1,77,pair_078,5.116653,613.545596,623.404129,
308,phase1,77,pair_078,5.133733,613.562675,623.421209,
309,phase1,77,pair_078,5.150307,613.579251,623.437783,
310,phase1,77,pair_078,5.166741,613.595684,623.454217,
311,phase1,77,pair_078,5.183426,613.612369,623.470902,
312,phase1,77,pair_078,5.200052,613.628994,623.487528,
313,phase1,77,pair_078,5.217001,613.645943,623.504477,
314,phase1,77,pair_078,5.233383,613.662326,623.520859,
315,phase1,77,pair_078,5.250343,613.679285,623.537819,
316,phase1,77,pair_078,5.266704,613.695646,623.55418,
317,phase1,77,pair_078,5.283706,613.712649,623.571182,
318,phase1,77,pair_078,5.300031,613.728973,623.587507,
319,phase1,77,pair_078,5.316686,613.745628,623.604162,
320,phase1,77,pair_078,5.333641,613.762583,623.621117,
321,phase1,77,pair_078,5.350353,613.779296,623.637829,
322,phase1,77,pair_078,5.366739,613.795681,623.654215,
323,phase1,77,pair_078,5.383386,613.812328,623.670862,
324,phase1,77,pair_078,5.400048,613.82899,623.687524,
325,phase1,77,pair_078,5.416698,613.845641,623.704174,
326,phase1,77,pair_078,5.433655,613.862597,623.721131,
327,phase1,77,pair_078,5.450028,613.878971,623.737504,
328,phase1,77,pair_078,5.466699,613.895642,623.754175,
329,phase1,77,pair_078,5.483701,613.912643,623.771177,
330,phase1,77,pair_078,5.500008,613.928951,623.787484,
331,phase1,77,pair_078,5.516714,613.945656,623.80419,
332,phase1,77,pair_078,5.533423,613.962366,623.820899,
333,phase1,77,pair_078,5.549996,613.978938,623.837472,
334,phase1,77,pair_078,5.567009,613.995954,623.854485,
335,phase1,77,pair_078,5.583364,614.012306,623.87084,
336,phase1,77,pair_078,5.600039,614.028982,623.887515,
337,phase1,77,pair_078,5.616669,614.045611,623.904145,
338,phase1,77,pair_078,5.633672,614.062615,623.921148,
339,phase1,77,pair_078,5.650031,614.078973,623.937507,
340,phase1,77,pair_078,5.666717,614.095662,623.954193,
341,phase1,77,pair_078,5.683432,614.112374,623.970908,
342,phase1,77,pair_078,5.699972,614.128914,623.987448,
343,phase1,77,pair_078,5.716693,614.145635,624.004169,
344,phase1,77,pair_078,5.733411,614.162355,624.020887,
345,phase1,77,pair_078,5.750295,614.179237,624.037771,
346,phase1,77,pair_078,5.766687,614.19563,624.054163,
347,phase1,77,pair_078,5.783345,614.212287,624.070821,
348,phase1,77,pair_078,5.800021,614.228963,624.087497,
349,phase1,77,pair_078,5.816681,614.245623,624.104157,
350,phase1,77,pair_078,5.83368,614.262622,624.121156,
351,phase1,77,pair_078,5.85033,614.279273,624.137806,
352,phase1,77,pair_078,5.866664,614.295607,624.15414,
353,phase1,77,pair_078,5.883399,614.312341,624.170875,
354,phase1,77,pair_078,5.900017,614.328959,624.187493,
355,phase1,77,pair_078,-608.429203,614.546032,9.858273,response
0,phase2,77,pair_078,0.0,615.778948,625.637477,single_opt_onset_seq1_opt3_学生
1,phase2,77,pair_078,0.016605,615.795547,625.654081,
2,phase2,77,pair_078,0.033282,615.812224,625.670759,
3,phase2,77,pair_078,0.049994,615.828936,625.687471,
4,phase2,77,pair_078,0.066609,615.845551,625.704086,
5,phase2,77,pair_078,0.083287,615.862228,625.720764,
6,phase2,77,pair_078,0.099915,615.878857,625.737392,
7,phase2,77,pair_078,0.116619,615.89556,625.754096,
8,phase2,77,pair_078,0.133284,615.912225,625.770761,
9,phase2,77,pair_078,0.149945,615.928886,625.787422,
10,phase2,77,pair_078,0.166609,615.94555,625.804086,
11,phase2,77,pair_078,0.183331,615.962272,625.820808,
12,phase2,77,pair_078,0.199937,615.978878,625.837414,
13,phase2,77,pair_078,0.216668,615.995608,625.854144,
14,phase2,77,pair_078,0.233601,616.012542,625.871078,
15,phase2,77,pair_078,0.249952,616.028894,625.887429,
16,phase2,77,pair_078,0.266603,616.045544,625.90408,
17,phase2,77,pair_078,0.283323,616.062264,625.9208,
18,phase2,77,pair_078,0.299928,616.078869,625.937405,
19,phase2,77,pair_078,0.316639,616.09558,625.954116,
20,phase2,77,pair_078,0.333264,616.112206,625.970741,
21,phase2,77,pair_078,0.349893,616.128834,625.987369,
22,phase2,77,pair_078,0.366929,616.14587,626.004406,
23,phase2,77,pair_078,0.383296,616.162237,626.020773,
24,phase2,77,pair_078,0.399947,616.178888,626.037423,
25,phase2,77,pair_078,0.416665,616.195606,626.054142,
26,phase2,77,pair_078,0.433273,616.212214,626.07075,
27,phase2,77,pair_078,0.449934,616.228875,626.087411,
28,phase2,77,pair_078,0.466637,616.245578,626.104114,
29,phase2,77,pair_078,0.483267,616.262207,626.120743,
30,phase2,77,pair_078,0.50024,616.279181,626.137717,
31,phase2,77,pair_078,0.516588,616.295528,626.154064,
32,phase2,77,pair_078,0.533297,616.312238,626.170774,
33,phase2,77,pair_078,0.550177,616.329118,626.187654,
34,phase2,77,pair_078,0.566589,616.345532,626.204066,
35,phase2,77,pair_078,0.583255,616.362196,626.220732,
36,phase2,77,pair_078,0.600094,616.379034,626.23757,
37,phase2,77,pair_078,0.617045,616.395986,626.254522,
38,phase2,77,pair_078,0.633383,616.412324,626.27086,
39,phase2,77,pair_078,0.650063,616.429008,626.287539,
40,phase2,77,pair_078,0.666756,616.445697,626.304233,
41,phase2,77,pair_078,0.683379,616.46232,626.320856,
42,phase2,77,pair_078,0.699993,616.478934,626.33747,
43,phase2,77,pair_078,0.716741,616.495683,626.354218,
44,phase2,77,pair_078,0.733381,616.512324,626.370857,
45,phase2,77,pair_078,0.750061,616.529003,626.387537,
46,phase2,77,pair_078,0.766708,616.545649,626.404185,
47,phase2,77,pair_078,0.783373,616.562314,626.42085,
48,phase2,77,pair_078,0.800087,616.579028,626.437564,
49,phase2,77,pair_078,0.816688,616.595629,626.454164,
50,phase2,77,pair_078,0.833398,616.61234,626.470874,
51,phase2,77,pair_078,0.849993,616.628934,626.48747,
52,phase2,77,pair_078,0.866751,616.645692,626.504228,
53,phase2,77,pair_078,0.883389,616.66233,626.520866,
54,phase2,77,pair_078,0.900044,616.678985,626.537521,
55,phase2,77,pair_078,0.916729,616.695674,626.554205,
56,phase2,77,pair_078,0.933382,616.712323,626.570859,
57,phase2,77,pair_078,0.950008,616.728949,626.587485,
58,phase2,77,pair_078,0.967003,616.745944,626.60448,
59,phase2,77,pair_078,0.983336,616.762277,626.620813,
60,phase2,77,pair_078,1.000031,616.778975,626.637508,
61,phase2,77,pair_078,1.016695,616.795637,626.654171,
62,phase2,77,pair_078,1.033677,616.812619,626.671154,
63,phase2,77,pair_078,1.05005,616.828991,626.687526,
64,phase2,77,pair_078,1.0667,616.845644,626.704177,
65,phase2,77,pair_078,1.083402,616.862343,626.720879,
66,phase2,77,pair_078,1.100355,616.879296,626.737832,
67,phase2,77,pair_078,1.116724,616.895665,626.754201,
68,phase2,77,pair_078,1.133344,616.912291,626.770821,
69,phase2,77,pair_078,1.150054,616.928995,626.787531,
70,phase2,77,pair_078,1.167017,616.945958,626.804494,
71,phase2,77,pair_078,1.183378,616.962321,626.820855,
72,phase2,77,pair_078,1.200011,616.978952,626.837488,
73,phase2,77,pair_078,1.216747,616.995688,626.854224,
74,phase2,77,pair_078,1.233302,617.012243,626.870779,
75,phase2,77,pair_078,1.250334,617.029275,626.887811,
76,phase2,77,pair_078,1.266691,617.045632,626.904168,
77,phase2,77,pair_078,1.283399,617.062342,626.920876,
78,phase2,77,pair_078,1.300025,617.078967,626.937502,
79,phase2,77,pair_078,1.316988,617.095929,626.954465,
80,phase2,77,pair_078,1.333369,617.11231,626.970846,
81,phase2,77,pair_078,1.350013,617.128954,626.98749,
82,phase2,77,pair_078,1.366983,617.145924,627.00446,
83,phase2,77,pair_078,1.383637,617.162578,627.021114,
84,phase2,77,pair_078,1.400024,617.178965,627.037501,
85,phase2,77,pair_078,1.416727,617.195671,627.054204,
86,phase2,77,pair_078,1.433359,617.2123,627.070835,
87,phase2,77,pair_078,1.450322,617.229263,627.087799,
88,phase2,77,pair_078,1.466673,617.245614,627.10415,
89,phase2,77,pair_078,1.483369,617.26231,627.120846,
90,phase2,77,pair_078,1.50027,617.279211,627.137747,
0,phase2,77,pair_078,0.0,617.295939,627.154472,iti_onset_dur_1.277
1,phase2,77,pair_078,0.016339,617.312275,627.170811,
2,phase2,77,pair_078,0.033006,617.328942,627.187478,
3,phase2,77,pair_078,0.049709,617.345646,627.204181,
4,phase2,77,pair_078,0.066326,617.362262,627.220798,
5,phase2,77,pair_078,0.083023,617.378958,627.237495,
6,phase2,77,pair_078,0.099627,617.395563,627.254099,
7,phase2,77,pair_078,0.116346,617.412283,627.270818,
8,phase2,77,pair_078,0.133034,617.42897,627.287506,
9,phase2,77,pair_078,0.149969,617.445905,627.304441,
10,phase2,77,pair_078,0.16635,617.462286,627.320822,
11,phase2,77,pair_078,0.183009,617.478944,627.337481,
12,phase2,77,pair_078,0.199679,617.495614,627.354151,
13,phase2,77,pair_078,0.21664,617.512575,627.371112,
14,phase2,77,pair_078,0.233001,617.528937,627.387473,
15,phase2,77,pair_078,0.249674,617.545609,627.404146,
16,phase2,77,pair_078,0.266634,617.56257,627.421106,
17,phase2,77,pair_078,0.283299,617.579235,627.437771,
18,phase2,77,pair_078,0.299688,617.595624,627.45416,
19,phase2,77,pair_078,0.316344,617.612279,627.470816,
20,phase2,77,pair_078,0.333008,617.628945,627.48748,
21,phase2,77,pair_078,0.349652,617.645588,627.504123,
22,phase2,77,pair_078,0.366341,617.662277,627.520813,
23,phase2,77,pair_078,0.38303,617.67897,627.537502,
24,phase2,77,pair_078,0.399622,617.695558,627.554094,
25,phase2,77,pair_078,0.416329,617.712268,627.570801,
26,phase2,77,pair_078,0.433297,617.729233,627.587769,
27,phase2,77,pair_078,0.449678,617.745614,627.60415,
28,phase2,77,pair_078,0.466366,617.762302,627.620838,
29,phase2,77,pair_078,0.483004,617.77894,627.637476,
30,phase2,77,pair_078,0.499985,617.795921,627.654457,
31,phase2,77,pair_078,0.516324,617.81226,627.670796,
32,phase2,77,pair_078,0.533015,617.828952,627.687487,
33,phase2,77,pair_078,0.54965,617.845585,627.704122,
34,phase2,77,pair_078,0.566643,617.862579,627.721115,
35,phase2,77,pair_078,0.582987,617.878923,627.737459,
36,phase2,77,pair_078,0.599713,617.895649,627.754185,
37,phase2,77,pair_078,0.616269,617.912205,627.770741,
38,phase2,77,pair_078,0.633301,617.929237,627.787773,
39,phase2,77,pair_078,0.649655,617.945594,627.804127,
40,phase2,77,pair_078,0.666384,617.96232,627.820856,
41,phase2,77,pair_078,0.682975,617.978916,627.837447,
42,phase2,77,pair_078,0.699964,617.995899,627.854436,
43,phase2,77,pair_078,0.716316,618.012252,627.870788,
44,phase2,77,pair_078,0.733046,618.028982,627.887518,
45,phase2,77,pair_078,0.749678,618.045614,627.90415,
46,phase2,77,pair_078,0.76628,618.062215,627.920752,
47,phase2,77,pair_078,0.78328,618.07922,627.937752,
48,phase2,77,pair_078,0.79967,618.095606,627.954142,
49,phase2,77,pair_078,0.816341,618.112277,627.970813,
50,phase2,77,pair_078,0.83326,618.129196,627.987732,
51,phase2,77,pair_078,0.849931,618.145867,628.004403,
52,phase2,77,pair_078,0.866303,618.162238,628.020775,
53,phase2,77,pair_078,0.883004,618.17894,628.037476,
54,phase2,77,pair_078,0.899659,618.195595,628.054131,
55,phase2,77,pair_078,0.916612,618.212548,628.071084,
56,phase2,77,pair_078,0.932951,618.228887,628.087423,
57,phase2,77,pair_078,0.949681,618.245617,628.104153,
58,phase2,77,pair_078,0.966623,618.262558,628.121094,
59,phase2,77,pair_078,0.983285,618.27922,628.137757,
60,phase2,77,pair_078,0.999638,618.295574,628.15411,
61,phase2,77,pair_078,1.016359,618.312294,628.170831,
62,phase2,77,pair_078,1.032949,618.328885,628.187421,
63,phase2,77,pair_078,1.049949,618.345884,628.20442,
64,phase2,77,pair_078,1.066303,618.362238,628.220775,
65,phase2,77,pair_078,1.082996,618.378935,628.237468,
66,phase2,77,pair_078,1.099647,618.395582,628.254119,
67,phase2,77,pair_078,1.116599,618.412534,628.271071,
68,phase2,77,pair_078,1.132955,618.428891,628.287427,
69,phase2,77,pair_078,1.149661,618.445597,628.304133,
70,phase2,77,pair_078,1.166306,618.462242,628.320778,
71,phase2,77,pair_078,1.1833,618.479236,628.337772,
72,phase2,77,pair_078,1.199627,618.495562,628.354098,
73,phase2,77,pair_078,1.216335,618.51227,628.370807,
74,phase2,77,pair_078,1.232974,618.528911,628.387445,
75,phase2,77,pair_078,1.249645,618.545581,628.404117,
76,phase2,77,pair_078,1.266299,618.562234,628.420771,
0,phase2,77,pair_078,0.0,618.578955,628.437488,single_opt_onset_seq2_opt2_蛋
1,phase2,77,pair_078,0.016609,618.595561,628.454097,
2,phase2,77,pair_078,0.033276,618.612228,628.470764,
3,phase2,77,pair_078,0.049948,618.6289,628.487436,
4,phase2,77,pair_078,0.066594,618.645546,628.504081,
5,phase2,77,pair_078,0.083274,618.662226,628.520762,
6,phase2,77,pair_078,0.099927,618.678879,628.537415,
7,phase2,77,pair_078,0.116925,618.695876,628.554412,
8,phase2,77,pair_078,0.133287,618.712238,628.570774,
9,phase2,77,pair_078,0.15002,618.728972,628.587508,
10,phase2,77,pair_078,0.166591,618.745543,628.604079,
11,phase2,77,pair_078,0.183594,618.762551,628.621081,
12,phase2,77,pair_078,0.199927,618.778879,628.637415,
13,phase2,77,pair_078,0.216646,618.795598,628.654133,
14,phase2,77,pair_078,0.233296,618.812249,628.670784,
15,phase2,77,pair_078,0.25025,618.829202,628.687738,
16,phase2,77,pair_078,0.266611,618.845563,628.704099,
17,phase2,77,pair_078,0.283297,618.862249,628.720785,
18,phase2,77,pair_078,0.299927,618.878879,628.737415,
19,phase2,77,pair_078,0.316578,618.89553,628.754065,
20,phase2,77,pair_078,0.333243,618.912195,628.770731,
21,phase2,77,pair_078,0.349954,618.928906,628.787442,
22,phase2,77,pair_078,0.366582,618.945534,628.80407,
23,phase2,77,pair_078,0.383278,618.96223,628.820766,
24,phase2,77,pair_078,0.40023,618.979182,628.837718,
25,phase2,77,pair_078,0.416651,618.995603,628.854139,
26,phase2,77,pair_078,0.433272,619.012224,628.87076,
27,phase2,77,pair_078,0.449952,619.028904,628.88744,
28,phase2,77,pair_078,0.466909,619.045861,628.904397,
29,phase2,77,pair_078,0.48327,619.062223,628.920758,
30,phase2,77,pair_078,0.499965,619.078921,628.937453,
31,phase2,77,pair_078,0.51658,619.095532,628.954068,
32,phase2,77,pair_078,0.533563,619.112515,628.971051,
33,phase2,77,pair_078,0.549942,619.128894,628.98743,
34,phase2,77,pair_078,0.566602,619.145553,629.004089,
35,phase2,77,pair_078,0.583267,619.162219,629.020755,
36,phase2,77,pair_078,0.600241,619.179193,629.037729,
37,phase2,77,pair_078,0.616644,619.195597,629.054132,
38,phase2,77,pair_078,0.63327,619.212222,629.070757,
39,phase2,77,pair_078,0.650008,619.228959,629.087495,
40,phase2,77,pair_078,0.666907,619.245859,629.104395,
41,phase2,77,pair_078,0.683277,619.26223,629.120765,
42,phase2,77,pair_078,0.699958,619.27891,629.137446,
43,phase2,77,pair_078,0.716584,619.295536,629.154072,
44,phase2,77,pair_078,0.733244,619.312197,629.170732,
45,phase2,77,pair_078,0.749875,619.328827,629.187363,
46,phase2,77,pair_078,0.766633,619.345585,629.204121,
47,phase2,77,pair_078,0.783254,619.362206,629.220741,
48,phase2,77,pair_078,0.79991,619.378862,629.237398,
49,phase2,77,pair_078,0.816596,619.395548,629.254084,
50,phase2,77,pair_078,0.833271,619.412223,629.270759,
51,phase2,77,pair_078,0.849928,619.42888,629.287416,
52,phase2,77,pair_078,0.866582,619.445534,629.30407,
53,phase2,77,pair_078,0.883258,619.46221,629.320746,
54,phase2,77,pair_078,0.899982,619.478934,629.33747,
55,phase2,77,pair_078,0.916631,619.495583,629.354119,
56,phase2,77,pair_078,0.933239,619.512191,629.370726,
57,phase2,77,pair_078,0.950234,619.529185,629.387722,
58,phase2,77,pair_078,0.966607,619.545559,629.404095,
59,phase2,77,pair_078,0.983265,619.562217,629.420753,
60,phase2,77,pair_078,1.000182,619.579134,629.43767,
61,phase2,77,pair_078,1.016898,619.595849,629.454385,
62,phase2,77,pair_078,1.033265,619.612217,629.470753,
63,phase2,77,pair_078,1.049914,619.628866,629.487402,
64,phase2,77,pair_078,1.06653,619.645481,629.504017,
65,phase2,77,pair_078,1.083543,619.662495,629.52103,
66,phase2,77,pair_078,1.099943,619.678894,629.53743,
67,phase2,77,pair_078,1.116612,619.695563,629.554099,
68,phase2,77,pair_078,1.133259,619.712211,629.570747,
69,phase2,77,pair_078,1.150238,619.72919,629.587726,
70,phase2,77,pair_078,1.166589,619.745541,629.604077,
71,phase2,77,pair_078,1.183275,619.762227,629.620762,
72,phase2,77,pair_078,1.1999,619.778851,629.637387,
73,phase2,77,pair_078,1.216578,619.79553,629.654066,
74,phase2,77,pair_078,1.233257,619.812209,629.670745,
75,phase2,77,pair_078,1.249922,619.828874,629.687409,
76,phase2,77,pair_078,1.266576,619.845528,629.704064,
77,phase2,77,pair_078,1.283564,619.862516,629.721052,
78,phase2,77,pair_078,1.299912,619.878864,629.7374,
79,phase2,77,pair_078,1.31654,619.895492,629.754028,
80,phase2,77,pair_078,1.333281,619.912233,629.770769,
81,phase2,77,pair_078,1.349911,619.928863,629.787399,
82,phase2,77,pair_078,1.366589,619.94554,629.804077,
83,phase2,77,pair_078,1.383513,619.962465,629.821001,
84,phase2,77,pair_078,1.399904,619.978855,629.837391,
85,phase2,77,pair_078,1.416562,619.995514,629.85405,
86,phase2,77,pair_078,1.433546,620.012498,629.871034,
87,phase2,77,pair_078,1.449868,620.028819,629.887355,
88,phase2,77,pair_078,1.466547,620.045499,629.904035,
89,phase2,77,pair_078,1.483211,620.062163,629.920699,
90,phase2,77,pair_078,1.500215,620.079167,629.937703,
0,phase2,77,pair_078,0.0,620.095512,629.954046,iti_onset_dur_1.800
1,phase2,77,pair_078,0.016677,620.112187,629.970723,
2,phase2,77,pair_078,0.033334,620.128844,629.98738,
3,phase2,77,pair_078,0.050335,620.145845,630.004381,
4,phase2,77,pair_078,0.066685,620.162195,630.020731,
5,phase2,77,pair_078,0.083332,620.178842,630.037378,
6,phase2,77,pair_078,0.100009,620.195518,630.054055,
7,phase2,77,pair_078,0.116618,620.212128,630.070664,
8,phase2,77,pair_078,0.133346,620.228856,630.087392,
9,phase2,77,pair_078,0.149997,620.245507,630.104043,
10,phase2,77,pair_078,0.166691,620.2622,630.120737,
11,phase2,77,pair_078,0.183319,620.278828,630.137365,
12,phase2,77,pair_078,0.200003,620.295513,630.154049,
13,phase2,77,pair_078,0.217099,620.312609,630.171145,
14,phase2,77,pair_078,0.233405,620.328914,630.187451,
15,phase2,77,pair_078,0.250149,620.345658,630.204195,
16,phase2,77,pair_078,0.266777,620.362286,630.220823,
17,phase2,77,pair_078,0.283413,620.378923,630.237459,
18,phase2,77,pair_078,0.300419,620.395928,630.254465,
19,phase2,77,pair_078,0.316771,620.412281,630.270817,
20,phase2,77,pair_078,0.333446,620.428956,630.287492,
21,phase2,77,pair_078,0.350152,620.445662,630.304198,
22,phase2,77,pair_078,0.366759,620.462269,630.320805,
23,phase2,77,pair_078,0.383392,620.478902,630.337438,
24,phase2,77,pair_078,0.400112,620.495622,630.354158,
25,phase2,77,pair_078,0.416812,620.512324,630.370858,
26,phase2,77,pair_078,0.433421,620.528931,630.387467,
27,phase2,77,pair_078,0.450105,620.545615,630.404151,
28,phase2,77,pair_078,0.466751,620.56226,630.420797,
29,phase2,77,pair_078,0.483789,620.579302,630.437835,
30,phase2,77,pair_078,0.500448,620.595957,630.454494,
31,phase2,77,pair_078,0.517057,620.612566,630.471103,
32,phase2,77,pair_078,0.533415,620.628924,630.487461,
33,phase2,77,pair_078,0.550149,620.64566,630.504195,
34,phase2,77,pair_078,0.567074,620.662584,630.52112,
35,phase2,77,pair_078,0.58345,620.67896,630.537496,
36,phase2,77,pair_078,0.600096,620.695605,630.554142,
37,phase2,77,pair_078,0.616746,620.712256,630.570792,
38,phase2,77,pair_078,0.633432,620.728942,630.587478,
39,phase2,77,pair_078,0.650072,620.745581,630.604118,
40,phase2,77,pair_078,0.66679,620.762301,630.620836,
41,phase2,77,pair_078,0.683429,620.778943,630.637475,
42,phase2,77,pair_078,0.700122,620.795638,630.654168,
43,phase2,77,pair_078,0.717079,620.812589,630.671125,
44,phase2,77,pair_078,0.733415,620.828924,630.687461,
45,phase2,77,pair_078,0.750144,620.845654,630.70419,
46,phase2,77,pair_078,0.766806,620.862316,630.720852,
47,phase2,77,pair_078,0.783745,620.879254,630.737791,
48,phase2,77,pair_078,0.800098,620.895608,630.754144,
49,phase2,77,pair_078,0.81676,620.912273,630.770806,
50,phase2,77,pair_078,0.833397,620.928909,630.787443,
51,phase2,77,pair_078,0.850086,620.945596,630.804132,
52,phase2,77,pair_078,0.866755,620.962264,630.820801,
53,phase2,77,pair_078,0.883397,620.978907,630.837443,
54,phase2,77,pair_078,0.900128,620.995638,630.854174,
55,phase2,77,pair_078,0.91674,621.01225,630.870786,
56,phase2,77,pair_078,0.93346,621.028974,630.887506,
57,phase2,77,pair_078,0.950086,621.045595,630.904132,
58,phase2,77,pair_078,0.966794,621.062307,630.92084,
59,phase2,77,pair_078,0.983453,621.078962,630.937499,
60,phase2,77,pair_078,1.000118,621.095824,630.954164,
61,phase2,77,pair_078,1.016734,621.112243,630.97078,
62,phase2,77,pair_078,1.033433,621.128943,630.987479,
63,phase2,77,pair_078,1.050388,621.145898,631.004434,
64,phase2,77,pair_078,1.06707,621.162581,631.021116,
65,phase2,77,pair_078,1.083398,621.178908,631.037444,
66,phase2,77,pair_078,1.100102,621.195612,631.054148,
67,phase2,77,pair_078,1.116698,621.212207,631.070744,
68,phase2,77,pair_078,1.133736,621.229245,631.087782,
69,phase2,77,pair_078,1.150059,621.245569,631.104105,
70,phase2,77,pair_078,1.166731,621.262241,631.120777,
71,phase2,77,pair_078,1.183672,621.279181,631.137718,
72,phase2,77,pair_078,1.200053,621.295562,631.154099,
73,phase2,77,pair_078,1.216737,621.312247,631.170783,
74,phase2,77,pair_078,1.233418,621.328931,631.187464,
75,phase2,77,pair_078,1.250146,621.345656,631.204192,
76,phase2,77,pair_078,1.266727,621.362237,631.220773,
77,phase2,77,pair_078,1.283401,621.378911,631.237447,
78,phase2,77,pair_078,1.300075,621.395584,631.254121,
79,phase2,77,pair_078,1.316768,621.412277,631.270814,
80,phase2,77,pair_078,1.333362,621.428871,631.287408,
81,phase2,77,pair_078,1.350373,621.445883,631.304419,
82,phase2,77,pair_078,1.366763,621.462273,631.320809,
83,phase2,77,pair_078,1.383435,621.478944,631.337481,
84,phase2,77,pair_078,1.400076,621.495586,631.354122,
85,phase2,77,pair_078,1.416695,621.512205,631.370741,
86,phase2,77,pair_078,1.433405,621.528914,631.387451,
87,phase2,77,pair_078,1.450065,621.545581,631.404111,
88,phase2,77,pair_078,1.466738,621.562248,631.420784,
89,phase2,77,pair_078,1.48338,621.578889,631.437426,
90,phase2,77,pair_078,1.500046,621.595555,631.454092,
91,phase2,77,pair_078,1.516761,621.612271,631.470807,
92,phase2,77,pair_078,1.533664,621.629174,631.48771,
93,phase2,77,pair_078,1.550384,621.645893,631.50443,
94,phase2,77,pair_078,1.56674,621.66225,631.520786,
95,phase2,77,pair_078,1.583404,621.678923,631.53745,
96,phase2,77,pair_078,1.600002,621.695511,631.554048,
97,phase2,77,pair_078,1.617052,621.712561,631.571098,
98,phase2,77,pair_078,1.633423,621.728936,631.587469,
99,phase2,77,pair_078,1.650041,621.745551,631.604087,
100,phase2,77,pair_078,1.666794,621.762304,631.62084,
101,phase2,77,pair_078,1.683396,621.778906,631.637442,
102,phase2,77,pair_078,1.70037,621.79588,631.654416,
103,phase2,77,pair_078,1.716706,621.812215,631.670752,
104,phase2,77,pair_078,1.733421,621.828931,631.687467,
105,phase2,77,pair_078,1.750054,621.845565,631.7041,
106,phase2,77,pair_078,1.766694,621.862203,631.72074,
107,phase2,77,pair_078,1.783387,621.878898,631.737433,
108,phase2,77,pair_078,1.80002,621.89553,631.754066,
0,phase2,77,pair_078,0.0,621.912233,631.770765,single_opt_onset_seq3_opt1_中子
1,phase2,77,pair_078,0.016974,621.929204,631.78774,
2,phase2,77,pair_078,0.033347,621.945579,631.804112,
3,phase2,77,pair_078,0.049984,621.962214,631.820749,
4,phase2,77,pair_078,0.066672,621.978902,631.837437,
5,phase2,77,pair_078,0.083625,621.995855,631.85439,
6,phase2,77,pair_078,0.099992,622.012223,631.870757,
7,phase2,77,pair_078,0.116713,622.028943,631.887479,
8,phase2,77,pair_078,0.133385,622.045615,631.90415,
9,phase2,77,pair_078,0.150334,622.062564,631.921099,
10,phase2,77,pair_078,0.166658,622.078887,631.937423,
11,phase2,77,pair_078,0.183338,622.095567,631.954103,
12,phase2,77,pair_078,0.200023,622.112252,631.970788,
13,phase2,77,pair_078,0.216979,622.129209,631.987744,
14,phase2,77,pair_078,0.233621,622.14585,632.004386,
15,phase2,77,pair_078,0.25,622.162229,632.020765,
16,phase2,77,pair_078,0.266684,622.178913,632.037449,
17,phase2,77,pair_078,0.28332,622.19555,632.054085,
18,phase2,77,pair_078,0.299965,622.212194,632.07073,
19,phase2,77,pair_078,0.31666,622.228889,632.087425,
20,phase2,77,pair_078,0.333261,622.245493,632.104026,
21,phase2,77,pair_078,0.349984,622.262216,632.120749,
22,phase2,77,pair_078,0.366664,622.278894,632.137429,
23,phase2,77,pair_078,0.383299,622.295529,632.154065,
24,phase2,77,pair_078,0.400006,622.312235,632.170771,
25,phase2,77,pair_078,0.416649,622.328878,632.187414,
26,phase2,77,pair_078,0.433658,622.345888,632.204423,
27,phase2,77,pair_078,0.449942,622.362172,632.220707,
28,phase2,77,pair_078,0.466704,622.378937,632.237469,
29,phase2,77,pair_078,0.483328,622.395558,632.254094,
30,phase2,77,pair_078,0.500308,622.412537,632.271073,
31,phase2,77,pair_078,0.516657,622.428886,632.287422,
32,phase2,77,pair_078,0.533308,622.445538,632.304073,
33,phase2,77,pair_078,0.550279,622.462508,632.321044,
34,phase2,77,pair_078,0.566957,622.479186,632.337722,
35,phase2,77,pair_078,0.583347,622.495579,632.354112,
36,phase2,77,pair_078,0.600251,622.51248,632.371016,
37,phase2,77,pair_078,0.616622,622.528851,632.387387,
38,phase2,77,pair_078,0.633302,622.545531,632.404067,
39,phase2,77,pair_078,0.65028,622.562509,632.421045,
40,phase2,77,pair_078,0.66664,622.578869,632.437405,
41,phase2,77,pair_078,0.683312,622.595541,632.454077,
42,phase2,77,pair_078,0.699961,622.612191,632.470727,
43,phase2,77,pair_078,0.71695,622.629179,632.487715,
44,phase2,77,pair_078,0.733334,622.645563,632.504099,
45,phase2,77,pair_078,0.750017,622.662246,632.520783,
46,phase2,77,pair_078,0.766622,622.678851,632.537387,
47,phase2,77,pair_078,0.783613,622.695842,632.554378,
48,phase2,77,pair_078,0.799941,622.71217,632.570706,
49,phase2,77,pair_078,0.816638,622.728868,632.587403,
50,phase2,77,pair_078,0.833295,622.745526,632.60406,
51,phase2,77,pair_078,0.84996,622.76219,632.620725,
52,phase2,77,pair_078,0.866632,622.778862,632.637398,
53,phase2,77,pair_078,0.883566,622.795795,632.654331,
54,phase2,77,pair_078,0.900241,622.812471,632.671006,
55,phase2,77,pair_078,0.916581,622.82881,632.687346,
56,phase2,77,pair_078,0.933302,622.845531,632.704067,
57,phase2,77,pair_078,0.950012,622.862241,632.720777,
58,phase2,77,pair_078,0.96691,622.879139,632.737675,
59,phase2,77,pair_078,0.983594,622.895824,632.75436,
60,phase2,77,pair_078,1.000261,622.912491,632.771027,
61,phase2,77,pair_078,1.016693,622.928922,632.787458,
62,phase2,77,pair_078,1.033323,622.945552,632.804088,
63,phase2,77,pair_078,1.049963,622.962193,632.820728,
64,phase2,77,pair_078,1.066913,622.979142,632.837678,
65,phase2,77,pair_078,1.08335,622.99558,632.854115,
66,phase2,77,pair_078,1.10002,623.012249,632.870785,
67,phase2,77,pair_078,1.116927,623.029157,632.887693,
68,phase2,77,pair_078,1.133272,623.045502,632.904038,
69,phase2,77,pair_078,1.149929,623.062158,632.920694,
70,phase2,77,pair_078,1.166588,623.078817,632.937353,
71,phase2,77,pair_078,1.183607,623.095836,632.954372,
72,phase2,77,pair_078,1.200261,623.11249,632.971026,
73,phase2,77,pair_078,1.216629,623.128858,632.987394,
74,phase2,77,pair_078,1.233358,623.145588,633.004124,
75,phase2,77,pair_078,1.249959,623.162188,633.020724,
76,phase2,77,pair_078,1.266931,623.17916,633.037696,
77,phase2,77,pair_078,1.283296,623.195525,633.054061,
78,phase2,77,pair_078,1.299918,623.212147,633.070683,
79,phase2,77,pair_078,1.316634,623.228863,633.087399,
80,phase2,77,pair_078,1.333608,623.245837,633.104373,
81,phase2,77,pair_078,1.349959,623.262188,633.120724,
82,phase2,77,pair_078,1.366642,623.278871,633.137407,
83,phase2,77,pair_078,1.383277,623.295506,633.154042,
84,phase2,77,pair_078,1.400281,623.31251,633.171046,
85,phase2,77,pair_078,1.416602,623.328831,633.187367,
86,phase2,77,pair_078,1.433351,623.34558,633.204116,
87,phase2,77,pair_078,1.44994,623.362169,633.220705,
88,phase2,77,pair_078,1.466628,623.378857,633.237393,
89,phase2,77,pair_078,1.483271,623.3955,633.254036,
90,phase2,77,pair_078,1.500012,623.412241,633.270777,
0,phase2,77,pair_078,0.0,623.428837,633.28737,iti_onset_dur_0.797
1,phase2,77,pair_078,0.016672,623.445505,633.304042,
2,phase2,77,pair_078,0.033337,623.462171,633.320707,
3,phase2,77,pair_078,0.050033,623.478866,633.337403,
4,phase2,77,pair_078,0.066685,623.495519,633.354055,
5,phase2,77,pair_078,0.08333,623.512163,633.3707,
6,phase2,77,pair_078,0.100296,623.529129,633.387666,
7,phase2,77,pair_078,0.116682,623.545516,633.404052,
8,phase2,77,pair_078,0.133397,623.56223,633.420767,
9,phase2,77,pair_078,0.150008,623.578841,633.437378,
10,phase2,77,pair_078,0.166653,623.595486,633.454023,
11,phase2,77,pair_078,0.183345,623.612178,633.470715,
12,phase2,77,pair_078,0.200059,623.628893,633.487429,
13,phase2,77,pair_078,0.216727,623.64556,633.504097,
14,phase2,77,pair_078,0.233648,623.662482,633.521018,
15,phase2,77,pair_078,0.250023,623.678856,633.537393,
16,phase2,77,pair_078,0.266664,623.695498,633.554034,
17,phase2,77,pair_078,0.283329,623.712162,633.570699,
18,phase2,77,pair_078,0.300333,623.729166,633.587703,
19,phase2,77,pair_078,0.316628,623.745462,633.603998,
20,phase2,77,pair_078,0.333348,623.762182,633.620718,
21,phase2,77,pair_078,0.349949,623.778782,633.637319,
22,phase2,77,pair_078,0.366983,623.795817,633.654353,
23,phase2,77,pair_078,0.383315,623.812149,633.670685,
24,phase2,77,pair_078,0.400011,623.828845,633.687381,
25,phase2,77,pair_078,0.416669,623.845503,633.704039,
26,phase2,77,pair_078,0.433312,623.862146,633.720682,
27,phase2,77,pair_078,0.449991,623.878825,633.737361,
28,phase2,77,pair_078,0.466688,623.895521,633.754058,
29,phase2,77,pair_078,0.483315,623.912149,633.770685,
30,phase2,77,pair_078,0.499994,623.928828,633.787364,
31,phase2,77,pair_078,0.516652,623.945486,633.804022,
32,phase2,77,pair_078,0.533356,623.96219,633.820726,
33,phase2,77,pair_078,0.550003,623.978837,633.837373,
34,phase2,77,pair_078,0.566969,623.995802,633.854339,
35,phase2,77,pair_078,0.583298,624.012132,633.870668,
36,phase2,77,pair_078,0.599977,624.02881,633.887347,
37,phase2,77,pair_078,0.616697,624.045531,633.904067,
38,phase2,77,pair_078,0.633314,624.062148,633.920684,
39,phase2,77,pair_078,0.64997,624.078803,633.93734,
40,phase2,77,pair_078,0.666656,624.09549,633.954026,
41,phase2,77,pair_078,0.683293,624.112127,633.970663,
42,phase2,77,pair_078,0.699948,624.128782,633.987318,
43,phase2,77,pair_078,0.716622,624.145456,634.003992,
44,phase2,77,pair_078,0.733305,624.162138,634.020675,
45,phase2,77,pair_078,0.749974,624.178809,634.037344,
46,phase2,77,pair_078,0.766609,624.195442,634.053979,
47,phase2,77,pair_078,0.783262,624.212095,634.070632,
0,phase2,77,pair_078,0.0,624.228769,634.087301,single_opt_onset_seq4_opt4_种子
1,phase2,77,pair_078,0.016861,624.245644,634.104162,
2,phase2,77,pair_078,0.033471,624.262237,634.120773,
3,phase2,77,pair_078,0.050148,624.278916,634.137449,
4,phase2,77,pair_078,0.066815,624.29558,634.154116,
5,phase2,77,pair_078,0.083498,624.312264,634.1708,
6,phase2,77,pair_078,0.100477,624.329242,634.187778,
7,phase2,77,pair_078,0.11682,624.345585,634.204121,
8,phase2,77,pair_078,0.133489,624.362254,634.22079,
9,phase2,77,pair_078,0.150126,624.378891,634.237427,
10,phase2,77,pair_078,0.16681,624.395576,634.254111,
11,phase2,77,pair_078,0.183453,624.412219,634.270755,
12,phase2,77,pair_078,0.200143,624.428909,634.287445,
13,phase2,77,pair_078,0.21686,624.445625,634.304161,
14,phase2,77,pair_078,0.233822,624.462588,634.321124,
15,phase2,77,pair_078,0.250166,624.478933,634.337468,
16,phase2,77,pair_078,0.266815,624.495581,634.354117,
17,phase2,77,pair_078,0.283544,624.51231,634.370846,
18,phase2,77,pair_078,0.300099,624.528864,634.3874,
19,phase2,77,pair_078,0.31712,624.545886,634.404422,
20,phase2,77,pair_078,0.333487,624.562252,634.420788,
21,phase2,77,pair_078,0.350163,624.578928,634.437464,
22,phase2,77,pair_078,0.366809,624.595575,634.454111,
23,phase2,77,pair_078,0.38379,624.612555,634.471091,
24,phase2,77,pair_078,0.400117,624.628883,634.487419,
25,phase2,77,pair_078,0.416836,624.645601,634.504138,
26,phase2,77,pair_078,0.433502,624.662268,634.520804,
27,phase2,77,pair_078,0.450458,624.679224,634.53776,
28,phase2,77,pair_078,0.466842,624.695607,634.554143,
29,phase2,77,pair_078,0.483522,624.712288,634.570823,
30,phase2,77,pair_078,0.500137,624.728902,634.587438,
31,phase2,77,pair_078,0.517151,624.745916,634.604452,
32,phase2,77,pair_078,0.533473,624.762238,634.620774,
33,phase2,77,pair_078,0.550154,624.77892,634.637456,
34,phase2,77,pair_078,0.567046,624.795811,634.654347,
35,phase2,77,pair_078,0.583794,624.812563,634.671096,
36,phase2,77,pair_078,0.600163,624.828929,634.687465,
37,phase2,77,pair_078,0.616816,624.845581,634.704117,
38,phase2,77,pair_078,0.633537,624.862304,634.720839,
39,phase2,77,pair_078,0.650114,624.878879,634.737415,
40,phase2,77,pair_078,0.666837,624.895606,634.754139,
41,phase2,77,pair_078,0.683451,624.912216,634.770752,
42,phase2,77,pair_078,0.700146,624.928925,634.787447,
43,phase2,77,pair_078,0.716807,624.945573,634.804109,
44,phase2,77,pair_078,0.733792,624.962587,634.821093,
45,phase2,77,pair_078,0.750241,624.979025,634.837543,
46,phase2,77,pair_078,0.811654,625.040443,634.898955,
47,phase2,77,pair_078,0.83362,625.0624,634.920921,
48,phase2,77,pair_078,0.867781,625.096565,634.955082,
49,phase2,77,pair_078,0.883515,625.112296,634.970817,
50,phase2,77,pair_078,0.900153,625.128928,634.987454,
51,phase2,77,pair_078,0.91718,625.145951,635.004482,
52,phase2,77,pair_078,0.93346,625.162229,635.020761,
53,phase2,77,pair_078,0.950136,625.178907,635.037437,
54,phase2,77,pair_078,0.966788,625.195556,635.05409,
55,phase2,77,pair_078,0.983422,625.21219,635.070724,
56,phase2,77,pair_078,1.000088,625.228857,635.08739,
57,phase2,77,pair_078,1.016801,625.24557,635.104103,
58,phase2,77,pair_078,1.033429,625.262197,635.120731,
59,phase2,77,pair_078,1.050122,625.278892,635.137423,
60,phase2,77,pair_078,1.067468,625.296237,635.154769,
61,phase2,77,pair_078,1.083471,625.312237,635.170772,
62,phase2,77,pair_078,1.10014,625.328906,635.187442,
63,phase2,77,pair_078,1.116812,625.345585,635.204113,
64,phase2,77,pair_078,1.133776,625.362543,635.221078,
65,phase2,77,pair_078,1.150066,625.378832,635.237368,
66,phase2,77,pair_078,1.166749,625.395515,635.25405,
67,phase2,77,pair_078,1.18346,625.412226,635.270762,
68,phase2,77,pair_078,1.200133,625.428901,635.287434,
69,phase2,77,pair_078,1.217075,625.445841,635.304377,
70,phase2,77,pair_078,1.233432,625.462197,635.320733,
71,phase2,77,pair_078,1.250106,625.478872,635.337407,
72,phase2,77,pair_078,1.267077,625.495844,635.354379,
73,phase2,77,pair_078,1.283462,625.512231,635.370764,
74,phase2,77,pair_078,1.300107,625.528874,635.387409,
75,phase2,77,pair_078,1.31682,625.545598,635.404121,
76,phase2,77,pair_078,1.333774,625.56254,635.421075,
77,phase2,77,pair_078,1.350419,625.579185,635.43772,
78,phase2,77,pair_078,1.366781,625.595547,635.454082,
79,phase2,77,pair_078,1.383474,625.612239,635.470775,
80,phase2,77,pair_078,1.400121,625.628888,635.487423,
81,phase2,77,pair_078,1.417098,625.645864,635.5044,
82,phase2,77,pair_078,1.433442,625.662208,635.520743,
83,phase2,77,pair_078,1.450134,625.6789,635.537436,
84,phase2,77,pair_078,1.466819,625.695585,635.554121,
85,phase2,77,pair_078,1.48339,625.712155,635.570691,
86,phase2,77,pair_078,1.500121,625.728887,635.587422,
0,phase2,77,pair_078,0.0,625.745518,635.60405,iti_onset_dur_1.381
1,phase2,77,pair_078,0.016677,625.762191,635.620727,
2,phase2,77,pair_078,0.033364,625.778878,635.637414,
3,phase2,77,pair_078,0.050333,625.795847,635.654383,
4,phase2,77,pair_078,0.06672,625.812234,635.67077,
5,phase2,77,pair_078,0.083338,625.828855,635.687388,
6,phase2,77,pair_078,0.1,625.845514,635.70405,
7,phase2,77,pair_078,0.116712,625.862226,635.720762,
8,phase2,77,pair_078,0.133289,625.878802,635.737338,
9,phase2,77,pair_078,0.149992,625.895509,635.754042,
10,phase2,77,pair_078,0.166702,625.912219,635.770751,
11,phase2,77,pair_078,0.183388,625.928924,635.787438,
12,phase2,77,pair_078,0.200018,625.945545,635.804068,
13,phase2,77,pair_078,0.216698,625.962214,635.820747,
14,phase2,77,pair_078,0.233339,625.978855,635.837389,
15,phase2,77,pair_078,0.25036,625.99588,635.85441,
16,phase2,77,pair_078,0.266661,626.012183,635.870711,
17,phase2,77,pair_078,0.283403,626.028918,635.887452,
18,phase2,77,pair_078,0.300077,626.045591,635.904127,
19,phase2,77,pair_078,0.317012,626.062526,635.921062,
20,phase2,77,pair_078,0.33335,626.078864,635.9374,
21,phase2,77,pair_078,0.350033,626.095547,635.954083,
22,phase2,77,pair_078,0.366678,626.112191,635.970728,
23,phase2,77,pair_078,0.383349,626.128875,635.987398,
24,phase2,77,pair_078,0.400012,626.145535,636.004061,
25,phase2,77,pair_078,0.416656,626.162171,636.020706,
26,phase2,77,pair_078,0.43338,626.178894,636.03743,
27,phase2,77,pair_078,0.44999,626.195507,636.05404,
28,phase2,77,pair_078,0.466631,626.212145,636.070681,
29,phase2,77,pair_078,0.483354,626.228868,636.087404,
30,phase2,77,pair_078,0.499982,626.245496,636.104032,
31,phase2,77,pair_078,0.51666,626.262174,636.120709,
32,phase2,77,pair_078,0.533659,626.279173,636.137709,
33,phase2,77,pair_078,0.550014,626.295528,636.154064,
34,phase2,77,pair_078,0.56689,626.312409,636.17094,
35,phase2,77,pair_078,0.583339,626.328853,636.187388,
36,phase2,77,pair_078,0.60032,626.345834,636.20437,
37,phase2,77,pair_078,0.616674,626.362188,636.220724,
38,phase2,77,pair_078,0.63339,626.378904,636.23744,
39,phase2,77,pair_078,0.650313,626.395827,636.254363,
40,phase2,77,pair_078,0.666989,626.412503,636.271039,
41,phase2,77,pair_078,0.683322,626.428838,636.287371,
42,phase2,77,pair_078,0.699979,626.445502,636.304029,
43,phase2,77,pair_078,0.71665,626.462168,636.3207,
44,phase2,77,pair_078,0.733659,626.479173,636.337709,
45,phase2,77,pair_078,0.75003,626.495544,636.35408,
46,phase2,77,pair_078,0.766704,626.512218,636.370754,
47,phase2,77,pair_078,0.78333,626.528848,636.387379,
48,phase2,77,pair_078,0.799956,626.545469,636.404006,
49,phase2,77,pair_078,0.816963,626.562476,636.421013,
50,phase2,77,pair_078,0.833365,626.578882,636.437415,
51,phase2,77,pair_078,0.850021,626.595534,636.45407,
52,phase2,77,pair_078,0.866659,626.612172,636.470708,
53,phase2,77,pair_078,0.883581,626.629095,636.487631,
54,phase2,77,pair_078,0.90008,626.645594,636.50413,
55,phase2,77,pair_078,0.916691,626.662205,636.520741,
56,phase2,77,pair_078,0.93363,626.679143,636.53768,
57,phase2,77,pair_078,0.950294,626.695807,636.554344,
58,phase2,77,pair_078,0.966681,626.712194,636.570731,
59,phase2,77,pair_078,0.983338,626.728851,636.587388,
60,phase2,77,pair_078,1.000003,626.745516,636.604053,
61,phase2,77,pair_078,1.016978,626.762492,636.621028,
62,phase2,77,pair_078,1.033298,626.778812,636.637348,
63,phase2,77,pair_078,1.050002,626.795518,636.654052,
64,phase2,77,pair_078,1.066711,626.812224,636.670761,
65,phase2,77,pair_078,1.083313,626.828827,636.687363,
66,phase2,77,pair_078,1.099964,626.845478,636.704014,
67,phase2,77,pair_078,1.116623,626.862136,636.720672,
68,phase2,77,pair_078,1.133309,626.878823,636.737359,
69,phase2,77,pair_078,1.149972,626.895485,636.754022,
70,phase2,77,pair_078,1.166953,626.912466,636.771003,
71,phase2,77,pair_078,1.183347,626.928861,636.787397,
72,phase2,77,pair_078,1.199968,626.945481,636.804018,
73,phase2,77,pair_078,1.216629,626.962143,636.820679,
74,phase2,77,pair_078,1.233316,626.978836,636.837366,
75,phase2,77,pair_078,1.249995,626.995509,636.854045,
76,phase2,77,pair_078,1.266625,627.012138,636.870675,
77,phase2,77,pair_078,1.28329,627.028804,636.88734,
78,phase2,77,pair_078,1.299981,627.045495,636.904031,
79,phase2,77,pair_078,1.316918,627.062432,636.920968,
80,phase2,77,pair_078,1.333328,627.078842,636.937378,
81,phase2,77,pair_078,1.350302,627.095816,636.954351,
82,phase2,77,pair_078,1.36662,627.112134,636.97067,
0,phase2,77,pair_078,0.0,627.978762,637.83729,final_choice_onset
1,phase2,77,pair_078,0.016742,627.995499,637.854032,
2,phase2,77,pair_078,0.033709,628.012467,637.870999,
3,phase2,77,pair_078,0.05006,628.028817,637.88735,
4,phase2,77,pair_078,0.066722,628.045479,637.904011,
5,phase2,77,pair_078,0.083653,628.06241,637.920942,
6,phase2,77,pair_078,0.100368,628.079125,637.937658,
7,phase2,77,pair_078,0.116712,628.095469,637.954002,
8,phase2,77,pair_078,0.133393,628.11215,637.970683,
9,phase2,77,pair_078,0.150028,628.128785,637.987318,
10,phase2,77,pair_078,0.166724,628.145481,638.004014,
11,phase2,77,pair_078,0.183414,628.162171,638.020704,
12,phase2,77,pair_078,0.200153,628.178916,638.037443,
13,phase2,77,pair_078,0.217089,628.195845,638.054378,
14,phase2,77,pair_078,0.233484,628.212241,638.070774,
15,phase2,77,pair_078,0.250204,628.228965,638.087494,
16,phase2,77,pair_078,0.267163,628.24592,638.104453,
17,phase2,77,pair_078,0.283504,628.262263,638.120794,
18,phase2,77,pair_078,0.300143,628.2789,638.137433,
19,phase2,77,pair_078,0.316826,628.295583,638.154116,
20,phase2,77,pair_078,0.33347,628.312227,638.17076,
21,phase2,77,pair_078,0.350461,628.329217,638.18775,
22,phase2,77,pair_078,0.36682,628.345577,638.20411,
23,phase2,77,pair_078,0.383494,628.362251,638.220784,
24,phase2,77,pair_078,0.400198,628.378971,638.237488,
25,phase2,77,pair_078,0.416812,628.39557,638.254102,
26,phase2,77,pair_078,0.4335,628.412257,638.270789,
27,phase2,77,pair_078,0.450115,628.428872,638.287405,
28,phase2,77,pair_078,0.466822,628.445579,638.304111,
29,phase2,77,pair_078,0.483792,628.462555,638.321082,
30,phase2,77,pair_078,0.500167,628.478926,638.337457,
31,phase2,77,pair_078,0.516827,628.495585,638.354117,
32,phase2,77,pair_078,0.533493,628.512252,638.370783,
33,phase2,77,pair_078,0.55062,628.529378,638.38791,
34,phase2,77,pair_078,0.566808,628.545565,638.404098,
35,phase2,77,pair_078,0.583499,628.562256,638.420789,
36,phase2,77,pair_078,0.600182,628.578938,638.437471,
37,phase2,77,pair_078,0.616778,628.595536,638.454068,
38,phase2,77,pair_078,0.633467,628.612226,638.470757,
39,phase2,77,pair_078,0.650154,628.628911,638.487444,
40,phase2,77,pair_078,0.666866,628.645623,638.504156,
41,phase2,77,pair_078,0.683484,628.662241,638.520774,
42,phase2,77,pair_078,0.700146,628.678925,638.537435,
43,phase2,77,pair_078,0.716807,628.695564,638.554097,
44,phase2,77,pair_078,0.733535,628.712294,638.570825,
45,phase2,77,pair_078,0.750472,628.729229,638.587762,
46,phase2,77,pair_078,0.766754,628.74551,638.604044,
47,phase2,77,pair_078,0.783494,628.762251,638.620784,
48,phase2,77,pair_078,0.800143,628.778899,638.637432,
49,phase2,77,pair_078,0.817157,628.795913,638.654446,
50,phase2,77,pair_078,0.833802,628.812558,638.671091,
51,phase2,77,pair_078,0.850149,628.828929,638.687439,
52,phase2,77,pair_078,0.866736,628.845493,638.704026,
53,phase2,77,pair_078,0.883491,628.862251,638.720781,
54,phase2,77,pair_078,0.900421,628.879177,638.737711,
55,phase2,77,pair_078,0.91683,628.89559,638.75412,
56,phase2,77,pair_078,0.933492,628.912252,638.770781,
57,phase2,77,pair_078,0.950131,628.928887,638.78742,
58,phase2,77,pair_078,0.967143,628.945901,638.804432,
59,phase2,77,pair_078,0.983478,628.962234,638.820767,
60,phase2,77,pair_078,1.000174,628.978948,638.837464,
61,phase2,77,pair_078,1.016783,628.995541,638.854073,
62,phase2,77,pair_078,1.033814,629.012571,638.871104,
63,phase2,77,pair_078,1.050145,629.028902,638.887435,
64,phase2,77,pair_078,1.066797,629.045554,638.904087,
65,phase2,77,pair_078,1.083507,629.062264,638.920797,
66,phase2,77,pair_078,1.100125,629.078882,638.937415,
67,phase2,77,pair_078,1.117092,629.095849,638.954381,
68,phase2,77,pair_078,1.133377,629.112134,638.970667,
69,phase2,77,pair_078,1.150168,629.128927,638.987458,
70,phase2,77,pair_078,1.16708,629.145837,639.00437,
71,phase2,77,pair_078,1.18346,629.162217,639.02075,
72,phase2,77,pair_078,1.200139,629.178898,639.037429,
73,phase2,77,pair_078,1.216787,629.195544,639.054077,
74,phase2,77,pair_078,1.233781,629.212538,639.07107,
75,phase2,77,pair_078,1.250432,629.229188,639.087721,
76,phase2,77,pair_078,1.266794,629.245551,639.104084,
77,phase2,77,pair_078,1.283465,629.262222,639.120755,
78,phase2,77,pair_078,1.300069,629.278826,639.137359,
79,phase2,77,pair_078,1.317095,629.295852,639.154385,
80,phase2,77,pair_078,1.33346,629.312217,639.170749,
81,phase2,77,pair_078,1.350117,629.328874,639.187407,
82,phase2,77,pair_078,1.366832,629.345589,639.204122,
83,phase2,77,pair_078,1.383458,629.362217,639.220747,
84,phase2,77,pair_078,1.400108,629.378864,639.237397,
85,phase2,77,pair_078,1.416786,629.395543,639.254076,
86,phase2,77,pair_078,1.433467,629.412224,639.270757,
87,phase2,77,pair_078,1.450112,629.42887,639.287401,
88,phase2,77,pair_078,1.467049,629.445805,639.304338,
89,phase2,77,pair_078,1.483435,629.462193,639.320725,
90,phase2,77,pair_078,1.500138,629.478896,639.337427,
91,phase2,77,pair_078,1.516776,629.495533,639.354066,
92,phase2,77,pair_078,1.533753,629.51251,639.371043,
93,phase2,77,pair_078,1.550105,629.528862,639.387395,
94,phase2,77,pair_078,1.566808,629.545565,639.404098,
95,phase2,77,pair_078,1.583444,629.562201,639.420734,
96,phase2,77,pair_078,1.600405,629.579165,639.437695,
97,phase2,77,pair_078,1.616784,629.595541,639.454074,
98,phase2,77,pair_078,1.633474,629.612231,639.470764,
99,phase2,77,pair_078,1.650123,629.628879,639.487412,
100,phase2,77,pair_078,1.667099,629.64586,639.504389,
101,phase2,77,pair_078,1.683451,629.662209,639.520741,
102,phase2,77,pair_078,1.700076,629.678833,639.537366,
103,phase2,77,pair_078,1.716817,629.695575,639.554107,
104,phase2,77,pair_078,1.733756,629.712513,639.571046,
105,phase2,77,pair_078,1.750072,629.728829,639.587362,
106,phase2,77,pair_078,1.766776,629.745533,639.604066,
107,phase2,77,pair_078,1.783432,629.762189,639.620722,
108,phase2,77,pair_078,1.800091,629.778847,639.63738,
109,phase2,77,pair_078,1.817052,629.795809,639.654342,
110,phase2,77,pair_078,1.833445,629.812202,639.670734,
111,phase2,77,pair_078,1.850108,629.828864,639.687397,
112,phase2,77,pair_078,1.867126,629.845884,639.704416,
113,phase2,77,pair_078,1.883443,629.8622,639.720733,
114,phase2,77,pair_078,1.900101,629.878857,639.73739,
115,phase2,77,pair_078,1.916781,629.895538,639.754071,
116,phase2,77,pair_078,1.933421,629.912178,639.770711,
117,phase2,77,pair_078,1.950115,629.928871,639.787405,
118,phase2,77,pair_078,1.966731,629.945487,639.80402,
119,phase2,77,pair_078,1.983407,629.962164,639.820697,
120,phase2,77,pair_078,2.000386,629.979142,639.837676,
121,phase2,77,pair_078,2.016973,629.99573,639.854263,
122,phase2,77,pair_078,2.033411,630.01217,639.870701,
123,phase2,77,pair_078,2.050125,630.028882,639.887415,
124,phase2,77,pair_078,2.067075,630.045831,639.904364,
125,phase2,77,pair_078,2.083735,630.062492,639.921025,
126,phase2,77,pair_078,2.100115,630.078872,639.937405,
127,phase2,77,pair_078,2.116779,630.095536,639.954069,
128,phase2,77,pair_078,2.13343,630.112187,639.97072,
129,phase2,77,pair_078,2.15004,630.128797,639.98733,
130,phase2,77,pair_078,2.16704,630.145797,640.00433,
131,phase2,77,pair_078,2.18344,630.162197,640.02073,
132,phase2,77,pair_078,2.200123,630.17888,640.037413,
133,phase2,77,pair_078,2.216736,630.195493,640.054026,
134,phase2,77,pair_078,2.233717,630.212473,640.071007,
135,phase2,77,pair_078,2.250123,630.22888,640.087413,
136,phase2,77,pair_078,2.266788,630.245544,640.104078,
137,phase2,77,pair_078,2.283382,630.262139,640.120672,
138,phase2,77,pair_078,2.300356,630.279113,640.137646,
139,phase2,77,pair_078,2.316725,630.295482,640.154015,
140,phase2,77,pair_078,2.3334,630.312157,640.17069,
141,phase2,77,pair_078,2.350059,630.328818,640.187349,
142,phase2,77,pair_078,2.367056,630.345813,640.204346,
143,phase2,77,pair_078,2.383416,630.362173,640.220706,
144,phase2,77,pair_078,2.400035,630.378792,640.237325,
145,phase2,77,pair_078,2.41674,630.395497,640.254029,
146,phase2,77,pair_078,2.433718,630.412493,640.271008,
147,phase2,77,pair_078,2.45008,630.428838,640.28737,
148,phase2,77,pair_078,2.466776,630.445533,640.304066,
149,phase2,77,pair_078,2.483471,630.462228,640.320761,
150,phase2,77,pair_078,2.500396,630.479153,640.337686,
151,phase2,77,pair_078,2.517027,630.495784,640.354317,
152,phase2,77,pair_078,2.533449,630.512206,640.370739,
153,phase2,77,pair_078,2.550061,630.528817,640.38735,
154,phase2,77,pair_078,2.566718,630.545475,640.404008,
155,phase2,77,pair_078,2.583683,630.56244,640.420973,
156,phase2,77,pair_078,2.600062,630.578819,640.437352,
157,phase2,77,pair_078,2.616736,630.595493,640.454026,
158,phase2,77,pair_078,2.633406,630.612163,640.470695,
159,phase2,77,pair_078,2.650378,630.629135,640.487668,
160,phase2,77,pair_078,2.666735,630.645491,640.504024,
161,phase2,77,pair_078,2.683393,630.66215,640.520683,
162,phase2,77,pair_078,2.700367,630.679124,640.537657,
163,phase2,77,pair_078,2.716712,630.695469,640.554002,
164,phase2,77,pair_078,2.733444,630.7122,640.570733,
165,phase2,77,pair_078,2.750025,630.728782,640.587315,
166,phase2,77,pair_078,2.766769,630.745526,640.604059,
167,phase2,77,pair_078,2.78371,630.762466,640.620999,
168,phase2,77,pair_078,2.800052,630.778808,640.637341,
169,phase2,77,pair_078,2.816782,630.795539,640.654072,
170,phase2,77,pair_078,2.833419,630.812176,640.670709,
171,phase2,77,pair_078,2.85037,630.829127,640.68766,
172,phase2,77,pair_078,2.866705,630.845461,640.703995,
173,phase2,77,pair_078,2.883407,630.862163,640.720697,
174,phase2,77,pair_078,2.900136,630.878892,640.737425,
175,phase2,77,pair_078,2.916725,630.895481,640.754015,
176,phase2,77,pair_078,2.933679,630.912436,640.770969,
177,phase2,77,pair_078,2.950097,630.928854,640.787387,
178,phase2,77,pair_078,2.966713,630.94547,640.804003,
179,phase2,77,pair_078,2.983388,630.962145,640.820678,
180,phase2,77,pair_078,3.000043,630.978799,640.837333,
181,phase2,77,pair_078,3.016751,630.995508,640.854041,
182,phase2,77,pair_078,3.03339,631.012146,640.870679,
183,phase2,77,pair_078,3.050018,631.028774,640.887308,
184,phase2,77,pair_078,3.067017,631.045773,640.904307,
185,phase2,77,pair_078,3.083411,631.062167,640.9207,
186,phase2,77,pair_078,3.100036,631.078793,640.937326,
187,phase2,77,pair_078,3.117043,631.096077,640.954333,
188,phase2,77,pair_078,3.133686,631.112441,640.970976,
189,phase2,77,pair_078,3.150122,631.128878,640.987412,
190,phase2,77,pair_078,3.166752,631.145509,641.004041,
191,phase2,77,pair_078,3.183364,631.162121,641.020654,
192,phase2,77,pair_078,3.200335,631.179091,641.037624,
193,phase2,77,pair_078,3.216708,631.195465,641.053998,
194,phase2,77,pair_078,3.233399,631.212156,641.070689,
195,phase2,77,pair_078,3.250107,631.228864,641.087397,
196,phase2,77,pair_078,3.267025,631.245781,641.104314,
197,phase2,77,pair_078,3.28339,631.262146,641.120679,
198,phase2,77,pair_078,3.300114,631.27887,641.137404,
199,phase2,77,pair_078,3.316701,631.295458,641.153991,
200,phase2,77,pair_078,3.333663,631.312419,641.170952,
201,phase2,77,pair_078,3.349984,631.32874,641.187274,
202,phase2,77,pair_078,3.366727,631.345484,641.204017,
203,phase2,77,pair_078,3.383376,631.362133,641.220666,
204,phase2,77,pair_078,3.400376,631.379132,641.237665,
205,phase2,77,pair_078,3.416682,631.395439,641.253971,
206,phase2,77,pair_078,3.433429,631.412186,641.270718,
207,phase2,77,pair_078,3.450045,631.428801,641.287334,
208,phase2,77,pair_078,3.467032,631.445789,641.304322,
209,phase2,77,pair_078,3.483339,631.462096,641.320629,
210,phase2,77,pair_078,3.500286,631.479043,641.337576,
211,phase2,77,pair_078,3.516723,631.495488,641.354013,
212,phase2,77,pair_078,3.533677,631.512433,641.370966,
213,phase2,77,pair_078,3.55034,631.529097,641.38763,
214,phase2,77,pair_078,3.56676,631.545517,641.40405,
215,phase2,77,pair_078,3.583377,631.562133,641.420667,
216,phase2,77,pair_078,3.600345,631.579101,641.437635,
217,phase2,77,pair_078,3.617004,631.59576,641.454293,
218,phase2,77,pair_078,3.633376,631.612132,641.470666,
219,phase2,77,pair_078,3.650029,631.628786,641.487319,
220,phase2,77,pair_078,3.666688,631.645445,641.503978,
221,phase2,77,pair_078,3.68337,631.662126,641.520659,
222,phase2,77,pair_078,3.700048,631.678805,641.537338,
223,phase2,77,pair_078,3.716707,631.695464,641.553997,
224,phase2,77,pair_078,3.733364,631.71212,641.570654,
225,phase2,77,pair_078,3.749979,631.728736,641.587269,
226,phase2,77,pair_078,3.76671,631.745466,641.603999,
227,phase2,77,pair_078,3.783394,631.76215,641.620684,
228,phase2,77,pair_078,3.800029,631.778786,641.637319,
229,phase2,77,pair_078,3.816689,631.795445,641.653979,
230,phase2,77,pair_078,3.833344,631.8121,641.670634,
231,phase2,77,pair_078,3.850085,631.828844,641.687375,
232,phase2,77,pair_078,3.866948,631.845705,641.704238,
233,phase2,77,pair_078,3.88367,631.862436,641.720959,
234,phase2,77,pair_078,3.900032,631.878788,641.737321,
235,phase2,77,pair_078,3.916671,631.895427,641.75396,
236,phase2,77,pair_078,3.933356,631.912113,641.770646,
237,phase2,77,pair_078,3.950343,631.929099,641.787632,
238,phase2,77,pair_078,3.966987,631.945744,641.804277,
239,phase2,77,pair_078,3.983378,631.962134,641.820668,
240,phase2,77,pair_078,4.000006,631.978763,641.837296,
241,phase2,77,pair_078,4.016661,631.995417,641.853951,
242,phase2,77,pair_078,4.033654,632.01241,641.870943,
243,phase2,77,pair_078,4.050038,632.028794,641.887327,
244,phase2,77,pair_078,4.066669,632.045426,641.903959,
245,phase2,77,pair_078,4.083391,632.06215,641.920681,
246,phase2,77,pair_078,4.100012,632.078769,641.937302,
247,phase2,77,pair_078,4.116674,632.095431,641.953964,
248,phase2,77,pair_078,4.133456,632.112213,641.970746,
249,phase2,77,pair_078,4.150116,632.128872,641.987405,
250,phase2,77,pair_078,4.166774,632.145531,642.004064,
251,phase2,77,pair_078,4.183451,632.162208,642.020741,
252,phase2,77,pair_078,4.200105,632.178861,642.037395,
253,phase2,77,pair_078,4.216799,632.195556,642.054089,
254,phase2,77,pair_078,4.23346,632.212217,642.07075,
255,phase2,77,pair_078,4.250165,632.228925,642.087455,
256,phase2,77,pair_078,4.267089,632.245846,642.104379,
257,phase2,77,pair_078,4.283441,632.262197,642.12073,
258,phase2,77,pair_078,4.300118,632.278876,642.137407,
259,phase2,77,pair_078,4.316803,632.295561,642.154092,
260,phase2,77,pair_078,4.33375,632.312507,642.17104,
261,phase2,77,pair_078,4.350435,632.329192,642.187725,
262,phase2,77,pair_078,4.36679,632.345546,642.20408,
263,phase2,77,pair_078,4.383468,632.362225,642.220758,
264,phase2,77,pair_078,4.400121,632.378877,642.23741,
265,phase2,77,pair_078,4.417114,632.395871,642.254404,
266,phase2,77,pair_078,4.43344,632.412197,642.27073,
267,phase2,77,pair_078,4.450126,632.428883,642.287416,
268,phase2,77,pair_078,4.466777,632.445534,642.304067,
269,phase2,77,pair_078,4.483761,632.462518,642.321051,
270,phase2,77,pair_078,4.500115,632.478871,642.337404,
271,phase2,77,pair_078,4.516803,632.49556,642.354093,
272,phase2,77,pair_078,4.533465,632.512221,642.370754,
273,phase2,77,pair_078,4.550436,632.5292,642.387726,
274,phase2,77,pair_078,4.566794,632.54555,642.404083,
275,phase2,77,pair_078,4.583447,632.562204,642.420737,
276,phase2,77,pair_078,4.600159,632.578917,642.437448,
277,phase2,77,pair_078,4.616781,632.595538,642.454071,
278,phase2,77,pair_078,4.633743,632.612499,642.471032,
279,phase2,77,pair_078,4.65013,632.628887,642.48742,
280,phase2,77,pair_078,4.666856,632.645613,642.504146,
281,phase2,77,pair_078,4.683802,632.662559,642.521092,
282,phase2,77,pair_078,4.700409,632.679166,642.537699,
283,phase2,77,pair_078,4.716782,632.695539,642.554072,
284,phase2,77,pair_078,4.733493,632.71225,642.570783,
285,phase2,77,pair_078,4.750071,632.728827,642.58736,
286,phase2,77,pair_078,4.767098,632.745856,642.604388,
287,phase2,77,pair_078,4.7834,632.762156,642.620689,
288,phase2,77,pair_078,4.800098,632.77886,642.637388,
289,phase2,77,pair_078,4.817048,632.795804,642.654338,
290,phase2,77,pair_078,4.833739,632.812496,642.671029,
291,phase2,77,pair_078,4.850147,632.828905,642.687437,
292,phase2,77,pair_078,4.866749,632.845506,642.704039,
293,phase2,77,pair_078,4.883494,632.862253,642.720784,
294,phase2,77,pair_078,4.900081,632.878837,642.737371,
295,phase2,77,pair_078,4.916768,632.895524,642.754058,
296,phase2,77,pair_078,4.933432,632.912188,642.770721,
297,phase2,77,pair_078,4.950153,632.928913,642.787442,
298,phase2,77,pair_078,4.967083,632.945839,642.804372,
299,phase2,77,pair_078,4.983442,632.9622,642.820732,
300,phase2,77,pair_078,5.0001,632.978856,642.837389,
301,phase2,77,pair_078,5.016774,632.99553,642.854063,
302,phase2,77,pair_078,5.033429,633.012186,642.870719,
303,phase2,77,pair_078,5.0504,633.029157,642.88769,
304,phase2,77,pair_078,5.066796,633.045552,642.904086,
305,phase2,77,pair_078,5.083454,633.062211,642.920744,
306,phase2,77,pair_078,5.100096,633.078853,642.937386,
307,phase2,77,pair_078,5.117062,633.095819,642.954352,
308,phase2,77,pair_078,5.133476,633.112235,642.970766,
309,phase2,77,pair_078,5.150132,633.128889,642.987422,
310,phase2,77,pair_078,5.166776,633.145533,643.004066,
311,phase2,77,pair_078,5.183735,633.162491,643.021025,
312,phase2,77,pair_078,5.200085,633.178841,643.037374,
313,phase2,77,pair_078,5.216752,633.195508,643.054041,
314,phase2,77,pair_078,5.233437,633.212195,643.070727,
315,phase2,77,pair_078,5.250374,633.22913,643.087664,
316,phase2,77,pair_078,5.266748,633.245505,643.104038,
317,phase2,77,pair_078,5.283432,633.26219,643.120722,
318,phase2,77,pair_078,5.300077,633.278833,643.137366,
319,phase2,77,pair_078,5.317095,633.295853,643.154385,
320,phase2,77,pair_078,5.333408,633.312165,643.170698,
321,phase2,77,pair_078,5.350102,633.328859,643.187392,
322,phase2,77,pair_078,5.366797,633.345573,643.204086,
323,phase2,77,pair_078,5.383763,633.36252,643.221053,
324,phase2,77,pair_078,5.400053,633.37881,643.237343,
325,phase2,77,pair_078,5.416754,633.395511,643.254044,
326,phase2,77,pair_078,5.433377,633.412133,643.270666,
327,phase2,77,pair_078,5.450045,633.428801,643.287335,
328,phase2,77,pair_078,5.466798,633.445569,643.304088,
329,phase2,77,pair_078,5.483445,633.462201,643.320734,
330,phase2,77,pair_078,5.500145,633.478902,643.337435,
331,phase2,77,pair_078,5.5167,633.495456,643.353989,
332,phase2,77,pair_078,5.533372,633.512128,643.370661,
333,phase2,77,pair_078,5.550072,633.528832,643.387362,
334,phase2,77,pair_078,5.566731,633.545487,643.40402,
335,phase2,77,pair_078,5.583363,633.562119,643.420652,
336,phase2,77,pair_078,5.600401,633.579158,643.437691,
337,phase2,77,pair_078,5.616744,633.595508,643.454034,
338,phase2,77,pair_078,5.633355,633.612113,643.470645,
339,phase2,77,pair_078,5.650069,633.628828,643.487358,
340,phase2,77,pair_078,5.667056,633.645813,643.504346,
341,phase2,77,pair_078,5.683402,633.662159,643.520692,
342,phase2,77,pair_078,5.700109,633.678868,643.537399,
343,phase2,77,pair_078,5.716745,633.695501,643.554035,
344,phase2,77,pair_078,5.733729,633.712486,643.571019,
345,phase2,77,pair_078,5.750048,633.728805,643.587338,
346,phase2,77,pair_078,5.766718,633.745475,643.604008,
347,phase2,77,pair_078,5.783475,633.762232,643.620765,
348,phase2,77,pair_078,5.80005,633.778831,643.637339,
349,phase2,77,pair_078,5.816756,633.795512,643.654045,
350,phase2,77,pair_078,5.8334,633.812159,643.670689,
351,phase2,77,pair_078,5.850177,633.828934,643.687467,
352,phase2,77,pair_078,5.867079,633.845836,643.704369,
353,phase2,77,pair_078,5.883414,633.862171,643.720703,
354,phase2,77,pair_078,5.900115,633.878871,643.737404,
355,phase2,77,pair_078,5.917026,633.895783,643.754316,
356,phase2,77,pair_078,5.933724,633.912481,643.771014,
357,phase2,77,pair_078,5.950372,633.929129,643.787662,
358,phase2,77,pair_078,5.966745,633.945502,643.804035,
359,phase2,77,pair_078,5.983458,633.962214,643.820747,
360,phase2,77,pair_078,6.000076,633.978833,643.837366,
361,phase2,77,pair_078,6.016687,633.995444,643.853977,
362,phase2,77,pair_078,6.033404,634.012163,643.870694,
363,phase2,77,pair_078,6.050138,634.028895,643.887428,
364,phase2,77,pair_078,6.066751,634.045507,643.904041,
365,phase2,77,pair_078,6.083734,634.062491,643.921024,
366,phase2,77,pair_078,6.100066,634.078845,643.937356,
367,phase2,77,pair_078,6.116759,634.095516,643.954049,
368,phase2,77,pair_078,6.133408,634.112166,643.970697,
369,phase2,77,pair_078,6.150381,634.129137,643.98767,
370,phase2,77,pair_078,6.166725,634.145481,644.004015,
371,phase2,77,pair_078,6.183426,634.162183,644.020716,
372,phase2,77,pair_078,6.200048,634.178805,644.037338,
373,phase2,77,pair_078,6.216708,634.195464,644.053998,
374,phase2,77,pair_078,6.23332,634.212077,644.070609,
375,phase2,77,pair_078,6.250063,634.22882,644.087353,
376,phase2,77,pair_078,6.26675,634.245507,644.10404,
377,phase2,77,pair_078,6.283391,634.26215,644.120681,
378,phase2,77,pair_078,6.300366,634.279123,644.137656,
379,phase2,77,pair_078,6.316656,634.295413,644.153946,
380,phase2,77,pair_078,6.333411,634.312167,644.170701,
381,phase2,77,pair_078,6.350345,634.329102,644.187635,
382,phase2,77,pair_078,6.366753,634.345509,644.204042,
383,phase2,77,pair_078,6.383385,634.362142,644.220675,
384,phase2,77,pair_078,6.400099,634.378874,644.237389,
385,phase2,77,pair_078,6.416675,634.395431,644.253965,
386,phase2,77,pair_078,6.433694,634.412453,644.270984,
387,phase2,77,pair_078,6.450043,634.4288,644.287333,
388,phase2,77,pair_078,6.46664,634.445397,644.30393,
389,phase2,77,pair_078,6.483311,634.462068,644.320601,
390,phase2,77,pair_078,6.500347,634.479106,644.337636,
391,phase2,77,pair_078,6.516721,634.49548,644.354011,
392,phase2,77,pair_078,6.533655,634.512414,644.370945,
393,phase2,77,pair_078,6.549993,634.52875,644.387283,
394,phase2,77,pair_078,6.566689,634.545446,644.403979,
395,phase2,77,pair_078,6.583393,634.562149,644.420683,
396,phase2,77,pair_078,6.600043,634.578799,644.437332,
397,phase2,77,pair_078,6.616782,634.595539,644.454072,
398,phase2,77,pair_078,6.63339,634.612147,644.47068,
399,phase2,77,pair_078,6.650346,634.629105,644.487636,
400,phase2,77,pair_078,6.666717,634.645474,644.504007,
401,phase2,77,pair_078,6.683369,634.662126,644.520659,
402,phase2,77,pair_078,6.700041,634.678799,644.537331,
403,phase2,77,pair_078,6.71699,634.695747,644.55428,
404,phase2,77,pair_078,6.733442,634.712199,644.570732,
405,phase2,77,pair_078,6.750003,634.72876,644.587293,
406,phase2,77,pair_078,6.766729,634.745487,644.604018,
407,phase2,77,pair_078,6.783676,634.762432,644.620965,
408,phase2,77,pair_078,6.800035,634.778791,644.637325,
409,phase2,77,pair_078,6.81673,634.795487,644.65402,
410,phase2,77,pair_078,6.833633,634.81239,644.670923,
411,phase2,77,pair_078,6.850342,634.829098,644.687631,
412,phase2,77,pair_078,6.866666,634.84543,644.703956,
413,phase2,77,pair_078,6.883366,634.862122,644.720655,
414,phase2,77,pair_078,6.900012,634.878768,644.737301,
415,phase2,77,pair_078,6.91701,634.895767,644.7543,
416,phase2,77,pair_078,6.933302,634.912058,644.770592,
417,phase2,77,pair_078,6.950046,634.928802,644.787335,
418,phase2,77,pair_078,6.966685,634.945442,644.803975,
419,phase2,77,pair_078,6.983348,634.962105,644.820638,
420,phase2,77,pair_078,7.000318,634.979075,644.837608,
421,phase2,77,pair_078,7.016706,634.995463,644.853996,
422,phase2,77,pair_078,7.033412,635.012169,644.870702,
423,phase2,77,pair_078,7.050332,635.029089,644.887622,
424,phase2,77,pair_078,7.067,635.045756,644.90429,
425,phase2,77,pair_078,7.083385,635.062141,644.920674,
426,phase2,77,pair_078,7.100016,635.078772,644.937306,
427,phase2,77,pair_078,7.116665,635.095421,644.953954,
428,phase2,77,pair_078,7.133666,635.112423,644.970956,
429,phase2,77,pair_078,7.150038,635.128794,644.987328,
430,phase2,77,pair_078,7.166742,635.145498,645.004031,
431,phase2,77,pair_078,7.183325,635.162082,645.020615,
432,phase2,77,pair_078,7.200002,635.178758,645.037291,
433,phase2,77,pair_078,7.216715,635.195472,645.054005,
434,phase2,77,pair_078,7.233371,635.212128,645.070661,
435,phase2,77,pair_078,7.250014,635.22877,645.087303,
436,phase2,77,pair_078,7.266678,635.245435,645.103968,
437,phase2,77,pair_078,7.283335,635.262091,645.120625,
438,phase2,77,pair_078,7.300009,635.278766,645.137299,
439,phase2,77,pair_078,7.316637,635.295393,645.153927,
440,phase2,77,pair_078,7.333336,635.312093,645.170626,
441,phase2,77,pair_078,7.350017,635.328773,645.187306,
442,phase2,77,pair_078,7.366704,635.345461,645.203994,
443,phase2,77,pair_078,7.383346,635.362102,645.220636,
444,phase2,77,pair_078,7.4,635.378756,645.23729,
445,phase2,77,pair_078,7.41698,635.395743,645.25427,
446,phase2,77,pair_078,7.433388,635.412145,645.270678,
447,phase2,77,pair_078,7.45,635.428757,645.28729,
448,phase2,77,pair_078,7.46699,635.445747,645.30428,
449,phase2,77,pair_078,7.483343,635.4621,645.320633,
450,phase2,77,pair_078,7.499986,635.478743,645.337276,
451,phase2,77,pair_078,7.516669,635.495425,645.353959,
452,phase2,77,pair_078,7.533649,635.512406,645.370939,
453,phase2,77,pair_078,7.550302,635.529059,645.387592,
454,phase2,77,pair_078,7.566692,635.545448,645.403982,
455,phase2,77,pair_078,7.583343,635.5621,645.420633,
456,phase2,77,pair_078,7.600326,635.579082,645.437615,
457,phase2,77,pair_078,7.616981,635.595737,645.45427,
458,phase2,77,pair_078,7.633369,635.612125,645.470658,
459,phase2,77,pair_078,7.650014,635.62877,645.487304,
460,phase2,77,pair_078,7.66695,635.645706,645.504239,
461,phase2,77,pair_078,7.683318,635.662074,645.520608,
462,phase2,77,pair_078,7.700002,635.678758,645.537292,
463,phase2,77,pair_078,7.716657,635.695413,645.553946,
464,phase2,77,pair_078,7.733318,635.712074,645.570608,
465,phase2,77,pair_078,7.749951,635.728707,645.58724,
466,phase2,77,pair_078,7.766664,635.74542,645.603953,
467,phase2,77,pair_078,7.783324,635.76208,645.620613,
468,phase2,77,pair_078,7.799991,635.778747,645.63728,
469,phase2,77,pair_078,7.816974,635.79573,645.654264,
470,phase2,77,pair_078,7.83334,635.812097,645.67063,
471,phase2,77,pair_078,7.85,635.828757,645.68729,
472,phase2,77,pair_078,7.866661,635.845417,645.703951,
473,phase2,77,pair_078,7.883664,635.86242,645.720954,
474,phase2,77,pair_078,7.899984,635.87874,645.737273,
475,phase2,77,pair_078,7.916912,635.895668,645.754202,
476,phase2,77,pair_078,7.933279,635.912036,645.770569,
477,phase2,77,pair_078,7.94999,635.928746,645.78728,
478,phase2,77,pair_078,7.966955,635.945711,645.804245,
479,phase2,77,pair_078,7.983343,635.962099,645.820633,
480,phase2,77,pair_078,8.000247,635.979006,645.837537,
481,phase2,77,pair_078,8.01667,635.995427,645.85396,
482,phase2,77,pair_078,8.033271,636.012028,645.870561,
483,phase2,77,pair_078,8.050073,636.028829,645.887362,
484,phase2,77,pair_078,8.067051,636.045807,645.904341,
485,phase2,77,pair_078,8.08345,636.062215,645.92074,
486,phase2,77,pair_078,8.100113,636.078869,645.937402,
487,phase2,77,pair_078,8.116806,636.095562,645.954096,
488,phase2,77,pair_078,8.133757,636.112513,645.971047,
489,phase2,77,pair_078,8.150115,636.128872,645.987405,
490,phase2,77,pair_078,8.166775,636.145532,646.004065,
491,phase2,77,pair_078,8.183446,636.162205,646.020736,
492,phase2,77,pair_078,8.20044,636.179197,646.03773,
493,phase2,77,pair_078,8.216778,636.195536,646.054068,
494,phase2,77,pair_078,8.233451,636.21221,646.07074,
495,phase2,77,pair_078,8.250106,636.228863,646.087396,
496,phase2,77,pair_078,8.266748,636.245504,646.104038,
497,phase2,77,pair_078,8.283447,636.262204,646.120737,
498,phase2,77,pair_078,-627.979017,636.778941,9.858273,response
0,phase3,77,pair_078,0.0,638.46212,648.320648,stimulus_onset
1,phase3,77,pair_078,0.016975,638.479091,648.337623,
2,phase3,77,pair_078,0.03327,638.495386,648.353918,
3,phase3,77,pair_078,0.05002,638.512136,648.370668,
4,phase3,77,pair_078,0.066927,638.529043,648.387576,
5,phase3,77,pair_078,0.083311,638.545427,648.40396,
6,phase3,77,pair_078,0.10002,638.562136,648.420668,
7,phase3,77,pair_078,0.116632,638.578748,648.43728,
8,phase3,77,pair_078,0.133313,638.595429,648.453961,
9,phase3,77,pair_078,0.149984,638.6121,648.470632,
10,phase3,77,pair_078,0.166646,638.628762,648.487294,
11,phase3,77,pair_078,0.183278,638.645394,648.503926,
12,phase3,77,pair_078,0.199971,638.662087,648.52062,
13,phase3,77,pair_078,0.216661,638.67878,648.537309,
14,phase3,77,pair_078,0.233319,638.695435,648.553967,
15,phase3,77,pair_078,0.250001,638.712117,648.570649,
16,phase3,77,pair_078,0.266587,638.728704,648.587235,
17,phase3,77,pair_078,0.283479,638.745633,648.604128,
18,phase3,77,pair_078,0.300062,638.762198,648.62071,
19,phase3,77,pair_078,0.316542,638.778679,648.637191,
20,phase3,77,pair_078,0.333399,638.795528,648.654048,
21,phase3,77,pair_078,0.349974,638.812096,648.670622,
22,phase3,77,pair_078,0.366659,638.828778,648.687307,
23,phase3,77,pair_078,0.383319,638.845435,648.703967,
24,phase3,77,pair_078,0.400059,638.862176,648.720707,
25,phase3,77,pair_078,0.416655,638.878774,648.737303,
26,phase3,77,pair_078,0.433637,638.895754,648.754285,
27,phase3,77,pair_078,0.449953,638.912069,648.770601,
28,phase3,77,pair_078,0.466657,638.928774,648.787306,
29,phase3,77,pair_078,0.483382,638.945498,648.80403,
30,phase3,77,pair_078,0.500311,638.962427,648.820959,
31,phase3,77,pair_078,0.516662,638.97878,648.83731,
32,phase3,77,pair_078,0.533324,638.99544,648.853972,
33,phase3,77,pair_078,0.54998,639.012096,648.870628,
34,phase3,77,pair_078,0.566921,639.029037,648.887569,
35,phase3,77,pair_078,0.583595,639.045712,648.904244,
36,phase3,77,pair_078,0.599994,639.06211,648.920642,
37,phase3,77,pair_078,0.616676,639.078792,648.937324,
38,phase3,77,pair_078,0.633631,639.095747,648.954279,
39,phase3,77,pair_078,0.650267,639.112382,648.970915,
40,phase3,77,pair_078,0.666676,639.128792,648.987324,
41,phase3,77,pair_078,0.683308,639.145424,649.003956,
42,phase3,77,pair_078,0.699954,639.16207,649.020603,
43,phase3,77,pair_078,0.716952,639.179068,649.0376,
44,phase3,77,pair_078,0.733534,639.19565,649.054182,
45,phase3,77,pair_078,0.749964,639.21208,649.070613,
46,phase3,77,pair_078,0.766579,639.228695,649.087228,
47,phase3,77,pair_078,0.783282,639.245398,649.103931,
48,phase3,77,pair_078,0.799961,639.262077,649.120609,
49,phase3,77,pair_078,0.816621,639.278737,649.137269,
50,phase3,77,pair_078,0.83328,639.295396,649.153929,
51,phase3,77,pair_078,0.849944,639.31206,649.170592,
52,phase3,77,pair_078,0.866624,639.32874,649.187272,
53,phase3,77,pair_078,0.883289,639.345405,649.203937,
54,phase3,77,pair_078,0.899957,639.362074,649.220605,
55,phase3,77,pair_078,0.916924,639.379041,649.237573,
56,phase3,77,pair_078,0.933591,639.395707,649.25424,
57,phase3,77,pair_078,0.949931,639.412046,649.270579,
58,phase3,77,pair_078,0.966613,639.428729,649.287261,
59,phase3,77,pair_078,0.983282,639.4454,649.30393,
60,phase3,77,pair_078,1.00025,639.462366,649.320898,
61,phase3,77,pair_078,1.016634,639.47875,649.337282,
62,phase3,77,pair_078,1.033334,639.49545,649.353983,
63,phase3,77,pair_078,1.050259,639.512375,649.370907,
64,phase3,77,pair_078,1.066928,639.529044,649.387576,
65,phase3,77,pair_078,1.083284,639.5454,649.403932,
66,phase3,77,pair_078,1.10001,639.562127,649.420659,
67,phase3,77,pair_078,1.116895,639.579011,649.437543,
68,phase3,77,pair_078,1.133599,639.595715,649.454247,
69,phase3,77,pair_078,1.15002,639.612136,649.470668,
70,phase3,77,pair_078,1.166864,639.62898,649.487512,
71,phase3,77,pair_078,1.183343,639.645468,649.503991,
72,phase3,77,pair_078,1.199931,639.662048,649.52058,
73,phase3,77,pair_078,1.216593,639.678709,649.537241,
74,phase3,77,pair_078,1.233308,639.695425,649.553957,
75,phase3,77,pair_078,1.250186,639.712302,649.570834,
76,phase3,77,pair_078,1.266575,639.728692,649.587224,
77,phase3,77,pair_078,1.283251,639.745367,649.603899,
78,phase3,77,pair_078,1.299928,639.762044,649.620576,
79,phase3,77,pair_078,1.316613,639.778729,649.637261,
80,phase3,77,pair_078,1.333255,639.795371,649.653903,
81,phase3,77,pair_078,1.349941,639.812057,649.670589,
82,phase3,77,pair_078,1.366584,639.8287,649.687232,
83,phase3,77,pair_078,1.38327,639.845386,649.703919,
84,phase3,77,pair_078,1.399904,639.862021,649.720553,
85,phase3,77,pair_078,1.416699,639.878817,649.737348,
86,phase3,77,pair_078,1.433261,639.895377,649.753909,
87,phase3,77,pair_078,1.449909,639.912025,649.770557,
88,phase3,77,pair_078,1.466649,639.928777,649.787297,
89,phase3,77,pair_078,1.483247,639.945363,649.803895,
90,phase3,77,pair_078,1.500226,639.962342,649.820874,
91,phase3,77,pair_078,1.517031,639.979147,649.837679,
92,phase3,77,pair_078,1.533348,639.995464,649.853996,
93,phase3,77,pair_078,1.550016,640.012132,649.870664,
94,phase3,77,pair_078,1.566715,640.028834,649.887363,
95,phase3,77,pair_078,1.583688,640.045804,649.904336,
96,phase3,77,pair_078,1.600062,640.062178,649.92071,
97,phase3,77,pair_078,1.6167,640.078816,649.937348,
98,phase3,77,pair_078,1.633385,640.095501,649.954033,
99,phase3,77,pair_078,1.650375,640.112492,649.971024,
100,phase3,77,pair_078,1.666733,640.128849,649.987381,
101,phase3,77,pair_078,1.683389,640.145505,650.004037,
102,phase3,77,pair_078,1.700089,640.162206,650.020738,
103,phase3,77,pair_078,1.717046,640.179165,650.037694,
104,phase3,77,pair_078,1.733398,640.195514,650.054046,
105,phase3,77,pair_078,1.750079,640.212195,650.070727,
106,phase3,77,pair_078,1.766698,640.228814,650.087346,
107,phase3,77,pair_078,1.783424,640.245552,650.104073,
108,phase3,77,pair_078,1.80007,640.262186,650.120718,
109,phase3,77,pair_078,1.816736,640.278852,650.137385,
110,phase3,77,pair_078,1.833348,640.295464,650.153996,
111,phase3,77,pair_078,1.849991,640.312108,650.17064,
112,phase3,77,pair_078,1.867027,640.329144,650.187676,
113,phase3,77,pair_078,1.883374,640.34549,650.204023,
114,phase3,77,pair_078,1.900119,640.362235,650.220768,
115,phase3,77,pair_078,1.917051,640.379167,650.237699,
116,phase3,77,pair_078,1.933708,640.395827,650.254356,
117,phase3,77,pair_078,1.95005,640.412168,650.270699,
118,phase3,77,pair_078,1.966719,640.428836,650.287368,
119,phase3,77,pair_078,1.983689,640.445805,650.304337,
120,phase3,77,pair_078,2.000355,640.462471,650.321004,
121,phase3,77,pair_078,2.016727,640.478842,650.337375,
122,phase3,77,pair_078,2.033648,640.495764,650.354296,
123,phase3,77,pair_078,2.050305,640.512429,650.370953,
124,phase3,77,pair_078,2.067048,640.529164,650.387696,
125,phase3,77,pair_078,2.083349,640.545465,650.403997,
126,phase3,77,pair_078,2.099997,640.562114,650.420646,
127,phase3,77,pair_078,2.11678,640.578897,650.437429,
128,phase3,77,pair_078,2.13336,640.595477,650.454008,
129,phase3,77,pair_078,2.150045,640.612161,650.470693,
130,phase3,77,pair_078,2.166698,640.628814,650.487346,
131,phase3,77,pair_078,2.183431,640.645547,650.504079,
132,phase3,77,pair_078,2.200033,640.66215,650.520681,
133,phase3,77,pair_078,2.216639,640.678755,650.537287,
134,phase3,77,pair_078,2.233336,640.695452,650.553984,
135,phase3,77,pair_078,2.250018,640.712134,650.570667,
136,phase3,77,pair_078,2.266954,640.72907,650.587602,
137,phase3,77,pair_078,2.28336,640.745476,650.604008,
138,phase3,77,pair_078,2.300021,640.762138,650.62067,
139,phase3,77,pair_078,2.316701,640.778817,650.637349,
140,phase3,77,pair_078,2.333692,640.795808,650.65434,
141,phase3,77,pair_078,2.350342,640.812458,650.67099,
142,phase3,77,pair_078,2.366721,640.828837,650.68737,
143,phase3,77,pair_078,2.383351,640.84547,650.703999,
144,phase3,77,pair_078,2.400267,640.862383,650.720915,
145,phase3,77,pair_078,2.416687,640.878803,650.737336,
146,phase3,77,pair_078,2.433349,640.895465,650.753997,
147,phase3,77,pair_078,2.450003,640.91212,650.770652,
148,phase3,77,pair_078,2.466699,640.928816,650.787347,
149,phase3,77,pair_078,2.483331,640.945447,650.803979,
150,phase3,77,pair_078,2.500044,640.96216,650.820692,
151,phase3,77,pair_078,2.516663,640.978779,650.837312,
152,phase3,77,pair_078,2.533398,640.995513,650.854046,
153,phase3,77,pair_078,2.550366,641.012482,650.871014,
154,phase3,77,pair_078,2.566698,641.028813,650.887346,
155,phase3,77,pair_078,2.583358,641.045474,650.904007,
156,phase3,77,pair_078,2.600061,641.062177,650.920709,
157,phase3,77,pair_078,2.616678,641.078794,650.937326,
158,phase3,77,pair_078,2.633643,641.095963,650.954291,
159,phase3,77,pair_078,2.650014,641.112129,650.970662,
160,phase3,77,pair_078,2.666674,641.128794,650.987323,
161,phase3,77,pair_078,2.683359,641.145476,651.004007,
162,phase3,77,pair_078,2.700273,641.162389,651.020921,
163,phase3,77,pair_078,2.716649,641.178764,651.037297,
164,phase3,77,pair_078,2.733394,641.19551,651.054042,
165,phase3,77,pair_078,2.749991,641.212107,651.070639,
166,phase3,77,pair_078,2.766634,641.22875,651.087282,
167,phase3,77,pair_078,2.783282,641.245398,651.10393,
168,phase3,77,pair_078,2.800005,641.262121,651.120653,
169,phase3,77,pair_078,2.816658,641.278774,651.137306,
170,phase3,77,pair_078,2.833323,641.295439,651.153971,
171,phase3,77,pair_078,2.849987,641.312103,651.170636,
172,phase3,77,pair_078,2.866679,641.328795,651.187327,
173,phase3,77,pair_078,2.883414,641.34553,651.204062,
174,phase3,77,pair_078,2.899935,641.362053,651.220583,
175,phase3,77,pair_078,2.916687,641.378803,651.237335,
176,phase3,77,pair_078,2.933358,641.395474,651.254006,
177,phase3,77,pair_078,2.95,641.412116,651.270648,
178,phase3,77,pair_078,2.96663,641.428746,651.287278,
179,phase3,77,pair_078,2.983643,641.445759,651.304291,
180,phase3,77,pair_078,3.000019,641.462135,651.320667,
181,phase3,77,pair_078,3.016674,641.478789,651.337322,
182,phase3,77,pair_078,3.033307,641.495422,651.353955,
183,phase3,77,pair_078,3.050302,641.512418,651.370951,
184,phase3,77,pair_078,3.066728,641.528844,651.387377,
185,phase3,77,pair_078,3.083351,641.545467,651.404,
186,phase3,77,pair_078,3.10001,641.562126,651.420658,
187,phase3,77,pair_078,3.116987,641.579103,651.437636,
188,phase3,77,pair_078,3.133361,641.59548,651.45401,
189,phase3,77,pair_078,3.150022,641.612138,651.470671,
190,phase3,77,pair_078,3.166672,641.628788,651.48732,
191,phase3,77,pair_078,3.183318,641.645434,651.503966,
192,phase3,77,pair_078,3.200014,641.66213,651.520662,
193,phase3,77,pair_078,3.216643,641.678759,651.537292,
194,phase3,77,pair_078,3.233343,641.695459,651.553992,
195,phase3,77,pair_078,3.250356,641.712472,651.571005,
196,phase3,77,pair_078,3.266638,641.728754,651.587287,
197,phase3,77,pair_078,3.283353,641.745472,651.604001,
198,phase3,77,pair_078,3.300063,641.762179,651.620711,
199,phase3,77,pair_078,3.31665,641.778765,651.637298,
200,phase3,77,pair_078,3.333347,641.795463,651.653995,
201,phase3,77,pair_078,3.34994,641.812055,651.670588,
202,phase3,77,pair_078,3.366677,641.828793,651.687326,
203,phase3,77,pair_078,3.383336,641.845452,651.703984,
204,phase3,77,pair_078,3.400017,641.862133,651.720665,
205,phase3,77,pair_078,3.416673,641.878789,651.737321,
206,phase3,77,pair_078,3.433252,641.895367,651.7539,
207,phase3,77,pair_078,3.450315,641.912431,651.770964,
208,phase3,77,pair_078,3.466958,641.929074,651.787606,
209,phase3,77,pair_078,3.483332,641.945447,651.80398,
210,phase3,77,pair_078,3.499929,641.962045,651.820577,
211,phase3,77,pair_078,3.516673,641.978793,651.837321,
212,phase3,77,pair_078,3.533633,641.995749,651.854282,
213,phase3,77,pair_078,3.549977,642.012092,651.870625,
214,phase3,77,pair_078,3.566967,642.029083,651.887615,
215,phase3,77,pair_078,3.583373,642.045489,651.904021,
216,phase3,77,pair_078,3.600313,642.062429,651.920961,
217,phase3,77,pair_078,3.616608,642.078724,651.937256,
218,phase3,77,pair_078,3.63334,642.095456,651.953988,
219,phase3,77,pair_078,3.649927,642.112043,651.970575,
220,phase3,77,pair_078,3.666963,642.129079,651.987611,
221,phase3,77,pair_078,3.683553,642.145669,652.004201,
222,phase3,77,pair_078,3.699972,642.162088,652.020621,
223,phase3,77,pair_078,3.716685,642.178821,652.037334,
224,phase3,77,pair_078,3.733647,642.195763,652.054295,
225,phase3,77,pair_078,3.749972,642.21209,652.07062,
226,phase3,77,pair_078,3.766588,642.228704,652.087236,
227,phase3,77,pair_078,3.783378,642.245494,652.104026,
228,phase3,77,pair_078,3.799908,642.262024,652.120556,
229,phase3,77,pair_078,3.816925,642.279041,652.137573,
230,phase3,77,pair_078,3.833296,642.295412,652.153944,
231,phase3,77,pair_078,3.850018,642.312134,652.170666,
232,phase3,77,pair_078,3.866576,642.328692,652.187224,
233,phase3,77,pair_078,3.883612,642.345728,652.20426,
234,phase3,77,pair_078,3.899983,642.362099,652.220631,
235,phase3,77,pair_078,3.916635,642.37875,652.237283,
236,phase3,77,pair_078,3.93322,642.395336,652.253868,
237,phase3,77,pair_078,3.950278,642.412394,652.270927,
238,phase3,77,pair_078,3.966627,642.428742,652.287275,
239,phase3,77,pair_078,3.983532,642.445648,652.30418,
240,phase3,77,pair_078,3.999954,642.46207,652.320602,
241,phase3,77,pair_078,4.016951,642.479067,652.3376,
242,phase3,77,pair_078,4.033276,642.495392,652.353924,
243,phase3,77,pair_078,4.049956,642.512072,652.370604,
244,phase3,77,pair_078,4.066697,642.528813,652.387345,
245,phase3,77,pair_078,4.083647,642.545762,652.404295,
246,phase3,77,pair_078,4.099965,642.562081,652.420613,
247,phase3,77,pair_078,4.116685,642.578801,652.437334,
248,phase3,77,pair_078,4.133355,642.595471,652.454003,
249,phase3,77,pair_078,4.149939,642.612055,652.470587,
250,phase3,77,pair_078,4.166939,642.629055,652.487587,
251,phase3,77,pair_078,4.18331,642.645427,652.503959,
252,phase3,77,pair_078,4.19996,642.662077,652.520609,
253,phase3,77,pair_078,4.216508,642.678641,652.537156,
254,phase3,77,pair_078,4.233268,642.695395,652.553916,
255,phase3,77,pair_078,4.250255,642.712378,652.570903,
256,phase3,77,pair_078,4.266666,642.728785,652.587314,
257,phase3,77,pair_078,4.283603,642.745721,652.604251,
258,phase3,77,pair_078,4.299913,642.76203,652.620561,
259,phase3,77,pair_078,4.316633,642.778749,652.637281,
260,phase3,77,pair_078,4.333828,642.795988,652.654476,
261,phase3,77,pair_078,4.350206,642.812322,652.670854,
262,phase3,77,pair_078,4.366945,642.829061,652.687593,
263,phase3,77,pair_078,4.383253,642.84537,652.703901,
264,phase3,77,pair_078,4.399973,642.862089,652.720621,
265,phase3,77,pair_078,4.41662,642.87874,652.737268,
266,phase3,77,pair_078,4.433626,642.895742,652.754274,
267,phase3,77,pair_078,4.449964,642.91208,652.770612,
268,phase3,77,pair_078,4.466606,642.928722,652.787254,
269,phase3,77,pair_078,4.4833,642.945416,652.803948,
270,phase3,77,pair_078,4.50028,642.962396,652.820928,
271,phase3,77,pair_078,4.516618,642.978734,652.837266,
272,phase3,77,pair_078,4.533296,642.995412,652.853944,
273,phase3,77,pair_078,4.550003,643.012119,652.870652,
274,phase3,77,pair_078,4.566601,643.028716,652.887249,
275,phase3,77,pair_078,4.583592,643.045709,652.90424,
276,phase3,77,pair_078,4.599919,643.062035,652.920568,
277,phase3,77,pair_078,4.616682,643.078824,652.93733,
278,phase3,77,pair_078,4.633246,643.095362,652.953894,
279,phase3,77,pair_078,4.650253,643.112369,652.970901,
280,phase3,77,pair_078,4.666664,643.12878,652.987312,
281,phase3,77,pair_078,4.683258,643.145374,653.003906,
282,phase3,77,pair_078,4.699865,643.161984,653.020513,
283,phase3,77,pair_078,4.716573,643.178689,653.037221,
284,phase3,77,pair_078,4.733292,643.195408,653.053941,
285,phase3,77,pair_078,4.749965,643.212081,653.070613,
286,phase3,77,pair_078,4.766571,643.228687,653.08722,
287,phase3,77,pair_078,4.783594,643.24571,653.104242,
288,phase3,77,pair_078,4.799962,643.262078,653.12061,
289,phase3,77,pair_078,4.816597,643.278714,653.137246,
290,phase3,77,pair_078,4.833323,643.295439,653.153971,
291,phase3,77,pair_078,4.849922,643.312038,653.17057,
292,phase3,77,pair_078,4.86658,643.328696,653.187228,
293,phase3,77,pair_078,4.883262,643.345378,653.20391,
294,phase3,77,pair_078,4.899926,643.362041,653.220574,
295,phase3,77,pair_078,4.916598,643.378714,653.237246,
296,phase3,77,pair_078,4.933566,643.395682,653.254214,
297,phase3,77,pair_078,4.949952,643.412068,653.2706,
298,phase3,77,pair_078,4.966592,643.428708,653.28724,
299,phase3,77,pair_078,5.183287,643.645402,653.503935,
300,phase3,77,pair_078,5.200227,643.662345,653.520875,
301,phase3,77,pair_078,5.216615,643.678731,653.537263,
302,phase3,77,pair_078,5.2332,643.695317,653.553849,
303,phase3,77,pair_078,5.249939,643.712055,653.570588,
304,phase3,77,pair_078,5.266546,643.728662,653.587194,
305,phase3,77,pair_078,5.283244,643.745361,653.603893,
306,phase3,77,pair_078,5.299934,643.76205,653.620582,
307,phase3,77,pair_078,5.316637,643.778753,653.637286,
308,phase3,77,pair_078,5.333577,643.795693,653.654225,
309,phase3,77,pair_078,5.349926,643.812042,653.670574,
310,phase3,77,pair_078,5.366605,643.828721,653.687253,
311,phase3,77,pair_078,5.383279,643.845395,653.703927,
312,phase3,77,pair_078,5.40024,643.862356,653.720888,
313,phase3,77,pair_078,5.416539,643.878655,653.737187,
314,phase3,77,pair_078,5.433239,643.895355,653.753887,
315,phase3,77,pair_078,5.450334,643.912451,653.770983,
316,phase3,77,pair_078,5.466685,643.928801,653.787333,
317,phase3,77,pair_078,5.483358,643.945478,653.804006,
318,phase3,77,pair_078,5.50002,643.962136,653.820668,
319,phase3,77,pair_078,5.51701,643.97915,653.837658,
320,phase3,77,pair_078,5.533364,643.99548,653.854013,
321,phase3,77,pair_078,5.550024,644.012142,653.870672,
322,phase3,77,pair_078,5.5667,644.028815,653.887348,
323,phase3,77,pair_078,5.583676,644.045792,653.904325,
324,phase3,77,pair_078,5.600046,644.062162,653.920694,
325,phase3,77,pair_078,5.616701,644.078817,653.937349,
326,phase3,77,pair_078,5.633427,644.095543,653.954075,
327,phase3,77,pair_078,5.65033,644.112449,653.970978,
328,phase3,77,pair_078,5.66666,644.128776,653.987308,
329,phase3,77,pair_078,5.683352,644.14547,654.004,
330,phase3,77,pair_078,5.700057,644.162174,654.020705,
331,phase3,77,pair_078,5.717014,644.17913,654.037662,
332,phase3,77,pair_078,5.733378,644.195496,654.054026,
333,phase3,77,pair_078,5.750027,644.212143,654.070675,
334,phase3,77,pair_078,5.766707,644.228823,654.087355,
335,phase3,77,pair_078,5.783712,644.245828,654.10436,
336,phase3,77,pair_078,5.80005,644.262166,654.120698,
337,phase3,77,pair_078,5.916712,644.378828,654.23736,
338,phase3,77,pair_078,5.933304,644.39542,654.253952,
339,phase3,77,pair_078,5.950028,644.412147,654.270676,
340,phase3,77,pair_078,5.96666,644.428802,654.287308,
341,phase3,77,pair_078,5.983675,644.445792,654.304324,
342,phase3,77,pair_078,6.000335,644.462451,654.320983,
343,phase3,77,pair_078,6.016676,644.478792,654.337324,
344,phase3,77,pair_078,6.033337,644.495454,654.353985,
345,phase3,77,pair_078,6.049958,644.512074,654.370606,
346,phase3,77,pair_078,6.066985,644.529101,654.387633,
347,phase3,77,pair_078,6.083347,644.545465,654.403995,
348,phase3,77,pair_078,6.1,644.562117,654.420648,
349,phase3,77,pair_078,6.116634,644.578751,654.437282,
350,phase3,77,pair_078,6.133337,644.595453,654.453985,
351,phase3,77,pair_078,6.150291,644.612408,654.47094,
352,phase3,77,pair_078,6.166668,644.628784,654.487316,
353,phase3,77,pair_078,6.1833,644.645416,654.503948,
354,phase3,77,pair_078,6.199959,644.662075,654.520607,
355,phase3,77,pair_078,6.216685,644.678801,654.537333,
356,phase3,77,pair_078,6.23334,644.695457,654.553988,
357,phase3,77,pair_078,6.250025,644.712141,654.570673,
358,phase3,77,pair_078,6.266973,644.72909,654.587622,
359,phase3,77,pair_078,6.28332,644.745439,654.603969,
360,phase3,77,pair_078,6.300001,644.762118,654.62065,
361,phase3,77,pair_078,6.316667,644.778784,654.637315,
362,phase3,77,pair_078,6.333271,644.795387,654.653919,
363,phase3,77,pair_078,6.350299,644.812416,654.670947,
364,phase3,77,pair_078,6.366684,644.828803,654.687332,
365,phase3,77,pair_078,6.383363,644.845481,654.704011,
366,phase3,77,pair_078,6.399994,644.862111,654.720643,
367,phase3,77,pair_078,6.41698,644.879096,654.737628,
368,phase3,77,pair_078,6.433329,644.895446,654.753977,
369,phase3,77,pair_078,6.450015,644.912133,654.770663,
370,phase3,77,pair_078,6.466727,644.928844,654.787376,
371,phase3,77,pair_078,6.483319,644.945436,654.803968,
372,phase3,77,pair_078,6.499945,644.962061,654.820593,
373,phase3,77,pair_078,6.516648,644.978764,654.837296,
374,phase3,77,pair_078,6.533404,644.99552,654.854052,
375,phase3,77,pair_078,6.550334,645.012451,654.870982,
376,phase3,77,pair_078,6.566655,645.028774,654.887303,
377,phase3,77,pair_078,6.58338,645.045514,654.904028,
378,phase3,77,pair_078,6.600371,645.062496,654.921019,
379,phase3,77,pair_078,6.616995,645.079117,654.937643,
380,phase3,77,pair_078,6.63334,645.095466,654.953989,
381,phase3,77,pair_078,6.649988,645.112106,654.970636,
382,phase3,77,pair_078,6.666688,645.128805,654.987336,
383,phase3,77,pair_078,6.683622,645.145739,655.00427,
384,phase3,77,pair_078,6.700294,645.16241,655.020942,
385,phase3,77,pair_078,6.716674,645.178791,655.037322,
386,phase3,77,pair_078,6.733389,645.195506,655.054038,
387,phase3,77,pair_078,6.750002,645.212119,655.070651,
388,phase3,77,pair_078,6.849863,645.311979,655.170511,
389,phase3,77,pair_078,6.86672,645.328837,655.187368,
390,phase3,77,pair_078,6.883278,645.345395,655.203927,
391,phase3,77,pair_078,6.900331,645.362447,655.220979,
392,phase3,77,pair_078,6.916616,645.378732,655.237264,
393,phase3,77,pair_078,6.933268,645.395385,655.253917,
394,phase3,77,pair_078,6.949958,645.412075,655.270606,
395,phase3,77,pair_078,6.966643,645.42876,655.287292,
396,phase3,77,pair_078,6.983306,645.445422,655.303954,
397,phase3,77,pair_078,6.999969,645.462085,655.320617,
398,phase3,77,pair_078,7.016693,645.478826,655.337341,
399,phase3,77,pair_078,7.033298,645.495415,655.353946,
400,phase3,77,pair_078,7.050276,645.512393,655.370925,
401,phase3,77,pair_078,7.06665,645.528766,655.387298,
402,phase3,77,pair_078,7.083234,645.54535,655.403882,
403,phase3,77,pair_078,7.100254,645.56237,655.420902,
404,phase3,77,pair_078,7.116915,645.579032,655.437564,
405,phase3,77,pair_078,7.133291,645.595407,655.453939,
406,phase3,77,pair_078,7.150025,645.612142,655.470674,
407,phase3,77,pair_078,7.166656,645.628772,655.487304,
408,phase3,77,pair_078,7.183593,645.645709,655.504241,
409,phase3,77,pair_078,7.199978,645.662094,655.520626,
410,phase3,77,pair_078,7.216662,645.678779,655.537311,
411,phase3,77,pair_078,7.233223,645.69534,655.553872,
412,phase3,77,pair_078,7.250274,645.712391,655.570923,
413,phase3,77,pair_078,7.266597,645.728713,655.587245,
414,phase3,77,pair_078,7.283325,645.745451,655.603973,
415,phase3,77,pair_078,7.299957,645.762073,655.620605,
416,phase3,77,pair_078,7.316968,645.779088,655.637616,
417,phase3,77,pair_078,7.333304,645.79542,655.653952,
418,phase3,77,pair_078,7.349975,645.812092,655.670624,
419,phase3,77,pair_078,7.366577,645.828693,655.687225,
420,phase3,77,pair_078,7.383272,645.845388,655.70392,
421,phase3,77,pair_078,7.400252,645.862368,655.7209,
422,phase3,77,pair_078,7.416605,645.878724,655.737254,
423,phase3,77,pair_078,7.433303,645.895419,655.753951,
424,phase3,77,pair_078,7.449931,645.912049,655.770579,
425,phase3,77,pair_078,7.54996,646.012078,655.870609,
426,phase3,77,pair_078,7.566642,646.028759,655.88729,
427,phase3,77,pair_078,7.5836,646.045716,655.904248,
428,phase3,77,pair_078,7.60028,646.062396,655.920928,
429,phase3,77,pair_078,7.616634,646.07875,655.937282,
430,phase3,77,pair_078,7.633282,646.095398,655.95393,
431,phase3,77,pair_078,7.650195,646.112312,655.970844,
432,phase3,77,pair_078,7.666588,646.128705,655.987237,
433,phase3,77,pair_078,7.683264,646.14538,656.003912,
434,phase3,77,pair_078,7.699969,646.162085,656.020617,
435,phase3,77,pair_078,7.716664,646.178781,656.037312,
436,phase3,77,pair_078,7.733298,646.195415,656.053946,
437,phase3,77,pair_078,7.750236,646.212352,656.070884,
438,phase3,77,pair_078,7.766574,646.228691,656.087223,
439,phase3,77,pair_078,7.783276,646.245392,656.103924,
440,phase3,77,pair_078,7.799941,646.262061,656.120589,
441,phase3,77,pair_078,7.816551,646.278668,656.1372,
442,phase3,77,pair_078,7.833284,646.295403,656.153932,
443,phase3,77,pair_078,7.849909,646.312027,656.170557,
444,phase3,77,pair_078,7.866935,646.329053,656.187583,
445,phase3,77,pair_078,7.883569,646.345686,656.204217,
446,phase3,77,pair_078,7.899941,646.362059,656.220589,
447,phase3,77,pair_078,7.916645,646.378783,656.237294,
448,phase3,77,pair_078,7.9336,646.395717,656.254248,
449,phase3,77,pair_078,7.950269,646.412387,656.270917,
450,phase3,77,pair_078,7.966623,646.428739,656.287271,
451,phase3,77,pair_078,7.983305,646.445421,656.303953,
452,phase3,77,pair_078,7.99992,646.462037,656.320568,
453,phase3,77,pair_078,8.01693,646.479046,656.337578,
454,phase3,77,pair_078,8.033289,646.495406,656.353937,
455,phase3,77,pair_078,8.049941,646.512063,656.370589,
456,phase3,77,pair_078,-638.462376,646.512129,9.858273,response
