frame_idx,phase,trial_id,stim_pair_id,elapsed_time,global_time,flip_time,event_marker
0,phase1,7,pair_008,0.0,815.394312,825.252839,stimulus_onset
1,phase1,7,pair_008,0.016583,815.410892,825.269422,
2,phase1,7,pair_008,0.033605,815.427912,825.286445,
3,phase1,7,pair_008,0.04995,815.444256,825.302789,
4,phase1,7,pair_008,0.066632,815.460938,825.319471,
5,phase1,7,pair_008,0.083279,815.477587,825.336118,
6,phase1,7,pair_008,0.09989,815.494198,825.352729,
7,phase1,7,pair_008,0.116603,815.510909,825.369442,
8,phase1,7,pair_008,0.133291,815.527618,825.386131,
9,phase1,7,pair_008,0.149912,815.544218,825.402752,
10,phase1,7,pair_008,0.166533,815.560839,825.419373,
11,phase1,7,pair_008,0.183231,815.577537,825.43607,
12,phase1,7,pair_008,0.199907,815.594213,825.452747,
13,phase1,7,pair_008,0.216581,815.610891,825.46942,
14,phase1,7,pair_008,0.233236,815.627542,825.486075,
15,phase1,7,pair_008,0.249914,815.64422,825.502753,
16,phase1,7,pair_008,0.266601,815.660907,825.51944,
17,phase1,7,pair_008,0.283242,815.677548,825.536082,
18,phase1,7,pair_008,0.299918,815.694224,825.552758,
19,phase1,7,pair_008,0.316593,815.710899,825.569433,
20,phase1,7,pair_008,0.333251,815.727557,825.586091,
21,phase1,7,pair_008,0.349911,815.744217,825.602751,
22,phase1,7,pair_008,0.366604,815.760911,825.619443,
23,phase1,7,pair_008,0.383225,815.777531,825.636064,
24,phase1,7,pair_008,0.399943,815.794249,825.652782,
25,phase1,7,pair_008,0.41659,815.810897,825.66943,
26,phase1,7,pair_008,0.433232,815.827538,825.686071,
27,phase1,7,pair_008,0.449887,815.844193,825.702727,
28,phase1,7,pair_008,0.466571,815.860877,825.71941,
29,phase1,7,pair_008,0.48324,815.877545,825.736079,
30,phase1,7,pair_008,0.499911,815.894217,825.75275,
31,phase1,7,pair_008,0.516558,815.910864,825.769398,
32,phase1,7,pair_008,0.533225,815.927531,825.786065,
33,phase1,7,pair_008,0.549896,815.944202,825.802736,
34,phase1,7,pair_008,0.566536,815.960841,825.819375,
35,phase1,7,pair_008,0.583215,815.977521,825.836054,
36,phase1,7,pair_008,0.599903,815.994209,825.852743,
37,phase1,7,pair_008,0.616543,816.010848,825.869382,
38,phase1,7,pair_008,0.633183,816.027488,825.886022,
39,phase1,7,pair_008,0.649872,816.044178,825.902712,
40,phase1,7,pair_008,0.66657,816.060876,825.919409,
41,phase1,7,pair_008,0.683231,816.077536,825.93607,
42,phase1,7,pair_008,0.699904,816.09421,825.952744,
43,phase1,7,pair_008,0.716546,816.110852,825.969386,
44,phase1,7,pair_008,0.733207,816.127513,825.986046,
45,phase1,7,pair_008,0.749884,816.14419,826.002724,
46,phase1,7,pair_008,0.766573,816.160878,826.019412,
47,phase1,7,pair_008,0.78321,816.177516,826.03605,
48,phase1,7,pair_008,0.799873,816.194179,826.052712,
49,phase1,7,pair_008,0.816551,816.210856,826.06939,
50,phase1,7,pair_008,0.833202,816.227507,826.086041,
51,phase1,7,pair_008,0.849879,816.244184,826.102718,
52,phase1,7,pair_008,0.866542,816.260848,826.119381,
53,phase1,7,pair_008,0.883209,816.277515,826.136049,
54,phase1,7,pair_008,0.899891,816.294197,826.152731,
55,phase1,7,pair_008,0.916553,816.310858,826.169392,
56,phase1,7,pair_008,0.933217,816.327523,826.186056,
57,phase1,7,pair_008,0.949865,816.34417,826.202704,
58,phase1,7,pair_008,0.966549,816.360855,826.219389,
59,phase1,7,pair_008,0.983226,816.377531,826.236065,
60,phase1,7,pair_008,0.999868,816.394174,826.252707,
61,phase1,7,pair_008,1.016543,816.410848,826.269382,
62,phase1,7,pair_008,1.033199,816.427505,826.286039,
63,phase1,7,pair_008,1.049875,816.444181,826.302714,
64,phase1,7,pair_008,1.066542,816.460848,826.319382,
65,phase1,7,pair_008,1.083198,816.477504,826.336038,
66,phase1,7,pair_008,1.099859,816.494164,826.352698,
67,phase1,7,pair_008,1.116541,816.510847,826.369381,
68,phase1,7,pair_008,1.133201,816.527507,826.386041,
69,phase1,7,pair_008,1.149855,816.544161,826.402695,
70,phase1,7,pair_008,1.166536,816.560842,826.419375,
71,phase1,7,pair_008,1.183219,816.577524,826.436058,
72,phase1,7,pair_008,1.199859,816.594164,826.452698,
73,phase1,7,pair_008,1.216523,816.610829,826.469363,
74,phase1,7,pair_008,1.233185,816.627493,826.486024,
75,phase1,7,pair_008,1.249827,816.644133,826.502666,
76,phase1,7,pair_008,1.266477,816.660783,826.519316,
77,phase1,7,pair_008,1.283152,816.677458,826.535992,
78,phase1,7,pair_008,1.299815,816.694124,826.552654,
79,phase1,7,pair_008,1.316546,816.710853,826.569386,
80,phase1,7,pair_008,1.333155,816.727461,826.585995,
81,phase1,7,pair_008,1.349854,816.74416,826.602694,
82,phase1,7,pair_008,1.366497,816.760804,826.619336,
83,phase1,7,pair_008,1.383145,816.777454,826.635985,
84,phase1,7,pair_008,1.399844,816.794152,826.652684,
85,phase1,7,pair_008,1.416482,816.81079,826.669322,
86,phase1,7,pair_008,1.43318,816.827491,826.686019,
87,phase1,7,pair_008,1.449907,816.844217,826.702747,
88,phase1,7,pair_008,1.466489,816.860797,826.719328,
89,phase1,7,pair_008,1.48317,816.877477,826.736009,
90,phase1,7,pair_008,1.499832,816.894146,826.752671,
91,phase1,7,pair_008,1.516515,816.910831,826.769355,
92,phase1,7,pair_008,1.533143,816.927457,826.785983,
93,phase1,7,pair_008,1.549792,816.944103,826.802631,
94,phase1,7,pair_008,1.566456,816.960766,826.819295,
95,phase1,7,pair_008,1.583132,816.977441,826.835971,
96,phase1,7,pair_008,1.599777,816.994087,826.852616,
97,phase1,7,pair_008,1.616464,817.010774,826.869304,
98,phase1,7,pair_008,1.633146,817.027455,826.885985,
99,phase1,7,pair_008,1.649838,817.044147,826.902677,
100,phase1,7,pair_008,1.666468,817.060776,826.919308,
101,phase1,7,pair_008,1.683154,817.077466,826.935993,
102,phase1,7,pair_008,1.699819,817.09413,826.952658,
103,phase1,7,pair_008,1.716482,817.110793,826.969322,
104,phase1,7,pair_008,1.733235,817.127546,826.986075,
105,phase1,7,pair_008,1.74996,817.144268,827.002799,
106,phase1,7,pair_008,1.766536,817.160843,827.019375,
107,phase1,7,pair_008,1.783223,817.177529,827.036062,
108,phase1,7,pair_008,1.7999,817.194206,827.052739,
109,phase1,7,pair_008,1.81661,817.210916,827.069449,
110,phase1,7,pair_008,1.833208,817.227515,827.086048,
111,phase1,7,pair_008,1.849893,817.244199,827.102732,
112,phase1,7,pair_008,1.866646,817.260952,827.119486,
113,phase1,7,pair_008,1.88363,817.277936,827.13647,
114,phase1,7,pair_008,1.899931,817.294237,827.15277,
115,phase1,7,pair_008,1.916645,817.310951,827.169485,
116,phase1,7,pair_008,1.933315,817.327621,827.186154,
117,phase1,7,pair_008,1.95029,817.3446,827.203129,
118,phase1,7,pair_008,1.96667,817.360976,827.219509,
119,phase1,7,pair_008,1.983295,817.377601,827.236134,
120,phase1,7,pair_008,1.999981,817.39429,827.25282,
121,phase1,7,pair_008,2.016948,817.411254,827.269787,
122,phase1,7,pair_008,2.033318,817.427623,827.286157,
123,phase1,7,pair_008,2.049966,817.444272,827.302806,
124,phase1,7,pair_008,2.066696,817.461003,827.319535,
125,phase1,7,pair_008,2.08327,817.477577,827.336109,
126,phase1,7,pair_008,2.099958,817.494264,827.352798,
127,phase1,7,pair_008,2.116653,817.510963,827.369493,
128,phase1,7,pair_008,2.133308,817.527613,827.386147,
129,phase1,7,pair_008,2.149996,817.544303,827.402835,
130,phase1,7,pair_008,2.166605,817.560911,827.419444,
131,phase1,7,pair_008,2.183296,817.577602,827.436136,
132,phase1,7,pair_008,2.200029,817.594335,827.452868,
133,phase1,7,pair_008,2.216628,817.610938,827.469467,
134,phase1,7,pair_008,2.233304,817.627609,827.486143,
135,phase1,7,pair_008,2.250003,817.644311,827.502842,
136,phase1,7,pair_008,2.266696,817.661001,827.519535,
137,phase1,7,pair_008,2.283618,817.677924,827.536457,
138,phase1,7,pair_008,2.300275,817.69458,827.553114,
139,phase1,7,pair_008,2.316597,817.710903,827.569437,
140,phase1,7,pair_008,2.33331,817.727616,827.586149,
141,phase1,7,pair_008,2.349977,817.744287,827.602816,
142,phase1,7,pair_008,2.36694,817.761246,827.61978,
143,phase1,7,pair_008,2.383334,817.777642,827.636174,
144,phase1,7,pair_008,2.399983,817.79429,827.652822,
145,phase1,7,pair_008,2.416993,817.811298,827.669832,
146,phase1,7,pair_008,2.433293,817.8276,827.686132,
147,phase1,7,pair_008,2.449994,817.8443,827.702833,
148,phase1,7,pair_008,2.466632,817.860938,827.719471,
149,phase1,7,pair_008,2.483327,817.877633,827.736166,
150,phase1,7,pair_008,2.5003,817.894606,827.75314,
151,phase1,7,pair_008,2.516623,817.910929,827.769463,
152,phase1,7,pair_008,2.533292,817.927598,827.786131,
153,phase1,7,pair_008,2.549998,817.944304,827.802838,
154,phase1,7,pair_008,2.566934,817.96124,827.819774,
155,phase1,7,pair_008,2.583584,817.97789,827.836423,
156,phase1,7,pair_008,2.599969,817.994274,827.852808,
157,phase1,7,pair_008,2.616605,818.01091,827.869444,
158,phase1,7,pair_008,2.633552,818.027858,827.886392,
159,phase1,7,pair_008,2.650243,818.044549,827.903082,
160,phase1,7,pair_008,2.666616,818.060924,827.919456,
161,phase1,7,pair_008,2.683321,818.07763,827.936161,
162,phase1,7,pair_008,2.700268,818.094574,827.953108,
163,phase1,7,pair_008,2.716935,818.11124,827.969774,
164,phase1,7,pair_008,2.733274,818.12758,827.986113,
165,phase1,7,pair_008,2.749988,818.144295,828.002827,
166,phase1,7,pair_008,2.766927,818.161232,828.019766,
167,phase1,7,pair_008,2.78332,818.177626,828.036159,
168,phase1,7,pair_008,2.799936,818.194263,828.052775,
169,phase1,7,pair_008,2.816617,818.210922,828.069456,
170,phase1,7,pair_008,2.833611,818.227916,828.08645,
171,phase1,7,pair_008,2.850267,818.244573,828.103106,
172,phase1,7,pair_008,2.866556,818.260862,828.119396,
173,phase1,7,pair_008,2.883261,818.277567,828.1361,
174,phase1,7,pair_008,2.899944,818.29425,828.152784,
175,phase1,7,pair_008,2.916942,818.311248,828.169781,
176,phase1,7,pair_008,2.9333,818.327606,828.186139,
177,phase1,7,pair_008,2.949944,818.34425,828.202784,
178,phase1,7,pair_008,2.966603,818.360909,828.219442,
179,phase1,7,pair_008,2.983588,818.377893,828.236427,
180,phase1,7,pair_008,2.999952,818.394258,828.252792,
181,phase1,7,pair_008,3.016617,818.410922,828.269456,
182,phase1,7,pair_008,3.033342,818.427647,828.286181,
183,phase1,7,pair_008,3.050277,818.444587,828.303116,
184,phase1,7,pair_008,3.066892,818.461198,828.319731,
185,phase1,7,pair_008,3.083274,818.47758,828.336113,
186,phase1,7,pair_008,3.09993,818.494237,828.352769,
187,phase1,7,pair_008,3.116664,818.510988,828.369503,
188,phase1,7,pair_008,3.133268,818.527575,828.386108,
189,phase1,7,pair_008,3.14992,818.544226,828.40276,
190,phase1,7,pair_008,3.1666,818.560906,828.419439,
191,phase1,7,pair_008,3.183216,818.577522,828.436056,
192,phase1,7,pair_008,3.200273,818.594579,828.453112,
193,phase1,7,pair_008,3.21657,818.610876,828.469409,
194,phase1,7,pair_008,3.233336,818.627642,828.486175,
195,phase1,7,pair_008,3.249883,818.644189,828.502723,
196,phase1,7,pair_008,3.266904,818.66121,828.519744,
197,phase1,7,pair_008,3.283274,818.677582,828.536113,
198,phase1,7,pair_008,3.299935,818.694241,828.552774,
199,phase1,7,pair_008,3.316548,818.710854,828.569387,
200,phase1,7,pair_008,3.333216,818.727522,828.586055,
201,phase1,7,pair_008,3.34996,818.744266,828.602799,
202,phase1,7,pair_008,3.3666,818.760906,828.619439,
203,phase1,7,pair_008,3.383363,818.777669,828.636203,
204,phase1,7,pair_008,3.39993,818.794236,828.652769,
205,phase1,7,pair_008,3.4169,818.811206,828.66974,
206,phase1,7,pair_008,3.433331,818.827637,828.68617,
207,phase1,7,pair_008,3.449988,818.844293,828.702827,
208,phase1,7,pair_008,3.466517,818.860823,828.719357,
209,phase1,7,pair_008,3.483269,818.877577,828.736108,
210,phase1,7,pair_008,3.499933,818.894239,828.752772,
211,phase1,7,pair_008,3.516621,818.910927,828.76946,
212,phase1,7,pair_008,3.533555,818.927861,828.786395,
213,phase1,7,pair_008,3.550193,818.944499,828.803033,
214,phase1,7,pair_008,3.566582,818.960888,828.819421,
215,phase1,7,pair_008,3.583222,818.97754,828.836062,
216,phase1,7,pair_008,3.599934,818.99424,828.852773,
217,phase1,7,pair_008,3.6169,819.011206,828.86974,
218,phase1,7,pair_008,3.633226,819.027531,828.886065,
219,phase1,7,pair_008,3.649943,819.044249,828.902782,
220,phase1,7,pair_008,3.666642,819.060949,828.919481,
221,phase1,7,pair_008,3.6832,819.077506,828.936039,
222,phase1,7,pair_008,3.699947,819.094253,828.952786,
223,phase1,7,pair_008,-815.394567,819.311042,9.858273,response
0,phase2,7,pair_008,0.0,820.644244,830.50277,single_opt_onset_seq1_opt4_脑
1,phase2,7,pair_008,0.016611,820.660848,830.519381,
2,phase2,7,pair_008,0.033582,820.677817,830.536352,
3,phase2,7,pair_008,0.049927,820.694162,830.552696,
4,phase2,7,pair_008,0.066651,820.710885,830.56942,
5,phase2,7,pair_008,0.083538,820.727772,830.586307,
6,phase2,7,pair_008,0.100251,820.744485,830.60302,
7,phase2,7,pair_008,0.116586,820.76082,830.619355,
8,phase2,7,pair_008,0.133309,820.777543,830.636079,
9,phase2,7,pair_008,0.149926,820.79416,830.652696,
10,phase2,7,pair_008,0.166585,820.810819,830.669354,
11,phase2,7,pair_008,0.183241,820.827475,830.686011,
12,phase2,7,pair_008,0.199974,820.844208,830.702744,
13,phase2,7,pair_008,0.216555,820.860789,830.719325,
14,phase2,7,pair_008,0.233243,820.877477,830.736013,
15,phase2,7,pair_008,0.24993,820.894163,830.752699,
16,phase2,7,pair_008,0.266607,820.910841,830.769377,
17,phase2,7,pair_008,0.283303,820.927537,830.786073,
18,phase2,7,pair_008,0.300176,820.94441,830.802946,
19,phase2,7,pair_008,0.316894,820.961128,830.819664,
20,phase2,7,pair_008,0.333224,820.977457,830.835993,
21,phase2,7,pair_008,0.349897,820.99413,830.852666,
22,phase2,7,pair_008,0.366596,821.010829,830.869365,
23,phase2,7,pair_008,0.383159,821.027393,830.885929,
24,phase2,7,pair_008,0.399935,821.044169,830.902704,
25,phase2,7,pair_008,0.416607,821.060841,830.919377,
26,phase2,7,pair_008,0.433511,821.077745,830.93628,
27,phase2,7,pair_008,0.449851,821.094277,830.952621,
28,phase2,7,pair_008,0.46657,821.110804,830.96934,
29,phase2,7,pair_008,0.483267,821.127501,830.986037,
30,phase2,7,pair_008,0.499907,821.144141,831.002677,
31,phase2,7,pair_008,0.516874,821.161108,831.019644,
32,phase2,7,pair_008,0.533246,821.17748,831.036016,
33,phase2,7,pair_008,0.550025,821.19426,831.052794,
34,phase2,7,pair_008,0.566983,821.211217,831.069752,
35,phase2,7,pair_008,0.583378,821.227612,831.086148,
36,phase2,7,pair_008,0.600004,821.244238,831.102774,
37,phase2,7,pair_008,0.616697,821.260931,831.119467,
38,phase2,7,pair_008,0.63365,821.277884,831.13642,
39,phase2,7,pair_008,0.650045,821.294279,831.152815,
40,phase2,7,pair_008,0.666638,821.310872,831.169408,
41,phase2,7,pair_008,0.683355,821.327589,831.186124,
42,phase2,7,pair_008,0.700305,821.344539,831.203075,
43,phase2,7,pair_008,0.716686,821.36092,831.219456,
44,phase2,7,pair_008,0.733363,821.377599,831.236132,
45,phase2,7,pair_008,0.750021,821.394255,831.25279,
46,phase2,7,pair_008,0.766985,821.411219,831.269755,
47,phase2,7,pair_008,0.783263,821.427497,831.286033,
48,phase2,7,pair_008,0.800033,821.444268,831.302803,
49,phase2,7,pair_008,0.816896,821.461129,831.319665,
50,phase2,7,pair_008,0.833334,821.477569,831.336103,
51,phase2,7,pair_008,0.850306,821.494539,831.353076,
52,phase2,7,pair_008,0.866671,821.510904,831.36944,
53,phase2,7,pair_008,0.883387,821.527622,831.386156,
54,phase2,7,pair_008,0.899941,821.544174,831.40271,
55,phase2,7,pair_008,0.916689,821.560922,831.419458,
56,phase2,7,pair_008,0.933343,821.577581,831.436113,
57,phase2,7,pair_008,0.950045,821.594279,831.452814,
58,phase2,7,pair_008,0.966675,821.610909,831.469444,
59,phase2,7,pair_008,0.98366,821.627894,831.48643,
60,phase2,7,pair_008,1.000017,821.644253,831.502786,
61,phase2,7,pair_008,1.0167,821.660934,831.51947,
62,phase2,7,pair_008,1.033343,821.677576,831.536112,
63,phase2,7,pair_008,1.050302,821.694535,831.553071,
64,phase2,7,pair_008,1.066666,821.710899,831.569435,
65,phase2,7,pair_008,1.083324,821.72756,831.586093,
66,phase2,7,pair_008,1.100004,821.744238,831.602773,
67,phase2,7,pair_008,1.116693,821.760931,831.619463,
68,phase2,7,pair_008,1.133347,821.777581,831.636116,
69,phase2,7,pair_008,1.150024,821.794258,831.652793,
70,phase2,7,pair_008,1.166653,821.810887,831.669423,
71,phase2,7,pair_008,1.183655,821.827889,831.686424,
72,phase2,7,pair_008,1.200007,821.844244,831.702776,
73,phase2,7,pair_008,1.216689,821.860924,831.719459,
74,phase2,7,pair_008,1.233371,821.877604,831.73614,
75,phase2,7,pair_008,1.250333,821.894567,831.753103,
76,phase2,7,pair_008,1.266664,821.910897,831.769433,
77,phase2,7,pair_008,1.283328,821.927562,831.786098,
78,phase2,7,pair_008,1.300072,821.944305,831.802841,
79,phase2,7,pair_008,1.316611,821.960845,831.819381,
80,phase2,7,pair_008,1.333331,821.977565,831.8361,
81,phase2,7,pair_008,1.349991,821.994224,831.85276,
82,phase2,7,pair_008,1.366692,822.010927,831.869462,
83,phase2,7,pair_008,1.383589,822.027823,831.886359,
84,phase2,7,pair_008,1.400282,822.044515,831.903051,
85,phase2,7,pair_008,1.416651,822.060885,831.919421,
86,phase2,7,pair_008,1.433336,822.077571,831.936106,
87,phase2,7,pair_008,1.4503,822.094534,831.95307,
88,phase2,7,pair_008,1.466956,822.11119,831.969726,
89,phase2,7,pair_008,1.483327,822.127561,831.986097,
90,phase2,7,pair_008,1.50004,822.144275,832.00281,
0,phase2,7,pair_008,0.0,822.160921,832.019453,iti_onset_dur_1.311
1,phase2,7,pair_008,0.016942,822.177859,832.036395,
2,phase2,7,pair_008,0.033276,822.194193,832.052729,
3,phase2,7,pair_008,0.049992,822.210908,832.069445,
4,phase2,7,pair_008,0.066648,822.227565,832.086101,
5,phase2,7,pair_008,0.08362,822.244536,832.103073,
6,phase2,7,pair_008,0.099957,822.260874,832.11941,
7,phase2,7,pair_008,0.116623,822.27754,832.136076,
8,phase2,7,pair_008,0.133305,822.294225,832.152757,
9,phase2,7,pair_008,0.150277,822.311194,832.16973,
10,phase2,7,pair_008,0.166648,822.327565,832.186101,
11,phase2,7,pair_008,0.183303,822.34422,832.202756,
12,phase2,7,pair_008,0.200215,822.361132,832.219668,
13,phase2,7,pair_008,0.216624,822.377545,832.236077,
14,phase2,7,pair_008,0.233586,822.394503,832.253039,
15,phase2,7,pair_008,0.249976,822.410893,832.269429,
16,phase2,7,pair_008,0.266584,822.4275,832.286037,
17,phase2,7,pair_008,0.283283,822.444199,832.302735,
18,phase2,7,pair_008,0.300254,822.461171,832.319707,
19,phase2,7,pair_008,0.316648,822.477565,832.336101,
20,phase2,7,pair_008,0.333267,822.494184,832.35272,
21,phase2,7,pair_008,0.349959,822.510876,832.369412,
22,phase2,7,pair_008,0.366936,822.527852,832.386389,
23,phase2,7,pair_008,0.383288,822.544204,832.402741,
24,phase2,7,pair_008,0.39994,822.560856,832.419392,
25,phase2,7,pair_008,0.416631,822.577552,832.436084,
26,phase2,7,pair_008,0.433603,822.59452,832.453056,
27,phase2,7,pair_008,0.449949,822.610865,832.469402,
28,phase2,7,pair_008,0.466643,822.62756,832.486095,
29,phase2,7,pair_008,0.483335,822.644251,832.502788,
30,phase2,7,pair_008,0.500278,822.661194,832.519731,
31,phase2,7,pair_008,0.516883,822.677799,832.536336,
32,phase2,7,pair_008,0.533265,822.694184,832.552718,
33,phase2,7,pair_008,0.550032,822.710949,832.569485,
34,phase2,7,pair_008,0.566607,822.727524,832.58606,
35,phase2,7,pair_008,0.583556,822.744472,832.603009,
36,phase2,7,pair_008,0.599957,822.760874,832.61941,
37,phase2,7,pair_008,0.61691,822.777827,832.636363,
38,phase2,7,pair_008,0.633569,822.794488,832.653022,
39,phase2,7,pair_008,0.650239,822.811156,832.669692,
40,phase2,7,pair_008,0.666628,822.827545,832.686081,
41,phase2,7,pair_008,0.683294,822.84421,832.702747,
42,phase2,7,pair_008,0.699914,822.860831,832.719367,
43,phase2,7,pair_008,0.716946,822.877862,832.736399,
44,phase2,7,pair_008,0.733229,822.894145,832.752682,
45,phase2,7,pair_008,0.749915,822.910832,832.769368,
46,phase2,7,pair_008,0.766861,822.927777,832.786314,
47,phase2,7,pair_008,0.783579,822.944496,832.803032,
48,phase2,7,pair_008,0.799938,822.960855,832.819391,
49,phase2,7,pair_008,0.816651,822.977569,832.836104,
50,phase2,7,pair_008,0.833317,822.994235,832.85277,
51,phase2,7,pair_008,0.849865,823.010782,832.869318,
52,phase2,7,pair_008,0.866586,823.027503,832.886039,
53,phase2,7,pair_008,0.883249,823.044165,832.902702,
54,phase2,7,pair_008,0.899931,823.060848,832.919384,
55,phase2,7,pair_008,0.916519,823.077435,832.935972,
56,phase2,7,pair_008,0.933229,823.094145,832.952682,
57,phase2,7,pair_008,0.949948,823.110865,832.969401,
58,phase2,7,pair_008,0.966601,823.127517,832.986054,
59,phase2,7,pair_008,0.983248,823.144164,833.0027,
60,phase2,7,pair_008,1.000212,823.161129,833.019665,
61,phase2,7,pair_008,1.016593,823.17751,833.036046,
62,phase2,7,pair_008,1.03329,823.194207,833.052743,
63,phase2,7,pair_008,1.049922,823.210839,833.069375,
64,phase2,7,pair_008,1.0669,823.227817,833.086353,
65,phase2,7,pair_008,1.083264,823.24418,833.102716,
66,phase2,7,pair_008,1.09993,823.260846,833.119383,
67,phase2,7,pair_008,1.116557,823.277474,833.13601,
68,phase2,7,pair_008,1.133586,823.294503,833.153039,
69,phase2,7,pair_008,1.149922,823.310844,833.169375,
70,phase2,7,pair_008,1.166866,823.327785,833.186319,
71,phase2,7,pair_008,1.183247,823.344164,833.2027,
72,phase2,7,pair_008,1.200194,823.361111,833.219647,
73,phase2,7,pair_008,1.216555,823.377472,833.236008,
74,phase2,7,pair_008,1.233213,823.394129,833.252666,
75,phase2,7,pair_008,1.249897,823.410813,833.269349,
76,phase2,7,pair_008,1.266538,823.427454,833.285991,
77,phase2,7,pair_008,1.283253,823.44417,833.302706,
78,phase2,7,pair_008,1.299938,823.460855,833.319391,
0,phase2,7,pair_008,0.0,823.477565,833.336097,single_opt_onset_seq2_opt3_圣玉
1,phase2,7,pair_008,0.016935,823.494497,833.353032,
2,phase2,7,pair_008,0.033561,823.511126,833.369658,
3,phase2,7,pair_008,0.049985,823.527546,833.386082,
4,phase2,7,pair_008,0.0666,823.544161,833.402697,
5,phase2,7,pair_008,0.083255,823.560816,833.419352,
6,phase2,7,pair_008,0.100253,823.577814,833.43635,
7,phase2,7,pair_008,0.116853,823.594414,833.45295,
8,phase2,7,pair_008,0.133261,823.610822,833.469358,
9,phase2,7,pair_008,0.149912,823.627474,833.486009,
10,phase2,7,pair_008,0.166886,823.644447,833.502983,
11,phase2,7,pair_008,0.183285,823.660846,833.519382,
12,phase2,7,pair_008,0.199934,823.677495,833.536031,
13,phase2,7,pair_008,0.216616,823.69418,833.552713,
14,phase2,7,pair_008,0.233581,823.711142,833.569678,
15,phase2,7,pair_008,0.249922,823.727483,833.586019,
16,phase2,7,pair_008,0.266844,823.744405,833.602941,
17,phase2,7,pair_008,0.283252,823.760813,833.619349,
18,phase2,7,pair_008,0.300233,823.777794,833.63633,
19,phase2,7,pair_008,0.316602,823.794163,833.652699,
20,phase2,7,pair_008,0.333237,823.810798,833.669334,
21,phase2,7,pair_008,0.350201,823.827763,833.686298,
22,phase2,7,pair_008,0.366587,823.844148,833.702684,
23,phase2,7,pair_008,0.383272,823.860833,833.719369,
24,phase2,7,pair_008,0.399916,823.877477,833.736013,
25,phase2,7,pair_008,0.416846,823.894407,833.752943,
26,phase2,7,pair_008,0.433585,823.911149,833.769682,
27,phase2,7,pair_008,0.4502,823.927761,833.786297,
28,phase2,7,pair_008,0.466623,823.944185,833.80272,
29,phase2,7,pair_008,0.483195,823.960756,833.819292,
30,phase2,7,pair_008,0.499914,823.977476,833.836011,
31,phase2,7,pair_008,0.51691,823.99447,833.853007,
32,phase2,7,pair_008,0.533271,824.010832,833.869368,
33,phase2,7,pair_008,0.549896,824.027458,833.885993,
34,phase2,7,pair_008,0.566572,824.044133,833.902669,
35,phase2,7,pair_008,0.583564,824.061126,833.919661,
36,phase2,7,pair_008,0.599975,824.077536,833.936072,
37,phase2,7,pair_008,0.616586,824.094147,833.952683,
38,phase2,7,pair_008,0.633503,824.111064,833.9696,
39,phase2,7,pair_008,0.650234,824.127795,833.986331,
40,phase2,7,pair_008,0.666588,824.144149,834.002685,
41,phase2,7,pair_008,0.683311,824.160872,834.019408,
42,phase2,7,pair_008,0.700188,824.177749,834.036285,
43,phase2,7,pair_008,0.716571,824.194132,834.052668,
44,phase2,7,pair_008,0.733287,824.210848,834.069384,
45,phase2,7,pair_008,0.749916,824.227477,834.086013,
46,phase2,7,pair_008,0.76657,824.244132,834.102667,
47,phase2,7,pair_008,0.783194,824.260755,834.119291,
48,phase2,7,pair_008,0.799889,824.27745,834.135986,
49,phase2,7,pair_008,0.816606,824.294167,834.152703,
50,phase2,7,pair_008,0.833508,824.31107,834.169605,
51,phase2,7,pair_008,0.849899,824.32746,834.185996,
52,phase2,7,pair_008,0.866576,824.344137,834.202673,
53,phase2,7,pair_008,0.883247,824.360808,834.219344,
54,phase2,7,pair_008,0.899963,824.377524,834.23606,
55,phase2,7,pair_008,0.916927,824.394488,834.253024,
56,phase2,7,pair_008,0.933549,824.41111,834.269646,
57,phase2,7,pair_008,0.949906,824.427468,834.286003,
58,phase2,7,pair_008,0.966577,824.444138,834.302674,
59,phase2,7,pair_008,0.983232,824.460793,834.319329,
60,phase2,7,pair_008,0.999894,824.477455,834.335991,
61,phase2,7,pair_008,1.01659,824.494151,834.352687,
62,phase2,7,pair_008,1.03325,824.510811,834.369347,
63,phase2,7,pair_008,1.049901,824.527462,834.385998,
64,phase2,7,pair_008,1.066887,824.544448,834.402984,
65,phase2,7,pair_008,1.083234,824.560795,834.419331,
66,phase2,7,pair_008,1.099921,824.577482,834.436018,
67,phase2,7,pair_008,1.11663,824.594191,834.452727,
68,phase2,7,pair_008,1.13319,824.610751,834.469287,
69,phase2,7,pair_008,1.149902,824.627463,834.485999,
70,phase2,7,pair_008,1.166549,824.64411,834.502646,
71,phase2,7,pair_008,1.183224,824.660785,834.519321,
72,phase2,7,pair_008,1.200213,824.677774,834.53631,
73,phase2,7,pair_008,1.21654,824.694101,834.552637,
74,phase2,7,pair_008,1.233259,824.71082,834.569356,
75,phase2,7,pair_008,1.249902,824.727463,834.585999,
76,phase2,7,pair_008,1.266855,824.744416,834.602952,
77,phase2,7,pair_008,1.283218,824.760779,834.619315,
78,phase2,7,pair_008,1.299948,824.777509,834.636045,
79,phase2,7,pair_008,1.316553,824.794114,834.65265,
80,phase2,7,pair_008,1.333525,824.811087,834.669622,
81,phase2,7,pair_008,1.349899,824.82746,834.685996,
82,phase2,7,pair_008,1.366593,824.844155,834.70269,
83,phase2,7,pair_008,1.383233,824.860794,834.71933,
84,phase2,7,pair_008,1.399892,824.877453,834.735989,
85,phase2,7,pair_008,1.416558,824.894119,834.752655,
86,phase2,7,pair_008,1.433262,824.910823,834.769359,
87,phase2,7,pair_008,1.449907,824.927468,834.786004,
88,phase2,7,pair_008,1.466802,824.944363,834.802899,
89,phase2,7,pair_008,1.483536,824.961097,834.819633,
90,phase2,7,pair_008,1.499897,824.977458,834.835994,
0,phase2,7,pair_008,0.0,824.994177,834.852711,iti_onset_dur_1.478
1,phase2,7,pair_008,0.016886,825.011061,834.869597,
2,phase2,7,pair_008,0.033261,825.027435,834.885972,
3,phase2,7,pair_008,0.049986,825.044161,834.902697,
4,phase2,7,pair_008,0.066599,825.060774,834.91931,
5,phase2,7,pair_008,0.083327,825.077502,834.936038,
6,phase2,7,pair_008,0.099891,825.094065,834.952602,
7,phase2,7,pair_008,0.116605,825.11078,834.969316,
8,phase2,7,pair_008,0.133369,825.127543,834.98608,
9,phase2,7,pair_008,0.150015,825.14419,835.002726,
10,phase2,7,pair_008,0.166714,825.160889,835.019425,
11,phase2,7,pair_008,0.183421,825.177598,835.036132,
12,phase2,7,pair_008,0.200047,825.194222,835.052758,
13,phase2,7,pair_008,0.21671,825.210886,835.069422,
14,phase2,7,pair_008,0.233351,825.227525,835.086062,
15,phase2,7,pair_008,0.250035,825.24421,835.102746,
16,phase2,7,pair_008,0.266704,825.260879,835.119415,
17,phase2,7,pair_008,0.283698,825.277873,835.136409,
18,phase2,7,pair_008,0.30004,825.294215,835.152751,
19,phase2,7,pair_008,0.316661,825.310835,835.169372,
20,phase2,7,pair_008,0.333411,825.32759,835.186123,
21,phase2,7,pair_008,0.350339,825.344513,835.20305,
22,phase2,7,pair_008,0.366701,825.360875,835.219412,
23,phase2,7,pair_008,0.383394,825.37757,835.236105,
24,phase2,7,pair_008,0.400073,825.394248,835.252784,
25,phase2,7,pair_008,0.417021,825.411199,835.269732,
26,phase2,7,pair_008,0.433347,825.427522,835.286058,
27,phase2,7,pair_008,0.450034,825.444209,835.302745,
28,phase2,7,pair_008,0.466746,825.460924,835.319458,
29,phase2,7,pair_008,0.483343,825.477518,835.336054,
30,phase2,7,pair_008,0.500048,825.494223,835.352759,
31,phase2,7,pair_008,0.516703,825.510877,835.369414,
32,phase2,7,pair_008,0.533411,825.527586,835.386122,
33,phase2,7,pair_008,0.550021,825.544196,835.402732,
34,phase2,7,pair_008,0.566733,825.560908,835.419445,
35,phase2,7,pair_008,0.583368,825.577543,835.436079,
36,phase2,7,pair_008,0.600082,825.594256,835.452793,
37,phase2,7,pair_008,0.616729,825.610904,835.46944,
38,phase2,7,pair_008,0.633342,825.627518,835.486053,
39,phase2,7,pair_008,0.650016,825.64419,835.502727,
40,phase2,7,pair_008,0.666741,825.660919,835.519452,
41,phase2,7,pair_008,0.68367,825.677845,835.536381,
42,phase2,7,pair_008,0.700341,825.694516,835.553052,
43,phase2,7,pair_008,0.716693,825.710868,835.569405,
44,phase2,7,pair_008,0.733341,825.727516,835.586052,
45,phase2,7,pair_008,0.750044,825.744219,835.602755,
46,phase2,7,pair_008,0.766984,825.761159,835.619695,
47,phase2,7,pair_008,0.783383,825.777558,835.636094,
48,phase2,7,pair_008,0.800035,825.794209,835.652746,
49,phase2,7,pair_008,0.816703,825.810877,835.669414,
50,phase2,7,pair_008,0.833683,825.827858,835.686394,
51,phase2,7,pair_008,0.850005,825.84418,835.702716,
52,phase2,7,pair_008,0.866708,825.860883,835.719419,
53,phase2,7,pair_008,0.883409,825.877584,835.73612,
54,phase2,7,pair_008,0.900018,825.894192,835.752729,
55,phase2,7,pair_008,0.916714,825.910889,835.769425,
56,phase2,7,pair_008,0.933348,825.927523,835.786059,
57,phase2,7,pair_008,0.95007,825.944245,835.802781,
58,phase2,7,pair_008,0.966643,825.960818,835.819354,
59,phase2,7,pair_008,0.983356,825.97753,835.836067,
60,phase2,7,pair_008,1.000018,825.994192,835.852729,
61,phase2,7,pair_008,1.016699,826.010874,835.86941,
62,phase2,7,pair_008,1.033367,826.027544,835.886078,
63,phase2,7,pair_008,1.050322,826.044496,835.903033,
64,phase2,7,pair_008,1.066697,826.060877,835.919408,
65,phase2,7,pair_008,1.083377,826.077552,835.936088,
66,phase2,7,pair_008,1.09998,826.094155,835.952691,
67,phase2,7,pair_008,1.117004,826.111178,835.969715,
68,phase2,7,pair_008,1.133344,826.127518,835.986055,
69,phase2,7,pair_008,1.150061,826.144237,836.002772,
70,phase2,7,pair_008,1.166692,826.160867,836.019403,
71,phase2,7,pair_008,1.183651,826.177828,836.036362,
72,phase2,7,pair_008,1.2,826.194175,836.052711,
73,phase2,7,pair_008,1.216679,826.210854,836.06939,
74,phase2,7,pair_008,1.233343,826.227517,836.086054,
75,phase2,7,pair_008,1.249985,826.24416,836.102696,
76,phase2,7,pair_008,1.266697,826.260872,836.119408,
77,phase2,7,pair_008,1.28334,826.277515,836.136051,
78,phase2,7,pair_008,1.300091,826.294265,836.152802,
79,phase2,7,pair_008,1.316663,826.310838,836.169374,
80,phase2,7,pair_008,1.333287,826.327461,836.185998,
81,phase2,7,pair_008,1.34999,826.344165,836.202701,
82,phase2,7,pair_008,1.366687,826.360866,836.219398,
83,phase2,7,pair_008,1.383323,826.377498,836.236034,
84,phase2,7,pair_008,1.400305,826.39448,836.253017,
85,phase2,7,pair_008,1.416674,826.410854,836.269385,
86,phase2,7,pair_008,1.433338,826.427513,836.286049,
87,phase2,7,pair_008,1.449999,826.444174,836.30271,
88,phase2,7,pair_008,1.466976,826.461151,836.319687,
0,phase2,7,pair_008,0.0,826.477526,836.336058,single_opt_onset_seq3_opt1_肌肉
1,phase2,7,pair_008,0.016665,826.494189,836.352724,
2,phase2,7,pair_008,0.033613,826.511137,836.369671,
3,phase2,7,pair_008,0.050297,826.52782,836.386355,
4,phase2,7,pair_008,0.066661,826.544184,836.40272,
5,phase2,7,pair_008,0.083309,826.560832,836.419367,
6,phase2,7,pair_008,0.099986,826.577509,836.436045,
7,phase2,7,pair_008,0.116961,826.594484,836.45302,
8,phase2,7,pair_008,0.133312,826.610834,836.46937,
9,phase2,7,pair_008,0.149972,826.627495,836.486031,
10,phase2,7,pair_008,0.166692,826.644214,836.50275,
11,phase2,7,pair_008,0.183639,826.661162,836.519698,
12,phase2,7,pair_008,0.200262,826.677785,836.536321,
13,phase2,7,pair_008,0.216718,826.69424,836.552776,
14,phase2,7,pair_008,0.233294,826.710817,836.569352,
15,phase2,7,pair_008,0.250314,826.727837,836.586372,
16,phase2,7,pair_008,0.266904,826.744427,836.602963,
17,phase2,7,pair_008,0.283322,826.760846,836.619381,
18,phase2,7,pair_008,0.300001,826.777527,836.63606,
19,phase2,7,pair_008,0.316637,826.79416,836.652695,
20,phase2,7,pair_008,0.333613,826.811136,836.669671,
21,phase2,7,pair_008,0.34999,826.827512,836.686048,
22,phase2,7,pair_008,0.366647,826.84417,836.702705,
23,phase2,7,pair_008,0.383318,826.86085,836.719376,
24,phase2,7,pair_008,0.399987,826.877511,836.736046,
25,phase2,7,pair_008,0.416644,826.894166,836.752702,
26,phase2,7,pair_008,0.43329,826.910813,836.769349,
27,phase2,7,pair_008,0.449982,826.927505,836.78604,
28,phase2,7,pair_008,0.46695,826.944473,836.803009,
29,phase2,7,pair_008,0.483304,826.960827,836.819362,
30,phase2,7,pair_008,0.499948,826.97747,836.836007,
31,phase2,7,pair_008,0.516891,826.994414,836.852949,
32,phase2,7,pair_008,0.533587,827.011109,836.869645,
33,phase2,7,pair_008,0.549964,827.027487,836.886023,
34,phase2,7,pair_008,0.566695,827.044218,836.902753,
35,phase2,7,pair_008,0.583562,827.061085,836.91962,
36,phase2,7,pair_008,0.600296,827.077818,836.936354,
37,phase2,7,pair_008,0.616941,827.094464,836.952999,
38,phase2,7,pair_008,0.633316,827.110839,836.969375,
39,phase2,7,pair_008,0.650002,827.127525,836.98606,
40,phase2,7,pair_008,0.666615,827.144139,837.002674,
41,phase2,7,pair_008,0.683606,827.161129,837.019664,
42,phase2,7,pair_008,0.699974,827.177496,837.036032,
43,phase2,7,pair_008,0.716641,827.194164,837.0527,
44,phase2,7,pair_008,0.733613,827.211136,837.069671,
45,phase2,7,pair_008,0.750261,827.227783,837.086319,
46,phase2,7,pair_008,0.766623,827.244145,837.102682,
47,phase2,7,pair_008,0.783531,827.261055,837.119589,
48,phase2,7,pair_008,0.799965,827.277491,837.136023,
49,phase2,7,pair_008,0.816918,827.29444,837.152976,
50,phase2,7,pair_008,0.833299,827.310822,837.169357,
51,phase2,7,pair_008,0.85002,827.327543,837.186079,
52,phase2,7,pair_008,0.866626,827.34415,837.202684,
53,phase2,7,pair_008,0.883268,827.360791,837.219327,
54,phase2,7,pair_008,0.899966,827.377489,837.236025,
55,phase2,7,pair_008,0.91665,827.394173,837.252708,
56,phase2,7,pair_008,0.933548,827.411071,837.269607,
57,phase2,7,pair_008,0.949911,827.427434,837.28597,
58,phase2,7,pair_008,0.966608,827.444131,837.302667,
59,phase2,7,pair_008,0.983303,827.460826,837.319362,
60,phase2,7,pair_008,0.999996,827.477519,837.336055,
61,phase2,7,pair_008,1.01662,827.494144,837.352678,
62,phase2,7,pair_008,1.03357,827.511093,837.369628,
63,phase2,7,pair_008,1.050001,827.527524,837.38606,
64,phase2,7,pair_008,1.06664,827.544162,837.402699,
65,phase2,7,pair_008,1.083276,827.560798,837.419334,
66,phase2,7,pair_008,1.099948,827.57747,837.436006,
67,phase2,7,pair_008,1.11666,827.594182,837.452718,
68,phase2,7,pair_008,1.133308,827.610831,837.469367,
69,phase2,7,pair_008,1.149942,827.627464,837.486,
70,phase2,7,pair_008,1.166917,827.644439,837.502975,
71,phase2,7,pair_008,1.183299,827.660821,837.519357,
72,phase2,7,pair_008,1.199939,827.677461,837.535997,
73,phase2,7,pair_008,1.216934,827.694456,837.552992,
74,phase2,7,pair_008,1.233575,827.711098,837.569634,
75,phase2,7,pair_008,1.249913,827.727435,837.585971,
76,phase2,7,pair_008,1.266624,827.744146,837.602682,
77,phase2,7,pair_008,1.283279,827.760802,837.619338,
78,phase2,7,pair_008,1.300251,827.777773,837.636309,
79,phase2,7,pair_008,1.316611,827.794133,837.652669,
80,phase2,7,pair_008,1.333266,827.810789,837.669325,
81,phase2,7,pair_008,1.349938,827.827461,837.685997,
82,phase2,7,pair_008,1.366582,827.844104,837.70264,
83,phase2,7,pair_008,1.383553,827.861076,837.719612,
84,phase2,7,pair_008,1.399971,827.877493,837.736029,
85,phase2,7,pair_008,1.416589,827.894111,837.752647,
86,phase2,7,pair_008,1.43326,827.910782,837.769318,
87,phase2,7,pair_008,1.450206,827.927728,837.786264,
88,phase2,7,pair_008,1.466624,827.944147,837.802683,
89,phase2,7,pair_008,1.483258,827.960781,837.819317,
90,phase2,7,pair_008,1.499933,827.977455,837.835991,
0,phase2,7,pair_008,0.0,827.994127,837.852661,iti_onset_dur_1.128
1,phase2,7,pair_008,0.016675,828.010799,837.869335,
2,phase2,7,pair_008,0.033336,828.02746,837.885996,
3,phase2,7,pair_008,0.049989,828.044113,837.902649,
4,phase2,7,pair_008,0.066971,828.061095,837.919631,
5,phase2,7,pair_008,0.083311,828.077436,837.935972,
6,phase2,7,pair_008,0.099999,828.094123,837.95266,
7,phase2,7,pair_008,0.116626,828.11075,837.969287,
8,phase2,7,pair_008,0.133626,828.12775,837.986287,
9,phase2,7,pair_008,0.150012,828.144136,838.002673,
10,phase2,7,pair_008,0.166685,828.160809,838.019346,
11,phase2,7,pair_008,0.183379,828.177504,838.03604,
12,phase2,7,pair_008,0.200293,828.194418,838.052954,
13,phase2,7,pair_008,0.216644,828.210769,838.069305,
14,phase2,7,pair_008,0.233334,828.227458,838.085994,
15,phase2,7,pair_008,0.249964,828.244089,838.102625,
16,phase2,7,pair_008,0.266616,828.26074,838.119276,
17,phase2,7,pair_008,0.28331,828.277434,838.135971,
18,phase2,7,pair_008,0.299933,828.294057,838.152594,
19,phase2,7,pair_008,0.316646,828.31077,838.169307,
20,phase2,7,pair_008,0.333625,828.327749,838.186286,
21,phase2,7,pair_008,0.34997,828.344094,838.20263,
22,phase2,7,pair_008,0.366672,828.360796,838.219333,
23,phase2,7,pair_008,0.383588,828.377712,838.236248,
24,phase2,7,pair_008,0.400265,828.394389,838.252926,
25,phase2,7,pair_008,0.416949,828.411073,838.26961,
26,phase2,7,pair_008,0.433336,828.427461,838.285997,
27,phase2,7,pair_008,0.449969,828.444093,838.302629,
28,phase2,7,pair_008,0.466629,828.460753,838.31929,
29,phase2,7,pair_008,0.483613,828.477737,838.336273,
30,phase2,7,pair_008,0.499957,828.494081,838.352617,
31,phase2,7,pair_008,0.51663,828.510754,838.369291,
32,phase2,7,pair_008,0.533277,828.527407,838.385937,
33,phase2,7,pair_008,0.549953,828.54408,838.402614,
34,phase2,7,pair_008,0.56664,828.560766,838.419301,
35,phase2,7,pair_008,0.583336,828.577461,838.435997,
36,phase2,7,pair_008,0.599949,828.594074,838.45261,
37,phase2,7,pair_008,0.616651,828.610776,838.469311,
38,phase2,7,pair_008,0.6333,828.627425,838.485961,
39,phase2,7,pair_008,0.649961,828.644086,838.502622,
40,phase2,7,pair_008,0.666604,828.660728,838.519265,
41,phase2,7,pair_008,0.683288,828.677412,838.535948,
42,phase2,7,pair_008,0.699919,828.694044,838.55258,
43,phase2,7,pair_008,0.716639,828.710763,838.5693,
44,phase2,7,pair_008,0.733279,828.727403,838.585939,
45,phase2,7,pair_008,0.749931,828.744055,838.602592,
46,phase2,7,pair_008,0.766608,828.760733,838.619269,
47,phase2,7,pair_008,0.783271,828.777396,838.635932,
48,phase2,7,pair_008,0.799972,828.794096,838.652632,
49,phase2,7,pair_008,0.816584,828.810708,838.669245,
50,phase2,7,pair_008,0.833296,828.82742,838.685956,
51,phase2,7,pair_008,0.850032,828.844156,838.702692,
52,phase2,7,pair_008,0.866649,828.860773,838.71931,
53,phase2,7,pair_008,0.883334,828.877458,838.735995,
54,phase2,7,pair_008,0.90029,828.894414,838.752951,
55,phase2,7,pair_008,0.91663,828.910754,838.769291,
56,phase2,7,pair_008,0.933219,828.92735,838.78588,
57,phase2,7,pair_008,0.949957,828.944083,838.802618,
58,phase2,7,pair_008,0.966602,828.960727,838.819263,
59,phase2,7,pair_008,0.983269,828.977394,838.83593,
60,phase2,7,pair_008,0.99997,828.994095,838.852631,
61,phase2,7,pair_008,1.016595,829.01072,838.869256,
62,phase2,7,pair_008,1.033293,829.027418,838.885954,
63,phase2,7,pair_008,1.050203,829.044328,838.902864,
64,phase2,7,pair_008,1.067071,829.061195,838.919732,
65,phase2,7,pair_008,1.083389,829.077513,838.936049,
66,phase2,7,pair_008,1.100089,829.094213,838.95275,
67,phase2,7,pair_008,1.116716,829.11084,838.969376,
0,phase2,7,pair_008,0.0,829.127868,838.986399,single_opt_onset_seq4_opt2_日历
1,phase2,7,pair_008,0.016334,829.144202,839.002733,
2,phase2,7,pair_008,0.03299,829.160854,839.01939,
3,phase2,7,pair_008,0.049715,829.177582,839.036114,
4,phase2,7,pair_008,0.066309,829.194173,839.052708,
5,phase2,7,pair_008,0.083313,829.211177,839.069712,
6,phase2,7,pair_008,0.099662,829.227526,839.086061,
7,phase2,7,pair_008,0.116332,829.244196,839.102731,
8,phase2,7,pair_008,0.132991,829.260854,839.11939,
9,phase2,7,pair_008,0.149659,829.277523,839.136059,
10,phase2,7,pair_008,0.166355,829.294221,839.152754,
11,phase2,7,pair_008,0.183,829.310863,839.169399,
12,phase2,7,pair_008,0.19966,829.327524,839.18606,
13,phase2,7,pair_008,0.216647,829.34451,839.203046,
14,phase2,7,pair_008,0.233023,829.360887,839.219422,
15,phase2,7,pair_008,0.249623,829.377487,839.236023,
16,phase2,7,pair_008,0.266326,829.394193,839.252725,
17,phase2,7,pair_008,0.28327,829.411134,839.26967,
18,phase2,7,pair_008,0.299664,829.427528,839.286064,
19,phase2,7,pair_008,0.31631,829.444174,839.30271,
20,phase2,7,pair_008,0.333226,829.46109,839.319625,
21,phase2,7,pair_008,0.349959,829.477823,839.336359,
22,phase2,7,pair_008,0.366291,829.494155,839.35269,
23,phase2,7,pair_008,0.382996,829.510859,839.369395,
24,phase2,7,pair_008,0.399642,829.527506,839.386042,
25,phase2,7,pair_008,0.416312,829.544176,839.402712,
26,phase2,7,pair_008,0.433008,829.560873,839.419407,
27,phase2,7,pair_008,0.449641,829.577505,839.43604,
28,phase2,7,pair_008,0.466302,829.594166,839.452702,
29,phase2,7,pair_008,0.482932,829.610795,839.469331,
30,phase2,7,pair_008,0.499631,829.627494,839.48603,
31,phase2,7,pair_008,0.516314,829.644177,839.502713,
32,phase2,7,pair_008,0.533026,829.66089,839.519425,
33,phase2,7,pair_008,0.549622,829.677485,839.536021,
34,phase2,7,pair_008,0.566325,829.694189,839.552725,
35,phase2,7,pair_008,0.582995,829.710859,839.569394,
36,phase2,7,pair_008,0.599595,829.727458,839.585994,
37,phase2,7,pair_008,0.616339,829.744203,839.602739,
38,phase2,7,pair_008,0.633278,829.761141,839.619677,
39,phase2,7,pair_008,0.64965,829.777518,839.636049,
40,phase2,7,pair_008,0.666314,829.79418,839.652714,
41,phase2,7,pair_008,0.68298,829.810844,839.66938,
42,phase2,7,pair_008,0.699994,829.827858,839.686394,
43,phase2,7,pair_008,0.716309,829.844174,839.702709,
44,phase2,7,pair_008,0.732992,829.860859,839.719391,
45,phase2,7,pair_008,0.749681,829.877544,839.73608,
46,phase2,7,pair_008,0.766642,829.894506,839.753042,
47,phase2,7,pair_008,0.782973,829.910836,839.769372,
48,phase2,7,pair_008,0.799657,829.927521,839.786057,
49,phase2,7,pair_008,0.816656,829.94452,839.803056,
50,phase2,7,pair_008,0.833287,829.961151,839.819687,
51,phase2,7,pair_008,0.849655,829.977518,839.836054,
52,phase2,7,pair_008,0.866305,829.994169,839.852704,
53,phase2,7,pair_008,0.883061,830.010924,839.86946,
54,phase2,7,pair_008,0.899887,830.027751,839.886287,
55,phase2,7,pair_008,0.91632,830.044183,839.902719,
56,phase2,7,pair_008,0.932965,830.060833,839.919365,
57,phase2,7,pair_008,0.949657,830.07752,839.936056,
58,phase2,7,pair_008,0.966627,830.094491,839.953027,
59,phase2,7,pair_008,0.983266,830.111129,839.969665,
60,phase2,7,pair_008,0.999633,830.127498,839.986033,
61,phase2,7,pair_008,1.01632,830.144184,840.00272,
62,phase2,7,pair_008,1.033266,830.16113,840.019666,
63,phase2,7,pair_008,1.049562,830.177425,840.035961,
64,phase2,7,pair_008,1.066328,830.194192,840.052727,
65,phase2,7,pair_008,1.082974,830.210839,840.069373,
66,phase2,7,pair_008,1.099681,830.227544,840.08608,
67,phase2,7,pair_008,1.116272,830.244135,840.102671,
68,phase2,7,pair_008,1.132946,830.26081,840.119346,
69,phase2,7,pair_008,1.149631,830.277498,840.13603,
70,phase2,7,pair_008,1.166371,830.294234,840.15277,
71,phase2,7,pair_008,1.182964,830.310827,840.169363,
72,phase2,7,pair_008,1.199644,830.327507,840.186043,
73,phase2,7,pair_008,1.216262,830.344125,840.202661,
74,phase2,7,pair_008,1.233016,830.360879,840.219415,
75,phase2,7,pair_008,1.249575,830.377439,840.235975,
76,phase2,7,pair_008,1.266594,830.394457,840.252993,
77,phase2,7,pair_008,1.282962,830.410826,840.269362,
78,phase2,7,pair_008,1.299704,830.427567,840.286103,
79,phase2,7,pair_008,1.316616,830.444479,840.303015,
80,phase2,7,pair_008,1.332939,830.460804,840.319338,
81,phase2,7,pair_008,1.349627,830.47749,840.336026,
82,phase2,7,pair_008,1.366272,830.494135,840.352671,
83,phase2,7,pair_008,1.383264,830.511127,840.369663,
84,phase2,7,pair_008,1.399889,830.527752,840.386288,
85,phase2,7,pair_008,1.416232,830.544096,840.402631,
86,phase2,7,pair_008,1.432984,830.56085,840.419383,
87,phase2,7,pair_008,1.449622,830.577487,840.436021,
88,phase2,7,pair_008,1.466274,830.594138,840.452674,
89,phase2,7,pair_008,1.482955,830.610819,840.469354,
90,phase2,7,pair_008,1.499617,830.627481,840.486017,
0,phase2,7,pair_008,0.0,830.644097,840.50263,iti_onset_dur_1.101
1,phase2,7,pair_008,0.016686,830.66078,840.519316,
2,phase2,7,pair_008,0.033678,830.677772,840.536308,
3,phase2,7,pair_008,0.050063,830.694158,840.552693,
4,phase2,7,pair_008,0.066694,830.710788,840.569324,
5,phase2,7,pair_008,0.083372,830.727466,840.586002,
6,phase2,7,pair_008,0.100333,830.744427,840.602963,
7,phase2,7,pair_008,0.116708,830.760801,840.619338,
8,phase2,7,pair_008,0.13333,830.777423,840.63596,
9,phase2,7,pair_008,0.150356,830.79445,840.652986,
10,phase2,7,pair_008,0.167005,830.811098,840.669635,
11,phase2,7,pair_008,0.183384,830.827479,840.686014,
12,phase2,7,pair_008,0.200086,830.84418,840.702716,
13,phase2,7,pair_008,0.216701,830.860795,840.719332,
14,phase2,7,pair_008,0.233672,830.877766,840.736302,
15,phase2,7,pair_008,0.25003,830.894123,840.75266,
16,phase2,7,pair_008,0.266764,830.910866,840.769394,
17,phase2,7,pair_008,0.283363,830.927457,840.785993,
18,phase2,7,pair_008,0.300371,830.944465,840.803001,
19,phase2,7,pair_008,0.316676,830.96077,840.819306,
20,phase2,7,pair_008,0.333394,830.977488,840.836024,
21,phase2,7,pair_008,0.350058,830.994151,840.852688,
22,phase2,7,pair_008,0.366666,831.01076,840.869296,
23,phase2,7,pair_008,0.383368,831.027462,840.885998,
24,phase2,7,pair_008,0.400055,831.044149,840.902686,
25,phase2,7,pair_008,0.416663,831.060759,840.919293,
26,phase2,7,pair_008,0.433331,831.077425,840.935961,
27,phase2,7,pair_008,0.450313,831.094594,840.952943,
28,phase2,7,pair_008,0.466706,831.110799,840.969336,
29,phase2,7,pair_008,0.483343,831.12744,840.985973,
30,phase2,7,pair_008,0.500021,831.144114,841.002651,
31,phase2,7,pair_008,0.516976,831.16107,841.019606,
32,phase2,7,pair_008,0.53335,831.177444,841.03598,
33,phase2,7,pair_008,0.550004,831.194098,841.052634,
34,phase2,7,pair_008,0.56669,831.210789,841.06932,
35,phase2,7,pair_008,0.583641,831.227735,841.086271,
36,phase2,7,pair_008,0.600028,831.244122,841.102658,
37,phase2,7,pair_008,0.616677,831.26077,841.119307,
38,phase2,7,pair_008,0.633339,831.277433,841.135969,
39,phase2,7,pair_008,0.650329,831.294423,841.152959,
40,phase2,7,pair_008,0.666648,831.310741,841.169278,
41,phase2,7,pair_008,0.683344,831.327437,841.185974,
42,phase2,7,pair_008,0.699982,831.344076,841.202612,
43,phase2,7,pair_008,0.717006,831.3611,841.219636,
44,phase2,7,pair_008,0.733357,831.377451,841.235987,
45,phase2,7,pair_008,0.750016,831.39411,841.252646,
46,phase2,7,pair_008,0.766653,831.410747,841.269283,
47,phase2,7,pair_008,0.783651,831.427744,841.286281,
48,phase2,7,pair_008,0.80029,831.444383,841.30292,
49,phase2,7,pair_008,0.816721,831.460815,841.319351,
50,phase2,7,pair_008,0.833323,831.477417,841.335953,
51,phase2,7,pair_008,0.85001,831.494104,841.352641,
52,phase2,7,pair_008,0.866959,831.511053,841.369589,
53,phase2,7,pair_008,0.883396,831.527489,841.386026,
54,phase2,7,pair_008,0.900002,831.544096,841.402632,
55,phase2,7,pair_008,0.917009,831.561103,841.419639,
56,phase2,7,pair_008,0.933631,831.577725,841.436262,
57,phase2,7,pair_008,0.949994,831.594088,841.452624,
58,phase2,7,pair_008,0.966725,831.610819,841.469356,
59,phase2,7,pair_008,0.983294,831.627388,841.485924,
60,phase2,7,pair_008,1.000322,831.644416,841.502953,
61,phase2,7,pair_008,1.016695,831.660788,841.519325,
62,phase2,7,pair_008,1.033355,831.677448,841.535985,
63,phase2,7,pair_008,1.050304,831.694397,841.552934,
64,phase2,7,pair_008,1.066644,831.710737,841.569274,
65,phase2,7,pair_008,1.083328,831.727422,841.585958,
66,phase2,7,pair_008,1.100027,831.744121,841.602657,
0,phase2,7,pair_008,0.0,832.627494,842.486021,final_choice_onset
1,phase2,7,pair_008,0.016585,832.644074,842.502606,
2,phase2,7,pair_008,0.033268,832.660765,842.519289,
3,phase2,7,pair_008,0.04996,832.677454,842.535981,
4,phase2,7,pair_008,0.066576,832.694065,842.552597,
5,phase2,7,pair_008,0.083242,832.710731,842.569263,
6,phase2,7,pair_008,0.100215,832.727703,842.586236,
7,phase2,7,pair_008,0.116553,832.744041,842.602574,
8,phase2,7,pair_008,0.133197,832.760685,842.619218,
9,phase2,7,pair_008,0.149857,832.777346,842.635878,
10,phase2,7,pair_008,0.16661,832.794098,842.652631,
11,phase2,7,pair_008,0.183232,832.810721,842.669254,
12,phase2,7,pair_008,0.199909,832.827398,842.685931,
13,phase2,7,pair_008,0.21657,832.844058,842.702591,
14,phase2,7,pair_008,0.233322,832.86081,842.719343,
15,phase2,7,pair_008,0.250261,832.87775,842.736283,
16,phase2,7,pair_008,0.266517,832.894005,842.752538,
17,phase2,7,pair_008,0.283272,832.91076,842.769293,
18,phase2,7,pair_008,0.299919,832.927408,842.785941,
19,phase2,7,pair_008,0.31655,832.944038,842.802571,
20,phase2,7,pair_008,0.333244,832.960733,842.819265,
21,phase2,7,pair_008,0.34996,832.977448,842.835981,
22,phase2,7,pair_008,0.367012,832.9945,842.853033,
23,phase2,7,pair_008,0.383369,833.010858,842.869391,
24,phase2,7,pair_008,0.400023,833.027514,842.886044,
25,phase2,7,pair_008,0.416986,833.044475,842.903008,
26,phase2,7,pair_008,0.43368,833.061168,842.919701,
27,phase2,7,pair_008,0.450035,833.077523,842.936057,
28,phase2,7,pair_008,0.466677,833.094167,842.952698,
29,phase2,7,pair_008,0.483396,833.110886,842.969417,
30,phase2,7,pair_008,0.500014,833.127502,842.986035,
31,phase2,7,pair_008,0.516698,833.144187,843.00272,
32,phase2,7,pair_008,0.533347,833.160845,843.019368,
33,phase2,7,pair_008,0.550067,833.177556,843.036088,
34,phase2,7,pair_008,0.567016,833.194504,843.053038,
35,phase2,7,pair_008,0.583651,833.21114,843.069673,
36,phase2,7,pair_008,0.600043,833.227531,843.086064,
37,phase2,7,pair_008,0.616681,833.244169,843.102702,
38,phase2,7,pair_008,0.633349,833.260838,843.119371,
39,phase2,7,pair_008,0.650311,833.277799,843.136332,
40,phase2,7,pair_008,0.666686,833.294174,843.152707,
41,phase2,7,pair_008,0.683294,833.310782,843.169315,
42,phase2,7,pair_008,0.70001,833.327498,843.186031,
43,phase2,7,pair_008,0.716964,833.344453,843.202985,
44,phase2,7,pair_008,0.733338,833.360829,843.219359,
45,phase2,7,pair_008,0.750014,833.377502,843.236035,
46,phase2,7,pair_008,0.767,833.394489,843.253022,
47,phase2,7,pair_008,0.783663,833.411151,843.269684,
48,phase2,7,pair_008,0.799992,833.42748,843.286013,
49,phase2,7,pair_008,0.816679,833.44417,843.302701,
50,phase2,7,pair_008,0.833358,833.460846,843.319379,
51,phase2,7,pair_008,0.850313,833.477803,843.336334,
52,phase2,7,pair_008,0.86668,833.494168,843.352701,
53,phase2,7,pair_008,0.883334,833.510822,843.369355,
54,phase2,7,pair_008,0.900047,833.527535,843.386068,
55,phase2,7,pair_008,0.91667,833.544158,843.402691,
56,phase2,7,pair_008,0.933337,833.560825,843.419359,
57,phase2,7,pair_008,0.949999,833.577487,843.43602,
58,phase2,7,pair_008,0.966728,833.594216,843.452749,
59,phase2,7,pair_008,0.983324,833.610812,843.469345,
60,phase2,7,pair_008,1.000314,833.627802,843.486335,
61,phase2,7,pair_008,1.016666,833.644154,843.502687,
62,phase2,7,pair_008,1.033334,833.660822,843.519355,
63,phase2,7,pair_008,1.049993,833.677482,843.536014,
64,phase2,7,pair_008,1.066978,833.694469,843.552999,
65,phase2,7,pair_008,1.08334,833.710829,843.569362,
66,phase2,7,pair_008,1.099992,833.72748,843.586013,
67,phase2,7,pair_008,1.116645,833.744133,843.602666,
68,phase2,7,pair_008,1.133636,833.761124,843.619657,
69,phase2,7,pair_008,1.149989,833.777477,843.63601,
70,phase2,7,pair_008,1.166686,833.794176,843.652707,
71,phase2,7,pair_008,1.183338,833.810826,843.669359,
72,phase2,7,pair_008,1.200014,833.827508,843.686035,
73,phase2,7,pair_008,1.216675,833.844163,843.702696,
74,phase2,7,pair_008,1.233343,833.860831,843.719364,
75,phase2,7,pair_008,1.25005,833.877538,843.736071,
76,phase2,7,pair_008,1.26699,833.894478,843.753012,
77,phase2,7,pair_008,1.28334,833.910829,843.769362,
78,phase2,7,pair_008,1.299987,833.927475,843.786008,
79,phase2,7,pair_008,1.316716,833.944208,843.802737,
80,phase2,7,pair_008,1.33332,833.960808,843.819342,
81,phase2,7,pair_008,1.350289,833.977778,843.836311,
82,phase2,7,pair_008,1.366661,833.994149,843.852682,
83,phase2,7,pair_008,1.383322,834.010811,843.869344,
84,phase2,7,pair_008,1.400239,834.027727,843.886261,
85,phase2,7,pair_008,1.416961,834.044449,843.902982,
86,phase2,7,pair_008,1.433322,834.06081,843.919343,
87,phase2,7,pair_008,1.450017,834.077506,843.936039,
88,phase2,7,pair_008,1.466976,834.094466,843.952998,
89,phase2,7,pair_008,1.483617,834.111105,843.969639,
90,phase2,7,pair_008,1.49999,834.127481,843.986012,
91,phase2,7,pair_008,1.516639,834.144127,844.002661,
92,phase2,7,pair_008,1.533298,834.160786,844.019319,
93,phase2,7,pair_008,1.550275,834.177763,844.036296,
94,phase2,7,pair_008,1.566649,834.194137,844.05267,
95,phase2,7,pair_008,1.583338,834.210826,844.069359,
96,phase2,7,pair_008,1.600042,834.227531,844.086064,
97,phase2,7,pair_008,1.616962,834.24445,844.102983,
98,phase2,7,pair_008,1.633287,834.260775,844.119308,
99,phase2,7,pair_008,1.649971,834.277459,844.135993,
100,phase2,7,pair_008,1.666731,834.29422,844.152753,
101,phase2,7,pair_008,1.683314,834.310801,844.169335,
102,phase2,7,pair_008,1.69998,834.327468,844.186001,
103,phase2,7,pair_008,1.716633,834.344121,844.202655,
104,phase2,7,pair_008,1.733339,834.360827,844.21936,
105,phase2,7,pair_008,1.749923,834.377412,844.235945,
106,phase2,7,pair_008,1.766953,834.394442,844.252974,
107,phase2,7,pair_008,1.783271,834.410759,844.269292,
108,phase2,7,pair_008,1.799972,834.42746,844.285993,
109,phase2,7,pair_008,1.816619,834.444108,844.302641,
110,phase2,7,pair_008,1.833623,834.461111,844.319644,
111,phase2,7,pair_008,1.849978,834.477466,844.335999,
112,phase2,7,pair_008,1.866604,834.494092,844.352625,
113,phase2,7,pair_008,1.883606,834.511094,844.369627,
114,phase2,7,pair_008,1.900263,834.527751,844.386284,
115,phase2,7,pair_008,1.916617,834.544106,844.402639,
116,phase2,7,pair_008,1.933325,834.560813,844.419346,
117,phase2,7,pair_008,1.949977,834.577466,844.435998,
118,phase2,7,pair_008,1.966958,834.594446,844.452979,
119,phase2,7,pair_008,1.9833,834.610789,844.469321,
120,phase2,7,pair_008,2.000025,834.627515,844.486046,
121,phase2,7,pair_008,2.016624,834.644112,844.502645,
122,phase2,7,pair_008,2.033642,834.661131,844.519664,
123,phase2,7,pair_008,2.049946,834.677435,844.535967,
124,phase2,7,pair_008,2.066624,834.694112,844.552645,
125,phase2,7,pair_008,2.083306,834.710795,844.569327,
126,phase2,7,pair_008,2.100233,834.727721,844.586254,
127,phase2,7,pair_008,2.116919,834.744407,844.60294,
128,phase2,7,pair_008,2.13327,834.760759,844.619292,
129,phase2,7,pair_008,2.149962,834.77745,844.635983,
130,phase2,7,pair_008,2.166936,834.794424,844.652958,
131,phase2,7,pair_008,2.18358,834.811068,844.669601,
132,phase2,7,pair_008,2.19996,834.827448,844.685981,
133,phase2,7,pair_008,2.216642,834.84413,844.702663,
134,phase2,7,pair_008,2.233312,834.8608,844.719333,
135,phase2,7,pair_008,2.24996,834.87745,844.735981,
136,phase2,7,pair_008,2.266633,834.894122,844.752654,
137,phase2,7,pair_008,2.283282,834.91077,844.769303,
138,phase2,7,pair_008,2.300035,834.927525,844.786057,
139,phase2,7,pair_008,2.316933,834.944421,844.802954,
140,phase2,7,pair_008,2.333294,834.960782,844.819315,
141,phase2,7,pair_008,2.349999,834.977489,844.83602,
142,phase2,7,pair_008,2.366631,834.994121,844.852652,
143,phase2,7,pair_008,2.383615,835.011105,844.869636,
144,phase2,7,pair_008,2.399959,835.027447,844.88598,
145,phase2,7,pair_008,2.4166,835.044088,844.902621,
146,phase2,7,pair_008,2.433315,835.060803,844.919336,
147,phase2,7,pair_008,2.449958,835.077446,844.935979,
148,phase2,7,pair_008,2.466891,835.09438,844.952913,
149,phase2,7,pair_008,2.483311,835.110799,844.969332,
150,phase2,7,pair_008,2.500009,835.127497,844.98603,
151,phase2,7,pair_008,2.516618,835.144106,845.002639,
152,phase2,7,pair_008,2.53358,835.161068,845.019601,
153,phase2,7,pair_008,2.549967,835.177455,845.035988,
154,phase2,7,pair_008,2.566893,835.194382,845.052915,
155,phase2,7,pair_008,2.583261,835.210749,845.069282,
156,phase2,7,pair_008,2.600247,835.227736,845.086269,
157,phase2,7,pair_008,2.616608,835.244096,845.102629,
158,phase2,7,pair_008,2.63328,835.260769,845.119302,
159,phase2,7,pair_008,2.64996,835.27745,845.135982,
160,phase2,7,pair_008,2.666912,835.2944,845.152933,
161,phase2,7,pair_008,2.683259,835.310747,845.169281,
162,phase2,7,pair_008,2.699971,835.327459,845.185992,
163,phase2,7,pair_008,2.716648,835.344136,845.202669,
164,phase2,7,pair_008,2.733611,835.361099,845.219632,
165,phase2,7,pair_008,2.749915,835.377403,845.235936,
166,phase2,7,pair_008,2.766646,835.394134,845.252667,
167,phase2,7,pair_008,2.783544,835.411033,845.269566,
168,phase2,7,pair_008,2.800261,835.427749,845.286282,
169,phase2,7,pair_008,2.816609,835.444097,845.30263,
170,phase2,7,pair_008,2.833343,835.460831,845.319364,
171,phase2,7,pair_008,2.849941,835.477429,845.335962,
172,phase2,7,pair_008,2.866573,835.494061,845.352595,
173,phase2,7,pair_008,2.883553,835.511041,845.369575,
174,phase2,7,pair_008,2.899957,835.527446,845.385978,
175,phase2,7,pair_008,2.916587,835.544076,845.402608,
176,phase2,7,pair_008,2.933559,835.561047,845.41958,
177,phase2,7,pair_008,2.950217,835.577705,845.436239,
178,phase2,7,pair_008,2.966634,835.594122,845.452655,
179,phase2,7,pair_008,2.983293,835.610782,845.469315,
180,phase2,7,pair_008,3.000244,835.627732,845.486265,
181,phase2,7,pair_008,3.016888,835.644376,845.502909,
182,phase2,7,pair_008,3.033295,835.660783,845.519316,
183,phase2,7,pair_008,3.049915,835.677404,845.535937,
184,phase2,7,pair_008,3.066587,835.694075,845.552608,
185,phase2,7,pair_008,3.083559,835.711047,845.56958,
186,phase2,7,pair_008,3.099878,835.727367,845.5859,
187,phase2,7,pair_008,3.116581,835.744069,845.602602,
188,phase2,7,pair_008,3.133296,835.760785,845.619317,
189,phase2,7,pair_008,3.15024,835.777728,845.636261,
190,phase2,7,pair_008,3.166578,835.794066,845.652599,
191,phase2,7,pair_008,3.183272,835.810761,845.669294,
192,phase2,7,pair_008,3.199969,835.827457,845.68599,
193,phase2,7,pair_008,3.216591,835.844079,845.702612,
194,phase2,7,pair_008,3.233268,835.860756,845.71929,
195,phase2,7,pair_008,3.249963,835.877451,845.735984,
196,phase2,7,pair_008,3.2669,835.894389,845.752922,
197,phase2,7,pair_008,3.283559,835.911047,845.76958,
198,phase2,7,pair_008,3.299876,835.927364,845.785897,
199,phase2,7,pair_008,3.316601,835.944089,845.802622,
200,phase2,7,pair_008,3.333253,835.960741,845.819274,
201,phase2,7,pair_008,3.350257,835.977746,845.836279,
202,phase2,7,pair_008,3.366888,835.994376,845.852909,
203,phase2,7,pair_008,3.383287,836.010776,845.869309,
204,phase2,7,pair_008,3.39991,836.027399,845.885932,
205,phase2,7,pair_008,3.416561,836.044049,845.902583,
206,phase2,7,pair_008,3.433217,836.060705,845.919238,
207,phase2,7,pair_008,3.449928,836.077416,845.935949,
208,phase2,7,pair_008,3.468123,836.095612,845.954144,
209,phase2,7,pair_008,3.48316,836.110651,845.969181,
210,phase2,7,pair_008,3.49993,836.127422,845.985951,
211,phase2,7,pair_008,3.516596,836.144086,846.002618,
212,phase2,7,pair_008,3.533232,836.16072,846.019253,
213,phase2,7,pair_008,3.549903,836.177391,846.035924,
214,phase2,7,pair_008,3.566882,836.19437,846.052903,
215,phase2,7,pair_008,3.583248,836.210737,846.069269,
216,phase2,7,pair_008,3.599975,836.227463,846.085996,
217,phase2,7,pair_008,3.616577,836.244065,846.102598,
218,phase2,7,pair_008,3.633232,836.26072,846.119253,
219,phase2,7,pair_008,3.649915,836.277404,846.135936,
220,phase2,7,pair_008,3.666575,836.294064,846.152597,
221,phase2,7,pair_008,3.683227,836.310715,846.169248,
222,phase2,7,pair_008,3.699902,836.32739,846.185923,
223,phase2,7,pair_008,3.716563,836.344051,846.202584,
224,phase2,7,pair_008,3.733258,836.360746,846.219279,
225,phase2,7,pair_008,3.749899,836.377388,846.235921,
226,phase2,7,pair_008,3.766893,836.394381,846.252914,
227,phase2,7,pair_008,3.783538,836.411026,846.269559,
228,phase2,7,pair_008,3.799966,836.427455,846.285988,
229,phase2,7,pair_008,3.8165,836.443988,846.302521,
230,phase2,7,pair_008,3.833525,836.461014,846.319547,
231,phase2,7,pair_008,3.850198,836.477686,846.336219,
232,phase2,7,pair_008,3.866585,836.494073,846.352606,
233,phase2,7,pair_008,3.883282,836.51077,846.369303,
234,phase2,7,pair_008,3.899889,836.527377,846.38591,
235,phase2,7,pair_008,3.916878,836.544366,846.402899,
236,phase2,7,pair_008,3.933258,836.560746,846.419279,
237,phase2,7,pair_008,3.949893,836.577381,846.435915,
238,phase2,7,pair_008,3.966597,836.594085,846.452618,
239,phase2,7,pair_008,3.983551,836.611039,846.469572,
240,phase2,7,pair_008,3.999925,836.627413,846.485946,
241,phase2,7,pair_008,4.016536,836.644025,846.502558,
242,phase2,7,pair_008,4.033184,836.660672,846.519205,
243,phase2,7,pair_008,4.049871,836.677359,846.535892,
244,phase2,7,pair_008,4.06654,836.694028,846.552561,
245,phase2,7,pair_008,4.083203,836.710692,846.569225,
246,phase2,7,pair_008,4.099834,836.727322,846.585855,
247,phase2,7,pair_008,4.116469,836.743957,846.60249,
248,phase2,7,pair_008,4.133192,836.76068,846.619213,
249,phase2,7,pair_008,4.149861,836.777349,846.635882,
250,phase2,7,pair_008,4.166552,836.79404,846.652573,
251,phase2,7,pair_008,4.183194,836.810683,846.669216,
252,phase2,7,pair_008,4.199864,836.827352,846.685885,
253,phase2,7,pair_008,4.216532,836.844021,846.702554,
254,phase2,7,pair_008,4.2332,836.860688,846.719221,
255,phase2,7,pair_008,4.249862,836.87735,846.735884,
256,phase2,7,pair_008,4.26653,836.894018,846.752551,
257,phase2,7,pair_008,4.283203,836.910691,846.769224,
258,phase2,7,pair_008,4.299946,836.927435,846.785968,
259,phase2,7,pair_008,4.316667,836.944155,846.802688,
260,phase2,7,pair_008,4.333309,836.960797,846.819331,
261,phase2,7,pair_008,4.350022,836.97751,846.836044,
262,phase2,7,pair_008,4.366644,836.994133,846.852666,
263,phase2,7,pair_008,4.383284,837.010775,846.869305,
264,phase2,7,pair_008,4.399993,837.027482,846.886015,
265,phase2,7,pair_008,4.416673,837.044161,846.902695,
266,phase2,7,pair_008,4.433323,837.060811,846.919344,
267,phase2,7,pair_008,4.449966,837.077454,846.935987,
268,phase2,7,pair_008,4.466657,837.094145,846.952678,
269,phase2,7,pair_008,4.483294,837.110782,846.969315,
270,phase2,7,pair_008,4.50005,837.127538,846.986071,
271,phase2,7,pair_008,4.516638,837.144126,847.002659,
272,phase2,7,pair_008,4.533319,837.160808,847.01934,
273,phase2,7,pair_008,4.549984,837.177476,847.036006,
274,phase2,7,pair_008,4.566682,837.19417,847.052703,
275,phase2,7,pair_008,4.583304,837.210792,847.069325,
276,phase2,7,pair_008,4.599936,837.227424,847.085957,
277,phase2,7,pair_008,4.616649,837.244137,847.10267,
278,phase2,7,pair_008,4.633302,837.26079,847.119323,
279,phase2,7,pair_008,4.649977,837.277465,847.135998,
280,phase2,7,pair_008,4.666623,837.294112,847.152644,
281,phase2,7,pair_008,4.683306,837.310794,847.169327,
282,phase2,7,pair_008,4.699973,837.327461,847.185994,
283,phase2,7,pair_008,4.716626,837.344114,847.202647,
284,phase2,7,pair_008,4.733321,837.360809,847.219342,
285,phase2,7,pair_008,4.749964,837.377452,847.235985,
286,phase2,7,pair_008,4.766627,837.394115,847.252649,
287,phase2,7,pair_008,4.783296,837.410785,847.269318,
288,phase2,7,pair_008,4.799961,837.427449,847.285982,
289,phase2,7,pair_008,4.816603,837.44409,847.302624,
290,phase2,7,pair_008,4.83329,837.460778,847.319311,
291,phase2,7,pair_008,4.84994,837.477428,847.335962,
292,phase2,7,pair_008,4.866646,837.494138,847.352667,
293,phase2,7,pair_008,4.883283,837.510771,847.369304,
294,phase2,7,pair_008,4.899967,837.527454,847.385988,
295,phase2,7,pair_008,4.916628,837.544116,847.402649,
296,phase2,7,pair_008,4.933289,837.560777,847.41931,
297,phase2,7,pair_008,4.949963,837.577451,847.435984,
298,phase2,7,pair_008,4.966622,837.59411,847.452643,
299,phase2,7,pair_008,4.983231,837.610719,847.469252,
300,phase2,7,pair_008,4.999938,837.627426,847.485959,
301,phase2,7,pair_008,5.016592,837.64408,847.502613,
302,phase2,7,pair_008,5.033282,837.66077,847.519303,
303,phase2,7,pair_008,5.049948,837.677436,847.535969,
304,phase2,7,pair_008,5.066626,837.694115,847.552648,
305,phase2,7,pair_008,5.083283,837.710771,847.569305,
306,phase2,7,pair_008,5.099912,837.7274,847.585933,
307,phase2,7,pair_008,5.116644,837.744132,847.602665,
308,phase2,7,pair_008,5.133295,837.760783,847.619317,
309,phase2,7,pair_008,5.149966,837.777454,847.635987,
310,phase2,7,pair_008,5.166633,837.794122,847.652655,
311,phase2,7,pair_008,5.183255,837.810743,847.669276,
312,phase2,7,pair_008,5.199911,837.827399,847.685933,
313,phase2,7,pair_008,5.216596,837.844084,847.702617,
314,phase2,7,pair_008,5.233289,837.860778,847.719311,
315,phase2,7,pair_008,5.249939,837.877427,847.73596,
316,phase2,7,pair_008,5.266589,837.894077,847.75261,
317,phase2,7,pair_008,5.283253,837.910741,847.769274,
318,phase2,7,pair_008,5.300007,837.927496,847.786029,
319,phase2,7,pair_008,5.316616,837.944104,847.802637,
320,phase2,7,pair_008,5.333278,837.960766,847.819299,
321,phase2,7,pair_008,5.349904,837.977392,847.835925,
322,phase2,7,pair_008,5.366602,837.99409,847.852624,
323,phase2,7,pair_008,5.383295,838.010783,847.869316,
324,phase2,7,pair_008,5.399932,838.027421,847.885954,
325,phase2,7,pair_008,5.416595,838.044083,847.902617,
326,phase2,7,pair_008,5.433299,838.060787,847.91932,
327,phase2,7,pair_008,5.449941,838.077429,847.935962,
328,phase2,7,pair_008,5.466597,838.094085,847.952619,
329,phase2,7,pair_008,5.483273,838.110761,847.969294,
330,phase2,7,pair_008,5.499933,838.127421,847.985954,
331,phase2,7,pair_008,5.516606,838.144094,848.002627,
332,phase2,7,pair_008,5.533257,838.160745,848.019278,
333,phase2,7,pair_008,5.549943,838.177435,848.035964,
334,phase2,7,pair_008,5.56661,838.194098,848.052631,
335,phase2,7,pair_008,5.58326,838.210759,848.069282,
336,phase2,7,pair_008,5.600065,838.227553,848.086086,
337,phase2,7,pair_008,5.616613,838.244101,848.102634,
338,phase2,7,pair_008,5.633279,838.260767,848.1193,
339,phase2,7,pair_008,5.649935,838.277423,848.135957,
340,phase2,7,pair_008,5.666605,838.294093,848.152626,
341,phase2,7,pair_008,5.683254,838.310742,848.169275,
342,phase2,7,pair_008,5.69994,838.327427,848.185961,
343,phase2,7,pair_008,5.716589,838.344077,848.20261,
344,phase2,7,pair_008,5.733202,838.36069,848.219223,
345,phase2,7,pair_008,5.749941,838.377429,848.235962,
346,phase2,7,pair_008,5.766613,838.394102,848.252635,
347,phase2,7,pair_008,5.783262,838.41075,848.269283,
348,phase2,7,pair_008,5.799942,838.42743,848.285963,
349,phase2,7,pair_008,5.816561,838.444049,848.302582,
350,phase2,7,pair_008,5.833253,838.460741,848.319274,
351,phase2,7,pair_008,5.849934,838.477422,848.335955,
352,phase2,7,pair_008,5.866564,838.494053,848.352586,
353,phase2,7,pair_008,5.883248,838.510735,848.369269,
354,phase2,7,pair_008,5.900274,838.527762,848.386295,
355,phase2,7,pair_008,5.91661,838.544098,848.402631,
356,phase2,7,pair_008,5.93326,838.560749,848.419282,
357,phase2,7,pair_008,5.949922,838.577411,848.435944,
358,phase2,7,pair_008,5.966581,838.59407,848.452603,
359,phase2,7,pair_008,5.983244,838.610732,848.469266,
360,phase2,7,pair_008,5.999934,838.627422,848.485955,
361,phase2,7,pair_008,6.016604,838.644092,848.502625,
362,phase2,7,pair_008,6.033257,838.660745,848.519279,
363,phase2,7,pair_008,6.049913,838.677401,848.535934,
364,phase2,7,pair_008,6.066521,838.694009,848.552542,
365,phase2,7,pair_008,6.083226,838.710714,848.569247,
366,phase2,7,pair_008,6.099867,838.727355,848.585888,
367,phase2,7,pair_008,6.116609,838.744097,848.60263,
368,phase2,7,pair_008,6.133247,838.760735,848.619268,
369,phase2,7,pair_008,6.149922,838.777411,848.635944,
370,phase2,7,pair_008,6.16659,838.794078,848.652611,
371,phase2,7,pair_008,6.18324,838.810728,848.669261,
372,phase2,7,pair_008,6.199917,838.827405,848.685938,
373,phase2,7,pair_008,6.216575,838.844067,848.702596,
374,phase2,7,pair_008,6.233261,838.860749,848.719282,
375,phase2,7,pair_008,6.249911,838.877399,848.735933,
376,phase2,7,pair_008,6.266587,838.894075,848.752608,
377,phase2,7,pair_008,6.283251,838.910739,848.769272,
378,phase2,7,pair_008,6.299893,838.927381,848.785914,
379,phase2,7,pair_008,6.316572,838.94406,848.802593,
380,phase2,7,pair_008,6.333235,838.960723,848.819256,
381,phase2,7,pair_008,6.349917,838.977405,848.835938,
382,phase2,7,pair_008,6.366582,838.99407,848.852604,
383,phase2,7,pair_008,6.383255,839.010745,848.869276,
384,phase2,7,pair_008,6.399925,839.027413,848.885946,
385,phase2,7,pair_008,6.416564,839.044051,848.902585,
386,phase2,7,pair_008,6.433236,839.060723,848.919257,
387,phase2,7,pair_008,6.449894,839.077381,848.935915,
388,phase2,7,pair_008,6.466592,839.09408,848.952613,
389,phase2,7,pair_008,6.483281,839.110769,848.969303,
390,phase2,7,pair_008,6.499896,839.127384,848.985918,
391,phase2,7,pair_008,6.516514,839.144002,849.002536,
392,phase2,7,pair_008,6.533237,839.160727,849.019259,
393,phase2,7,pair_008,6.549911,839.177399,849.035933,
394,phase2,7,pair_008,6.566573,839.194061,849.052594,
395,phase2,7,pair_008,6.583239,839.210727,849.06926,
396,phase2,7,pair_008,6.599904,839.227392,849.085925,
397,phase2,7,pair_008,6.61656,839.244048,849.102581,
398,phase2,7,pair_008,6.633226,839.260714,849.119247,
399,phase2,7,pair_008,6.649891,839.277379,849.135912,
400,phase2,7,pair_008,6.666519,839.294007,849.152541,
401,phase2,7,pair_008,6.683228,839.310715,849.169249,
402,phase2,7,pair_008,6.699892,839.32738,849.185913,
403,phase2,7,pair_008,6.716572,839.344059,849.202593,
404,phase2,7,pair_008,6.733232,839.36072,849.219254,
405,phase2,7,pair_008,6.749891,839.377379,849.235913,
406,phase2,7,pair_008,6.766553,839.394041,849.252574,
407,phase2,7,pair_008,6.783208,839.410696,849.269229,
408,phase2,7,pair_008,6.799883,839.427371,849.285904,
409,phase2,7,pair_008,6.816547,839.444035,849.302568,
410,phase2,7,pair_008,6.833249,839.460737,849.31927,
411,phase2,7,pair_008,6.849889,839.477378,849.335911,
412,phase2,7,pair_008,6.866551,839.494039,849.352573,
413,phase2,7,pair_008,6.883218,839.510706,849.36924,
414,phase2,7,pair_008,6.899873,839.52736,849.385894,
415,phase2,7,pair_008,6.916531,839.544019,849.402553,
416,phase2,7,pair_008,6.933218,839.560706,849.41924,
417,phase2,7,pair_008,6.949896,839.577384,849.435917,
418,phase2,7,pair_008,6.96652,839.594008,849.452541,
419,phase2,7,pair_008,6.983213,839.610701,849.469234,
420,phase2,7,pair_008,6.999878,839.627366,849.485899,
421,phase2,7,pair_008,7.016536,839.644024,849.502557,
422,phase2,7,pair_008,7.033235,839.660723,849.519257,
423,phase2,7,pair_008,7.049893,839.677381,849.535914,
424,phase2,7,pair_008,7.066543,839.694031,849.552565,
425,phase2,7,pair_008,7.083179,839.710667,849.569201,
426,phase2,7,pair_008,7.099832,839.72732,849.585853,
427,phase2,7,pair_008,7.116511,839.743999,849.602533,
428,phase2,7,pair_008,7.133209,839.760697,849.61923,
429,phase2,7,pair_008,7.149872,839.77736,849.635893,
430,phase2,7,pair_008,7.16653,839.794018,849.652551,
431,phase2,7,pair_008,7.183234,839.810722,849.669255,
432,phase2,7,pair_008,7.199888,839.827377,849.68591,
433,phase2,7,pair_008,7.21655,839.844038,849.702571,
434,phase2,7,pair_008,7.233223,839.860714,849.719245,
435,phase2,7,pair_008,7.249834,839.877321,849.735855,
436,phase2,7,pair_008,7.266537,839.894024,849.752558,
437,phase2,7,pair_008,7.283189,839.910677,849.76921,
438,phase2,7,pair_008,7.299877,839.927365,849.785898,
439,phase2,7,pair_008,7.316484,839.943972,849.802505,
440,phase2,7,pair_008,7.33321,839.960698,849.819231,
441,phase2,7,pair_008,7.349864,839.977353,849.835886,
442,phase2,7,pair_008,7.36655,839.994039,849.852572,
443,phase2,7,pair_008,7.383199,840.010687,849.86922,
444,phase2,7,pair_008,7.399846,840.027334,849.885867,
445,phase2,7,pair_008,7.41654,840.04403,849.902561,
446,phase2,7,pair_008,7.433207,840.060695,849.919228,
447,phase2,7,pair_008,7.449869,840.077357,849.93589,
448,phase2,7,pair_008,7.466533,840.094021,849.952554,
449,phase2,7,pair_008,7.483174,840.110662,849.969195,
450,phase2,7,pair_008,7.499877,840.127368,849.985899,
451,phase2,7,pair_008,7.516506,840.143994,850.002528,
452,phase2,7,pair_008,7.533199,840.160687,850.019221,
453,phase2,7,pair_008,7.549868,840.177356,850.035889,
454,phase2,7,pair_008,7.566533,840.194022,850.052554,
455,phase2,7,pair_008,7.583184,840.210672,850.069205,
456,phase2,7,pair_008,7.599861,840.22735,850.085883,
457,phase2,7,pair_008,7.616531,840.244019,850.102552,
458,phase2,7,pair_008,7.633193,840.260681,850.119214,
459,phase2,7,pair_008,7.649868,840.277356,850.135889,
460,phase2,7,pair_008,7.666538,840.294025,850.152559,
461,phase2,7,pair_008,7.683198,840.310686,850.16922,
462,phase2,7,pair_008,7.699771,840.327259,850.185792,
463,phase2,7,pair_008,7.716518,840.344007,850.20254,
464,phase2,7,pair_008,7.733189,840.360677,850.21921,
465,phase2,7,pair_008,7.749843,840.377331,850.235864,
466,phase2,7,pair_008,7.766516,840.394004,850.252537,
467,phase2,7,pair_008,7.783158,840.410646,850.269179,
468,phase2,7,pair_008,7.799857,840.427345,850.285878,
469,phase2,7,pair_008,7.816506,840.443994,850.302528,
470,phase2,7,pair_008,7.833146,840.460634,850.319168,
471,phase2,7,pair_008,7.84986,840.477348,850.335881,
472,phase2,7,pair_008,7.866527,840.494015,850.352548,
473,phase2,7,pair_008,7.883166,840.510654,850.369187,
474,phase2,7,pair_008,7.899841,840.527329,850.385862,
475,phase2,7,pair_008,7.916497,840.543985,850.402518,
476,phase2,7,pair_008,7.933168,840.560656,850.419189,
477,phase2,7,pair_008,7.949863,840.577351,850.435885,
478,phase2,7,pair_008,7.966526,840.594014,850.452547,
479,phase2,7,pair_008,7.98317,840.610658,850.469191,
480,phase2,7,pair_008,7.999859,840.627347,850.485881,
481,phase2,7,pair_008,8.01651,840.643998,850.502531,
482,phase2,7,pair_008,8.033134,840.660622,850.519155,
483,phase2,7,pair_008,8.049843,840.677331,850.535864,
484,phase2,7,pair_008,8.066513,840.694001,850.552534,
485,phase2,7,pair_008,8.083175,840.710663,850.569197,
486,phase2,7,pair_008,8.0998,840.727288,850.585821,
487,phase2,7,pair_008,8.116509,840.743997,850.60253,
488,phase2,7,pair_008,8.133165,840.760653,850.619187,
489,phase2,7,pair_008,8.149797,840.777289,850.635818,
490,phase2,7,pair_008,8.166426,840.793913,850.652447,
491,phase2,7,pair_008,8.183176,840.810664,850.669197,
492,phase2,7,pair_008,8.199828,840.827316,850.685849,
493,phase2,7,pair_008,8.216473,840.843961,850.702495,
494,phase2,7,pair_008,8.233237,840.860725,850.719258,
495,phase2,7,pair_008,8.24992,840.877409,850.735941,
496,phase2,7,pair_008,8.266609,840.894097,850.75263,
497,phase2,7,pair_008,8.283263,840.910751,850.769284,
498,phase2,7,pair_008,8.299957,840.927445,850.785979,
499,phase2,7,pair_008,8.316626,840.944114,850.802647,
500,phase2,7,pair_008,8.333275,840.960763,850.819296,
501,phase2,7,pair_008,8.349974,840.977462,850.835995,
502,phase2,7,pair_008,8.366612,840.9941,850.852634,
503,phase2,7,pair_008,8.383296,841.010784,850.869317,
504,phase2,7,pair_008,8.399987,841.027475,850.886008,
505,phase2,7,pair_008,8.416624,841.044115,850.902646,
506,phase2,7,pair_008,8.433253,841.060742,850.919275,
507,phase2,7,pair_008,8.449933,841.077421,850.935954,
508,phase2,7,pair_008,8.466638,841.094318,850.952659,
509,phase2,7,pair_008,8.483281,841.110769,850.969302,
510,phase2,7,pair_008,8.499928,841.127417,850.98595,
511,phase2,7,pair_008,8.516622,841.14411,851.002643,
512,phase2,7,pair_008,8.533289,841.160779,851.01931,
513,phase2,7,pair_008,8.549961,841.177449,851.035982,
514,phase2,7,pair_008,8.566618,841.194106,851.052639,
515,phase2,7,pair_008,8.583289,841.210777,851.06931,
516,phase2,7,pair_008,8.599933,841.227421,851.085954,
517,phase2,7,pair_008,8.616628,841.244116,851.10265,
518,phase2,7,pair_008,8.633288,841.260776,851.119309,
519,phase2,7,pair_008,8.649948,841.277436,851.13597,
520,phase2,7,pair_008,8.666621,841.294109,851.152642,
521,phase2,7,pair_008,8.683276,841.310764,851.169297,
522,phase2,7,pair_008,8.699926,841.327413,851.185947,
523,phase2,7,pair_008,8.716548,841.344036,851.202569,
524,phase2,7,pair_008,8.733281,841.360769,851.219302,
525,phase2,7,pair_008,8.74994,841.377427,851.235961,
526,phase2,7,pair_008,8.766601,841.394089,851.252622,
527,phase2,7,pair_008,8.783267,841.410755,851.269288,
528,phase2,7,pair_008,8.799946,841.427434,851.285967,
529,phase2,7,pair_008,8.816583,841.444071,851.302604,
530,phase2,7,pair_008,8.833245,841.460733,851.319267,
531,phase2,7,pair_008,8.849924,841.477412,851.335945,
532,phase2,7,pair_008,8.866583,841.494072,851.352605,
533,phase2,7,pair_008,8.883262,841.510751,851.369284,
534,phase2,7,pair_008,8.899946,841.527434,851.385967,
535,phase2,7,pair_008,8.916593,841.544081,851.402614,
536,phase2,7,pair_008,8.933257,841.560745,851.419279,
537,phase2,7,pair_008,8.949893,841.577381,851.435914,
538,phase2,7,pair_008,8.966607,841.594095,851.452628,
539,phase2,7,pair_008,8.983266,841.610757,851.469287,
540,phase2,7,pair_008,8.999929,841.627417,851.48595,
541,phase2,7,pair_008,9.016582,841.64407,851.502603,
542,phase2,7,pair_008,9.033264,841.660752,851.519285,
543,phase2,7,pair_008,9.049914,841.677402,851.535935,
544,phase2,7,pair_008,9.066601,841.694089,851.552622,
545,phase2,7,pair_008,9.083257,841.710745,851.569278,
546,phase2,7,pair_008,9.099879,841.727367,851.5859,
547,phase2,7,pair_008,9.116586,841.744074,851.602608,
548,phase2,7,pair_008,9.133204,841.760693,851.619225,
549,phase2,7,pair_008,9.14995,841.777438,851.635971,
550,phase2,7,pair_008,9.166598,841.794086,851.652619,
551,phase2,7,pair_008,9.183241,841.810731,851.669262,
552,phase2,7,pair_008,9.199926,841.827414,851.685948,
553,phase2,7,pair_008,9.216684,841.844172,851.702706,
554,phase2,7,pair_008,9.233264,841.860754,851.719285,
555,phase2,7,pair_008,9.249852,841.87734,851.735873,
556,phase2,7,pair_008,9.266564,841.894051,851.752585,
557,phase2,7,pair_008,9.283214,841.910702,851.769236,
558,phase2,7,pair_008,9.299942,841.927434,851.785963,
559,phase2,7,pair_008,9.316604,841.944092,851.802625,
560,phase2,7,pair_008,9.333262,841.96075,851.819283,
561,phase2,7,pair_008,9.349942,841.977431,851.835963,
562,phase2,7,pair_008,9.366589,841.994077,851.85261,
563,phase2,7,pair_008,9.383249,842.010737,851.86927,
564,phase2,7,pair_008,9.399924,842.027412,851.885946,
565,phase2,7,pair_008,9.41657,842.044058,851.902591,
566,phase2,7,pair_008,9.433247,842.060738,851.919268,
567,phase2,7,pair_008,9.449883,842.07737,851.935904,
568,phase2,7,pair_008,9.466582,842.09407,851.952603,
569,phase2,7,pair_008,9.483229,842.110717,851.96925,
570,phase2,7,pair_008,9.499878,842.127366,851.985899,
571,phase2,7,pair_008,9.516554,842.144042,852.002576,
572,phase2,7,pair_008,9.533251,842.160739,852.019272,
573,phase2,7,pair_008,9.549943,842.177431,852.035965,
574,phase2,7,pair_008,9.566579,842.194067,852.052601,
575,phase2,7,pair_008,9.583212,842.2107,852.069233,
576,phase2,7,pair_008,9.599908,842.227396,852.085929,
577,phase2,7,pair_008,9.616577,842.244065,852.102598,
578,phase2,7,pair_008,9.633243,842.260731,852.119264,
579,phase2,7,pair_008,9.649905,842.277393,852.135926,
580,phase2,7,pair_008,9.666573,842.294061,852.152594,
581,phase2,7,pair_008,9.683236,842.310724,852.169257,
582,phase2,7,pair_008,9.699853,842.327341,852.185875,
583,phase2,7,pair_008,9.716567,842.344055,852.202588,
584,phase2,7,pair_008,9.733231,842.360719,852.219252,
585,phase2,7,pair_008,9.749903,842.377391,852.235925,
586,phase2,7,pair_008,9.766917,842.394405,852.252939,
587,phase2,7,pair_008,9.78323,842.410721,852.269252,
588,phase2,7,pair_008,9.79987,842.427358,852.285891,
589,phase2,7,pair_008,9.816586,842.444076,852.302607,
590,phase2,7,pair_008,9.83326,842.460748,852.319281,
591,phase2,7,pair_008,9.849891,842.477379,852.335912,
592,phase2,7,pair_008,9.866537,842.494025,852.352558,
593,phase2,7,pair_008,9.883191,842.510679,852.369213,
594,phase2,7,pair_008,9.899898,842.527386,852.38592,
595,phase2,7,pair_008,9.916556,842.544045,852.402577,
596,phase2,7,pair_008,9.933233,842.560724,852.419255,
597,phase2,7,pair_008,9.949884,842.577372,852.435905,
598,phase2,7,pair_008,9.966555,842.594043,852.452576,
599,phase2,7,pair_008,9.983203,842.610691,852.469225,
600,phase2,7,pair_008,9.999897,842.627385,852.485918,
601,phase2,7,pair_008,-832.627749,842.627445,9.858273,timeout
0,phase3,7,pair_008,0.0,844.577319,854.435847,stimulus_onset
1,phase3,7,pair_008,0.016671,844.593987,854.452519,
2,phase3,7,pair_008,0.03332,844.610635,854.469167,
3,phase3,7,pair_008,0.049986,844.627301,854.485833,
4,phase3,7,pair_008,0.066663,844.643978,854.502511,
5,phase3,7,pair_008,0.083338,844.660653,854.519185,
6,phase3,7,pair_008,0.099982,844.677297,854.535829,
7,phase3,7,pair_008,0.11668,844.693995,854.552527,
8,phase3,7,pair_008,0.133337,844.710652,854.569185,
9,phase3,7,pair_008,0.150003,844.727318,854.58585,
10,phase3,7,pair_008,0.166633,844.743948,854.602481,
11,phase3,7,pair_008,0.183279,844.760594,854.619126,
12,phase3,7,pair_008,0.199976,844.777291,854.635823,
13,phase3,7,pair_008,0.216756,844.794071,854.652603,
14,phase3,7,pair_008,0.233443,844.810758,854.66929,
15,phase3,7,pair_008,0.250072,844.827388,854.68592,
16,phase3,7,pair_008,0.266765,844.844081,854.702613,
17,phase3,7,pair_008,0.283428,844.860743,854.719275,
18,phase3,7,pair_008,0.300108,844.877423,854.735955,
19,phase3,7,pair_008,0.316762,844.894077,854.752609,
20,phase3,7,pair_008,0.333422,844.910737,854.76927,
21,phase3,7,pair_008,0.350063,844.927378,854.785911,
22,phase3,7,pair_008,0.366732,844.944047,854.802579,
23,phase3,7,pair_008,0.383429,844.960744,854.819277,
24,phase3,7,pair_008,0.400105,844.977423,854.835952,
25,phase3,7,pair_008,0.416768,844.994084,854.852616,
26,phase3,7,pair_008,0.433438,845.010753,854.869286,
27,phase3,7,pair_008,0.45009,845.027405,854.885938,
28,phase3,7,pair_008,0.466763,845.044078,854.902611,
29,phase3,7,pair_008,0.483399,845.060714,854.919246,
30,phase3,7,pair_008,0.500101,845.077419,854.935948,
31,phase3,7,pair_008,0.516785,845.0941,854.952632,
32,phase3,7,pair_008,0.533438,845.110753,854.969285,
33,phase3,7,pair_008,0.55008,845.127395,854.985927,
34,phase3,7,pair_008,0.566759,845.144074,855.002606,
35,phase3,7,pair_008,0.583439,845.160754,855.019287,
36,phase3,7,pair_008,0.600046,845.177361,855.035894,
37,phase3,7,pair_008,0.616768,845.194084,855.052615,
38,phase3,7,pair_008,0.633425,845.21074,855.069272,
39,phase3,7,pair_008,0.650065,845.22738,855.085912,
40,phase3,7,pair_008,0.666724,845.244039,855.102572,
41,phase3,7,pair_008,0.683395,845.26071,855.119243,
42,phase3,7,pair_008,0.700084,845.277399,855.135931,
43,phase3,7,pair_008,0.716749,845.294065,855.152597,
44,phase3,7,pair_008,0.733432,845.310746,855.169279,
45,phase3,7,pair_008,0.750045,845.327359,855.185892,
46,phase3,7,pair_008,0.766753,845.344068,855.202601,
47,phase3,7,pair_008,0.783373,845.360688,855.21922,
48,phase3,7,pair_008,0.800084,845.3774,855.235932,
49,phase3,7,pair_008,0.816757,845.394072,855.252604,
50,phase3,7,pair_008,0.833398,845.410713,855.269246,
51,phase3,7,pair_008,0.850091,845.427409,855.285939,
52,phase3,7,pair_008,0.866756,845.444071,855.302603,
53,phase3,7,pair_008,0.883416,845.460731,855.319264,
54,phase3,7,pair_008,0.900044,845.477358,855.335891,
55,phase3,7,pair_008,0.916759,845.494074,855.352607,
56,phase3,7,pair_008,0.933425,845.51074,855.369272,
57,phase3,7,pair_008,0.950083,845.527398,855.385931,
58,phase3,7,pair_008,0.966754,845.544069,855.402602,
59,phase3,7,pair_008,0.983351,845.560666,855.419198,
60,phase3,7,pair_008,1.000062,845.577377,855.435909,
61,phase3,7,pair_008,1.016728,845.594042,855.452575,
62,phase3,7,pair_008,1.033411,845.610729,855.469258,
63,phase3,7,pair_008,1.050086,845.627401,855.485934,
64,phase3,7,pair_008,1.066724,845.644039,855.502571,
65,phase3,7,pair_008,1.083389,845.660704,855.519236,
66,phase3,7,pair_008,1.100219,845.677534,855.536066,
67,phase3,7,pair_008,1.11673,845.694045,855.552578,
68,phase3,7,pair_008,1.133395,845.71071,855.569243,
69,phase3,7,pair_008,1.150072,845.727386,855.585919,
70,phase3,7,pair_008,1.166722,845.744038,855.60257,
71,phase3,7,pair_008,1.183401,845.760716,855.619248,
72,phase3,7,pair_008,1.200084,845.777399,855.635931,
73,phase3,7,pair_008,1.21676,845.794075,855.652607,
74,phase3,7,pair_008,1.233405,845.810721,855.669253,
75,phase3,7,pair_008,1.25002,845.827335,855.685868,
76,phase3,7,pair_008,1.266724,845.844039,855.702572,
77,phase3,7,pair_008,1.283373,845.860688,855.71922,
78,phase3,7,pair_008,1.300055,845.877371,855.735903,
79,phase3,7,pair_008,1.31673,845.894045,855.752577,
80,phase3,7,pair_008,1.333388,845.910703,855.769235,
81,phase3,7,pair_008,1.350065,845.92738,855.785913,
82,phase3,7,pair_008,1.366718,845.944034,855.802566,
83,phase3,7,pair_008,1.383421,845.960739,855.819269,
84,phase3,7,pair_008,1.400037,845.977352,855.835884,
85,phase3,7,pair_008,1.416727,845.994042,855.852574,
86,phase3,7,pair_008,1.43338,846.010695,855.869228,
87,phase3,7,pair_008,1.450054,846.027368,855.885901,
88,phase3,7,pair_008,1.466725,846.04404,855.902572,
89,phase3,7,pair_008,1.483384,846.060699,855.919231,
90,phase3,7,pair_008,1.500055,846.07737,855.935903,
91,phase3,7,pair_008,1.51672,846.094037,855.952567,
92,phase3,7,pair_008,1.533343,846.110658,855.969191,
93,phase3,7,pair_008,1.55005,846.127367,855.985898,
94,phase3,7,pair_008,1.566706,846.144023,856.002554,
95,phase3,7,pair_008,1.583379,846.160694,856.019227,
96,phase3,7,pair_008,1.600033,846.177348,856.03588,
97,phase3,7,pair_008,1.616732,846.194048,856.05258,
98,phase3,7,pair_008,1.63339,846.210705,856.069238,
99,phase3,7,pair_008,1.650023,846.227338,856.085871,
100,phase3,7,pair_008,1.6667,846.244015,856.102548,
101,phase3,7,pair_008,1.683389,846.260704,856.119237,
102,phase3,7,pair_008,1.700053,846.277368,856.1359,
103,phase3,7,pair_008,1.716726,846.294041,856.152574,
104,phase3,7,pair_008,1.733366,846.310681,856.169214,
105,phase3,7,pair_008,1.750046,846.327361,856.185893,
106,phase3,7,pair_008,1.766697,846.344012,856.202545,
107,phase3,7,pair_008,1.783385,846.3607,856.219232,
108,phase3,7,pair_008,1.800042,846.377357,856.23589,
109,phase3,7,pair_008,1.816717,846.394032,856.252565,
110,phase3,7,pair_008,1.833362,846.410677,856.26921,
111,phase3,7,pair_008,1.850025,846.427345,856.285873,
112,phase3,7,pair_008,1.866722,846.444041,856.302569,
113,phase3,7,pair_008,1.883378,846.460694,856.319226,
114,phase3,7,pair_008,1.900048,846.477363,856.335895,
115,phase3,7,pair_008,1.916676,846.493991,856.352523,
116,phase3,7,pair_008,1.933371,846.510686,856.369219,
117,phase3,7,pair_008,1.950032,846.527347,856.385879,
118,phase3,7,pair_008,1.966696,846.544011,856.402543,
119,phase3,7,pair_008,1.983368,846.560683,856.419216,
120,phase3,7,pair_008,2.000052,846.577369,856.435899,
121,phase3,7,pair_008,2.016717,846.594032,856.452565,
122,phase3,7,pair_008,2.033356,846.610671,856.469204,
123,phase3,7,pair_008,2.050039,846.627354,856.485887,
124,phase3,7,pair_008,2.066702,846.644017,856.502549,
125,phase3,7,pair_008,2.083404,846.660719,856.519251,
126,phase3,7,pair_008,2.100033,846.677349,856.535881,
127,phase3,7,pair_008,2.116717,846.694032,856.552564,
128,phase3,7,pair_008,2.133365,846.710681,856.569213,
129,phase3,7,pair_008,2.150038,846.727355,856.585885,
130,phase3,7,pair_008,2.166681,846.743996,856.602528,
131,phase3,7,pair_008,2.183365,846.76068,856.619213,
132,phase3,7,pair_008,2.200027,846.777342,856.635874,
133,phase3,7,pair_008,2.216699,846.794014,856.652547,
134,phase3,7,pair_008,2.233383,846.810699,856.669231,
135,phase3,7,pair_008,2.25,846.827315,856.685847,
136,phase3,7,pair_008,2.266704,846.844022,856.702552,
137,phase3,7,pair_008,2.283366,846.860683,856.719213,
138,phase3,7,pair_008,2.300027,846.877342,856.735874,
139,phase3,7,pair_008,2.316675,846.89399,856.752523,
140,phase3,7,pair_008,2.333367,846.910682,856.769215,
141,phase3,7,pair_008,2.350038,846.927353,856.785885,
142,phase3,7,pair_008,2.36666,846.943976,856.802507,
143,phase3,7,pair_008,2.383368,846.960683,856.819216,
144,phase3,7,pair_008,2.400007,846.977322,856.835855,
145,phase3,7,pair_008,2.416713,846.994028,856.85256,
146,phase3,7,pair_008,2.433347,847.010661,856.869194,
147,phase3,7,pair_008,2.450014,847.02733,856.885862,
148,phase3,7,pair_008,2.466685,847.043999,856.902532,
149,phase3,7,pair_008,2.483349,847.060664,856.919196,
150,phase3,7,pair_008,2.500007,847.077322,856.935855,
151,phase3,7,pair_008,2.516678,847.093993,856.952525,
152,phase3,7,pair_008,2.533428,847.110746,856.969276,
153,phase3,7,pair_008,2.549955,847.12727,856.985802,
154,phase3,7,pair_008,2.566661,847.143977,857.002509,
155,phase3,7,pair_008,2.583342,847.160658,857.01919,
156,phase3,7,pair_008,2.59999,847.177305,857.035837,
157,phase3,7,pair_008,2.616688,847.194003,857.052535,
158,phase3,7,pair_008,2.633353,847.210668,857.0692,
159,phase3,7,pair_008,2.650365,847.22768,857.086213,
160,phase3,7,pair_008,2.66669,847.244005,857.102538,
161,phase3,7,pair_008,2.683361,847.260676,857.119208,
162,phase3,7,pair_008,2.700007,847.277322,857.135854,
163,phase3,7,pair_008,2.717,847.294317,857.152847,
164,phase3,7,pair_008,2.733357,847.310672,857.169205,
165,phase3,7,pair_008,2.750304,847.327619,857.186151,
166,phase3,7,pair_008,2.766659,847.343974,857.202506,
167,phase3,7,pair_008,2.783333,847.360649,857.219181,
168,phase3,7,pair_008,2.800042,847.377359,857.23589,
169,phase3,7,pair_008,2.816686,847.394001,857.252534,
170,phase3,7,pair_008,2.833358,847.410673,857.269205,
171,phase3,7,pair_008,2.85035,847.427665,857.286198,
172,phase3,7,pair_008,2.866664,847.443979,857.302511,
173,phase3,7,pair_008,2.883315,847.460632,857.319163,
174,phase3,7,pair_008,2.900081,847.477396,857.335929,
175,phase3,7,pair_008,2.916694,847.494012,857.352542,
176,phase3,7,pair_008,2.933356,847.510672,857.369204,
177,phase3,7,pair_008,2.950004,847.527319,857.385852,
178,phase3,7,pair_008,2.96668,847.543995,857.402528,
179,phase3,7,pair_008,2.983359,847.560674,857.419206,
180,phase3,7,pair_008,3.000321,847.577636,857.436168,
181,phase3,7,pair_008,3.016675,847.59399,857.452522,
182,phase3,7,pair_008,3.033349,847.610664,857.469196,
183,phase3,7,pair_008,3.049974,847.627289,857.485822,
184,phase3,7,pair_008,3.066997,847.644312,857.502844,
185,phase3,7,pair_008,3.083397,847.660712,857.519244,
186,phase3,7,pair_008,3.100005,847.67732,857.535853,
187,phase3,7,pair_008,3.116678,847.693993,857.552525,
188,phase3,7,pair_008,3.133681,847.710997,857.569528,
189,phase3,7,pair_008,3.150032,847.727348,857.58588,
190,phase3,7,pair_008,3.166694,847.74401,857.602542,
191,phase3,7,pair_008,3.183662,847.760978,857.61951,
192,phase3,7,pair_008,3.199985,847.777311,857.635832,
193,phase3,7,pair_008,3.216974,847.794289,857.652821,
194,phase3,7,pair_008,3.233349,847.810664,857.669196,
195,phase3,7,pair_008,3.250256,847.827571,857.686103,
196,phase3,7,pair_008,3.266671,847.843986,857.702519,
197,phase3,7,pair_008,3.283333,847.860648,857.71918,
198,phase3,7,pair_008,3.299997,847.877312,857.735845,
199,phase3,7,pair_008,3.316604,847.893919,857.752451,
200,phase3,7,pair_008,3.333333,847.910648,857.76918,
201,phase3,7,pair_008,3.350302,847.927617,857.78615,
202,phase3,7,pair_008,3.366714,847.94403,857.802562,
203,phase3,7,pair_008,3.383586,847.960901,857.819433,
204,phase3,7,pair_008,3.400004,847.97732,857.835852,
205,phase3,7,pair_008,3.416967,847.994282,857.852814,
206,phase3,7,pair_008,3.433373,848.010688,857.86922,
207,phase3,7,pair_008,3.450034,848.027349,857.885882,
208,phase3,7,pair_008,3.466652,848.043968,857.9025,
209,phase3,7,pair_008,3.483638,848.060953,857.919486,
210,phase3,7,pair_008,3.499981,848.077296,857.935828,
211,phase3,7,pair_008,3.516718,848.094033,857.952566,
212,phase3,7,pair_008,3.533333,848.110648,857.96918,
213,phase3,7,pair_008,3.55032,848.127635,857.986167,
214,phase3,7,pair_008,3.566685,848.144,858.002532,
215,phase3,7,pair_008,3.583393,848.160708,858.01924,
216,phase3,7,pair_008,3.60027,848.177585,858.036117,
217,phase3,7,pair_008,3.616626,848.193941,858.052473,
218,phase3,7,pair_008,3.633355,848.21067,858.069203,
219,phase3,7,pair_008,3.649998,848.227313,858.085846,
220,phase3,7,pair_008,3.666656,848.243971,858.102504,
221,phase3,7,pair_008,3.683321,848.260636,858.119169,
222,phase3,7,pair_008,3.700284,848.277599,858.136132,
223,phase3,7,pair_008,3.716676,848.293991,858.152524,
224,phase3,7,pair_008,3.73332,848.310635,858.169167,
225,phase3,7,pair_008,3.750315,848.32763,858.186162,
226,phase3,7,pair_008,3.766634,848.343949,858.202482,
227,phase3,7,pair_008,3.783377,848.360692,858.219224,
228,phase3,7,pair_008,3.799982,848.377298,858.23583,
229,phase3,7,pair_008,3.816978,848.394293,858.252825,
230,phase3,7,pair_008,3.833614,848.41093,858.269461,
231,phase3,7,pair_008,3.850095,848.427425,858.285942,
232,phase3,7,pair_008,3.866625,848.44394,858.302472,
233,phase3,7,pair_008,3.883331,848.460646,858.319179,
234,phase3,7,pair_008,3.900291,848.477607,858.336139,
235,phase3,7,pair_008,3.916668,848.493983,858.352515,
236,phase3,7,pair_008,3.933291,848.510607,858.369138,
237,phase3,7,pair_008,3.950316,848.527632,858.386164,
238,phase3,7,pair_008,3.96696,848.544276,858.402808,
239,phase3,7,pair_008,3.983273,848.560588,858.41912,
240,phase3,7,pair_008,4.000075,848.57739,858.435922,
241,phase3,7,pair_008,4.016638,848.593953,858.452485,
242,phase3,7,pair_008,4.033641,848.610956,858.469488,
243,phase3,7,pair_008,4.049942,848.627257,858.485789,
244,phase3,7,pair_008,4.066628,848.643943,858.502476,
245,phase3,7,pair_008,4.083606,848.660921,858.519453,
246,phase3,7,pair_008,4.09997,848.677285,858.535818,
247,phase3,7,pair_008,4.116672,848.693987,858.55252,
248,phase3,7,pair_008,4.133253,848.710569,858.569101,
249,phase3,7,pair_008,4.150109,848.727424,858.585957,
250,phase3,7,pair_008,4.166754,848.744069,858.602601,
251,phase3,7,pair_008,4.1834,848.760715,858.619247,
252,phase3,7,pair_008,4.200077,848.777392,858.635924,
253,phase3,7,pair_008,4.21678,848.794096,858.652628,
254,phase3,7,pair_008,4.233432,848.810747,858.669279,
255,phase3,7,pair_008,4.250059,848.827375,858.685907,
256,phase3,7,pair_008,4.267096,848.844411,858.702943,
257,phase3,7,pair_008,4.283713,848.861028,858.71956,
258,phase3,7,pair_008,4.300064,848.877379,858.735911,
259,phase3,7,pair_008,4.31681,848.894128,858.752657,
260,phase3,7,pair_008,4.333425,848.910741,858.769273,
261,phase3,7,pair_008,4.350374,848.927689,858.786221,
262,phase3,7,pair_008,4.366732,848.944047,858.80258,
263,phase3,7,pair_008,4.383414,848.960735,858.819262,
264,phase3,7,pair_008,4.400108,848.977423,858.835955,
265,phase3,7,pair_008,4.416963,848.994278,858.85281,
266,phase3,7,pair_008,4.433417,849.010732,858.869265,
267,phase3,7,pair_008,4.450095,849.027411,858.885943,
268,phase3,7,pair_008,4.466745,849.044062,858.902592,
269,phase3,7,pair_008,4.483751,849.061066,858.919598,
270,phase3,7,pair_008,4.500071,849.077388,858.935918,
271,phase3,7,pair_008,4.516754,849.094069,858.952602,
272,phase3,7,pair_008,4.533698,849.111015,858.969545,
273,phase3,7,pair_008,4.550068,849.127385,858.985916,
274,phase3,7,pair_008,4.56676,849.144075,859.002607,
275,phase3,7,pair_008,4.583428,849.160743,859.019275,
276,phase3,7,pair_008,4.600078,849.177393,859.035925,
277,phase3,7,pair_008,4.616753,849.194068,859.052601,
278,phase3,7,pair_008,4.633372,849.210687,859.06922,
279,phase3,7,pair_008,4.650058,849.227373,859.085906,
280,phase3,7,pair_008,4.666767,849.244082,859.102615,
281,phase3,7,pair_008,4.683428,849.260743,859.119275,
282,phase3,7,pair_008,4.700037,849.277352,859.135884,
283,phase3,7,pair_008,4.716691,849.294011,859.152538,
284,phase3,7,pair_008,4.733363,849.310678,859.16921,
285,phase3,7,pair_008,4.750407,849.327722,859.186254,
286,phase3,7,pair_008,4.76701,849.344325,859.202857,
287,phase3,7,pair_008,4.783399,849.360714,859.219247,
288,phase3,7,pair_008,4.800062,849.377377,859.235909,
289,phase3,7,pair_008,4.816683,849.393999,859.25253,
290,phase3,7,pair_008,4.833728,849.411042,859.269575,
291,phase3,7,pair_008,4.850058,849.427373,859.285906,
292,phase3,7,pair_008,4.866754,849.444069,859.302601,
293,phase3,7,pair_008,4.883411,849.460729,859.319259,
294,phase3,7,pair_008,4.900385,849.4777,859.336232,
295,phase3,7,pair_008,4.916735,849.49405,859.352582,
296,phase3,7,pair_008,4.933386,849.510701,859.369234,
297,phase3,7,pair_008,4.950125,849.527442,859.385972,
298,phase3,7,pair_008,4.966727,849.544043,859.402575,
299,phase3,7,pair_008,4.983421,849.560736,859.419269,
300,phase3,7,pair_008,5.000035,849.57735,859.435882,
301,phase3,7,pair_008,5.016772,849.594106,859.45262,
302,phase3,7,pair_008,5.033676,849.610991,859.469523,
303,phase3,7,pair_008,5.050382,849.627697,859.486229,
304,phase3,7,pair_008,5.066773,849.644088,859.50262,
305,phase3,7,pair_008,5.083436,849.660751,859.519284,
306,phase3,7,pair_008,5.100381,849.677696,859.536228,
307,phase3,7,pair_008,5.117033,849.694348,859.552881,
308,phase3,7,pair_008,5.133418,849.710733,859.569265,
309,phase3,7,pair_008,5.150047,849.727362,859.585894,
310,phase3,7,pair_008,5.166986,849.744303,859.602834,
311,phase3,7,pair_008,5.183707,849.761022,859.619554,
312,phase3,7,pair_008,5.200052,849.777367,859.6359,
313,phase3,7,pair_008,5.216759,849.794077,859.652607,
314,phase3,7,pair_008,5.2334,849.810716,859.669248,
315,phase3,7,pair_008,5.250336,849.827652,859.686184,
316,phase3,7,pair_008,5.266723,849.844038,859.70257,
317,phase3,7,pair_008,5.28338,849.860701,859.719228,
318,phase3,7,pair_008,5.300114,849.877429,859.735961,
319,phase3,7,pair_008,5.317075,849.894391,859.752922,
320,phase3,7,pair_008,5.333436,849.910751,859.769283,
321,phase3,7,pair_008,5.350092,849.927407,859.78594,
322,phase3,7,pair_008,5.366747,849.944063,859.802595,
323,phase3,7,pair_008,5.383727,849.961042,859.819575,
324,phase3,7,pair_008,5.400078,849.977393,859.835926,
325,phase3,7,pair_008,5.416736,849.994051,859.852584,
326,phase3,7,pair_008,5.433369,850.010684,859.869217,
327,phase3,7,pair_008,5.450056,850.027371,859.885903,
328,phase3,7,pair_008,5.467035,850.04435,859.902882,
329,phase3,7,pair_008,5.483369,850.060684,859.919216,
330,phase3,7,pair_008,5.500102,850.077417,859.935949,
331,phase3,7,pair_008,5.650392,850.227707,860.08624,
332,phase3,7,pair_008,5.66703,850.244345,860.102877,
333,phase3,7,pair_008,5.683396,850.260711,860.119244,
334,phase3,7,pair_008,5.69997,850.277285,860.135817,
335,phase3,7,pair_008,5.716717,850.294032,860.152564,
336,phase3,7,pair_008,5.733696,850.311011,860.169543,
337,phase3,7,pair_008,5.750051,850.327368,860.185898,
338,phase3,7,pair_008,5.76671,850.344026,860.202558,
339,phase3,7,pair_008,5.783365,850.360683,860.219213,
340,phase3,7,pair_008,5.800019,850.377334,860.235866,
341,phase3,7,pair_008,5.816714,850.394029,860.252561,
342,phase3,7,pair_008,5.833391,850.410706,860.269238,
343,phase3,7,pair_008,5.850026,850.427341,860.285873,
344,phase3,7,pair_008,5.866702,850.444017,860.30255,
345,phase3,7,pair_008,5.883689,850.461004,860.319536,
346,phase3,7,pair_008,5.900042,850.477357,860.335889,
347,phase3,7,pair_008,5.916739,850.494055,860.352587,
348,phase3,7,pair_008,5.933369,850.510686,860.369217,
349,phase3,7,pair_008,5.950329,850.527644,860.386176,
350,phase3,7,pair_008,5.966713,850.544028,860.40256,
351,phase3,7,pair_008,5.983364,850.56068,860.419212,
352,phase3,7,pair_008,6.00003,850.577345,860.435878,
353,phase3,7,pair_008,6.01668,850.593995,860.452527,
354,phase3,7,pair_008,6.033354,850.610669,860.469202,
355,phase3,7,pair_008,6.050098,850.627413,860.485945,
356,phase3,7,pair_008,6.066972,850.644287,860.502819,
357,phase3,7,pair_008,6.083283,850.660598,860.51913,
358,phase3,7,pair_008,6.100036,850.677351,860.535884,
359,phase3,7,pair_008,6.116714,850.694029,860.552562,
360,phase3,7,pair_008,6.133368,850.710683,860.569215,
361,phase3,7,pair_008,6.150003,850.727318,860.58585,
362,phase3,7,pair_008,6.16699,850.744305,860.602837,
363,phase3,7,pair_008,6.183329,850.760644,860.619176,
364,phase3,7,pair_008,6.200308,850.777623,860.636155,
365,phase3,7,pair_008,6.216983,850.794298,860.65283,
366,phase3,7,pair_008,6.31668,850.893995,860.752527,
367,phase3,7,pair_008,6.333381,850.910697,860.769229,
368,phase3,7,pair_008,6.350027,850.927343,860.785875,
369,phase3,7,pair_008,6.366997,850.944312,860.802844,
370,phase3,7,pair_008,6.383258,850.960574,860.819105,
371,phase3,7,pair_008,6.400037,850.977353,860.835885,
372,phase3,7,pair_008,6.416671,850.993986,860.852518,
373,phase3,7,pair_008,6.433335,851.010651,860.869183,
374,phase3,7,pair_008,6.44998,851.027296,860.885828,
375,phase3,7,pair_008,6.466744,851.044063,860.902591,
376,phase3,7,pair_008,6.483414,851.06073,860.919262,
377,phase3,7,pair_008,6.500341,851.077656,860.936189,
378,phase3,7,pair_008,6.516753,851.094259,860.9526,
379,phase3,7,pair_008,6.533428,851.11077,860.969275,
380,phase3,7,pair_008,6.550064,851.127378,860.985911,
381,phase3,7,pair_008,6.56701,851.144328,861.002858,
382,phase3,7,pair_008,6.583341,851.160657,861.019188,
383,phase3,7,pair_008,6.599985,851.177302,861.035833,
384,phase3,7,pair_008,6.616667,851.193982,861.052514,
385,phase3,7,pair_008,6.633328,851.210644,861.069176,
386,phase3,7,pair_008,6.650318,851.227633,861.086165,
387,phase3,7,pair_008,6.666685,851.244001,861.102533,
388,phase3,7,pair_008,6.683301,851.260617,861.119149,
389,phase3,7,pair_008,6.700344,851.277659,861.136191,
390,phase3,7,pair_008,6.716975,851.29429,861.152822,
391,phase3,7,pair_008,6.733334,851.310649,861.169181,
392,phase3,7,pair_008,6.749954,851.32727,861.185801,
393,phase3,7,pair_008,6.766655,851.343971,861.202503,
394,phase3,7,pair_008,6.78362,851.360935,861.219467,
395,phase3,7,pair_008,6.800022,851.377338,861.23587,
396,phase3,7,pair_008,6.816668,851.393983,861.252515,
397,phase3,7,pair_008,6.833321,851.410637,861.269169,
398,phase3,7,pair_008,6.849992,851.427308,861.28584,
399,phase3,7,pair_008,6.866768,851.444086,861.302616,
400,phase3,7,pair_008,6.883245,851.46056,861.319092,
401,phase3,7,pair_008,6.899974,851.477289,861.335821,
402,phase3,7,pair_008,6.916979,851.494295,861.352827,
403,phase3,7,pair_008,6.933605,851.510921,861.369453,
404,phase3,7,pair_008,6.950011,851.527327,861.385859,
405,phase3,7,pair_008,6.96664,851.543956,861.402488,
406,phase3,7,pair_008,6.983647,851.560965,861.419494,
407,phase3,7,pair_008,7.00028,851.577595,861.436128,
408,phase3,7,pair_008,7.01669,851.594005,861.452538,
409,phase3,7,pair_008,7.033314,851.610629,861.469161,
410,phase3,7,pair_008,7.049958,851.627273,861.485806,
411,phase3,7,pair_008,7.066969,851.644285,861.502816,
412,phase3,7,pair_008,7.083323,851.660639,861.519171,
413,phase3,7,pair_008,7.099989,851.677305,861.535836,
414,phase3,7,pair_008,7.116604,851.69392,861.552452,
415,phase3,7,pair_008,7.216666,851.793981,861.652514,
416,phase3,7,pair_008,7.233329,851.810644,861.669176,
417,phase3,7,pair_008,7.24999,851.827305,861.685837,
418,phase3,7,pair_008,7.266634,851.84395,861.702482,
419,phase3,7,pair_008,7.283254,851.860569,861.719101,
420,phase3,7,pair_008,7.299986,851.877301,861.735833,
421,phase3,7,pair_008,7.316658,851.893974,861.752506,
422,phase3,7,pair_008,7.333318,851.910633,861.769165,
423,phase3,7,pair_008,7.350292,851.927608,861.78614,
424,phase3,7,pair_008,7.366648,851.943963,861.802495,
425,phase3,7,pair_008,7.383324,851.960639,861.819171,
426,phase3,7,pair_008,7.399945,851.97726,861.835793,
427,phase3,7,pair_008,7.416625,851.99394,861.852472,
428,phase3,7,pair_008,7.433259,852.010579,861.869107,
429,phase3,7,pair_008,7.450014,852.027329,861.885861,
430,phase3,7,pair_008,7.466986,852.044301,861.902833,
431,phase3,7,pair_008,7.483604,852.06092,861.919452,
432,phase3,7,pair_008,7.499927,852.077243,861.935774,
433,phase3,7,pair_008,7.516664,852.093979,861.952511,
434,phase3,7,pair_008,7.533348,852.110663,861.969195,
435,phase3,7,pair_008,7.550296,852.127611,861.986143,
436,phase3,7,pair_008,7.566921,852.144236,862.002768,
437,phase3,7,pair_008,7.583317,852.160633,862.019165,
438,phase3,7,pair_008,7.599951,852.177267,862.035799,
439,phase3,7,pair_008,7.616944,852.19426,862.052792,
440,phase3,7,pair_008,7.633381,852.210697,862.069229,
441,phase3,7,pair_008,7.649904,852.227219,862.085751,
442,phase3,7,pair_008,7.666928,852.244243,862.102775,
443,phase3,7,pair_008,7.683285,852.260601,862.119132,
444,phase3,7,pair_008,7.700243,852.277558,862.13609,
445,phase3,7,pair_008,7.716672,852.293987,862.152519,
446,phase3,7,pair_008,7.733295,852.310611,862.169143,
447,phase3,7,pair_008,7.750282,852.327597,862.186129,
448,phase3,7,pair_008,7.849988,852.427305,862.285836,
449,phase3,7,pair_008,7.866611,852.443927,862.302458,
450,phase3,7,pair_008,7.88329,852.460605,862.319137,
451,phase3,7,pair_008,7.900255,852.477571,862.336102,
452,phase3,7,pair_008,7.916673,852.493989,862.352521,
453,phase3,7,pair_008,7.933302,852.510618,862.36915,
454,phase3,7,pair_008,7.95,852.527316,862.385848,
455,phase3,7,pair_008,7.966934,852.54425,862.402781,
456,phase3,7,pair_008,7.983356,852.560671,862.419203,
457,phase3,7,pair_008,7.999919,852.577235,862.435766,
458,phase3,7,pair_008,8.016869,852.594185,862.452716,
459,phase3,7,pair_008,8.033269,852.610585,862.469117,
460,phase3,7,pair_008,8.049967,852.627283,862.485815,
461,phase3,7,pair_008,8.066621,852.643936,862.502468,
462,phase3,7,pair_008,8.083397,852.660712,862.519244,
463,phase3,7,pair_008,8.10007,852.677386,862.535918,
464,phase3,7,pair_008,8.116761,852.694077,862.552609,
465,phase3,7,pair_008,8.133391,852.710707,862.569239,
466,phase3,7,pair_008,8.150066,852.727382,862.585914,
467,phase3,7,pair_008,8.166697,852.744012,862.602544,
468,phase3,7,pair_008,8.183424,852.760756,862.619272,
469,phase3,7,pair_008,8.200062,852.777378,862.635909,
470,phase3,7,pair_008,8.216735,852.794051,862.652582,
471,phase3,7,pair_008,8.2334,852.810716,862.669247,
472,phase3,7,pair_008,8.250032,852.827348,862.68588,
473,phase3,7,pair_008,8.266708,852.844027,862.702556,
474,phase3,7,pair_008,8.283686,852.861002,862.719534,
475,phase3,7,pair_008,8.300093,852.877411,862.735941,
476,phase3,7,pair_008,8.3167,852.894016,862.752548,
477,phase3,7,pair_008,8.333387,852.910704,862.769234,
478,phase3,7,pair_008,-844.577575,852.910888,9.858273,response
