frame_idx,phase,trial_id,stim_pair_id,elapsed_time,global_time,flip_time,event_marker
0,phase1,39,pair_040,0.0,2009.52028,2019.378811,stimulus_onset
1,phase1,39,pair_040,0.018595,2009.538873,2019.397406,
2,phase1,39,pair_040,0.033651,2009.553929,2019.412462,
3,phase1,39,pair_040,0.049073,2009.56935,2019.427884,
4,phase1,39,pair_040,0.06578,2009.586061,2019.444592,
5,phase1,39,pair_040,0.082652,2009.60293,2019.461464,
6,phase1,39,pair_040,0.099042,2009.61932,2019.477854,
7,phase1,39,pair_040,0.115721,2009.636002,2019.494532,
8,phase1,39,pair_040,0.132403,2009.652682,2019.511215,
9,phase1,39,pair_040,0.149042,2009.669321,2019.527854,
10,phase1,39,pair_040,0.16604,2009.686318,2019.544852,
11,phase1,39,pair_040,0.182383,2009.70266,2019.561194,
12,phase1,39,pair_040,0.199051,2009.719329,2019.577863,
13,phase1,39,pair_040,0.215718,2009.735996,2019.594529,
14,phase1,39,pair_040,0.232729,2009.753007,2019.611541,
15,phase1,39,pair_040,0.249058,2009.769335,2019.627869,
16,phase1,39,pair_040,0.265747,2009.786025,2019.644559,
17,phase1,39,pair_040,0.282387,2009.802666,2019.661199,
18,phase1,39,pair_040,0.299044,2009.819321,2019.677855,
19,phase1,39,pair_040,0.316007,2009.836285,2019.694818,
20,phase1,39,pair_040,0.332378,2009.852656,2019.71119,
21,phase1,39,pair_040,0.349104,2009.869382,2019.727915,
22,phase1,39,pair_040,0.365718,2009.885996,2019.74453,
23,phase1,39,pair_040,0.382698,2009.902977,2019.761509,
24,phase1,39,pair_040,0.399078,2009.919356,2019.777889,
25,phase1,39,pair_040,0.41568,2009.935958,2019.794491,
26,phase1,39,pair_040,0.432363,2009.95264,2019.811174,
27,phase1,39,pair_040,0.449371,2009.969649,2019.828183,
28,phase1,39,pair_040,0.465737,2009.986015,2019.844549,
29,phase1,39,pair_040,0.482376,2010.002654,2019.861187,
30,phase1,39,pair_040,0.499331,2010.019609,2019.878142,
31,phase1,39,pair_040,0.516024,2010.036302,2019.894835,
32,phase1,39,pair_040,0.532654,2010.052932,2019.911465,
33,phase1,39,pair_040,0.549014,2010.069292,2019.927826,
34,phase1,39,pair_040,0.565816,2010.086099,2019.944628,
35,phase1,39,pair_040,0.582501,2010.102779,2019.961313,
36,phase1,39,pair_040,0.599179,2010.119458,2019.977991,
37,phase1,39,pair_040,0.616146,2010.136424,2019.994958,
38,phase1,39,pair_040,0.632493,2010.152771,2020.011304,
39,phase1,39,pair_040,0.64917,2010.169451,2020.027981,
40,phase1,39,pair_040,0.665812,2010.18609,2020.044623,
41,phase1,39,pair_040,0.682422,2010.2027,2020.061233,
42,phase1,39,pair_040,0.699449,2010.219726,2020.07826,
43,phase1,39,pair_040,0.715814,2010.236094,2020.094625,
44,phase1,39,pair_040,0.732483,2010.252762,2020.111295,
45,phase1,39,pair_040,0.749133,2010.269411,2020.127945,
46,phase1,39,pair_040,0.766105,2010.286383,2020.144917,
47,phase1,39,pair_040,0.782476,2010.302754,2020.161287,
48,phase1,39,pair_040,0.799165,2010.319444,2020.177976,
49,phase1,39,pair_040,0.816133,2010.33641,2020.194944,
50,phase1,39,pair_040,0.83279,2010.353067,2020.211601,
51,phase1,39,pair_040,0.849143,2010.36942,2020.227954,
52,phase1,39,pair_040,0.865813,2010.386092,2020.244624,
53,phase1,39,pair_040,0.882784,2010.403062,2020.261595,
54,phase1,39,pair_040,0.899463,2010.419741,2020.278275,
55,phase1,39,pair_040,0.915805,2010.436082,2020.294616,
56,phase1,39,pair_040,0.932467,2010.452745,2020.311279,
57,phase1,39,pair_040,0.949174,2010.469451,2020.327985,
58,phase1,39,pair_040,0.966119,2010.486397,2020.34493,
59,phase1,39,pair_040,0.982464,2010.502742,2020.361276,
60,phase1,39,pair_040,0.999105,2010.519383,2020.377916,
61,phase1,39,pair_040,1.015843,2010.536122,2020.394655,
62,phase1,39,pair_040,1.032459,2010.552738,2020.41127,
63,phase1,39,pair_040,1.049425,2010.569703,2020.428236,
64,phase1,39,pair_040,1.0658,2010.586077,2020.444611,
65,phase1,39,pair_040,1.082482,2010.602762,2020.461294,
66,phase1,39,pair_040,1.099468,2010.619746,2020.47828,
67,phase1,39,pair_040,1.116094,2010.636371,2020.494905,
68,phase1,39,pair_040,1.132453,2010.652731,2020.511265,
69,phase1,39,pair_040,1.149125,2010.669402,2020.527936,
70,phase1,39,pair_040,1.165815,2010.686093,2020.544627,
71,phase1,39,pair_040,1.182766,2010.703043,2020.561577,
72,phase1,39,pair_040,1.199126,2010.719404,2020.577937,
73,phase1,39,pair_040,1.215794,2010.736072,2020.594606,
74,phase1,39,pair_040,1.232496,2010.752778,2020.611307,
75,phase1,39,pair_040,1.249413,2010.769691,2020.628225,
76,phase1,39,pair_040,1.265796,2010.786073,2020.644607,
77,phase1,39,pair_040,1.282452,2010.802733,2020.661264,
78,phase1,39,pair_040,1.299104,2010.819382,2020.677915,
79,phase1,39,pair_040,1.315788,2010.836066,2020.694599,
80,phase1,39,pair_040,1.332438,2010.852716,2020.71125,
81,phase1,39,pair_040,1.34909,2010.869368,2020.727902,
82,phase1,39,pair_040,1.365821,2010.886098,2020.744632,
83,phase1,39,pair_040,1.382376,2010.902659,2020.761187,
84,phase1,39,pair_040,1.399118,2010.919398,2020.777929,
85,phase1,39,pair_040,1.415784,2010.936062,2020.794595,
86,phase1,39,pair_040,1.432429,2010.952707,2020.81124,
87,phase1,39,pair_040,1.449022,2010.969303,2020.827833,
88,phase1,39,pair_040,1.465816,2010.986097,2020.844627,
89,phase1,39,pair_040,1.482433,2011.002711,2020.861245,
90,phase1,39,pair_040,1.499166,2011.019448,2020.877977,
91,phase1,39,pair_040,1.516079,2011.036368,2020.89489,
92,phase1,39,pair_040,1.53275,2011.053031,2020.911562,
93,phase1,39,pair_040,1.549138,2011.069416,2020.92795,
94,phase1,39,pair_040,1.565778,2011.086056,2020.94459,
95,phase1,39,pair_040,1.582437,2011.102717,2020.961249,
96,phase1,39,pair_040,1.599399,2011.119677,2020.978211,
97,phase1,39,pair_040,1.615767,2011.136045,2020.994579,
98,phase1,39,pair_040,1.632438,2011.152716,2021.011249,
99,phase1,39,pair_040,1.649105,2011.169384,2021.027916,
100,phase1,39,pair_040,1.666082,2011.186362,2021.044894,
101,phase1,39,pair_040,1.6824,2011.202678,2021.061211,
102,phase1,39,pair_040,1.699118,2011.219398,2021.077929,
103,phase1,39,pair_040,1.715795,2011.236073,2021.094606,
104,phase1,39,pair_040,1.732759,2011.253036,2021.11157,
105,phase1,39,pair_040,1.74911,2011.269388,2021.127921,
106,phase1,39,pair_040,1.765836,2011.286113,2021.144647,
107,phase1,39,pair_040,1.782672,2011.302949,2021.161483,
108,phase1,39,pair_040,1.799045,2011.319323,2021.177857,
109,phase1,39,pair_040,1.816076,2011.336356,2021.194887,
110,phase1,39,pair_040,1.832444,2011.352722,2021.211255,
111,phase1,39,pair_040,1.849147,2011.369424,2021.227958,
112,phase1,39,pair_040,1.866053,2011.38633,2021.244864,
113,phase1,39,pair_040,1.882733,2011.403011,2021.261545,
114,phase1,39,pair_040,1.89909,2011.419368,2021.277902,
115,phase1,39,pair_040,1.915832,2011.43611,2021.294644,
116,phase1,39,pair_040,1.932729,2011.453007,2021.31154,
117,phase1,39,pair_040,1.949404,2011.469682,2021.328215,
118,phase1,39,pair_040,1.965753,2011.48603,2021.344564,
119,phase1,39,pair_040,1.982428,2011.502706,2021.361239,
120,phase1,39,pair_040,1.999439,2011.519717,2021.37825,
121,phase1,39,pair_040,2.015755,2011.536032,2021.394566,
122,phase1,39,pair_040,2.032416,2011.552694,2021.411227,
123,phase1,39,pair_040,2.049109,2011.56939,2021.42792,
124,phase1,39,pair_040,2.065779,2011.586057,2021.444591,
125,phase1,39,pair_040,2.082744,2011.603022,2021.461555,
126,phase1,39,pair_040,2.099069,2011.619346,2021.47788,
127,phase1,39,pair_040,2.115762,2011.63604,2021.494573,
128,phase1,39,pair_040,2.13249,2011.652768,2021.511302,
129,phase1,39,pair_040,2.149416,2011.669693,2021.528227,
130,phase1,39,pair_040,2.166054,2011.686331,2021.544865,
131,phase1,39,pair_040,2.182425,2011.702703,2021.561237,
132,phase1,39,pair_040,2.199156,2011.719434,2021.577968,
133,phase1,39,pair_040,2.215743,2011.736021,2021.594555,
134,phase1,39,pair_040,2.232689,2011.752966,2021.6115,
135,phase1,39,pair_040,2.249012,2011.76929,2021.627823,
136,phase1,39,pair_040,2.26582,2011.786098,2021.644631,
137,phase1,39,pair_040,2.282389,2011.802666,2021.6612,
138,phase1,39,pair_040,2.299386,2011.819666,2021.678198,
139,phase1,39,pair_040,2.315717,2011.835994,2021.694528,
140,phase1,39,pair_040,2.332411,2011.85269,2021.711222,
141,phase1,39,pair_040,2.349394,2011.869672,2021.728205,
142,phase1,39,pair_040,2.365748,2011.886027,2021.74456,
143,phase1,39,pair_040,2.382424,2011.902702,2021.761236,
144,phase1,39,pair_040,2.399035,2011.919313,2021.777847,
145,phase1,39,pair_040,2.415753,2011.93603,2021.794564,
146,phase1,39,pair_040,2.432721,2011.952998,2021.811532,
147,phase1,39,pair_040,2.449113,2011.96939,2021.827924,
148,phase1,39,pair_040,2.465661,2011.985943,2021.844473,
149,phase1,39,pair_040,2.482428,2012.002707,2021.861239,
150,phase1,39,pair_040,2.499389,2012.019666,2021.8782,
151,phase1,39,pair_040,2.515741,2012.036019,2021.894553,
152,phase1,39,pair_040,2.532452,2012.05273,2021.911263,
153,phase1,39,pair_040,2.54937,2012.069649,2021.928181,
154,phase1,39,pair_040,2.566069,2012.086347,2021.944881,
155,phase1,39,pair_040,2.582376,2012.102653,2021.961187,
156,phase1,39,pair_040,2.599072,2012.11935,2021.977883,
157,phase1,39,pair_040,2.615712,2012.13599,2021.994523,
158,phase1,39,pair_040,2.632739,2012.153019,2022.01155,
159,phase1,39,pair_040,2.649361,2012.169638,2022.028172,
160,phase1,39,pair_040,2.66572,2012.185997,2022.044531,
161,phase1,39,pair_040,2.682404,2012.202681,2022.061215,
162,phase1,39,pair_040,2.699356,2012.219635,2022.078167,
163,phase1,39,pair_040,2.715685,2012.235963,2022.094496,
164,phase1,39,pair_040,2.7324,2012.252678,2022.111211,
165,phase1,39,pair_040,2.749079,2012.269357,2022.12789,
166,phase1,39,pair_040,2.765715,2012.285994,2022.144527,
167,phase1,39,pair_040,2.782714,2012.302991,2022.161525,
168,phase1,39,pair_040,2.799069,2012.319347,2022.17788,
169,phase1,39,pair_040,2.815797,2012.336074,2022.194608,
170,phase1,39,pair_040,2.832405,2012.352683,2022.211216,
171,phase1,39,pair_040,2.849013,2012.36929,2022.227824,
172,phase1,39,pair_040,2.86568,2012.385958,2022.244491,
173,phase1,39,pair_040,2.882404,2012.402681,2022.261215,
174,phase1,39,pair_040,2.899054,2012.419332,2022.277865,
175,phase1,39,pair_040,2.915685,2012.435963,2022.294496,
176,phase1,39,pair_040,2.932388,2012.452669,2022.311199,
177,phase1,39,pair_040,2.949069,2012.469347,2022.32788,
178,phase1,39,pair_040,2.965821,2012.486101,2022.344633,
179,phase1,39,pair_040,2.982396,2012.502674,2022.361208,
180,phase1,39,pair_040,2.999054,2012.519332,2022.377866,
181,phase1,39,pair_040,3.015747,2012.536025,2022.394558,
182,phase1,39,pair_040,3.032392,2012.55267,2022.411204,
183,phase1,39,pair_040,3.049078,2012.569356,2022.427889,
184,phase1,39,pair_040,3.066011,2012.586288,2022.444822,
185,phase1,39,pair_040,3.082393,2012.602695,2022.461204,
186,phase1,39,pair_040,3.099059,2012.619337,2022.477871,
187,phase1,39,pair_040,3.115713,2012.63599,2022.494524,
188,phase1,39,pair_040,3.132709,2012.652986,2022.51152,
189,phase1,39,pair_040,3.149121,2012.669399,2022.527933,
190,phase1,39,pair_040,3.165763,2012.68604,2022.544574,
191,phase1,39,pair_040,3.182384,2012.702661,2022.561195,
192,phase1,39,pair_040,3.199352,2012.719629,2022.578163,
193,phase1,39,pair_040,3.215782,2012.73606,2022.594593,
194,phase1,39,pair_040,3.232367,2012.752645,2022.611178,
195,phase1,39,pair_040,3.249038,2012.769315,2022.627849,
196,phase1,39,pair_040,3.266031,2012.786309,2022.644843,
197,phase1,39,pair_040,3.282381,2012.802659,2022.661193,
198,phase1,39,pair_040,3.299068,2012.819346,2022.677879,
199,phase1,39,pair_040,3.315967,2012.836245,2022.694778,
200,phase1,39,pair_040,3.33271,2012.852987,2022.711521,
201,phase1,39,pair_040,3.349061,2012.869339,2022.727872,
202,phase1,39,pair_040,3.365797,2012.886075,2022.744608,
203,phase1,39,pair_040,3.382375,2012.902653,2022.761187,
204,phase1,39,pair_040,3.399317,2012.919594,2022.778128,
205,phase1,39,pair_040,3.415969,2012.936247,2022.79478,
206,phase1,39,pair_040,3.432375,2012.952653,2022.811187,
207,phase1,39,pair_040,3.449039,2012.969316,2022.82785,
208,phase1,39,pair_040,3.465689,2012.985967,2022.844501,
209,phase1,39,pair_040,3.482657,2013.002935,2022.861469,
210,phase1,39,pair_040,3.499298,2013.019578,2022.878109,
211,phase1,39,pair_040,3.515714,2013.035991,2022.894525,
212,phase1,39,pair_040,3.532691,2013.052968,2022.911502,
213,phase1,39,pair_040,3.549336,2013.069613,2022.928147,
214,phase1,39,pair_040,3.565711,2013.085988,2022.944522,
215,phase1,39,pair_040,3.582389,2013.102667,2022.9612,
216,phase1,39,pair_040,3.599088,2013.119365,2022.977899,
217,phase1,39,pair_040,3.615682,2013.135959,2022.994493,
218,phase1,39,pair_040,3.632398,2013.152676,2023.01121,
219,phase1,39,pair_040,3.64903,2013.169308,2023.027842,
220,phase1,39,pair_040,3.665757,2013.186035,2023.044569,
221,phase1,39,pair_040,3.682327,2013.202604,2023.061138,
222,phase1,39,pair_040,3.699032,2013.21931,2023.077843,
223,phase1,39,pair_040,3.715659,2013.235936,2023.09447,
224,phase1,39,pair_040,3.732353,2013.252631,2023.111164,
225,phase1,39,pair_040,3.749044,2013.269321,2023.127855,
226,phase1,39,pair_040,3.765674,2013.285951,2023.144485,
227,phase1,39,pair_040,3.78245,2013.30273,2023.161262,
228,phase1,39,pair_040,3.798997,2013.319275,2023.177808,
229,phase1,39,pair_040,3.815704,2013.335982,2023.194515,
230,phase1,39,pair_040,3.832667,2013.352945,2023.211479,
231,phase1,39,pair_040,3.84902,2013.369298,2023.227832,
232,phase1,39,pair_040,3.865683,2013.38596,2023.244495,
233,phase1,39,pair_040,3.882344,2013.402622,2023.261155,
234,phase1,39,pair_040,3.899041,2013.419319,2023.277852,
235,phase1,39,pair_040,3.915731,2013.436009,2023.294542,
236,phase1,39,pair_040,3.932449,2013.452727,2023.311261,
237,phase1,39,pair_040,3.949047,2013.469324,2023.327858,
238,phase1,39,pair_040,3.966011,2013.486289,2023.344822,
239,phase1,39,pair_040,3.982358,2013.502635,2023.361169,
240,phase1,39,pair_040,3.999096,2013.519374,2023.377908,
241,phase1,39,pair_040,4.0157,2013.535977,2023.394511,
242,phase1,39,pair_040,4.032639,2013.552917,2023.411451,
243,phase1,39,pair_040,4.049032,2013.56931,2023.427844,
244,phase1,39,pair_040,4.065757,2013.586035,2023.444568,
245,phase1,39,pair_040,4.082334,2013.602611,2023.461145,
246,phase1,39,pair_040,4.099334,2013.619612,2023.478146,
247,phase1,39,pair_040,4.115752,2013.63603,2023.494563,
248,phase1,39,pair_040,4.132342,2013.652619,2023.511153,
249,phase1,39,pair_040,4.149019,2013.669296,2023.52783,
250,phase1,39,pair_040,4.165691,2013.685969,2023.544503,
251,phase1,39,pair_040,4.182678,2013.702956,2023.56149,
252,phase1,39,pair_040,4.198943,2013.719221,2023.577755,
253,phase1,39,pair_040,4.215692,2013.73597,2023.594504,
254,phase1,39,pair_040,4.232334,2013.752611,2023.611145,
255,phase1,39,pair_040,4.249304,2013.769582,2023.628116,
256,phase1,39,pair_040,4.2657,2013.785978,2023.644511,
257,phase1,39,pair_040,4.282356,2013.802633,2023.661167,
258,phase1,39,pair_040,4.29933,2013.819608,2023.678141,
259,phase1,39,pair_040,4.315605,2013.835883,2023.694417,
260,phase1,39,pair_040,4.332352,2013.85263,2023.711163,
261,phase1,39,pair_040,4.349012,2013.86929,2023.727824,
262,phase1,39,pair_040,4.365676,2013.885956,2023.744488,
263,phase1,39,pair_040,4.382666,2013.902944,2023.761477,
264,phase1,39,pair_040,4.399009,2013.919287,2023.77782,
265,phase1,39,pair_040,4.415637,2013.935915,2023.794449,
266,phase1,39,pair_040,4.432688,2013.952966,2023.811499,
267,phase1,39,pair_040,4.449325,2013.969602,2023.828136,
268,phase1,39,pair_040,4.465679,2013.985956,2023.84449,
269,phase1,39,pair_040,4.482577,2014.002855,2023.861388,
270,phase1,39,pair_040,4.498946,2014.019223,2023.877757,
271,phase1,39,pair_040,4.515794,2014.036072,2023.894605,
272,phase1,39,pair_040,4.53247,2014.052748,2023.911281,
273,phase1,39,pair_040,4.54911,2014.069388,2023.927922,
274,phase1,39,pair_040,4.565766,2014.086043,2023.944577,
275,phase1,39,pair_040,4.582443,2014.102721,2023.961254,
276,phase1,39,pair_040,4.599448,2014.119726,2023.978259,
277,phase1,39,pair_040,4.616101,2014.136378,2023.994912,
278,phase1,39,pair_040,4.632471,2014.152749,2024.011283,
279,phase1,39,pair_040,4.649104,2014.169382,2024.027916,
280,phase1,39,pair_040,4.665781,2014.186058,2024.044592,
281,phase1,39,pair_040,4.682451,2014.202731,2024.061263,
282,phase1,39,pair_040,4.699433,2014.219715,2024.078244,
283,phase1,39,pair_040,4.715759,2014.236037,2024.094571,
284,phase1,39,pair_040,4.732723,2014.253,2024.111534,
285,phase1,39,pair_040,4.749094,2014.269372,2024.127906,
286,phase1,39,pair_040,4.766092,2014.286369,2024.144903,
287,phase1,39,pair_040,4.782475,2014.302753,2024.161287,
288,phase1,39,pair_040,4.799055,2014.319333,2024.177867,
289,phase1,39,pair_040,4.816082,2014.336362,2024.194893,
290,phase1,39,pair_040,4.83276,2014.353037,2024.211571,
291,phase1,39,pair_040,4.849114,2014.369392,2024.227925,
292,phase1,39,pair_040,4.865783,2014.386061,2024.244594,
293,phase1,39,pair_040,4.882457,2014.402735,2024.261269,
294,phase1,39,pair_040,4.899434,2014.419712,2024.278245,
295,phase1,39,pair_040,4.915792,2014.436089,2024.294604,
296,phase1,39,pair_040,4.93247,2014.452749,2024.311281,
297,phase1,39,pair_040,4.949141,2014.469419,2024.327952,
298,phase1,39,pair_040,4.965721,2014.485998,2024.344532,
299,phase1,39,pair_040,4.982451,2014.502728,2024.361262,
300,phase1,39,pair_040,4.999122,2014.519399,2024.377933,
301,phase1,39,pair_040,5.015789,2014.536069,2024.394601,
302,phase1,39,pair_040,5.032422,2014.5527,2024.411234,
303,phase1,39,pair_040,5.049413,2014.56969,2024.428224,
304,phase1,39,pair_040,5.065773,2014.586054,2024.444585,
305,phase1,39,pair_040,5.082502,2014.602782,2024.461314,
306,phase1,39,pair_040,5.099039,2014.619316,2024.47785,
307,phase1,39,pair_040,5.11608,2014.636357,2024.494891,
308,phase1,39,pair_040,5.132441,2014.652719,2024.511253,
309,phase1,39,pair_040,5.149129,2014.669407,2024.527941,
310,phase1,39,pair_040,5.165759,2014.686036,2024.54457,
311,phase1,39,pair_040,5.182398,2014.702676,2024.56121,
312,phase1,39,pair_040,5.199091,2014.719368,2024.577902,
313,phase1,39,pair_040,5.215774,2014.736052,2024.594585,
314,phase1,39,pair_040,5.232492,2014.75277,2024.611304,
315,phase1,39,pair_040,5.24904,2014.769318,2024.627852,
316,phase1,39,pair_040,5.265712,2014.785989,2024.644523,
317,phase1,39,pair_040,5.282435,2014.802713,2024.661246,
318,phase1,39,pair_040,5.299352,2014.819638,2024.678164,
319,phase1,39,pair_040,5.315735,2014.836013,2024.694546,
320,phase1,39,pair_040,5.332408,2014.852686,2024.71122,
321,phase1,39,pair_040,5.349128,2014.869406,2024.72794,
322,phase1,39,pair_040,5.365817,2014.886095,2024.744628,
323,phase1,39,pair_040,5.382757,2014.903035,2024.761568,
324,phase1,39,pair_040,5.399069,2014.919347,2024.77788,
325,phase1,39,pair_040,5.415728,2014.936006,2024.79454,
326,phase1,39,pair_040,5.432409,2014.952687,2024.811221,
327,phase1,39,pair_040,5.449106,2014.969385,2024.827918,
328,phase1,39,pair_040,5.465724,2014.986001,2024.844535,
329,phase1,39,pair_040,5.482398,2015.002676,2024.861209,
330,phase1,39,pair_040,5.499053,2015.01933,2024.877864,
331,phase1,39,pair_040,5.515724,2015.036002,2024.894535,
332,phase1,39,pair_040,5.532713,2015.052991,2024.911524,
333,phase1,39,pair_040,5.54908,2015.069357,2024.927891,
334,phase1,39,pair_040,5.566049,2015.086327,2024.94486,
335,phase1,39,pair_040,5.582406,2015.102684,2024.961217,
336,phase1,39,pair_040,5.599387,2015.119665,2024.978198,
337,phase1,39,pair_040,5.615721,2015.135999,2024.994533,
338,phase1,39,pair_040,5.632433,2015.152713,2025.011244,
339,phase1,39,pair_040,5.649142,2015.169421,2025.027953,
340,phase1,39,pair_040,5.666062,2015.186342,2025.044874,
341,phase1,39,pair_040,5.682416,2015.202694,2025.061227,
342,phase1,39,pair_040,5.699023,2015.219301,2025.077834,
343,phase1,39,pair_040,5.716017,2015.236294,2025.094828,
344,phase1,39,pair_040,5.732405,2015.252683,2025.111216,
345,phase1,39,pair_040,5.749082,2015.269359,2025.127893,
346,phase1,39,pair_040,5.765731,2015.286008,2025.144542,
347,phase1,39,pair_040,5.78237,2015.302648,2025.161181,
348,phase1,39,pair_040,5.799085,2015.319364,2025.177897,
349,phase1,39,pair_040,5.81604,2015.336317,2025.194851,
350,phase1,39,pair_040,5.83241,2015.352688,2025.211221,
351,phase1,39,pair_040,5.849026,2015.369303,2025.227837,
352,phase1,39,pair_040,5.865713,2015.385991,2025.244525,
353,phase1,39,pair_040,5.882706,2015.402983,2025.261517,
354,phase1,39,pair_040,5.899074,2015.419355,2025.277885,
355,phase1,39,pair_040,5.915739,2015.436017,2025.294551,
356,phase1,39,pair_040,5.932386,2015.452663,2025.311197,
357,phase1,39,pair_040,5.949365,2015.469642,2025.328176,
358,phase1,39,pair_040,5.965737,2015.486015,2025.344549,
359,phase1,39,pair_040,5.982414,2015.502691,2025.361225,
360,phase1,39,pair_040,5.999055,2015.519332,2025.377866,
361,phase1,39,pair_040,6.016057,2015.536337,2025.394868,
362,phase1,39,pair_040,6.0324,2015.552677,2025.411211,
363,phase1,39,pair_040,6.049088,2015.569366,2025.4279,
364,phase1,39,pair_040,6.065787,2015.586064,2025.444598,
365,phase1,39,pair_040,6.082713,2015.602991,2025.461525,
366,phase1,39,pair_040,6.09908,2015.619358,2025.477891,
367,phase1,39,pair_040,6.115767,2015.636044,2025.494578,
368,phase1,39,pair_040,6.132669,2015.652949,2025.511481,
369,phase1,39,pair_040,6.149362,2015.669641,2025.528173,
370,phase1,39,pair_040,6.166013,2015.68629,2025.544824,
371,phase1,39,pair_040,6.182391,2015.702668,2025.561202,
372,phase1,39,pair_040,6.199064,2015.719342,2025.577875,
373,phase1,39,pair_040,6.216054,2015.736332,2025.594866,
374,phase1,39,pair_040,6.232704,2015.752982,2025.611516,
375,phase1,39,pair_040,6.249068,2015.769365,2025.627879,
376,phase1,39,pair_040,6.265727,2015.786005,2025.644539,
377,phase1,39,pair_040,6.282409,2015.802686,2025.66122,
378,phase1,39,pair_040,6.299346,2015.819624,2025.678158,
379,phase1,39,pair_040,6.315784,2015.836071,2025.694595,
380,phase1,39,pair_040,6.332349,2015.852626,2025.71116,
381,phase1,39,pair_040,6.349041,2015.869319,2025.727852,
382,phase1,39,pair_040,6.365974,2015.886252,2025.744785,
383,phase1,39,pair_040,-2009.520539,2016.102762,9.858273,response
0,phase2,39,pair_040,0.0,2017.402606,2027.261137,single_opt_onset_seq1_opt2_思慕
1,phase2,39,pair_040,0.016656,2017.419258,2027.277793,
2,phase2,39,pair_040,0.033315,2017.435917,2027.294452,
3,phase2,39,pair_040,0.049981,2017.452583,2027.311118,
4,phase2,39,pair_040,0.066642,2017.469243,2027.327779,
5,phase2,39,pair_040,0.083324,2017.485925,2027.344461,
6,phase2,39,pair_040,0.099993,2017.502594,2027.36113,
7,phase2,39,pair_040,0.116648,2017.519249,2027.377785,
8,phase2,39,pair_040,0.13334,2017.535941,2027.394477,
9,phase2,39,pair_040,0.149969,2017.55257,2027.411106,
10,phase2,39,pair_040,0.166658,2017.569259,2027.427795,
11,phase2,39,pair_040,0.183326,2017.585927,2027.444463,
12,phase2,39,pair_040,0.199964,2017.602565,2027.461101,
13,phase2,39,pair_040,0.216634,2017.619235,2027.477771,
14,phase2,39,pair_040,0.233265,2017.635866,2027.494402,
15,phase2,39,pair_040,0.249977,2017.652578,2027.511114,
16,phase2,39,pair_040,0.266619,2017.669221,2027.527756,
17,phase2,39,pair_040,0.283296,2017.685897,2027.544433,
18,phase2,39,pair_040,0.299961,2017.702562,2027.561098,
19,phase2,39,pair_040,0.316622,2017.719223,2027.577759,
20,phase2,39,pair_040,0.333318,2017.735919,2027.594455,
21,phase2,39,pair_040,0.34995,2017.752551,2027.611087,
22,phase2,39,pair_040,0.366647,2017.769248,2027.627784,
23,phase2,39,pair_040,0.383285,2017.785886,2027.644422,
24,phase2,39,pair_040,0.399986,2017.802587,2027.661123,
25,phase2,39,pair_040,0.416627,2017.819228,2027.677764,
26,phase2,39,pair_040,0.433288,2017.835889,2027.694425,
27,phase2,39,pair_040,0.449955,2017.852557,2027.711092,
28,phase2,39,pair_040,0.466643,2017.869244,2027.72778,
29,phase2,39,pair_040,0.483307,2017.885908,2027.744443,
30,phase2,39,pair_040,0.499941,2017.902542,2027.761078,
31,phase2,39,pair_040,0.516621,2017.919222,2027.777758,
32,phase2,39,pair_040,0.533312,2017.935913,2027.794449,
33,phase2,39,pair_040,0.550099,2017.9527,2027.811236,
34,phase2,39,pair_040,0.566747,2017.969348,2027.827884,
35,phase2,39,pair_040,0.583463,2017.986068,2027.8446,
36,phase2,39,pair_040,0.600434,2018.003035,2027.86157,
37,phase2,39,pair_040,0.61679,2018.019392,2027.877927,
38,phase2,39,pair_040,0.633444,2018.036045,2027.894581,
39,phase2,39,pair_040,0.650378,2018.052982,2027.911515,
40,phase2,39,pair_040,0.667036,2018.069637,2027.928173,
41,phase2,39,pair_040,0.683442,2018.086043,2027.944579,
42,phase2,39,pair_040,0.700098,2018.102699,2027.961235,
43,phase2,39,pair_040,0.716809,2018.11941,2027.977945,
44,phase2,39,pair_040,0.73354,2018.136141,2027.994677,
45,phase2,39,pair_040,0.750383,2018.152983,2028.011519,
46,phase2,39,pair_040,0.766765,2018.169366,2028.027902,
47,phase2,39,pair_040,0.783409,2018.186011,2028.044546,
48,phase2,39,pair_040,0.800102,2018.202708,2028.061239,
49,phase2,39,pair_040,0.817018,2018.219619,2028.078155,
50,phase2,39,pair_040,0.833416,2018.236017,2028.094553,
51,phase2,39,pair_040,0.850091,2018.252694,2028.111228,
52,phase2,39,pair_040,0.86704,2018.269641,2028.128177,
53,phase2,39,pair_040,0.883724,2018.286325,2028.144861,
54,phase2,39,pair_040,0.900067,2018.302668,2028.161204,
55,phase2,39,pair_040,0.916763,2018.319364,2028.1779,
56,phase2,39,pair_040,0.93343,2018.336031,2028.194567,
57,phase2,39,pair_040,0.950397,2018.352998,2028.211534,
58,phase2,39,pair_040,0.966788,2018.369388,2028.227925,
59,phase2,39,pair_040,0.983407,2018.386008,2028.244544,
60,phase2,39,pair_040,1.000083,2018.402685,2028.261219,
61,phase2,39,pair_040,1.017076,2018.419677,2028.278213,
62,phase2,39,pair_040,1.033408,2018.43601,2028.294545,
63,phase2,39,pair_040,1.050037,2018.452638,2028.311174,
64,phase2,39,pair_040,1.066739,2018.46934,2028.327876,
65,phase2,39,pair_040,1.083745,2018.486346,2028.344882,
66,phase2,39,pair_040,1.100367,2018.502968,2028.361504,
67,phase2,39,pair_040,1.116735,2018.51934,2028.377872,
68,phase2,39,pair_040,1.133427,2018.536028,2028.394564,
69,phase2,39,pair_040,1.150075,2018.552676,2028.411212,
70,phase2,39,pair_040,1.167024,2018.569625,2028.428161,
71,phase2,39,pair_040,1.183414,2018.586018,2028.444551,
72,phase2,39,pair_040,1.200124,2018.602725,2028.461261,
73,phase2,39,pair_040,1.217078,2018.61968,2028.478215,
74,phase2,39,pair_040,1.233701,2018.636302,2028.494837,
75,phase2,39,pair_040,1.250071,2018.652672,2028.511208,
76,phase2,39,pair_040,1.266761,2018.669362,2028.527898,
77,phase2,39,pair_040,1.283416,2018.686018,2028.544553,
78,phase2,39,pair_040,1.300375,2018.702976,2028.561512,
79,phase2,39,pair_040,1.31673,2018.719331,2028.577867,
80,phase2,39,pair_040,1.333408,2018.736009,2028.594545,
81,phase2,39,pair_040,1.350044,2018.752645,2028.611181,
82,phase2,39,pair_040,1.367032,2018.769633,2028.628169,
83,phase2,39,pair_040,1.3834,2018.786,2028.644537,
84,phase2,39,pair_040,1.400056,2018.802657,2028.661193,
85,phase2,39,pair_040,1.416742,2018.819344,2028.677879,
86,phase2,39,pair_040,1.433373,2018.835974,2028.69451,
87,phase2,39,pair_040,1.450072,2018.852673,2028.711209,
88,phase2,39,pair_040,1.466732,2018.869333,2028.727869,
89,phase2,39,pair_040,1.483392,2018.885993,2028.744529,
90,phase2,39,pair_040,1.500373,2018.902974,2028.76151,
0,phase2,39,pair_040,0.0,2018.919614,2028.778147,iti_onset_dur_1.207
1,phase2,39,pair_040,0.016401,2018.936012,2028.794548,
2,phase2,39,pair_040,0.033061,2018.952672,2028.811208,
3,phase2,39,pair_040,0.049734,2018.969345,2028.827881,
4,phase2,39,pair_040,0.066682,2018.986293,2028.844829,
5,phase2,39,pair_040,0.083024,2019.002635,2028.861171,
6,phase2,39,pair_040,0.09964,2019.019252,2028.877786,
7,phase2,39,pair_040,0.116672,2019.036284,2028.894819,
8,phase2,39,pair_040,0.133351,2019.053171,2028.911498,
9,phase2,39,pair_040,0.149694,2019.069305,2028.927841,
10,phase2,39,pair_040,0.1664,2019.08601,2028.944547,
11,phase2,39,pair_040,0.18308,2019.102691,2028.961227,
12,phase2,39,pair_040,0.199684,2019.119294,2028.97783,
13,phase2,39,pair_040,0.21637,2019.13598,2028.994516,
14,phase2,39,pair_040,0.232956,2019.152568,2029.011103,
15,phase2,39,pair_040,0.249975,2019.169586,2029.028122,
16,phase2,39,pair_040,0.266354,2019.185969,2029.0445,
17,phase2,39,pair_040,0.283031,2019.202641,2029.061177,
18,phase2,39,pair_040,0.299687,2019.219297,2029.077833,
19,phase2,39,pair_040,0.316611,2019.236221,2029.094757,
20,phase2,39,pair_040,0.333023,2019.252634,2029.11117,
21,phase2,39,pair_040,0.349976,2019.269587,2029.128123,
22,phase2,39,pair_040,0.366369,2019.28598,2029.144516,
23,phase2,39,pair_040,0.383052,2019.302663,2029.161199,
24,phase2,39,pair_040,0.399691,2019.319301,2029.177838,
25,phase2,39,pair_040,0.416651,2019.336262,2029.194798,
26,phase2,39,pair_040,0.433025,2019.352635,2029.211171,
27,phase2,39,pair_040,0.449746,2019.369357,2029.227893,
28,phase2,39,pair_040,0.466661,2019.386272,2029.244808,
29,phase2,39,pair_040,0.483013,2019.402623,2029.26116,
30,phase2,39,pair_040,0.499675,2019.419285,2029.277821,
31,phase2,39,pair_040,0.51639,2019.436001,2029.294537,
32,phase2,39,pair_040,0.533064,2019.452674,2029.311211,
33,phase2,39,pair_040,0.550004,2019.469617,2029.328151,
34,phase2,39,pair_040,0.566322,2019.485933,2029.344469,
35,phase2,39,pair_040,0.583063,2019.502674,2029.36121,
36,phase2,39,pair_040,0.599742,2019.519354,2029.377889,
37,phase2,39,pair_040,0.616661,2019.536272,2029.394808,
38,phase2,39,pair_040,0.633026,2019.552637,2029.411172,
39,phase2,39,pair_040,0.649714,2019.569325,2029.427861,
40,phase2,39,pair_040,0.666381,2019.585992,2029.444528,
41,phase2,39,pair_040,0.683001,2019.602611,2029.461148,
42,phase2,39,pair_040,0.69997,2019.619581,2029.478117,
43,phase2,39,pair_040,0.716356,2019.635966,2029.494503,
44,phase2,39,pair_040,0.733062,2019.652673,2029.511209,
45,phase2,39,pair_040,0.749652,2019.669262,2029.527799,
46,phase2,39,pair_040,0.766633,2019.686243,2029.54478,
47,phase2,39,pair_040,0.783009,2019.70262,2029.561155,
48,phase2,39,pair_040,0.799661,2019.719272,2029.577808,
49,phase2,39,pair_040,0.816334,2019.735946,2029.594481,
50,phase2,39,pair_040,0.833298,2019.752908,2029.611445,
51,phase2,39,pair_040,0.84967,2019.76928,2029.627817,
52,phase2,39,pair_040,0.866408,2019.786019,2029.644555,
53,phase2,39,pair_040,0.883005,2019.802615,2029.661152,
54,phase2,39,pair_040,0.89999,2019.819601,2029.678136,
55,phase2,39,pair_040,0.916343,2019.835954,2029.69449,
56,phase2,39,pair_040,0.933057,2019.852667,2029.711203,
57,phase2,39,pair_040,0.949628,2019.869238,2029.727775,
58,phase2,39,pair_040,0.966653,2019.886264,2029.7448,
59,phase2,39,pair_040,0.982988,2019.902599,2029.761135,
60,phase2,39,pair_040,0.999707,2019.919318,2029.777854,
61,phase2,39,pair_040,1.0166,2019.93621,2029.794747,
62,phase2,39,pair_040,1.033325,2019.952936,2029.811472,
63,phase2,39,pair_040,1.049671,2019.969281,2029.827818,
64,phase2,39,pair_040,1.066385,2019.985999,2029.844532,
65,phase2,39,pair_040,1.083028,2020.002638,2029.861174,
66,phase2,39,pair_040,1.099652,2020.019262,2029.877798,
67,phase2,39,pair_040,1.116626,2020.036236,2029.894773,
68,phase2,39,pair_040,1.133052,2020.052669,2029.911199,
69,phase2,39,pair_040,1.149668,2020.06928,2029.927814,
70,phase2,39,pair_040,1.166628,2020.086238,2029.944775,
71,phase2,39,pair_040,1.183287,2020.102898,2029.961434,
72,phase2,39,pair_040,1.199663,2020.119273,2029.977809,
0,phase2,39,pair_040,0.0,2020.135971,2029.994499,single_opt_onset_seq2_opt3_安心
1,phase2,39,pair_040,0.016638,2020.152602,2030.011137,
2,phase2,39,pair_040,0.033227,2020.169191,2030.027726,
3,phase2,39,pair_040,0.050022,2020.185988,2030.044521,
4,phase2,39,pair_040,0.066651,2020.202614,2030.06115,
5,phase2,39,pair_040,0.083628,2020.219591,2030.078127,
6,phase2,39,pair_040,0.100019,2020.235983,2030.094518,
7,phase2,39,pair_040,0.116663,2020.252627,2030.111162,
8,phase2,39,pair_040,0.133329,2020.269292,2030.127828,
9,phase2,39,pair_040,0.149974,2020.285938,2030.144473,
10,phase2,39,pair_040,0.166946,2020.302909,2030.161445,
11,phase2,39,pair_040,0.183312,2020.319276,2030.177812,
12,phase2,39,pair_040,0.200013,2020.335978,2030.194512,
13,phase2,39,pair_040,0.216708,2020.352671,2030.211207,
14,phase2,39,pair_040,0.233292,2020.369255,2030.227791,
15,phase2,39,pair_040,0.24997,2020.385934,2030.24447,
16,phase2,39,pair_040,0.266642,2020.402606,2030.261142,
17,phase2,39,pair_040,0.28328,2020.419244,2030.27778,
18,phase2,39,pair_040,0.300311,2020.436278,2030.29481,
19,phase2,39,pair_040,0.316921,2020.452885,2030.311421,
20,phase2,39,pair_040,0.333299,2020.469262,2030.327798,
21,phase2,39,pair_040,0.350018,2020.485981,2030.344517,
22,phase2,39,pair_040,0.36662,2020.502584,2030.361119,
23,phase2,39,pair_040,0.383611,2020.519575,2030.37811,
24,phase2,39,pair_040,0.40001,2020.535973,2030.394509,
25,phase2,39,pair_040,0.416644,2020.552607,2030.411143,
26,phase2,39,pair_040,0.433313,2020.569277,2030.427813,
27,phase2,39,pair_040,0.450261,2020.586224,2030.44476,
28,phase2,39,pair_040,0.466682,2020.602645,2030.461181,
29,phase2,39,pair_040,0.483308,2020.619271,2030.477807,
30,phase2,39,pair_040,0.500282,2020.636246,2030.494781,
31,phase2,39,pair_040,0.51694,2020.652903,2030.511439,
32,phase2,39,pair_040,0.533247,2020.66921,2030.527746,
33,phase2,39,pair_040,0.550027,2020.685991,2030.544526,
34,phase2,39,pair_040,0.56698,2020.702944,2030.561479,
35,phase2,39,pair_040,0.583598,2020.719561,2030.578097,
36,phase2,39,pair_040,0.599969,2020.735932,2030.594468,
37,phase2,39,pair_040,0.616644,2020.752609,2030.611143,
38,phase2,39,pair_040,0.63356,2020.769524,2030.628059,
39,phase2,39,pair_040,0.650277,2020.78624,2030.644776,
40,phase2,39,pair_040,0.66663,2020.802593,2030.661129,
41,phase2,39,pair_040,0.683328,2020.819291,2030.677827,
42,phase2,39,pair_040,0.699977,2020.835941,2030.694477,
43,phase2,39,pair_040,0.716963,2020.852926,2030.711462,
44,phase2,39,pair_040,0.733291,2020.869255,2030.727791,
45,phase2,39,pair_040,0.749948,2020.885911,2030.744447,
46,phase2,39,pair_040,0.766611,2020.902574,2030.76111,
47,phase2,39,pair_040,0.783293,2020.919256,2030.777792,
48,phase2,39,pair_040,0.799963,2020.935927,2030.794463,
49,phase2,39,pair_040,0.816611,2020.952575,2030.81111,
50,phase2,39,pair_040,0.833298,2020.969262,2030.827798,
51,phase2,39,pair_040,0.849936,2020.9859,2030.844436,
52,phase2,39,pair_040,0.866924,2021.002887,2030.861423,
53,phase2,39,pair_040,0.8833,2021.019263,2030.877799,
54,phase2,39,pair_040,0.899946,2021.035909,2030.894445,
55,phase2,39,pair_040,0.916609,2021.052572,2030.911109,
56,phase2,39,pair_040,0.933584,2021.069547,2030.928083,
57,phase2,39,pair_040,0.949931,2021.085894,2030.94443,
58,phase2,39,pair_040,0.966642,2021.102605,2030.961141,
59,phase2,39,pair_040,0.983337,2021.1193,2030.977836,
60,phase2,39,pair_040,1.00025,2021.136214,2030.99475,
61,phase2,39,pair_040,1.016615,2021.152578,2031.011114,
62,phase2,39,pair_040,1.033322,2021.169285,2031.027821,
63,phase2,39,pair_040,1.049939,2021.185902,2031.044438,
64,phase2,39,pair_040,1.066935,2021.202898,2031.061434,
65,phase2,39,pair_040,1.083286,2021.219249,2031.077785,
66,phase2,39,pair_040,1.099967,2021.235931,2031.094466,
67,phase2,39,pair_040,1.116672,2021.252635,2031.111171,
68,phase2,39,pair_040,1.133276,2021.269239,2031.127775,
69,phase2,39,pair_040,1.150247,2021.28621,2031.144746,
70,phase2,39,pair_040,1.166622,2021.302586,2031.161121,
71,phase2,39,pair_040,1.183265,2021.319229,2031.177765,
72,phase2,39,pair_040,1.200265,2021.336229,2031.194764,
73,phase2,39,pair_040,1.216899,2021.352862,2031.211398,
74,phase2,39,pair_040,1.233254,2021.369217,2031.227754,
75,phase2,39,pair_040,1.249978,2021.385941,2031.244477,
76,phase2,39,pair_040,1.266604,2021.402567,2031.261103,
77,phase2,39,pair_040,1.283573,2021.419536,2031.278072,
78,phase2,39,pair_040,1.299948,2021.435911,2031.294447,
79,phase2,39,pair_040,1.316651,2021.452614,2031.31115,
80,phase2,39,pair_040,1.33331,2021.469273,2031.327809,
81,phase2,39,pair_040,1.350297,2021.48626,2031.344796,
82,phase2,39,pair_040,1.366667,2021.50263,2031.361166,
83,phase2,39,pair_040,1.383324,2021.519287,2031.377823,
84,phase2,39,pair_040,1.399942,2021.535905,2031.394441,
85,phase2,39,pair_040,1.416919,2021.552882,2031.411418,
86,phase2,39,pair_040,1.433308,2021.569271,2031.427807,
87,phase2,39,pair_040,1.449949,2021.585913,2031.444448,
88,phase2,39,pair_040,1.466868,2021.602831,2031.461368,
89,phase2,39,pair_040,1.483273,2021.619236,2031.477772,
90,phase2,39,pair_040,1.499934,2021.635902,2031.494433,
0,phase2,39,pair_040,0.0,2021.652556,2031.511089,iti_onset_dur_0.964
1,phase2,39,pair_040,0.016641,2021.669194,2031.52773,
2,phase2,39,pair_040,0.033339,2021.685892,2031.544428,
3,phase2,39,pair_040,0.050296,2021.702849,2031.561385,
4,phase2,39,pair_040,0.066922,2021.719475,2031.578011,
5,phase2,39,pair_040,0.083291,2021.735844,2031.59438,
6,phase2,39,pair_040,0.100325,2021.752877,2031.611414,
7,phase2,39,pair_040,0.116954,2021.769507,2031.628043,
8,phase2,39,pair_040,0.133379,2021.785931,2031.644468,
9,phase2,39,pair_040,0.150007,2021.80256,2031.661096,
10,phase2,39,pair_040,0.166635,2021.819188,2031.677724,
11,phase2,39,pair_040,0.183631,2021.836184,2031.69472,
12,phase2,39,pair_040,0.199992,2021.852545,2031.711081,
13,phase2,39,pair_040,0.216673,2021.869225,2031.727762,
14,phase2,39,pair_040,0.23339,2021.885943,2031.744479,
15,phase2,39,pair_040,0.250129,2021.902682,2031.761218,
16,phase2,39,pair_040,0.266997,2021.91955,2031.778086,
17,phase2,39,pair_040,0.283766,2021.936318,2031.794855,
18,phase2,39,pair_040,0.300118,2021.95267,2031.811207,
19,phase2,39,pair_040,0.316759,2021.969312,2031.827848,
20,phase2,39,pair_040,0.333668,2021.98622,2031.844757,
21,phase2,39,pair_040,0.350072,2022.002624,2031.861161,
22,phase2,39,pair_040,0.366784,2022.019337,2031.877873,
23,phase2,39,pair_040,0.383446,2022.036004,2031.894535,
24,phase2,39,pair_040,0.400142,2022.052695,2031.911231,
25,phase2,39,pair_040,0.416759,2022.069324,2031.927848,
26,phase2,39,pair_040,0.433716,2022.086269,2031.944805,
27,phase2,39,pair_040,0.450091,2022.102646,2031.96118,
28,phase2,39,pair_040,0.466759,2022.119311,2031.977848,
29,phase2,39,pair_040,0.483441,2022.135993,2031.99453,
30,phase2,39,pair_040,0.500405,2022.152958,2032.011494,
31,phase2,39,pair_040,0.516781,2022.169333,2032.02787,
32,phase2,39,pair_040,0.53346,2022.186012,2032.044549,
33,phase2,39,pair_040,0.549984,2022.202537,2032.061073,
34,phase2,39,pair_040,0.567072,2022.219624,2032.078161,
35,phase2,39,pair_040,0.583419,2022.235971,2032.094508,
36,phase2,39,pair_040,0.600114,2022.252666,2032.111203,
37,phase2,39,pair_040,0.616784,2022.269337,2032.127873,
38,phase2,39,pair_040,0.633727,2022.28628,2032.144816,
39,phase2,39,pair_040,0.650108,2022.302661,2032.161197,
40,phase2,39,pair_040,0.666764,2022.319317,2032.177853,
41,phase2,39,pair_040,0.683476,2022.336029,2032.194565,
42,phase2,39,pair_040,0.700407,2022.35296,2032.211496,
43,phase2,39,pair_040,0.716774,2022.369327,2032.227863,
44,phase2,39,pair_040,0.733404,2022.385957,2032.244493,
45,phase2,39,pair_040,0.750152,2022.402705,2032.261241,
46,phase2,39,pair_040,0.767081,2022.419633,2032.27817,
47,phase2,39,pair_040,0.783431,2022.435983,2032.29452,
48,phase2,39,pair_040,0.800092,2022.452645,2032.311181,
49,phase2,39,pair_040,0.816772,2022.469325,2032.327861,
50,phase2,39,pair_040,0.83343,2022.485983,2032.344519,
51,phase2,39,pair_040,0.850385,2022.502937,2032.361474,
52,phase2,39,pair_040,0.866738,2022.51929,2032.377827,
53,phase2,39,pair_040,0.88347,2022.536023,2032.394559,
54,phase2,39,pair_040,0.900084,2022.552637,2032.411173,
55,phase2,39,pair_040,0.917053,2022.569606,2032.428142,
56,phase2,39,pair_040,0.933421,2022.585974,2032.44451,
57,phase2,39,pair_040,0.950124,2022.602677,2032.461213,
0,phase2,39,pair_040,0.0,2022.619292,2032.477824,single_opt_onset_seq3_opt1_木心
1,phase2,39,pair_040,0.016995,2022.636284,2032.494819,
2,phase2,39,pair_040,0.033358,2022.652647,2032.511182,
3,phase2,39,pair_040,0.050029,2022.669318,2032.527853,
4,phase2,39,pair_040,0.066987,2022.686275,2032.54481,
5,phase2,39,pair_040,0.083656,2022.702944,2032.56148,
6,phase2,39,pair_040,0.100042,2022.719331,2032.577866,
7,phase2,39,pair_040,0.116671,2022.735959,2032.594495,
8,phase2,39,pair_040,0.133421,2022.75271,2032.611245,
9,phase2,39,pair_040,0.149977,2022.769265,2032.6278,
10,phase2,39,pair_040,0.16669,2022.785979,2032.644514,
11,phase2,39,pair_040,0.183343,2022.802631,2032.661167,
12,phase2,39,pair_040,0.200012,2022.819303,2032.677836,
13,phase2,39,pair_040,0.216669,2022.835958,2032.694493,
14,phase2,39,pair_040,0.233334,2022.852622,2032.711158,
15,phase2,39,pair_040,0.250024,2022.869312,2032.727848,
16,phase2,39,pair_040,0.266697,2022.885985,2032.744521,
17,phase2,39,pair_040,0.283344,2022.902631,2032.761167,
18,phase2,39,pair_040,0.299964,2022.919252,2032.777787,
19,phase2,39,pair_040,0.316674,2022.935962,2032.794498,
20,phase2,39,pair_040,0.333347,2022.952636,2032.81117,
21,phase2,39,pair_040,0.350004,2022.969293,2032.827828,
22,phase2,39,pair_040,0.366983,2022.986271,2032.844807,
23,phase2,39,pair_040,0.383355,2023.002642,2032.861178,
24,phase2,39,pair_040,0.400037,2023.019326,2032.877861,
25,phase2,39,pair_040,0.416653,2023.035941,2032.894477,
26,phase2,39,pair_040,0.433656,2023.052944,2032.91148,
27,phase2,39,pair_040,0.449986,2023.069273,2032.927809,
28,phase2,39,pair_040,0.466689,2023.085982,2032.944513,
29,phase2,39,pair_040,0.483325,2023.102613,2032.961149,
30,phase2,39,pair_040,0.500322,2023.11961,2032.978146,
31,phase2,39,pair_040,0.516679,2023.135973,2032.994503,
32,phase2,39,pair_040,0.533362,2023.15265,2033.011186,
33,phase2,39,pair_040,0.550001,2023.169289,2033.027825,
34,phase2,39,pair_040,0.566975,2023.186263,2033.044799,
35,phase2,39,pair_040,0.583343,2023.202634,2033.061167,
36,phase2,39,pair_040,0.59991,2023.219198,2033.077734,
37,phase2,39,pair_040,0.616686,2023.235974,2033.09451,
38,phase2,39,pair_040,0.633327,2023.252615,2033.111151,
39,phase2,39,pair_040,0.649994,2023.269282,2033.127818,
40,phase2,39,pair_040,0.666634,2023.285922,2033.144458,
41,phase2,39,pair_040,0.683361,2023.302649,2033.161184,
42,phase2,39,pair_040,0.699986,2023.319274,2033.17781,
43,phase2,39,pair_040,0.716954,2023.336244,2033.194777,
44,phase2,39,pair_040,0.733319,2023.352608,2033.211143,
45,phase2,39,pair_040,0.749994,2023.369282,2033.227818,
46,phase2,39,pair_040,0.76695,2023.386238,2033.244773,
47,phase2,39,pair_040,0.783651,2023.402939,2033.261475,
48,phase2,39,pair_040,0.799988,2023.419276,2033.277812,
49,phase2,39,pair_040,0.816662,2023.43595,2033.294486,
50,phase2,39,pair_040,0.833352,2023.45264,2033.311176,
51,phase2,39,pair_040,0.850302,2023.46959,2033.328126,
52,phase2,39,pair_040,0.866639,2023.485927,2033.344463,
53,phase2,39,pair_040,0.883383,2023.502672,2033.361207,
54,phase2,39,pair_040,0.899994,2023.519282,2033.377818,
55,phase2,39,pair_040,0.916657,2023.535944,2033.39448,
56,phase2,39,pair_040,0.93332,2023.55261,2033.411144,
57,phase2,39,pair_040,0.950036,2023.569324,2033.42786,
58,phase2,39,pair_040,0.966709,2023.585997,2033.444533,
59,phase2,39,pair_040,0.983635,2023.602923,2033.461459,
60,phase2,39,pair_040,0.999984,2023.619272,2033.477808,
61,phase2,39,pair_040,1.016646,2023.635934,2033.49447,
62,phase2,39,pair_040,1.033309,2023.652596,2033.511132,
63,phase2,39,pair_040,1.049906,2023.669193,2033.527729,
64,phase2,39,pair_040,1.066939,2023.686227,2033.544763,
65,phase2,39,pair_040,1.083325,2023.702613,2033.561148,
66,phase2,39,pair_040,1.100029,2023.719317,2033.577852,
67,phase2,39,pair_040,1.116637,2023.735926,2033.594461,
68,phase2,39,pair_040,1.133316,2023.752604,2033.61114,
69,phase2,39,pair_040,1.150001,2023.769291,2033.627825,
70,phase2,39,pair_040,1.166684,2023.785973,2033.644508,
71,phase2,39,pair_040,1.183571,2023.802859,2033.661395,
72,phase2,39,pair_040,1.200262,2023.81955,2033.678086,
73,phase2,39,pair_040,1.216642,2023.835929,2033.694465,
74,phase2,39,pair_040,1.233353,2023.852641,2033.711177,
75,phase2,39,pair_040,1.249966,2023.869254,2033.72779,
76,phase2,39,pair_040,1.266927,2023.886215,2033.744751,
77,phase2,39,pair_040,1.283308,2023.902596,2033.761132,
78,phase2,39,pair_040,1.3,2023.919289,2033.777824,
79,phase2,39,pair_040,1.31661,2023.935898,2033.794434,
80,phase2,39,pair_040,1.333283,2023.952571,2033.811107,
81,phase2,39,pair_040,1.349953,2023.969241,2033.827777,
82,phase2,39,pair_040,1.366664,2023.985951,2033.844487,
83,phase2,39,pair_040,1.383307,2024.002595,2033.861131,
84,phase2,39,pair_040,1.399923,2024.019211,2033.877747,
85,phase2,39,pair_040,1.416613,2024.035901,2033.894437,
86,phase2,39,pair_040,1.433297,2024.052584,2033.91112,
87,phase2,39,pair_040,1.45001,2024.069298,2033.927833,
88,phase2,39,pair_040,1.466618,2024.085906,2033.944442,
89,phase2,39,pair_040,1.483615,2024.102903,2033.961438,
90,phase2,39,pair_040,1.499935,2024.119223,2033.977759,
0,phase2,39,pair_040,0.0,2024.135922,2033.994456,iti_onset_dur_1.123
1,phase2,39,pair_040,0.016953,2024.152873,2034.011409,
2,phase2,39,pair_040,0.033617,2024.169537,2034.028073,
3,phase2,39,pair_040,0.049999,2024.185919,2034.044455,
4,phase2,39,pair_040,0.066696,2024.202616,2034.061152,
5,phase2,39,pair_040,0.083292,2024.219212,2034.077748,
6,phase2,39,pair_040,0.09993,2024.23585,2034.094387,
7,phase2,39,pair_040,0.116638,2024.252558,2034.111094,
8,phase2,39,pair_040,0.133372,2024.269293,2034.127829,
9,phase2,39,pair_040,0.150237,2024.286157,2034.144693,
10,phase2,39,pair_040,0.166964,2024.302884,2034.16142,
11,phase2,39,pair_040,0.183252,2024.319172,2034.177708,
12,phase2,39,pair_040,0.200002,2024.335922,2034.194458,
13,phase2,39,pair_040,0.216641,2024.352561,2034.211098,
14,phase2,39,pair_040,0.233308,2024.369228,2034.227764,
15,phase2,39,pair_040,0.249972,2024.385892,2034.244428,
16,phase2,39,pair_040,0.266696,2024.402615,2034.261152,
17,phase2,39,pair_040,0.283313,2024.419233,2034.277769,
18,phase2,39,pair_040,0.300259,2024.436179,2034.294715,
19,phase2,39,pair_040,0.31695,2024.45287,2034.311406,
20,phase2,39,pair_040,0.333346,2024.469266,2034.327802,
21,phase2,39,pair_040,0.349994,2024.485914,2034.34445,
22,phase2,39,pair_040,0.366626,2024.502546,2034.361082,
23,phase2,39,pair_040,0.383607,2024.519526,2034.378063,
24,phase2,39,pair_040,0.400042,2024.535962,2034.394499,
25,phase2,39,pair_040,0.416647,2024.552567,2034.411103,
26,phase2,39,pair_040,0.433629,2024.569548,2034.428085,
27,phase2,39,pair_040,0.450287,2024.586207,2034.444743,
28,phase2,39,pair_040,0.466675,2024.602594,2034.461131,
29,phase2,39,pair_040,0.483367,2024.619287,2034.477824,
30,phase2,39,pair_040,0.499976,2024.635896,2034.494432,
31,phase2,39,pair_040,0.516947,2024.652867,2034.511403,
32,phase2,39,pair_040,0.533284,2024.669204,2034.52774,
33,phase2,39,pair_040,0.549995,2024.685915,2034.544451,
34,phase2,39,pair_040,0.566679,2024.702599,2034.561136,
35,phase2,39,pair_040,0.583252,2024.719172,2034.577708,
36,phase2,39,pair_040,0.599991,2024.735911,2034.594447,
37,phase2,39,pair_040,0.616659,2024.752579,2034.611115,
38,phase2,39,pair_040,0.63329,2024.769209,2034.627746,
39,phase2,39,pair_040,0.650291,2024.786211,2034.644747,
40,phase2,39,pair_040,0.666653,2024.802573,2034.66111,
41,phase2,39,pair_040,0.683327,2024.819247,2034.677783,
42,phase2,39,pair_040,0.699965,2024.835885,2034.694421,
43,phase2,39,pair_040,0.716622,2024.852541,2034.711078,
44,phase2,39,pair_040,0.73327,2024.869189,2034.727726,
45,phase2,39,pair_040,0.750026,2024.885946,2034.744482,
46,phase2,39,pair_040,0.766636,2024.902556,2034.761093,
47,phase2,39,pair_040,0.783284,2024.919204,2034.77774,
48,phase2,39,pair_040,0.800253,2024.936172,2034.794709,
49,phase2,39,pair_040,0.816638,2024.952557,2034.811094,
50,phase2,39,pair_040,0.833272,2024.969192,2034.827728,
51,phase2,39,pair_040,0.850271,2024.986191,2034.844727,
52,phase2,39,pair_040,0.866927,2025.002847,2034.861383,
53,phase2,39,pair_040,0.883324,2025.019244,2034.87778,
54,phase2,39,pair_040,0.900207,2025.036127,2034.894663,
55,phase2,39,pair_040,0.91661,2025.05253,2034.911067,
56,phase2,39,pair_040,0.933271,2025.069191,2034.927728,
57,phase2,39,pair_040,0.949971,2025.08589,2034.944427,
58,phase2,39,pair_040,0.966633,2025.102553,2034.961089,
59,phase2,39,pair_040,0.983299,2025.11922,2034.977755,
60,phase2,39,pair_040,1.000287,2025.136207,2034.994743,
61,phase2,39,pair_040,1.016644,2025.152564,2035.0111,
62,phase2,39,pair_040,1.033323,2025.169243,2035.027779,
63,phase2,39,pair_040,1.049953,2025.185873,2035.044409,
64,phase2,39,pair_040,1.06661,2025.20253,2035.061066,
65,phase2,39,pair_040,1.083249,2025.219169,2035.077705,
66,phase2,39,pair_040,1.099989,2025.235909,2035.094445,
67,phase2,39,pair_040,1.116626,2025.252546,2035.111082,
0,phase2,39,pair_040,0.0,2025.269566,2035.128098,single_opt_onset_seq4_opt4_冥想
1,phase2,39,pair_040,0.016323,2025.285886,2035.144421,
2,phase2,39,pair_040,0.033038,2025.3026,2035.161136,
3,phase2,39,pair_040,0.049646,2025.319208,2035.177744,
4,phase2,39,pair_040,0.066311,2025.335872,2035.194408,
5,phase2,39,pair_040,0.083265,2025.352827,2035.211363,
6,phase2,39,pair_040,0.099921,2025.369483,2035.228018,
7,phase2,39,pair_040,0.116601,2025.386162,2035.244698,
8,phase2,39,pair_040,0.132989,2025.402551,2035.261087,
9,phase2,39,pair_040,0.149961,2025.419523,2035.278059,
10,phase2,39,pair_040,0.166315,2025.435877,2035.294413,
11,phase2,39,pair_040,0.182991,2025.452553,2035.311089,
12,phase2,39,pair_040,0.199682,2025.469244,2035.32778,
13,phase2,39,pair_040,0.216635,2025.486196,2035.344732,
14,phase2,39,pair_040,0.233035,2025.502596,2035.361132,
15,phase2,39,pair_040,0.249704,2025.519267,2035.377801,
16,phase2,39,pair_040,0.266358,2025.53592,2035.394456,
17,phase2,39,pair_040,0.283287,2025.552849,2035.411385,
18,phase2,39,pair_040,0.299708,2025.569269,2035.427805,
19,phase2,39,pair_040,0.31637,2025.585932,2035.444468,
20,phase2,39,pair_040,0.33326,2025.602822,2035.461358,
21,phase2,39,pair_040,0.349627,2025.619188,2035.477724,
22,phase2,39,pair_040,0.366592,2025.636153,2035.494689,
23,phase2,39,pair_040,0.382983,2025.652544,2035.51108,
24,phase2,39,pair_040,0.399639,2025.669201,2035.527737,
25,phase2,39,pair_040,0.416286,2025.685848,2035.544384,
26,phase2,39,pair_040,0.43327,2025.702831,2035.561367,
27,phase2,39,pair_040,0.449643,2025.719204,2035.57774,
28,phase2,39,pair_040,0.466282,2025.735844,2035.59438,
29,phase2,39,pair_040,0.483463,2025.753029,2035.61156,
30,phase2,39,pair_040,0.499608,2025.769172,2035.627706,
31,phase2,39,pair_040,0.516324,2025.78589,2035.644422,
32,phase2,39,pair_040,0.532954,2025.802515,2035.661052,
33,phase2,39,pair_040,0.54975,2025.819312,2035.677848,
34,phase2,39,pair_040,0.566419,2025.835982,2035.694516,
35,phase2,39,pair_040,0.58307,2025.852633,2035.711167,
36,phase2,39,pair_040,0.599737,2025.869299,2035.727835,
37,phase2,39,pair_040,0.616421,2025.885987,2035.744519,
38,phase2,39,pair_040,0.633093,2025.902657,2035.76119,
39,phase2,39,pair_040,0.649749,2025.919311,2035.777847,
40,phase2,39,pair_040,0.666415,2025.935977,2035.794512,
41,phase2,39,pair_040,0.683064,2025.952626,2035.811161,
42,phase2,39,pair_040,0.699741,2025.969303,2035.827839,
43,phase2,39,pair_040,0.716392,2025.985953,2035.844489,
44,phase2,39,pair_040,0.733051,2026.002612,2035.861148,
45,phase2,39,pair_040,0.749741,2026.019303,2035.877839,
46,phase2,39,pair_040,0.766356,2026.035918,2035.894453,
47,phase2,39,pair_040,0.783077,2026.052638,2035.911174,
48,phase2,39,pair_040,0.79971,2026.069272,2035.927808,
49,phase2,39,pair_040,0.816422,2026.085984,2035.94452,
50,phase2,39,pair_040,0.833056,2026.102618,2035.961154,
51,phase2,39,pair_040,0.849713,2026.119275,2035.977811,
52,phase2,39,pair_040,0.866399,2026.13596,2035.994496,
53,phase2,39,pair_040,0.883012,2026.152573,2036.01111,
54,phase2,39,pair_040,0.89973,2026.169292,2036.027828,
55,phase2,39,pair_040,0.91638,2026.185942,2036.044478,
56,phase2,39,pair_040,0.933063,2026.202625,2036.061161,
57,phase2,39,pair_040,0.949703,2026.219264,2036.0778,
58,phase2,39,pair_040,0.966391,2026.235953,2036.094489,
59,phase2,39,pair_040,0.983052,2026.252613,2036.111149,
60,phase2,39,pair_040,0.999612,2026.269174,2036.12771,
61,phase2,39,pair_040,1.016376,2026.285938,2036.144474,
62,phase2,39,pair_040,1.033035,2026.302597,2036.161132,
63,phase2,39,pair_040,1.049737,2026.319299,2036.177835,
64,phase2,39,pair_040,1.066351,2026.335913,2036.194449,
65,phase2,39,pair_040,1.08306,2026.352622,2036.211158,
66,phase2,39,pair_040,1.09967,2026.369231,2036.227767,
67,phase2,39,pair_040,1.116404,2026.385967,2036.244502,
68,phase2,39,pair_040,1.133077,2026.402638,2036.261174,
69,phase2,39,pair_040,1.150053,2026.419614,2036.278151,
70,phase2,39,pair_040,1.166424,2026.435985,2036.294521,
71,phase2,39,pair_040,1.183039,2026.452601,2036.311137,
72,phase2,39,pair_040,1.199731,2026.469294,2036.327829,
73,phase2,39,pair_040,1.216321,2026.485882,2036.344418,
74,phase2,39,pair_040,1.233067,2026.502628,2036.361164,
75,phase2,39,pair_040,1.2497,2026.519262,2036.377798,
76,phase2,39,pair_040,1.266421,2026.535982,2036.394518,
77,phase2,39,pair_040,1.283077,2026.552638,2036.411174,
78,phase2,39,pair_040,1.300014,2026.569577,2036.428111,
79,phase2,39,pair_040,1.316392,2026.585955,2036.44449,
80,phase2,39,pair_040,1.333035,2026.602597,2036.461133,
81,phase2,39,pair_040,1.349727,2026.619288,2036.477824,
82,phase2,39,pair_040,1.366653,2026.636214,2036.49475,
83,phase2,39,pair_040,1.383053,2026.652615,2036.51115,
84,phase2,39,pair_040,1.399741,2026.669307,2036.527839,
85,phase2,39,pair_040,1.416391,2026.685952,2036.544488,
86,phase2,39,pair_040,1.433364,2026.702926,2036.561461,
87,phase2,39,pair_040,1.449646,2026.71921,2036.577743,
88,phase2,39,pair_040,1.466387,2026.735949,2036.594485,
89,phase2,39,pair_040,1.483098,2026.752659,2036.611195,
90,phase2,39,pair_040,1.500027,2026.769589,2036.628125,
0,phase2,39,pair_040,0.0,2026.785927,2036.644461,iti_onset_dur_1.067
1,phase2,39,pair_040,0.016673,2026.802597,2036.661134,
2,phase2,39,pair_040,0.033381,2026.819306,2036.677841,
3,phase2,39,pair_040,0.050341,2026.836265,2036.694801,
4,phase2,39,pair_040,0.066972,2026.852897,2036.711433,
5,phase2,39,pair_040,0.083318,2026.869242,2036.727779,
6,phase2,39,pair_040,0.100058,2026.885983,2036.744518,
7,phase2,39,pair_040,0.116668,2026.902592,2036.761129,
8,phase2,39,pair_040,0.133641,2026.919566,2036.778102,
9,phase2,39,pair_040,0.149982,2026.935906,2036.794442,
10,phase2,39,pair_040,0.16674,2026.952664,2036.811201,
11,phase2,39,pair_040,0.183636,2026.969561,2036.828096,
12,phase2,39,pair_040,0.200297,2026.986221,2036.844758,
13,phase2,39,pair_040,0.216681,2027.00261,2036.861141,
14,phase2,39,pair_040,0.233318,2027.019242,2036.877779,
15,phase2,39,pair_040,0.24999,2027.035914,2036.89445,
16,phase2,39,pair_040,0.266971,2027.052897,2036.911432,
17,phase2,39,pair_040,0.283344,2027.069269,2036.927805,
18,phase2,39,pair_040,0.300027,2027.085952,2036.944487,
19,phase2,39,pair_040,0.316646,2027.102571,2036.961107,
20,phase2,39,pair_040,0.33332,2027.119245,2036.97778,
21,phase2,39,pair_040,0.349992,2027.135917,2036.994453,
22,phase2,39,pair_040,0.366673,2027.152597,2037.011133,
23,phase2,39,pair_040,0.383375,2027.169301,2037.027836,
24,phase2,39,pair_040,0.399975,2027.185899,2037.044435,
25,phase2,39,pair_040,0.416945,2027.202869,2037.061406,
26,phase2,39,pair_040,0.433305,2027.219229,2037.077766,
27,phase2,39,pair_040,0.449987,2027.235911,2037.094447,
28,phase2,39,pair_040,0.466663,2027.252587,2037.111123,
29,phase2,39,pair_040,0.483326,2027.269256,2037.127787,
30,phase2,39,pair_040,0.499875,2027.285799,2037.144335,
31,phase2,39,pair_040,0.516722,2027.302646,2037.161182,
32,phase2,39,pair_040,0.533307,2027.319231,2037.177768,
33,phase2,39,pair_040,0.550295,2027.336219,2037.194756,
34,phase2,39,pair_040,0.566653,2027.352577,2037.211114,
35,phase2,39,pair_040,0.583362,2027.369286,2037.227822,
36,phase2,39,pair_040,0.600268,2027.386192,2037.244729,
37,phase2,39,pair_040,0.616965,2027.402889,2037.261426,
38,phase2,39,pair_040,0.633306,2027.41923,2037.277766,
39,phase2,39,pair_040,0.650033,2027.435958,2037.294494,
40,phase2,39,pair_040,0.666628,2027.452552,2037.311089,
41,phase2,39,pair_040,0.683625,2027.46955,2037.328086,
42,phase2,39,pair_040,0.699995,2027.48592,2037.344455,
43,phase2,39,pair_040,0.716686,2027.502611,2037.361147,
44,phase2,39,pair_040,0.733572,2027.519501,2037.378032,
45,phase2,39,pair_040,0.749947,2027.535871,2037.394408,
46,phase2,39,pair_040,0.766659,2027.552588,2037.41112,
47,phase2,39,pair_040,0.783332,2027.569256,2037.427792,
48,phase2,39,pair_040,0.799967,2027.585892,2037.444428,
49,phase2,39,pair_040,0.816642,2027.602566,2037.461103,
50,phase2,39,pair_040,0.833555,2027.619479,2037.478015,
51,phase2,39,pair_040,0.850017,2027.635945,2037.494477,
52,phase2,39,pair_040,0.866664,2027.652588,2037.511124,
53,phase2,39,pair_040,0.883317,2027.669241,2037.527778,
54,phase2,39,pair_040,0.899939,2027.685863,2037.5444,
55,phase2,39,pair_040,0.916666,2027.70259,2037.561127,
56,phase2,39,pair_040,0.9336,2027.719524,2037.578061,
57,phase2,39,pair_040,0.950269,2027.736193,2037.59473,
58,phase2,39,pair_040,0.966927,2027.752851,2037.611387,
59,phase2,39,pair_040,0.983323,2027.769247,2037.627783,
60,phase2,39,pair_040,1.000019,2027.785943,2037.644479,
61,phase2,39,pair_040,1.01665,2027.802577,2037.66111,
62,phase2,39,pair_040,1.033283,2027.819209,2037.677744,
63,phase2,39,pair_040,1.049966,2027.835891,2037.694427,
64,phase2,39,pair_040,1.066687,2027.852611,2037.711148,
0,phase2,39,pair_040,0.0,2028.735744,2038.594271,final_choice_onset
1,phase2,39,pair_040,0.016801,2028.752539,2038.611072,
2,phase2,39,pair_040,0.03377,2028.769508,2038.628041,
3,phase2,39,pair_040,0.050452,2028.78619,2038.644723,
4,phase2,39,pair_040,0.0668,2028.802537,2038.66107,
5,phase2,39,pair_040,0.083468,2028.819206,2038.677739,
6,phase2,39,pair_040,0.100404,2028.836142,2038.694675,
7,phase2,39,pair_040,0.116737,2028.852475,2038.711008,
8,phase2,39,pair_040,0.133484,2028.869222,2038.727755,
9,phase2,39,pair_040,0.150109,2028.885847,2038.74438,
10,phase2,39,pair_040,0.166813,2028.902551,2038.761084,
11,phase2,39,pair_040,0.183467,2028.919204,2038.777737,
12,phase2,39,pair_040,0.200437,2028.936174,2038.794708,
13,phase2,39,pair_040,0.216821,2028.952558,2038.811091,
14,phase2,39,pair_040,0.233457,2028.969194,2038.827728,
15,phase2,39,pair_040,0.25011,2028.985848,2038.844381,
16,phase2,39,pair_040,0.267103,2029.00284,2038.861373,
17,phase2,39,pair_040,0.283474,2029.019212,2038.877745,
18,phase2,39,pair_040,0.300126,2029.035863,2038.894396,
19,phase2,39,pair_040,0.3171,2029.053067,2038.911371,
20,phase2,39,pair_040,0.333784,2029.069521,2038.928055,
21,phase2,39,pair_040,0.350103,2029.08584,2038.944373,
22,phase2,39,pair_040,0.366841,2029.102579,2038.961111,
23,phase2,39,pair_040,0.383464,2029.119202,2038.977735,
24,phase2,39,pair_040,0.400459,2029.136196,2038.994729,
25,phase2,39,pair_040,0.416786,2029.152523,2039.011056,
26,phase2,39,pair_040,0.433469,2029.169207,2039.027739,
27,phase2,39,pair_040,0.450412,2029.186149,2039.044682,
28,phase2,39,pair_040,0.467128,2029.202866,2039.061398,
29,phase2,39,pair_040,0.483422,2029.219159,2039.077693,
30,phase2,39,pair_040,0.5001,2029.235838,2039.094371,
31,phase2,39,pair_040,0.516797,2029.252538,2039.111068,
32,phase2,39,pair_040,0.533452,2029.26919,2039.127723,
33,phase2,39,pair_040,0.550122,2029.285859,2039.144392,
34,phase2,39,pair_040,0.566766,2029.302503,2039.161036,
35,phase2,39,pair_040,0.583427,2029.319165,2039.177698,
36,phase2,39,pair_040,0.600053,2029.33579,2039.194323,
37,phase2,39,pair_040,0.616777,2029.352514,2039.211047,
38,phase2,39,pair_040,0.633413,2029.36915,2039.227683,
39,phase2,39,pair_040,0.650213,2029.385951,2039.244484,
40,phase2,39,pair_040,0.666706,2029.402444,2039.260976,
41,phase2,39,pair_040,0.683757,2029.419495,2039.278027,
42,phase2,39,pair_040,0.700137,2029.435875,2039.294408,
43,phase2,39,pair_040,0.716772,2029.452509,2039.311043,
44,phase2,39,pair_040,0.733459,2029.469196,2039.327729,
45,phase2,39,pair_040,0.750428,2029.486165,2039.344699,
46,phase2,39,pair_040,0.76685,2029.502588,2039.361121,
47,phase2,39,pair_040,0.783505,2029.519242,2039.377775,
48,phase2,39,pair_040,0.800104,2029.535842,2039.394375,
49,phase2,39,pair_040,0.817093,2029.55283,2039.411364,
50,phase2,39,pair_040,0.833464,2029.569202,2039.427735,
51,phase2,39,pair_040,0.850115,2029.585852,2039.444385,
52,phase2,39,pair_040,0.866872,2029.602609,2039.461143,
53,phase2,39,pair_040,0.88376,2029.619497,2039.47803,
54,phase2,39,pair_040,0.900146,2029.635884,2039.494417,
55,phase2,39,pair_040,0.916765,2029.652502,2039.511036,
56,phase2,39,pair_040,0.933433,2029.66917,2039.527704,
57,phase2,39,pair_040,0.9501,2029.685837,2039.544371,
58,phase2,39,pair_040,0.967062,2029.702799,2039.561333,
59,phase2,39,pair_040,0.983433,2029.71917,2039.577703,
60,phase2,39,pair_040,1.000102,2029.735839,2039.594373,
61,phase2,39,pair_040,1.0169,2029.75264,2039.61117,
62,phase2,39,pair_040,1.033552,2029.769289,2039.627822,
63,phase2,39,pair_040,1.050229,2029.785967,2039.6445,
64,phase2,39,pair_040,1.067192,2029.80293,2039.661463,
65,phase2,39,pair_040,1.08357,2029.819307,2039.67784,
66,phase2,39,pair_040,1.100219,2029.835956,2039.694489,
67,phase2,39,pair_040,1.117163,2029.8529,2039.711433,
68,phase2,39,pair_040,1.133861,2029.869598,2039.728131,
69,phase2,39,pair_040,1.150206,2029.885944,2039.744477,
70,phase2,39,pair_040,1.166905,2029.902644,2039.761175,
71,phase2,39,pair_040,1.183503,2029.91924,2039.777774,
72,phase2,39,pair_040,1.200523,2029.93626,2039.794793,
73,phase2,39,pair_040,1.216887,2029.952624,2039.811158,
74,phase2,39,pair_040,1.23354,2029.969277,2039.82781,
75,phase2,39,pair_040,1.250191,2029.985928,2039.844461,
76,phase2,39,pair_040,1.267206,2030.002943,2039.861476,
77,phase2,39,pair_040,1.283547,2030.019286,2039.877818,
78,phase2,39,pair_040,1.300187,2030.035924,2039.894457,
79,phase2,39,pair_040,1.316901,2030.052639,2039.911172,
80,phase2,39,pair_040,1.33389,2030.069628,2039.928161,
81,phase2,39,pair_040,1.350187,2030.085925,2039.944458,
82,phase2,39,pair_040,1.36685,2030.102588,2039.961121,
83,phase2,39,pair_040,1.383558,2030.119296,2039.977829,
84,phase2,39,pair_040,1.400546,2030.136283,2039.994817,
85,phase2,39,pair_040,1.417171,2030.152908,2040.011442,
86,phase2,39,pair_040,1.433529,2030.169266,2040.027799,
87,phase2,39,pair_040,1.450195,2030.185933,2040.044466,
88,phase2,39,pair_040,1.466865,2030.202606,2040.061136,
89,phase2,39,pair_040,1.48387,2030.219607,2040.07814,
90,phase2,39,pair_040,1.500204,2030.235942,2040.094475,
91,phase2,39,pair_040,1.51687,2030.252608,2040.111141,
92,phase2,39,pair_040,1.53387,2030.269608,2040.128141,
93,phase2,39,pair_040,1.550512,2030.286249,2040.144782,
94,phase2,39,pair_040,1.566862,2030.302599,2040.161132,
95,phase2,39,pair_040,1.583529,2030.319268,2040.1778,
96,phase2,39,pair_040,1.600104,2030.335841,2040.194375,
97,phase2,39,pair_040,1.617164,2030.352901,2040.211435,
98,phase2,39,pair_040,1.633511,2030.369251,2040.227782,
99,phase2,39,pair_040,1.65021,2030.385951,2040.24448,
100,phase2,39,pair_040,1.666881,2030.402618,2040.261152,
101,phase2,39,pair_040,1.683843,2030.41958,2040.278113,
102,phase2,39,pair_040,1.700205,2030.435942,2040.294475,
103,phase2,39,pair_040,1.716864,2030.452601,2040.311134,
104,phase2,39,pair_040,1.733525,2030.469262,2040.327795,
105,phase2,39,pair_040,1.75019,2030.485928,2040.344461,
106,phase2,39,pair_040,1.767183,2030.502921,2040.361454,
107,phase2,39,pair_040,1.783504,2030.519241,2040.377774,
108,phase2,39,pair_040,1.800247,2030.535985,2040.394518,
109,phase2,39,pair_040,1.816846,2030.552584,2040.411117,
110,phase2,39,pair_040,1.833859,2030.569597,2040.42813,
111,phase2,39,pair_040,1.850199,2030.585938,2040.444469,
112,phase2,39,pair_040,1.867104,2030.602842,2040.461375,
113,phase2,39,pair_040,1.883824,2030.619562,2040.478095,
114,phase2,39,pair_040,1.900494,2030.636231,2040.494764,
115,phase2,39,pair_040,1.916866,2030.652607,2040.511136,
116,phase2,39,pair_040,1.93356,2030.669301,2040.527831,
117,phase2,39,pair_040,1.950235,2030.685972,2040.544506,
118,phase2,39,pair_040,1.967169,2030.702906,2040.561439,
119,phase2,39,pair_040,1.983489,2030.719226,2040.57776,
120,phase2,39,pair_040,2.000217,2030.735954,2040.594488,
121,phase2,39,pair_040,2.016818,2030.752555,2040.611089,
122,phase2,39,pair_040,2.03386,2030.769598,2040.628131,
123,phase2,39,pair_040,2.050179,2030.785916,2040.644449,
124,phase2,39,pair_040,2.066847,2030.802584,2040.661117,
125,phase2,39,pair_040,2.083784,2030.819521,2040.678054,
126,phase2,39,pair_040,2.100499,2030.836236,2040.694769,
127,phase2,39,pair_040,2.116843,2030.85258,2040.711114,
128,phase2,39,pair_040,2.133517,2030.869255,2040.727788,
129,phase2,39,pair_040,2.150244,2030.885984,2040.744515,
130,phase2,39,pair_040,2.16679,2030.902528,2040.761061,
131,phase2,39,pair_040,2.183804,2030.919541,2040.778075,
132,phase2,39,pair_040,2.200175,2030.935913,2040.794446,
133,phase2,39,pair_040,2.216837,2030.952574,2040.811107,
134,phase2,39,pair_040,2.233496,2030.969234,2040.827767,
135,phase2,39,pair_040,2.250472,2030.986209,2040.844742,
136,phase2,39,pair_040,2.26685,2031.002587,2040.86112,
137,phase2,39,pair_040,2.283557,2031.019295,2040.877828,
138,phase2,39,pair_040,2.300174,2031.035912,2040.894445,
139,phase2,39,pair_040,2.317134,2031.052871,2040.911405,
140,phase2,39,pair_040,2.333509,2031.069248,2040.927779,
141,phase2,39,pair_040,2.350126,2031.085864,2040.944397,
142,phase2,39,pair_040,2.367086,2031.102824,2040.961357,
143,phase2,39,pair_040,2.3838,2031.119537,2040.978071,
144,phase2,39,pair_040,2.40017,2031.135907,2040.994441,
145,phase2,39,pair_040,2.416831,2031.152568,2041.011101,
146,phase2,39,pair_040,2.43348,2031.169217,2041.02775,
147,phase2,39,pair_040,2.450481,2031.186218,2041.044751,
148,phase2,39,pair_040,2.466814,2031.202551,2041.061084,
149,phase2,39,pair_040,2.483519,2031.219259,2041.07779,
150,phase2,39,pair_040,2.500214,2031.235951,2041.094485,
151,phase2,39,pair_040,2.51682,2031.252557,2041.111091,
152,phase2,39,pair_040,2.533797,2031.269537,2041.128068,
153,phase2,39,pair_040,2.550163,2031.2859,2041.144433,
154,phase2,39,pair_040,2.566822,2031.30256,2041.161092,
155,phase2,39,pair_040,2.583793,2031.31953,2041.178064,
156,phase2,39,pair_040,2.600472,2031.336209,2041.194742,
157,phase2,39,pair_040,2.61673,2031.352468,2041.211,
158,phase2,39,pair_040,2.633489,2031.369226,2041.227759,
159,phase2,39,pair_040,2.650163,2031.3859,2041.244433,
160,phase2,39,pair_040,2.667115,2031.402853,2041.261386,
161,phase2,39,pair_040,2.683486,2031.419224,2041.277757,
162,phase2,39,pair_040,2.700175,2031.435913,2041.294446,
163,phase2,39,pair_040,2.717135,2031.452873,2041.311405,
164,phase2,39,pair_040,2.7338,2031.469538,2041.328071,
165,phase2,39,pair_040,2.750158,2031.485896,2041.344429,
166,phase2,39,pair_040,2.766811,2031.502548,2041.361081,
167,phase2,39,pair_040,2.783486,2031.519223,2041.377757,
168,phase2,39,pair_040,2.800491,2031.536228,2041.394761,
169,phase2,39,pair_040,2.816817,2031.552555,2041.411087,
170,phase2,39,pair_040,2.833524,2031.569261,2041.427795,
171,phase2,39,pair_040,2.850193,2031.585931,2041.444464,
172,phase2,39,pair_040,2.86681,2031.60255,2041.46108,
173,phase2,39,pair_040,2.883486,2031.619223,2041.477756,
174,phase2,39,pair_040,2.900188,2031.635925,2041.494458,
175,phase2,39,pair_040,2.916812,2031.65255,2041.511083,
176,phase2,39,pair_040,2.933445,2031.669182,2041.527715,
177,phase2,39,pair_040,2.950176,2031.685917,2041.544446,
178,phase2,39,pair_040,2.966862,2031.7026,2041.561133,
179,phase2,39,pair_040,2.983495,2031.719233,2041.577765,
180,phase2,39,pair_040,3.000148,2031.735885,2041.594418,
181,phase2,39,pair_040,3.016817,2031.752554,2041.611087,
182,phase2,39,pair_040,3.033479,2031.769217,2041.62775,
183,phase2,39,pair_040,3.050185,2031.785924,2041.644455,
184,phase2,39,pair_040,3.06677,2031.802508,2041.661041,
185,phase2,39,pair_040,3.083768,2031.819506,2041.678039,
186,phase2,39,pair_040,3.100148,2031.835888,2041.694419,
187,phase2,39,pair_040,3.116846,2031.852583,2041.711116,
188,phase2,39,pair_040,3.133439,2031.869177,2041.72771,
189,phase2,39,pair_040,3.150126,2031.885865,2041.744396,
190,phase2,39,pair_040,3.166798,2031.902535,2041.761068,
191,phase2,39,pair_040,3.183538,2031.919276,2041.777808,
192,phase2,39,pair_040,3.200128,2031.935865,2041.794398,
193,phase2,39,pair_040,3.217119,2031.952857,2041.81139,
194,phase2,39,pair_040,3.233495,2031.969234,2041.827766,
195,phase2,39,pair_040,3.250157,2031.985897,2041.844427,
196,phase2,39,pair_040,3.266831,2032.002568,2041.861101,
197,phase2,39,pair_040,3.28378,2032.019518,2041.878051,
198,phase2,39,pair_040,3.300109,2032.035846,2041.894379,
199,phase2,39,pair_040,3.316839,2032.052577,2041.91111,
200,phase2,39,pair_040,3.33374,2032.069477,2041.92801,
201,phase2,39,pair_040,3.350126,2032.085863,2041.944396,
202,phase2,39,pair_040,3.366796,2032.102534,2041.961067,
203,phase2,39,pair_040,3.383483,2032.119221,2041.977754,
204,phase2,39,pair_040,3.400116,2032.135855,2041.994386,
205,phase2,39,pair_040,3.416787,2032.152525,2042.011058,
206,phase2,39,pair_040,3.43376,2032.169497,2042.02803,
207,phase2,39,pair_040,3.450154,2032.185891,2042.044424,
208,phase2,39,pair_040,3.466835,2032.202573,2042.061106,
209,phase2,39,pair_040,3.48377,2032.219507,2042.07804,
210,phase2,39,pair_040,3.500426,2032.236163,2042.094696,
211,phase2,39,pair_040,3.516797,2032.252535,2042.111068,
212,phase2,39,pair_040,3.53372,2032.269457,2042.12799,
213,phase2,39,pair_040,3.55011,2032.285847,2042.14438,
214,phase2,39,pair_040,3.567102,2032.302841,2042.161373,
215,phase2,39,pair_040,3.583437,2032.319175,2042.177708,
216,phase2,39,pair_040,3.600141,2032.335879,2042.194412,
217,phase2,39,pair_040,3.617052,2032.352789,2042.211323,
218,phase2,39,pair_040,3.633372,2032.369109,2042.227643,
219,phase2,39,pair_040,3.650113,2032.38585,2042.244384,
220,phase2,39,pair_040,3.666819,2032.402557,2042.26109,
221,phase2,39,pair_040,3.683734,2032.419471,2042.278004,
222,phase2,39,pair_040,3.700436,2032.436173,2042.294707,
223,phase2,39,pair_040,3.716784,2032.452521,2042.311054,
224,phase2,39,pair_040,3.733459,2032.469196,2042.327729,
225,phase2,39,pair_040,3.750118,2032.485855,2042.344388,
226,phase2,39,pair_040,3.7671,2032.502837,2042.36137,
227,phase2,39,pair_040,3.783744,2032.519482,2042.378015,
228,phase2,39,pair_040,3.80015,2032.535887,2042.394421,
229,phase2,39,pair_040,3.816812,2032.552549,2042.411083,
230,phase2,39,pair_040,3.833738,2032.569475,2042.428008,
231,phase2,39,pair_040,3.850405,2032.586143,2042.444676,
232,phase2,39,pair_040,3.8668,2032.602538,2042.461071,
233,phase2,39,pair_040,3.883451,2032.619188,2042.477722,
234,phase2,39,pair_040,3.900109,2032.635847,2042.494379,
235,phase2,39,pair_040,3.917082,2032.652819,2042.511352,
236,phase2,39,pair_040,3.93343,2032.669168,2042.527701,
237,phase2,39,pair_040,3.950072,2032.685809,2042.544342,
238,phase2,39,pair_040,3.966788,2032.702525,2042.561058,
239,phase2,39,pair_040,3.983717,2032.719454,2042.577987,
240,phase2,39,pair_040,4.000103,2032.735841,2042.594374,
241,phase2,39,pair_040,4.016761,2032.752498,2042.611031,
242,phase2,39,pair_040,4.033504,2032.769241,2042.627774,
243,phase2,39,pair_040,4.050096,2032.785833,2042.644367,
244,phase2,39,pair_040,4.067056,2032.802794,2042.661327,
245,phase2,39,pair_040,4.083453,2032.819191,2042.677724,
246,phase2,39,pair_040,4.100102,2032.835839,2042.694372,
247,phase2,39,pair_040,4.11676,2032.852497,2042.711031,
248,phase2,39,pair_040,4.133725,2032.869463,2042.727996,
249,phase2,39,pair_040,4.15033,2032.886067,2042.7446,
250,phase2,39,pair_040,4.166771,2032.902509,2042.761041,
251,phase2,39,pair_040,4.18344,2032.919177,2042.77771,
252,phase2,39,pair_040,4.200391,2032.936128,2042.794661,
253,phase2,39,pair_040,4.217035,2032.952772,2042.811306,
254,phase2,39,pair_040,4.233449,2032.969186,2042.827719,
255,phase2,39,pair_040,4.250401,2032.986139,2042.844672,
256,phase2,39,pair_040,4.267062,2033.002799,2042.861332,
257,phase2,39,pair_040,4.283438,2033.019175,2042.877709,
258,phase2,39,pair_040,4.300127,2033.035865,2042.894398,
259,phase2,39,pair_040,4.316763,2033.0525,2042.911033,
260,phase2,39,pair_040,4.333744,2033.069481,2042.928014,
261,phase2,39,pair_040,4.350107,2033.085845,2042.944378,
262,phase2,39,pair_040,4.36701,2033.102748,2042.961281,
263,phase2,39,pair_040,4.383402,2033.119139,2042.977672,
264,phase2,39,pair_040,4.400422,2033.136159,2042.994692,
265,phase2,39,pair_040,4.416752,2033.152489,2043.011023,
266,phase2,39,pair_040,4.433438,2033.169175,2043.027708,
267,phase2,39,pair_040,4.450086,2033.185823,2043.044356,
268,phase2,39,pair_040,4.466747,2033.202484,2043.061018,
269,phase2,39,pair_040,4.483457,2033.219194,2043.077727,
270,phase2,39,pair_040,4.500081,2033.235818,2043.094352,
271,phase2,39,pair_040,4.516833,2033.25257,2043.111104,
272,phase2,39,pair_040,4.533411,2033.269148,2043.127681,
273,phase2,39,pair_040,4.550386,2033.286123,2043.144657,
274,phase2,39,pair_040,4.566768,2033.302505,2043.161039,
275,phase2,39,pair_040,4.583412,2033.319149,2043.177682,
276,phase2,39,pair_040,4.60042,2033.336158,2043.194691,
277,phase2,39,pair_040,4.61705,2033.352787,2043.21132,
278,phase2,39,pair_040,4.633421,2033.369158,2043.227691,
279,phase2,39,pair_040,4.65004,2033.385777,2043.24431,
280,phase2,39,pair_040,4.666728,2033.402465,2043.260998,
281,phase2,39,pair_040,4.683724,2033.419461,2043.277994,
282,phase2,39,pair_040,4.700132,2033.435869,2043.294403,
283,phase2,39,pair_040,4.717019,2033.452756,2043.31129,
284,phase2,39,pair_040,4.733428,2033.469165,2043.327698,
285,phase2,39,pair_040,4.750402,2033.48614,2043.344673,
286,phase2,39,pair_040,4.766768,2033.502505,2043.361038,
287,phase2,39,pair_040,4.783439,2033.519176,2043.377709,
288,phase2,39,pair_040,4.800135,2033.535872,2043.394405,
289,phase2,39,pair_040,4.817059,2033.552796,2043.411329,
290,phase2,39,pair_040,4.833377,2033.569114,2043.427648,
291,phase2,39,pair_040,4.850093,2033.585831,2043.444364,
292,phase2,39,pair_040,4.866747,2033.602485,2043.461018,
293,phase2,39,pair_040,4.883385,2033.619123,2043.477655,
294,phase2,39,pair_040,4.900119,2033.635856,2043.49439,
295,phase2,39,pair_040,4.916748,2033.652485,2043.511019,
296,phase2,39,pair_040,4.933406,2033.669143,2043.527676,
297,phase2,39,pair_040,4.950155,2033.685892,2043.544426,
298,phase2,39,pair_040,4.966904,2033.702641,2043.561174,
299,phase2,39,pair_040,4.983866,2033.719604,2043.578137,
300,phase2,39,pair_040,5.000485,2033.736222,2043.594756,
301,phase2,39,pair_040,5.016825,2033.752562,2043.611096,
302,phase2,39,pair_040,5.033536,2033.769273,2043.627806,
303,phase2,39,pair_040,5.050194,2033.785931,2043.644464,
304,phase2,39,pair_040,5.067165,2033.802902,2043.661436,
305,phase2,39,pair_040,5.083534,2033.819273,2043.677805,
306,phase2,39,pair_040,5.100188,2033.835925,2043.694458,
307,phase2,39,pair_040,5.116839,2033.852576,2043.71111,
308,phase2,39,pair_040,5.133843,2033.86958,2043.728114,
309,phase2,39,pair_040,5.150196,2033.885934,2043.744467,
310,phase2,39,pair_040,5.166833,2033.902571,2043.761104,
311,phase2,39,pair_040,5.183816,2033.919553,2043.778086,
312,phase2,39,pair_040,5.200451,2033.936188,2043.794722,
313,phase2,39,pair_040,5.216835,2033.952572,2043.811105,
314,phase2,39,pair_040,5.233517,2033.969255,2043.827787,
315,phase2,39,pair_040,5.250217,2033.985954,2043.844488,
316,phase2,39,pair_040,5.26718,2034.00292,2043.86145,
317,phase2,39,pair_040,5.28345,2034.019187,2043.87772,
318,phase2,39,pair_040,5.300159,2034.035899,2043.89443,
319,phase2,39,pair_040,5.316818,2034.052557,2043.911088,
320,phase2,39,pair_040,5.333475,2034.069214,2043.927746,
321,phase2,39,pair_040,5.350203,2034.085941,2043.944474,
322,phase2,39,pair_040,5.366851,2034.102589,2043.961122,
323,phase2,39,pair_040,5.383535,2034.119273,2043.977806,
324,phase2,39,pair_040,5.400525,2034.136263,2043.994796,
325,phase2,39,pair_040,5.41714,2034.152877,2044.01141,
326,phase2,39,pair_040,5.433507,2034.169244,2044.027777,
327,phase2,39,pair_040,5.450209,2034.185947,2044.04448,
328,phase2,39,pair_040,5.467134,2034.202871,2044.061404,
329,phase2,39,pair_040,5.483799,2034.219537,2044.07807,
330,phase2,39,pair_040,5.500189,2034.235926,2044.094459,
331,phase2,39,pair_040,5.516853,2034.252591,2044.111124,
332,phase2,39,pair_040,5.533488,2034.269225,2044.127758,
333,phase2,39,pair_040,5.550491,2034.286228,2044.144762,
334,phase2,39,pair_040,5.566841,2034.302579,2044.161112,
335,phase2,39,pair_040,5.583514,2034.319253,2044.177784,
336,phase2,39,pair_040,5.600199,2034.335936,2044.194469,
337,phase2,39,pair_040,5.617153,2034.352892,2044.211423,
338,phase2,39,pair_040,5.633461,2034.369198,2044.227731,
339,phase2,39,pair_040,5.650177,2034.385915,2044.244448,
340,phase2,39,pair_040,5.666719,2034.402456,2044.260989,
341,phase2,39,pair_040,5.683832,2034.419569,2044.278102,
342,phase2,39,pair_040,5.700185,2034.435923,2044.294456,
343,phase2,39,pair_040,5.716828,2034.452565,2044.311098,
344,phase2,39,pair_040,5.733777,2034.469516,2044.328048,
345,phase2,39,pair_040,5.750162,2034.4859,2044.344433,
346,phase2,39,pair_040,5.767117,2034.502854,2044.361388,
347,phase2,39,pair_040,5.783458,2034.519195,2044.377728,
348,phase2,39,pair_040,5.800213,2034.53595,2044.394483,
349,phase2,39,pair_040,5.816837,2034.552575,2044.411108,
350,phase2,39,pair_040,5.833796,2034.569533,2044.428067,
351,phase2,39,pair_040,5.850177,2034.585915,2044.444448,
352,phase2,39,pair_040,5.866863,2034.6026,2044.461133,
353,phase2,39,pair_040,5.883491,2034.619229,2044.477762,
354,phase2,39,pair_040,5.900457,2034.636194,2044.494728,
355,phase2,39,pair_040,5.916825,2034.652562,2044.511095,
356,phase2,39,pair_040,5.933483,2034.66922,2044.527753,
357,phase2,39,pair_040,5.950109,2034.685847,2044.54438,
358,phase2,39,pair_040,5.967095,2034.702833,2044.561366,
359,phase2,39,pair_040,5.983436,2034.719173,2044.577706,
360,phase2,39,pair_040,6.000168,2034.735905,2044.594439,
361,phase2,39,pair_040,6.016823,2034.752561,2044.611094,
362,phase2,39,pair_040,6.033466,2034.769204,2044.627737,
363,phase2,39,pair_040,6.050435,2034.786172,2044.644705,
364,phase2,39,pair_040,6.06682,2034.802558,2044.66109,
365,phase2,39,pair_040,6.08354,2034.819277,2044.67781,
366,phase2,39,pair_040,6.100155,2034.835892,2044.694425,
367,phase2,39,pair_040,6.116825,2034.852562,2044.711095,
368,phase2,39,pair_040,6.133479,2034.869216,2044.727749,
369,phase2,39,pair_040,6.150223,2034.88596,2044.744493,
370,phase2,39,pair_040,6.167143,2034.90288,2044.761413,
371,phase2,39,pair_040,6.183472,2034.919209,2044.777743,
372,phase2,39,pair_040,6.200117,2034.935854,2044.794387,
373,phase2,39,pair_040,6.216843,2034.95258,2044.811113,
374,phase2,39,pair_040,6.233781,2034.96952,2044.828051,
375,phase2,39,pair_040,6.250449,2034.986186,2044.844719,
376,phase2,39,pair_040,6.266798,2035.002536,2044.861068,
377,phase2,39,pair_040,6.283518,2035.019255,2044.877789,
378,phase2,39,pair_040,6.300151,2035.035889,2044.894422,
379,phase2,39,pair_040,6.317104,2035.052841,2044.911375,
380,phase2,39,pair_040,6.333485,2035.069223,2044.927756,
381,phase2,39,pair_040,6.350147,2035.085889,2044.944417,
382,phase2,39,pair_040,6.366795,2035.102532,2044.961065,
383,phase2,39,pair_040,6.383793,2035.119531,2044.978064,
384,phase2,39,pair_040,6.400151,2035.135888,2044.994421,
385,phase2,39,pair_040,6.416792,2035.152529,2045.011063,
386,phase2,39,pair_040,6.433728,2035.169465,2045.027998,
387,phase2,39,pair_040,6.450133,2035.185875,2045.044403,
388,phase2,39,pair_040,6.466806,2035.202543,2045.061076,
389,phase2,39,pair_040,6.483474,2035.219211,2045.077745,
390,phase2,39,pair_040,6.500176,2035.235913,2045.094446,
391,phase2,39,pair_040,6.516774,2035.252512,2045.111045,
392,phase2,39,pair_040,6.53348,2035.269218,2045.127751,
393,phase2,39,pair_040,6.5501,2035.285837,2045.14437,
394,phase2,39,pair_040,6.56681,2035.302547,2045.16108,
395,phase2,39,pair_040,6.583466,2035.319204,2045.177737,
396,phase2,39,pair_040,6.600434,2035.336171,2045.194705,
397,phase2,39,pair_040,6.61679,2035.352527,2045.211061,
398,phase2,39,pair_040,6.633465,2035.369203,2045.227736,
399,phase2,39,pair_040,6.650428,2035.386166,2045.244699,
400,phase2,39,pair_040,6.666782,2035.402519,2045.261052,
401,phase2,39,pair_040,6.683472,2035.41921,2045.277743,
402,phase2,39,pair_040,6.700184,2035.435921,2045.294455,
403,phase2,39,pair_040,6.716867,2035.452604,2045.311137,
404,phase2,39,pair_040,6.733738,2035.469475,2045.328009,
405,phase2,39,pair_040,6.75011,2035.485847,2045.344381,
406,phase2,39,pair_040,6.766846,2035.502583,2045.361116,
407,phase2,39,pair_040,6.783715,2035.519453,2045.377986,
408,phase2,39,pair_040,6.800455,2035.536192,2045.394725,
409,phase2,39,pair_040,6.816734,2035.552472,2045.411005,
410,phase2,39,pair_040,6.833511,2035.569248,2045.427781,
411,phase2,39,pair_040,6.85037,2035.586107,2045.444641,
412,phase2,39,pair_040,6.866765,2035.602502,2045.461036,
413,phase2,39,pair_040,6.883447,2035.619186,2045.477717,
414,phase2,39,pair_040,6.900116,2035.635853,2045.494387,
415,phase2,39,pair_040,6.916791,2035.652528,2045.511061,
416,phase2,39,pair_040,6.933401,2035.669138,2045.527672,
417,phase2,39,pair_040,6.950085,2035.685822,2045.544356,
418,phase2,39,pair_040,6.966824,2035.702563,2045.561095,
419,phase2,39,pair_040,6.983391,2035.719129,2045.577662,
420,phase2,39,pair_040,7.000109,2035.735847,2045.594379,
421,phase2,39,pair_040,7.016748,2035.752485,2045.611018,
422,phase2,39,pair_040,7.033452,2035.769189,2045.627722,
423,phase2,39,pair_040,7.050135,2035.785873,2045.644406,
424,phase2,39,pair_040,7.066786,2035.802523,2045.661057,
425,phase2,39,pair_040,7.083749,2035.819486,2045.678019,
426,phase2,39,pair_040,7.100115,2035.835853,2045.694386,
427,phase2,39,pair_040,7.116812,2035.852549,2045.711082,
428,phase2,39,pair_040,7.133436,2035.869174,2045.727707,
429,phase2,39,pair_040,7.150417,2035.886155,2045.744688,
430,phase2,39,pair_040,7.166762,2035.9025,2045.761033,
431,phase2,39,pair_040,7.183446,2035.919185,2045.777716,
432,phase2,39,pair_040,7.200374,2035.936111,2045.794644,
433,phase2,39,pair_040,7.216742,2035.952479,2045.811012,
434,phase2,39,pair_040,7.233436,2035.969173,2045.827706,
435,phase2,39,pair_040,7.250017,2035.985754,2045.844287,
436,phase2,39,pair_040,7.266784,2036.002522,2045.861055,
437,phase2,39,pair_040,7.283443,2036.019181,2045.877714,
438,phase2,39,pair_040,7.300104,2036.035841,2045.894375,
439,phase2,39,pair_040,7.316783,2036.052523,2045.911053,
440,phase2,39,pair_040,7.333467,2036.069227,2045.927737,
441,phase2,39,pair_040,7.350422,2036.086159,2045.944692,
442,phase2,39,pair_040,7.366799,2036.102537,2045.96107,
443,phase2,39,pair_040,7.383447,2036.119185,2045.977718,
444,phase2,39,pair_040,7.40008,2036.135818,2045.994351,
445,phase2,39,pair_040,7.416756,2036.152493,2046.011026,
446,phase2,39,pair_040,7.433737,2036.169474,2046.028007,
447,phase2,39,pair_040,7.450116,2036.185853,2046.044386,
448,phase2,39,pair_040,7.466776,2036.202514,2046.061047,
449,phase2,39,pair_040,7.483758,2036.219495,2046.078028,
450,phase2,39,pair_040,7.500402,2036.23614,2046.094673,
451,phase2,39,pair_040,7.516751,2036.252488,2046.111021,
452,phase2,39,pair_040,7.533424,2036.269162,2046.127695,
453,phase2,39,pair_040,7.550085,2036.285822,2046.144356,
454,phase2,39,pair_040,7.567069,2036.302807,2046.16134,
455,phase2,39,pair_040,7.58341,2036.319148,2046.177681,
456,phase2,39,pair_040,7.600075,2036.335812,2046.194345,
457,phase2,39,pair_040,7.616741,2036.352478,2046.211011,
458,phase2,39,pair_040,7.63375,2036.369488,2046.228021,
459,phase2,39,pair_040,7.650093,2036.38583,2046.244363,
460,phase2,39,pair_040,7.66676,2036.402498,2046.261031,
461,phase2,39,pair_040,7.683424,2036.419162,2046.277695,
462,phase2,39,pair_040,7.700084,2036.435822,2046.294355,
463,phase2,39,pair_040,7.716759,2036.452496,2046.311029,
464,phase2,39,pair_040,7.733459,2036.469196,2046.327729,
465,phase2,39,pair_040,7.750142,2036.48588,2046.344413,
466,phase2,39,pair_040,7.766763,2036.502501,2046.361034,
467,phase2,39,pair_040,7.78347,2036.519208,2046.377741,
468,phase2,39,pair_040,7.800105,2036.535843,2046.394376,
469,phase2,39,pair_040,7.816744,2036.552482,2046.411015,
470,phase2,39,pair_040,7.833421,2036.569159,2046.427692,
471,phase2,39,pair_040,7.850095,2036.585832,2046.444365,
472,phase2,39,pair_040,7.866822,2036.60256,2046.461093,
473,phase2,39,pair_040,7.883408,2036.619145,2046.477678,
474,phase2,39,pair_040,7.9004,2036.63614,2046.494671,
475,phase2,39,pair_040,7.91676,2036.652498,2046.511031,
476,phase2,39,pair_040,7.933422,2036.669159,2046.527693,
477,phase2,39,pair_040,7.950052,2036.685789,2046.544322,
478,phase2,39,pair_040,7.966809,2036.702546,2046.561079,
479,phase2,39,pair_040,7.983686,2036.719424,2046.577957,
480,phase2,39,pair_040,8.000024,2036.735761,2046.594294,
481,phase2,39,pair_040,8.016741,2036.752478,2046.611011,
482,phase2,39,pair_040,8.033403,2036.769141,2046.627674,
483,phase2,39,pair_040,8.050374,2036.786111,2046.644645,
484,phase2,39,pair_040,8.06674,2036.802477,2046.661011,
485,phase2,39,pair_040,8.083413,2036.81915,2046.677684,
486,phase2,39,pair_040,8.100068,2036.835805,2046.694338,
487,phase2,39,pair_040,8.116728,2036.852465,2046.710998,
488,phase2,39,pair_040,8.133411,2036.869148,2046.727681,
489,phase2,39,pair_040,8.15008,2036.885817,2046.744351,
490,phase2,39,pair_040,8.166743,2036.902481,2046.761014,
491,phase2,39,pair_040,8.183394,2036.919131,2046.777664,
492,phase2,39,pair_040,8.200052,2036.935789,2046.794322,
493,phase2,39,pair_040,8.216772,2036.952509,2046.811042,
494,phase2,39,pair_040,8.233444,2036.969181,2046.827715,
495,phase2,39,pair_040,8.250382,2036.986119,2046.844652,
496,phase2,39,pair_040,8.266725,2037.002462,2046.860995,
497,phase2,39,pair_040,8.283449,2037.019187,2046.87772,
498,phase2,39,pair_040,8.300052,2037.035789,2046.894322,
499,phase2,39,pair_040,8.316723,2037.05246,2046.910994,
500,phase2,39,pair_040,8.333416,2037.069154,2046.927687,
501,phase2,39,pair_040,8.350045,2037.085782,2046.944315,
502,phase2,39,pair_040,8.36678,2037.102517,2046.96105,
503,phase2,39,pair_040,8.38345,2037.119187,2046.97772,
504,phase2,39,pair_040,8.400035,2037.135773,2046.994306,
505,phase2,39,pair_040,8.416737,2037.152474,2047.011007,
506,phase2,39,pair_040,8.433413,2037.169151,2047.027684,
507,phase2,39,pair_040,8.450144,2037.185882,2047.044414,
508,phase2,39,pair_040,8.466684,2037.202421,2047.060955,
509,phase2,39,pair_040,8.48343,2037.219167,2047.077701,
510,phase2,39,pair_040,8.500059,2037.235796,2047.094329,
511,phase2,39,pair_040,8.516802,2037.252539,2047.111072,
512,phase2,39,pair_040,8.533728,2037.269466,2047.127999,
513,phase2,39,pair_040,8.550071,2037.285808,2047.144341,
514,phase2,39,pair_040,8.566735,2037.302472,2047.161006,
515,phase2,39,pair_040,8.583385,2037.319122,2047.177655,
516,phase2,39,pair_040,8.60005,2037.335788,2047.194321,
517,phase2,39,pair_040,8.616718,2037.352455,2047.210988,
518,phase2,39,pair_040,8.633392,2037.369129,2047.227663,
519,phase2,39,pair_040,8.650065,2037.385802,2047.244335,
520,phase2,39,pair_040,8.66671,2037.402447,2047.260981,
521,phase2,39,pair_040,8.683386,2037.419124,2047.277656,
522,phase2,39,pair_040,8.700083,2037.435821,2047.294354,
523,phase2,39,pair_040,8.716735,2037.452472,2047.311005,
524,phase2,39,pair_040,8.733338,2037.469077,2047.327608,
525,phase2,39,pair_040,8.750009,2037.485747,2047.34428,
526,phase2,39,pair_040,8.766729,2037.502466,2047.360999,
527,phase2,39,pair_040,8.783383,2037.51912,2047.377654,
528,phase2,39,pair_040,8.800093,2037.535831,2047.394364,
529,phase2,39,pair_040,8.816705,2037.552443,2047.410976,
530,phase2,39,pair_040,8.83338,2037.569117,2047.42765,
531,phase2,39,pair_040,8.850116,2037.585854,2047.444387,
532,phase2,39,pair_040,8.867005,2037.602742,2047.461275,
533,phase2,39,pair_040,8.883528,2037.619268,2047.477799,
534,phase2,39,pair_040,8.900173,2037.63591,2047.494443,
535,phase2,39,pair_040,8.916777,2037.652514,2047.511047,
536,phase2,39,pair_040,8.933494,2037.669231,2047.527765,
537,phase2,39,pair_040,8.950162,2037.6859,2047.544433,
538,phase2,39,pair_040,8.966918,2037.702655,2047.561189,
539,phase2,39,pair_040,8.983834,2037.719571,2047.578104,
540,phase2,39,pair_040,9.000103,2037.735841,2047.594374,
541,phase2,39,pair_040,9.016779,2037.752516,2047.611049,
542,phase2,39,pair_040,9.033525,2037.769263,2047.627796,
543,phase2,39,pair_040,9.050171,2037.785909,2047.644442,
544,phase2,39,pair_040,9.066796,2037.802535,2047.661067,
545,phase2,39,pair_040,9.083488,2037.819228,2047.677759,
546,phase2,39,pair_040,9.100157,2037.835894,2047.694427,
547,phase2,39,pair_040,9.116847,2037.852585,2047.711118,
548,phase2,39,pair_040,9.133807,2037.869544,2047.728077,
549,phase2,39,pair_040,9.150132,2037.885894,2047.744403,
550,phase2,39,pair_040,9.1669,2037.902638,2047.761171,
551,phase2,39,pair_040,9.183792,2037.919529,2047.778062,
552,phase2,39,pair_040,9.200086,2037.935824,2047.794357,
553,phase2,39,pair_040,9.216805,2037.952542,2047.811075,
554,phase2,39,pair_040,9.233509,2037.969247,2047.82778,
555,phase2,39,pair_040,9.250161,2037.985898,2047.844431,
556,phase2,39,pair_040,9.267153,2038.00289,2047.861423,
557,phase2,39,pair_040,9.283465,2038.019224,2047.877736,
558,phase2,39,pair_040,9.300167,2038.035904,2047.894437,
559,phase2,39,pair_040,9.316843,2038.052581,2047.911114,
560,phase2,39,pair_040,9.333816,2038.069554,2047.928087,
561,phase2,39,pair_040,9.350107,2038.085844,2047.944377,
562,phase2,39,pair_040,9.36683,2038.102569,2047.9611,
563,phase2,39,pair_040,9.383477,2038.119215,2047.977748,
564,phase2,39,pair_040,9.400161,2038.135899,2047.994432,
565,phase2,39,pair_040,9.417108,2038.152846,2048.011378,
566,phase2,39,pair_040,9.433465,2038.169202,2048.027735,
567,phase2,39,pair_040,9.450155,2038.185893,2048.044425,
568,phase2,39,pair_040,9.466813,2038.20255,2048.061083,
569,phase2,39,pair_040,9.483774,2038.219511,2048.078045,
570,phase2,39,pair_040,9.500122,2038.235859,2048.094392,
571,phase2,39,pair_040,9.516809,2038.252548,2048.111079,
572,phase2,39,pair_040,9.533818,2038.269555,2048.128088,
573,phase2,39,pair_040,9.55045,2038.286188,2048.14472,
574,phase2,39,pair_040,9.56682,2038.30256,2048.161091,
575,phase2,39,pair_040,9.583465,2038.319204,2048.177736,
576,phase2,39,pair_040,9.600142,2038.335879,2048.194412,
577,phase2,39,pair_040,9.617128,2038.352865,2048.211398,
578,phase2,39,pair_040,9.633493,2038.369231,2048.227764,
579,phase2,39,pair_040,9.650091,2038.385828,2048.244362,
580,phase2,39,pair_040,9.6671,2038.402839,2048.26137,
581,phase2,39,pair_040,9.683798,2038.419535,2048.278068,
582,phase2,39,pair_040,9.700412,2038.436149,2048.294682,
583,phase2,39,pair_040,9.716815,2038.452553,2048.311086,
584,phase2,39,pair_040,9.733505,2038.469259,2048.327776,
585,phase2,39,pair_040,9.750485,2038.486222,2048.344755,
586,phase2,39,pair_040,9.76682,2038.502558,2048.361091,
587,phase2,39,pair_040,9.783458,2038.519195,2048.377728,
588,phase2,39,pair_040,9.800093,2038.535831,2048.394364,
589,phase2,39,pair_040,9.816808,2038.552547,2048.411078,
590,phase2,39,pair_040,9.833483,2038.56922,2048.427753,
591,phase2,39,pair_040,9.85014,2038.585878,2048.44441,
592,phase2,39,pair_040,9.866874,2038.602612,2048.461145,
593,phase2,39,pair_040,9.883397,2038.619135,2048.477668,
594,phase2,39,pair_040,9.900427,2038.636165,2048.494698,
595,phase2,39,pair_040,9.916804,2038.652547,2048.511074,
596,phase2,39,pair_040,9.933522,2038.669259,2048.527792,
597,phase2,39,pair_040,9.950128,2038.685866,2048.544399,
598,phase2,39,pair_040,9.966804,2038.702542,2048.561075,
599,phase2,39,pair_040,9.98343,2038.719167,2048.5777,
600,phase2,39,pair_040,10.000395,2038.736134,2048.594666,
601,phase2,39,pair_040,-2028.735998,2038.736198,9.858273,timeout
0,phase3,39,pair_040,0.0,2040.202555,2050.061082,stimulus_onset
1,phase3,39,pair_040,0.016606,2040.219158,2050.077688,
2,phase3,39,pair_040,0.033282,2040.235832,2050.094364,
3,phase3,39,pair_040,0.049932,2040.252482,2050.111014,
4,phase3,39,pair_040,0.06661,2040.269159,2050.127692,
5,phase3,39,pair_040,0.08325,2040.2858,2050.144332,
6,phase3,39,pair_040,0.099929,2040.302482,2050.161011,
7,phase3,39,pair_040,0.116598,2040.319148,2050.17768,
8,phase3,39,pair_040,0.133277,2040.335826,2050.194359,
9,phase3,39,pair_040,0.150055,2040.352605,2050.211137,
10,phase3,39,pair_040,0.166594,2040.369143,2050.227675,
11,phase3,39,pair_040,0.183263,2040.385812,2050.244344,
12,phase3,39,pair_040,0.199924,2040.402474,2050.261006,
13,phase3,39,pair_040,0.216876,2040.419425,2050.277958,
14,phase3,39,pair_040,0.233231,2040.435781,2050.294313,
15,phase3,39,pair_040,0.249912,2040.452461,2050.310993,
16,phase3,39,pair_040,0.266637,2040.469186,2050.327718,
17,phase3,39,pair_040,0.283248,2040.485799,2050.34433,
18,phase3,39,pair_040,0.299927,2040.502476,2050.361009,
19,phase3,39,pair_040,0.316595,2040.519144,2050.377676,
20,phase3,39,pair_040,0.333286,2040.535835,2050.394368,
21,phase3,39,pair_040,0.350003,2040.552552,2050.411085,
22,phase3,39,pair_040,0.366892,2040.569442,2050.427974,
23,phase3,39,pair_040,0.383248,2040.585798,2050.44433,
24,phase3,39,pair_040,0.399948,2040.602498,2050.46103,
25,phase3,39,pair_040,0.416579,2040.619128,2050.477661,
26,phase3,39,pair_040,0.433248,2040.635797,2050.49433,
27,phase3,39,pair_040,0.449924,2040.652474,2050.511006,
28,phase3,39,pair_040,0.466623,2040.669172,2050.527705,
29,phase3,39,pair_040,0.483297,2040.685846,2050.544379,
30,phase3,39,pair_040,0.499988,2040.702538,2050.56107,
31,phase3,39,pair_040,0.516557,2040.719106,2050.577639,
32,phase3,39,pair_040,0.533277,2040.735827,2050.594359,
33,phase3,39,pair_040,0.54993,2040.75248,2050.611012,
34,phase3,39,pair_040,0.566558,2040.769107,2050.62764,
35,phase3,39,pair_040,0.583218,2040.785769,2050.6443,
36,phase3,39,pair_040,0.599914,2040.802464,2050.660996,
37,phase3,39,pair_040,0.61667,2040.819219,2050.677752,
38,phase3,39,pair_040,0.633239,2040.835789,2050.694321,
39,phase3,39,pair_040,0.649919,2040.852468,2050.711001,
40,phase3,39,pair_040,0.666581,2040.869131,2050.727663,
41,phase3,39,pair_040,0.683279,2040.885828,2050.74436,
42,phase3,39,pair_040,0.699899,2040.902449,2050.760981,
43,phase3,39,pair_040,0.716573,2040.919123,2050.777655,
44,phase3,39,pair_040,0.733239,2040.935788,2050.794321,
45,phase3,39,pair_040,0.74983,2040.952379,2050.810912,
46,phase3,39,pair_040,0.76658,2040.96913,2050.827662,
47,phase3,39,pair_040,0.783238,2040.985787,2050.844319,
48,phase3,39,pair_040,0.799896,2041.002446,2050.860978,
49,phase3,39,pair_040,0.816523,2041.019073,2050.877605,
50,phase3,39,pair_040,0.833233,2041.035782,2050.894315,
51,phase3,39,pair_040,0.850242,2041.052791,2050.911323,
52,phase3,39,pair_040,0.866569,2041.069118,2050.927651,
53,phase3,39,pair_040,0.883182,2041.085732,2050.944264,
54,phase3,39,pair_040,0.899903,2041.102453,2050.960985,
55,phase3,39,pair_040,0.916588,2041.119137,2050.977669,
56,phase3,39,pair_040,0.933232,2041.135781,2050.994314,
57,phase3,39,pair_040,0.949896,2041.152445,2051.010977,
58,phase3,39,pair_040,0.966661,2041.169211,2051.027743,
59,phase3,39,pair_040,0.983302,2041.185851,2051.044383,
60,phase3,39,pair_040,0.999898,2041.202447,2051.06098,
61,phase3,39,pair_040,1.0166,2041.219149,2051.077681,
62,phase3,39,pair_040,1.033213,2041.235763,2051.094295,
63,phase3,39,pair_040,1.049867,2041.252416,2051.110948,
64,phase3,39,pair_040,1.06652,2041.26907,2051.127602,
65,phase3,39,pair_040,1.083214,2041.285764,2051.144296,
66,phase3,39,pair_040,1.099888,2041.302438,2051.16097,
67,phase3,39,pair_040,1.116477,2041.319027,2051.177559,
68,phase3,39,pair_040,1.133229,2041.335779,2051.194311,
69,phase3,39,pair_040,1.149906,2041.352455,2051.210988,
70,phase3,39,pair_040,1.166559,2041.369108,2051.22764,
71,phase3,39,pair_040,1.183235,2041.385784,2051.244316,
72,phase3,39,pair_040,1.199896,2041.402445,2051.260978,
73,phase3,39,pair_040,1.216558,2041.419107,2051.27764,
74,phase3,39,pair_040,1.233216,2041.435765,2051.294297,
75,phase3,39,pair_040,1.249841,2041.45239,2051.310922,
76,phase3,39,pair_040,1.266636,2041.469185,2051.327718,
77,phase3,39,pair_040,1.283207,2041.485756,2051.344288,
78,phase3,39,pair_040,1.29992,2041.50247,2051.361002,
79,phase3,39,pair_040,1.316556,2041.519106,2051.377638,
80,phase3,39,pair_040,1.33321,2041.535761,2051.394292,
81,phase3,39,pair_040,1.349985,2041.552534,2051.411066,
82,phase3,39,pair_040,1.366665,2041.569217,2051.427747,
83,phase3,39,pair_040,1.383648,2041.586197,2051.44473,
84,phase3,39,pair_040,1.400001,2041.60255,2051.461083,
85,phase3,39,pair_040,1.416667,2041.619216,2051.477749,
86,phase3,39,pair_040,1.433387,2041.635936,2051.494468,
87,phase3,39,pair_040,1.450297,2041.652847,2051.511379,
88,phase3,39,pair_040,1.466953,2041.669502,2051.528035,
89,phase3,39,pair_040,1.483334,2041.685883,2051.544416,
90,phase3,39,pair_040,1.499954,2041.702503,2051.561036,
91,phase3,39,pair_040,1.516605,2041.719154,2051.577687,
92,phase3,39,pair_040,1.533609,2041.736158,2051.594691,
93,phase3,39,pair_040,1.550014,2041.752564,2051.611096,
94,phase3,39,pair_040,1.566636,2041.769185,2051.627717,
95,phase3,39,pair_040,1.583647,2041.786197,2051.644729,
96,phase3,39,pair_040,1.600293,2041.802842,2051.661375,
97,phase3,39,pair_040,1.616667,2041.819216,2051.677748,
98,phase3,39,pair_040,1.63333,2041.835879,2051.694412,
99,phase3,39,pair_040,1.78321,2041.985761,2051.844291,
100,phase3,39,pair_040,1.799988,2042.002537,2051.86107,
101,phase3,39,pair_040,1.816675,2042.019227,2051.877757,
102,phase3,39,pair_040,1.833319,2042.035869,2051.894401,
103,phase3,39,pair_040,1.849995,2042.052546,2051.911076,
104,phase3,39,pair_040,1.866981,2042.06953,2051.928062,
105,phase3,39,pair_040,1.883342,2042.085891,2051.944423,
106,phase3,39,pair_040,1.899939,2042.102489,2051.961021,
107,phase3,39,pair_040,1.916669,2042.119222,2051.977751,
108,phase3,39,pair_040,1.933251,2042.1358,2051.994333,
109,phase3,39,pair_040,1.950276,2042.152826,2052.011358,
110,phase3,39,pair_040,1.966661,2042.169212,2052.027742,
111,phase3,39,pair_040,1.9833,2042.18585,2052.044382,
112,phase3,39,pair_040,2.000278,2042.202828,2052.06136,
113,phase3,39,pair_040,2.016661,2042.21921,2052.077743,
114,phase3,39,pair_040,2.033287,2042.235836,2052.094368,
115,phase3,39,pair_040,2.049907,2042.252456,2052.110989,
116,phase3,39,pair_040,2.06664,2042.26919,2052.127722,
117,phase3,39,pair_040,2.083306,2042.285855,2052.144388,
118,phase3,39,pair_040,2.099993,2042.302542,2052.161075,
119,phase3,39,pair_040,2.1167,2042.319251,2052.177782,
120,phase3,39,pair_040,2.133368,2042.335918,2052.19445,
121,phase3,39,pair_040,2.150329,2042.352878,2052.211411,
122,phase3,39,pair_040,2.166616,2042.369165,2052.227697,
123,phase3,39,pair_040,2.183323,2042.385874,2052.244405,
124,phase3,39,pair_040,2.200276,2042.402826,2052.261358,
125,phase3,39,pair_040,2.216971,2042.41952,2052.278053,
126,phase3,39,pair_040,2.233296,2042.435846,2052.294377,
127,phase3,39,pair_040,2.249923,2042.452473,2052.311005,
128,phase3,39,pair_040,2.26668,2042.46923,2052.327762,
129,phase3,39,pair_040,2.283615,2042.486164,2052.344697,
130,phase3,39,pair_040,2.29995,2042.502499,2052.361032,
131,phase3,39,pair_040,2.316588,2042.519137,2052.37767,
132,phase3,39,pair_040,2.333313,2042.535863,2052.394395,
133,phase3,39,pair_040,2.349981,2042.55253,2052.411062,
134,phase3,39,pair_040,2.366635,2042.569184,2052.427716,
135,phase3,39,pair_040,2.383285,2042.585834,2052.444366,
136,phase3,39,pair_040,2.399962,2042.602512,2052.461044,
137,phase3,39,pair_040,2.416974,2042.619524,2052.478056,
138,phase3,39,pair_040,2.433589,2042.636138,2052.49467,
139,phase3,39,pair_040,2.449976,2042.652527,2052.511058,
140,phase3,39,pair_040,2.466653,2042.669222,2052.527735,
141,phase3,39,pair_040,2.48362,2042.68617,2052.544702,
142,phase3,39,pair_040,2.500279,2042.70283,2052.561361,
143,phase3,39,pair_040,2.516578,2042.719127,2052.57766,
144,phase3,39,pair_040,2.53332,2042.735874,2052.594402,
145,phase3,39,pair_040,2.549912,2042.752461,2052.610994,
146,phase3,39,pair_040,2.650076,2042.852626,2052.711158,
147,phase3,39,pair_040,2.66688,2042.86943,2052.727962,
148,phase3,39,pair_040,2.683243,2042.885793,2052.744325,
149,phase3,39,pair_040,2.699912,2042.902461,2052.760994,
150,phase3,39,pair_040,2.716921,2042.919473,2052.778003,
151,phase3,39,pair_040,2.733249,2042.935799,2052.794331,
152,phase3,39,pair_040,2.749959,2042.952509,2052.811041,
153,phase3,39,pair_040,2.76662,2042.96917,2052.827701,
154,phase3,39,pair_040,2.783565,2042.986116,2052.844646,
155,phase3,39,pair_040,2.799954,2043.002506,2052.861036,
156,phase3,39,pair_040,2.816615,2043.019165,2052.877697,
157,phase3,39,pair_040,2.833289,2043.03584,2052.894371,
158,phase3,39,pair_040,2.85025,2043.0528,2052.911332,
159,phase3,39,pair_040,2.866604,2043.069154,2052.927686,
160,phase3,39,pair_040,2.883242,2043.085792,2052.944324,
161,phase3,39,pair_040,2.900278,2043.102828,2052.96136,
162,phase3,39,pair_040,2.916922,2043.119472,2052.978004,
163,phase3,39,pair_040,2.933272,2043.135821,2052.994354,
164,phase3,39,pair_040,2.949942,2043.152492,2053.011024,
165,phase3,39,pair_040,2.966883,2043.169432,2053.027965,
166,phase3,39,pair_040,2.983626,2043.186178,2053.044708,
167,phase3,39,pair_040,2.999929,2043.202479,2053.061011,
168,phase3,39,pair_040,3.016612,2043.219162,2053.077694,
169,phase3,39,pair_040,3.03326,2043.23581,2053.094341,
170,phase3,39,pair_040,3.049932,2043.252487,2053.111014,
171,phase3,39,pair_040,3.066609,2043.269159,2053.127691,
172,phase3,39,pair_040,3.083252,2043.285801,2053.144333,
173,phase3,39,pair_040,3.099923,2043.302473,2053.161005,
174,phase3,39,pair_040,3.116873,2043.319423,2053.177955,
175,phase3,39,pair_040,3.133201,2043.335751,2053.194283,
176,phase3,39,pair_040,3.149879,2043.352429,2053.210961,
177,phase3,39,pair_040,3.166637,2043.369186,2053.227719,
178,phase3,39,pair_040,3.18352,2043.386069,2053.244602,
179,phase3,39,pair_040,3.200231,2043.40278,2053.261312,
180,phase3,39,pair_040,3.216582,2043.419131,2053.277663,
181,phase3,39,pair_040,3.233197,2043.435747,2053.294279,
182,phase3,39,pair_040,3.249914,2043.452464,2053.310996,
183,phase3,39,pair_040,3.266903,2043.469453,2053.327984,
184,phase3,39,pair_040,3.283256,2043.485806,2053.344338,
185,phase3,39,pair_040,3.300135,2043.502697,2053.361217,
186,phase3,39,pair_040,3.316569,2043.519119,2053.377651,
187,phase3,39,pair_040,3.400449,2043.602997,2053.46153,
188,phase3,39,pair_040,3.416536,2043.619086,2053.477618,
189,phase3,39,pair_040,3.433187,2043.635737,2053.494269,
190,phase3,39,pair_040,3.449815,2043.652364,2053.510896,
191,phase3,39,pair_040,3.46652,2043.669073,2053.527602,
192,phase3,39,pair_040,3.483256,2043.685806,2053.544338,
193,phase3,39,pair_040,3.499928,2043.702478,2053.561009,
194,phase3,39,pair_040,3.51661,2043.719159,2053.577691,
195,phase3,39,pair_040,3.533228,2043.735778,2053.59431,
196,phase3,39,pair_040,3.549935,2043.752485,2053.611017,
197,phase3,39,pair_040,3.566566,2043.769116,2053.627648,
198,phase3,39,pair_040,3.583231,2043.785781,2053.644313,
199,phase3,39,pair_040,3.599889,2043.802439,2053.660971,
200,phase3,39,pair_040,3.616572,2043.819122,2053.677654,
201,phase3,39,pair_040,3.633269,2043.835818,2053.69435,
202,phase3,39,pair_040,3.649929,2043.852479,2053.711011,
203,phase3,39,pair_040,3.666491,2043.86904,2053.727572,
204,phase3,39,pair_040,3.683564,2043.886113,2053.744645,
205,phase3,39,pair_040,3.699931,2043.90248,2053.761012,
206,phase3,39,pair_040,3.716543,2043.919093,2053.777624,
207,phase3,39,pair_040,3.73323,2043.935782,2053.794312,
208,phase3,39,pair_040,3.749926,2043.952477,2053.811008,
209,phase3,39,pair_040,3.766564,2043.969114,2053.827646,
210,phase3,39,pair_040,3.783254,2043.985808,2053.844336,
211,phase3,39,pair_040,3.799943,2044.002493,2053.861025,
212,phase3,39,pair_040,3.816516,2044.019066,2053.877598,
213,phase3,39,pair_040,3.833224,2044.035774,2053.894306,
214,phase3,39,pair_040,3.849917,2044.052466,2053.910998,
215,phase3,39,pair_040,3.866644,2044.069196,2053.927726,
216,phase3,39,pair_040,3.883138,2044.08569,2053.94422,
217,phase3,39,pair_040,3.899933,2044.102483,2053.961015,
218,phase3,39,pair_040,3.916586,2044.119136,2053.977668,
219,phase3,39,pair_040,3.933234,2044.135784,2053.994316,
220,phase3,39,pair_040,3.950201,2044.152751,2054.011283,
221,phase3,39,pair_040,3.966602,2044.169153,2054.027684,
222,phase3,39,pair_040,3.983238,2044.185788,2054.04432,
223,phase3,39,pair_040,3.999892,2044.202442,2054.060974,
224,phase3,39,pair_040,4.016556,2044.219106,2054.077638,
225,phase3,39,pair_040,4.066678,2044.269228,2054.12776,
226,phase3,39,pair_040,4.083546,2044.286096,2054.144628,
227,phase3,39,pair_040,4.099887,2044.302437,2054.160969,
228,phase3,39,pair_040,4.116565,2044.319116,2054.177647,
229,phase3,39,pair_040,4.133244,2044.335794,2054.194325,
230,phase3,39,pair_040,4.150159,2044.352709,2054.211241,
231,phase3,39,pair_040,4.166538,2044.369088,2054.22762,
232,phase3,39,pair_040,4.183216,2044.385765,2054.244297,
233,phase3,39,pair_040,4.199911,2044.402463,2054.260993,
234,phase3,39,pair_040,4.216836,2044.419386,2054.277918,
235,phase3,39,pair_040,4.233213,2044.435763,2054.294295,
236,phase3,39,pair_040,4.249892,2044.452442,2054.310974,
237,phase3,39,pair_040,4.266688,2044.469253,2054.32777,
238,phase3,39,pair_040,4.283334,2044.485885,2054.344415,
239,phase3,39,pair_040,4.299867,2044.502417,2054.360949,
240,phase3,39,pair_040,4.316822,2044.519372,2054.377904,
241,phase3,39,pair_040,4.333227,2044.535777,2054.394308,
242,phase3,39,pair_040,4.349833,2044.552384,2054.410915,
243,phase3,39,pair_040,4.366564,2044.569115,2054.427646,
244,phase3,39,pair_040,4.383222,2044.585772,2054.444303,
245,phase3,39,pair_040,4.399891,2044.602441,2054.460973,
246,phase3,39,pair_040,4.416557,2044.619107,2054.477639,
247,phase3,39,pair_040,4.433156,2044.635706,2054.494237,
248,phase3,39,pair_040,4.449885,2044.652435,2054.510966,
249,phase3,39,pair_040,4.466579,2044.669129,2054.52766,
250,phase3,39,pair_040,4.483212,2044.685762,2054.544293,
251,phase3,39,pair_040,4.49985,2044.7024,2054.560932,
252,phase3,39,pair_040,4.516513,2044.719063,2054.577595,
253,phase3,39,pair_040,4.533244,2044.735794,2054.594326,
254,phase3,39,pair_040,4.549945,2044.752495,2054.611027,
255,phase3,39,pair_040,4.566611,2044.769187,2054.627693,
256,phase3,39,pair_040,-2040.202809,2044.769256,9.858273,response
