frame_idx,phase,trial_id,stim_pair_id,elapsed_time,global_time,flip_time,event_marker
0,phase1,62,pair_063,0.0,1191.275107,1201.133637,stimulus_onset
1,phase1,62,pair_063,0.016645,1191.291749,1201.150282,
2,phase1,62,pair_063,0.033264,1191.308368,1201.166901,
3,phase1,62,pair_063,0.049947,1191.32505,1201.183584,
4,phase1,62,pair_063,0.066604,1191.341708,1201.200241,
5,phase1,62,pair_063,0.083261,1191.358366,1201.216898,
6,phase1,62,pair_063,0.099928,1191.375032,1201.233565,
7,phase1,62,pair_063,0.116611,1191.391715,1201.250248,
8,phase1,62,pair_063,0.13322,1191.408323,1201.266857,
9,phase1,62,pair_063,0.14997,1191.425073,1201.283607,
10,phase1,62,pair_063,0.166916,1191.442019,1201.300553,
11,phase1,62,pair_063,0.183273,1191.458377,1201.31691,
12,phase1,62,pair_063,0.199928,1191.475032,1201.333565,
13,phase1,62,pair_063,0.21659,1191.491693,1201.350227,
14,phase1,62,pair_063,0.233283,1191.508386,1201.36692,
15,phase1,62,pair_063,0.249912,1191.525016,1201.383549,
16,phase1,62,pair_063,0.26661,1191.541713,1201.400246,
17,phase1,62,pair_063,0.283218,1191.558321,1201.416855,
18,phase1,62,pair_063,0.300277,1191.57538,1201.433914,
19,phase1,62,pair_063,0.316606,1191.591709,1201.450242,
20,phase1,62,pair_063,0.333261,1191.608368,1201.466898,
21,phase1,62,pair_063,0.349925,1191.625032,1201.483562,
22,phase1,62,pair_063,0.36658,1191.641684,1201.500217,
23,phase1,62,pair_063,0.383287,1191.658391,1201.516924,
24,phase1,62,pair_063,0.399945,1191.675049,1201.533582,
25,phase1,62,pair_063,0.416623,1191.691726,1201.55026,
26,phase1,62,pair_063,0.433274,1191.708377,1201.566911,
27,phase1,62,pair_063,0.449928,1191.725036,1201.583565,
28,phase1,62,pair_063,0.466607,1191.741711,1201.600244,
29,phase1,62,pair_063,0.483274,1191.758378,1201.616911,
30,phase1,62,pair_063,0.499931,1191.775034,1201.633568,
31,phase1,62,pair_063,0.516552,1191.791655,1201.650188,
32,phase1,62,pair_063,0.533254,1191.808357,1201.666891,
33,phase1,62,pair_063,0.549859,1191.824965,1201.683496,
34,phase1,62,pair_063,0.566633,1191.841738,1201.70027,
35,phase1,62,pair_063,0.583212,1191.858315,1201.716849,
36,phase1,62,pair_063,0.599866,1191.874969,1201.733502,
37,phase1,62,pair_063,0.616537,1191.891643,1201.750174,
38,phase1,62,pair_063,0.633279,1191.908387,1201.766916,
39,phase1,62,pair_063,0.650266,1191.925371,1201.783903,
40,phase1,62,pair_063,0.666559,1191.941663,1201.800196,
41,phase1,62,pair_063,0.68328,1191.95839,1201.816917,
42,phase1,62,pair_063,0.699867,1191.97497,1201.833503,
43,phase1,62,pair_063,0.7166,1191.991708,1201.850237,
44,phase1,62,pair_063,0.733241,1192.008344,1201.866877,
45,phase1,62,pair_063,0.749916,1192.02502,1201.883553,
46,phase1,62,pair_063,0.766583,1192.041688,1201.900219,
47,phase1,62,pair_063,0.783222,1192.058325,1201.916859,
48,phase1,62,pair_063,0.799953,1192.075058,1201.93359,
49,phase1,62,pair_063,0.816576,1192.09168,1201.950213,
50,phase1,62,pair_063,0.833216,1192.108319,1201.966853,
51,phase1,62,pair_063,0.849911,1192.125014,1201.983548,
52,phase1,62,pair_063,0.866585,1192.141688,1202.000222,
53,phase1,62,pair_063,0.883221,1192.158324,1202.016858,
54,phase1,62,pair_063,0.89992,1192.175027,1202.033557,
55,phase1,62,pair_063,0.916627,1192.191734,1202.050264,
56,phase1,62,pair_063,0.933234,1192.208337,1202.066871,
57,phase1,62,pair_063,0.949865,1192.224969,1202.083502,
58,phase1,62,pair_063,0.966593,1192.241696,1202.100229,
59,phase1,62,pair_063,0.983241,1192.258345,1202.116878,
60,phase1,62,pair_063,0.999855,1192.274959,1202.133492,
61,phase1,62,pair_063,1.016583,1192.291689,1202.15022,
62,phase1,62,pair_063,1.033252,1192.308355,1202.166889,
63,phase1,62,pair_063,1.049895,1192.324998,1202.183532,
64,phase1,62,pair_063,1.066533,1192.341637,1202.20017,
65,phase1,62,pair_063,1.083245,1192.35835,1202.216882,
66,phase1,62,pair_063,1.099899,1192.375002,1202.233536,
67,phase1,62,pair_063,1.116637,1192.39174,1202.250274,
68,phase1,62,pair_063,1.133225,1192.408329,1202.266862,
69,phase1,62,pair_063,1.149885,1192.424988,1202.283522,
70,phase1,62,pair_063,1.166559,1192.441663,1202.300196,
71,phase1,62,pair_063,1.183264,1192.458368,1202.316901,
72,phase1,62,pair_063,1.199941,1192.475047,1202.333578,
73,phase1,62,pair_063,1.216487,1192.491591,1202.350124,
74,phase1,62,pair_063,1.233238,1192.508342,1202.366875,
75,phase1,62,pair_063,1.249951,1192.525055,1202.383588,
76,phase1,62,pair_063,1.266887,1192.541991,1202.400524,
77,phase1,62,pair_063,1.283224,1192.558329,1202.416861,
78,phase1,62,pair_063,1.299883,1192.574986,1202.43352,
79,phase1,62,pair_063,1.316542,1192.591645,1202.450179,
80,phase1,62,pair_063,1.333247,1192.608351,1202.466884,
81,phase1,62,pair_063,1.349867,1192.62497,1202.483504,
82,phase1,62,pair_063,1.36652,1192.641625,1202.500157,
83,phase1,62,pair_063,1.383242,1192.658345,1202.516879,
84,phase1,62,pair_063,1.399893,1192.675013,1202.53353,
85,phase1,62,pair_063,1.416549,1192.691652,1202.550186,
86,phase1,62,pair_063,1.433226,1192.70834,1202.566863,
87,phase1,62,pair_063,1.449899,1192.725002,1202.583536,
88,phase1,62,pair_063,1.466653,1192.741759,1202.60029,
89,phase1,62,pair_063,1.483227,1192.758332,1202.616864,
90,phase1,62,pair_063,1.499906,1192.77501,1202.633543,
91,phase1,62,pair_063,1.516487,1192.79159,1202.650124,
92,phase1,62,pair_063,1.533289,1192.808393,1202.666926,
93,phase1,62,pair_063,1.549897,1192.825002,1202.683534,
94,phase1,62,pair_063,1.566565,1192.841668,1202.700202,
95,phase1,62,pair_063,1.583222,1192.858326,1202.716859,
96,phase1,62,pair_063,1.599909,1192.875013,1202.733546,
97,phase1,62,pair_063,1.616528,1192.891631,1202.750165,
98,phase1,62,pair_063,1.633218,1192.908321,1202.766855,
99,phase1,62,pair_063,1.650184,1192.925288,1202.783821,
100,phase1,62,pair_063,1.666582,1192.941686,1202.800219,
101,phase1,62,pair_063,1.683228,1192.958331,1202.816865,
102,phase1,62,pair_063,1.699866,1192.974969,1202.833503,
103,phase1,62,pair_063,1.716512,1192.991615,1202.850149,
104,phase1,62,pair_063,1.73321,1193.008313,1202.866847,
105,phase1,62,pair_063,1.749905,1193.025009,1202.883542,
106,phase1,62,pair_063,1.766562,1193.041666,1202.900199,
107,phase1,62,pair_063,1.783216,1193.058321,1202.916853,
108,phase1,62,pair_063,1.799798,1193.074902,1202.933435,
109,phase1,62,pair_063,1.816589,1193.091692,1202.950226,
110,phase1,62,pair_063,1.833205,1193.108309,1202.966842,
111,phase1,62,pair_063,1.849896,1193.124999,1202.983532,
112,phase1,62,pair_063,1.866556,1193.141659,1203.000193,
113,phase1,62,pair_063,1.883259,1193.158362,1203.016896,
114,phase1,62,pair_063,1.89988,1193.174983,1203.033517,
115,phase1,62,pair_063,1.916539,1193.191643,1203.050176,
116,phase1,62,pair_063,1.933212,1193.208316,1203.066849,
117,phase1,62,pair_063,1.949827,1193.224931,1203.083464,
118,phase1,62,pair_063,1.966537,1193.24164,1203.100174,
119,phase1,62,pair_063,1.98318,1193.258283,1203.116817,
120,phase1,62,pair_063,1.999864,1193.274966,1203.133501,
121,phase1,62,pair_063,2.016527,1193.29163,1203.150164,
122,phase1,62,pair_063,2.033266,1193.308369,1203.166903,
123,phase1,62,pair_063,2.049895,1193.324998,1203.183532,
124,phase1,62,pair_063,2.066534,1193.341637,1203.200171,
125,phase1,62,pair_063,2.083241,1193.358344,1203.216877,
126,phase1,62,pair_063,2.099856,1193.374959,1203.233493,
127,phase1,62,pair_063,2.116446,1193.39155,1203.250083,
128,phase1,62,pair_063,2.133503,1193.408607,1203.26714,
129,phase1,62,pair_063,2.149833,1193.424936,1203.28347,
130,phase1,62,pair_063,2.166601,1193.441704,1203.300238,
131,phase1,62,pair_063,2.183203,1193.458307,1203.31684,
132,phase1,62,pair_063,2.199875,1193.47498,1203.333512,
133,phase1,62,pair_063,2.216532,1193.491637,1203.350169,
134,phase1,62,pair_063,2.233201,1193.508307,1203.366838,
135,phase1,62,pair_063,2.249879,1193.524982,1203.383515,
136,phase1,62,pair_063,2.266468,1193.541571,1203.400105,
137,phase1,62,pair_063,2.283187,1193.55829,1203.416823,
138,phase1,62,pair_063,2.299878,1193.574983,1203.433515,
139,phase1,62,pair_063,2.316554,1193.591657,1203.450191,
140,phase1,62,pair_063,2.333208,1193.608311,1203.466845,
141,phase1,62,pair_063,2.349901,1193.625005,1203.483538,
142,phase1,62,pair_063,2.366611,1193.641714,1203.500248,
143,phase1,62,pair_063,2.383201,1193.658304,1203.516837,
144,phase1,62,pair_063,2.399867,1193.67497,1203.533504,
145,phase1,62,pair_063,2.416457,1193.691561,1203.550094,
146,phase1,62,pair_063,2.433177,1193.70828,1203.566814,
147,phase1,62,pair_063,2.44988,1193.724985,1203.583517,
148,phase1,62,pair_063,2.466537,1193.741642,1203.600174,
149,phase1,62,pair_063,2.483486,1193.758589,1203.617123,
150,phase1,62,pair_063,2.499906,1193.77501,1203.633543,
151,phase1,62,pair_063,2.516519,1193.791623,1203.650156,
152,phase1,62,pair_063,2.533207,1193.80831,1203.666844,
153,phase1,62,pair_063,2.550172,1193.825275,1203.683809,
154,phase1,62,pair_063,2.566556,1193.841659,1203.700192,
155,phase1,62,pair_063,2.583186,1193.858289,1203.716822,
156,phase1,62,pair_063,2.599863,1193.874966,1203.7335,
157,phase1,62,pair_063,2.616837,1193.89194,1203.750474,
158,phase1,62,pair_063,2.633205,1193.908308,1203.766841,
159,phase1,62,pair_063,2.649862,1193.924965,1203.783499,
160,phase1,62,pair_063,2.666521,1193.941625,1203.800158,
161,phase1,62,pair_063,2.683485,1193.958588,1203.817122,
162,phase1,62,pair_063,2.699872,1193.974975,1203.833508,
163,phase1,62,pair_063,2.716515,1193.991619,1203.850152,
164,phase1,62,pair_063,2.733168,1194.008271,1203.866805,
165,phase1,62,pair_063,2.749818,1194.024922,1203.883455,
166,phase1,62,pair_063,2.7665,1194.041604,1203.900137,
167,phase1,62,pair_063,2.783211,1194.058314,1203.916848,
168,phase1,62,pair_063,2.799842,1194.074945,1203.933479,
169,phase1,62,pair_063,2.816821,1194.091924,1203.950458,
170,phase1,62,pair_063,2.833457,1194.10856,1203.967094,
171,phase1,62,pair_063,2.849837,1194.124941,1203.983474,
172,phase1,62,pair_063,2.866524,1194.141627,1204.000161,
173,phase1,62,pair_063,2.883171,1194.158274,1204.016808,
174,phase1,62,pair_063,2.900141,1194.175244,1204.033778,
175,phase1,62,pair_063,2.916525,1194.191629,1204.050162,
176,phase1,62,pair_063,2.933173,1194.208276,1204.06681,
177,phase1,62,pair_063,2.949799,1194.224902,1204.083436,
178,phase1,62,pair_063,2.966767,1194.24187,1204.100404,
179,phase1,62,pair_063,2.983205,1194.258308,1204.116842,
180,phase1,62,pair_063,2.999783,1194.274888,1204.13342,
181,phase1,62,pair_063,3.016492,1194.291596,1204.150129,
182,phase1,62,pair_063,3.033482,1194.308585,1204.167119,
183,phase1,62,pair_063,3.049869,1194.324973,1204.183506,
184,phase1,62,pair_063,3.066525,1194.341629,1204.200162,
185,phase1,62,pair_063,3.083177,1194.358281,1204.216814,
186,phase1,62,pair_063,3.10014,1194.375243,1204.233777,
187,phase1,62,pair_063,3.116563,1194.391666,1204.2502,
188,phase1,62,pair_063,3.133179,1194.408282,1204.266816,
189,phase1,62,pair_063,3.149818,1194.424922,1204.283455,
190,phase1,62,pair_063,3.16649,1194.441593,1204.300127,
191,phase1,62,pair_063,3.183216,1194.458319,1204.316853,
192,phase1,62,pair_063,3.199848,1194.474951,1204.333485,
193,phase1,62,pair_063,3.216491,1194.491594,1204.350127,
194,phase1,62,pair_063,3.233155,1194.508258,1204.366792,
195,phase1,62,pair_063,3.250144,1194.525248,1204.383781,
196,phase1,62,pair_063,3.26651,1194.541613,1204.400147,
197,phase1,62,pair_063,3.283156,1194.55826,1204.416793,
198,phase1,62,pair_063,3.299817,1194.57492,1204.433454,
199,phase1,62,pair_063,3.316522,1194.591626,1204.450159,
200,phase1,62,pair_063,3.333187,1194.608291,1204.466824,
201,phase1,62,pair_063,3.349827,1194.62493,1204.483464,
202,phase1,62,pair_063,3.366515,1194.641618,1204.500152,
203,phase1,62,pair_063,3.383462,1194.658565,1204.517099,
204,phase1,62,pair_063,3.399841,1194.674945,1204.533478,
205,phase1,62,pair_063,3.416479,1194.691582,1204.550116,
206,phase1,62,pair_063,3.433147,1194.70825,1204.566784,
207,phase1,62,pair_063,3.449802,1194.724907,1204.583438,
208,phase1,62,pair_063,3.466537,1194.741641,1204.600174,
209,phase1,62,pair_063,3.483156,1194.75826,1204.616793,
210,phase1,62,pair_063,3.499826,1194.774929,1204.633462,
211,phase1,62,pair_063,3.516437,1194.791541,1204.650074,
212,phase1,62,pair_063,3.533172,1194.808275,1204.666809,
213,phase1,62,pair_063,3.549808,1194.824911,1204.683444,
214,phase1,62,pair_063,3.566488,1194.841591,1204.700125,
215,phase1,62,pair_063,3.583268,1194.858371,1204.716905,
216,phase1,62,pair_063,3.599895,1194.874999,1204.733532,
217,phase1,62,pair_063,3.616564,1194.891669,1204.750201,
218,phase1,62,pair_063,3.633198,1194.908301,1204.766835,
219,phase1,62,pair_063,3.649929,1194.925033,1204.783566,
220,phase1,62,pair_063,3.666623,1194.941726,1204.80026,
221,phase1,62,pair_063,3.683253,1194.958357,1204.81689,
222,phase1,62,pair_063,3.699938,1194.975042,1204.833575,
223,phase1,62,pair_063,3.716605,1194.991708,1204.850242,
224,phase1,62,pair_063,3.733258,1195.008361,1204.866895,
225,phase1,62,pair_063,3.750242,1195.025345,1204.883879,
226,phase1,62,pair_063,3.766596,1195.041699,1204.900233,
227,phase1,62,pair_063,3.783286,1195.05839,1204.916923,
228,phase1,62,pair_063,3.799912,1195.075015,1204.933549,
229,phase1,62,pair_063,3.816881,1195.091985,1204.950518,
230,phase1,62,pair_063,3.833259,1195.108363,1204.966896,
231,phase1,62,pair_063,3.849922,1195.125025,1204.983559,
232,phase1,62,pair_063,3.86658,1195.141684,1205.000217,
233,phase1,62,pair_063,3.883555,1195.158658,1205.017192,
234,phase1,62,pair_063,3.89993,1195.175034,1205.033567,
235,phase1,62,pair_063,3.916584,1195.191689,1205.05022,
236,phase1,62,pair_063,3.933264,1195.208367,1205.066901,
237,phase1,62,pair_063,3.949897,1195.225,1205.083534,
238,phase1,62,pair_063,3.966628,1195.241733,1205.100265,
239,phase1,62,pair_063,3.983206,1195.258309,1205.116843,
240,phase1,62,pair_063,3.99994,1195.275043,1205.133576,
241,phase1,62,pair_063,4.016622,1195.291728,1205.150259,
242,phase1,62,pair_063,4.033258,1195.308361,1205.166895,
243,phase1,62,pair_063,4.049864,1195.324967,1205.1835,
244,phase1,62,pair_063,4.066582,1195.341685,1205.200219,
245,phase1,62,pair_063,4.083526,1195.358629,1205.217163,
246,phase1,62,pair_063,4.099903,1195.375007,1205.23354,
247,phase1,62,pair_063,4.116558,1195.391661,1205.250195,
248,phase1,62,pair_063,4.133235,1195.408338,1205.266872,
249,phase1,62,pair_063,4.149959,1195.425062,1205.283596,
250,phase1,62,pair_063,4.166545,1195.441648,1205.300182,
251,phase1,62,pair_063,4.183255,1195.458358,1205.316892,
252,phase1,62,pair_063,4.199912,1195.475017,1205.333549,
253,phase1,62,pair_063,4.2166,1195.491703,1205.350237,
254,phase1,62,pair_063,4.233259,1195.508363,1205.366896,
255,phase1,62,pair_063,4.249892,1195.524996,1205.383529,
256,phase1,62,pair_063,4.266598,1195.541706,1205.400235,
257,phase1,62,pair_063,4.283552,1195.558656,1205.417189,
258,phase1,62,pair_063,4.299912,1195.575015,1205.433549,
259,phase1,62,pair_063,4.316539,1195.591642,1205.450176,
260,phase1,62,pair_063,4.333286,1195.608389,1205.466923,
261,phase1,62,pair_063,4.349962,1195.625065,1205.483599,
262,phase1,62,pair_063,4.366592,1195.641697,1205.500229,
263,phase1,62,pair_063,4.383237,1195.65834,1205.516873,
264,phase1,62,pair_063,4.399907,1195.67501,1205.533544,
265,phase1,62,pair_063,4.416581,1195.691685,1205.550218,
266,phase1,62,pair_063,4.433706,1195.70881,1205.567343,
267,phase1,62,pair_063,4.449913,1195.725016,1205.583549,
268,phase1,62,pair_063,4.466533,1195.741636,1205.60017,
269,phase1,62,pair_063,4.483237,1195.75834,1205.616874,
270,phase1,62,pair_063,4.499949,1195.775052,1205.633586,
271,phase1,62,pair_063,4.516526,1195.791629,1205.650163,
272,phase1,62,pair_063,4.533231,1195.808334,1205.666868,
273,phase1,62,pair_063,4.549938,1195.825042,1205.683575,
274,phase1,62,pair_063,4.566557,1195.84166,1205.700194,
275,phase1,62,pair_063,4.583234,1195.858337,1205.716871,
276,phase1,62,pair_063,4.599876,1195.87498,1205.733513,
277,phase1,62,pair_063,4.61651,1195.891613,1205.750147,
278,phase1,62,pair_063,4.633222,1195.908326,1205.766859,
279,phase1,62,pair_063,4.64988,1195.924983,1205.783517,
280,phase1,62,pair_063,4.666532,1195.941635,1205.800169,
281,phase1,62,pair_063,4.683192,1195.958295,1205.816829,
282,phase1,62,pair_063,4.699868,1195.974971,1205.833505,
283,phase1,62,pair_063,4.716545,1195.991648,1205.850182,
284,phase1,62,pair_063,4.733212,1196.008315,1205.866849,
285,phase1,62,pair_063,4.749877,1196.02498,1205.883514,
286,phase1,62,pair_063,4.766539,1196.041642,1205.900176,
287,phase1,62,pair_063,4.783235,1196.058341,1205.916872,
288,phase1,62,pair_063,4.799879,1196.074982,1205.933516,
289,phase1,62,pair_063,4.816544,1196.091647,1205.950181,
290,phase1,62,pair_063,4.833283,1196.108387,1205.96692,
291,phase1,62,pair_063,4.849885,1196.124988,1205.983521,
292,phase1,62,pair_063,4.866528,1196.141631,1206.000165,
293,phase1,62,pair_063,4.883224,1196.158328,1206.016861,
294,phase1,62,pair_063,4.899883,1196.174985,1206.033519,
295,phase1,62,pair_063,4.916561,1196.191664,1206.050197,
296,phase1,62,pair_063,4.933209,1196.208313,1206.066846,
297,phase1,62,pair_063,4.949897,1196.225,1206.083534,
298,phase1,62,pair_063,4.96654,1196.24165,1206.100176,
299,phase1,62,pair_063,4.98329,1196.258393,1206.116927,
300,phase1,62,pair_063,4.999884,1196.274988,1206.133521,
301,phase1,62,pair_063,5.016529,1196.291632,1206.150166,
302,phase1,62,pair_063,5.033196,1196.308319,1206.166833,
303,phase1,62,pair_063,5.049939,1196.325042,1206.183576,
304,phase1,62,pair_063,5.066536,1196.341639,1206.200173,
305,phase1,62,pair_063,5.083217,1196.35832,1206.216853,
306,phase1,62,pair_063,5.099801,1196.374904,1206.233437,
307,phase1,62,pair_063,5.116604,1196.391707,1206.250241,
308,phase1,62,pair_063,5.133217,1196.40832,1206.266854,
309,phase1,62,pair_063,5.149827,1196.42493,1206.283464,
310,phase1,62,pair_063,5.166565,1196.441668,1206.300202,
311,phase1,62,pair_063,5.183198,1196.458301,1206.316835,
312,phase1,62,pair_063,5.199864,1196.474967,1206.333501,
313,phase1,62,pair_063,5.216522,1196.491628,1206.350159,
314,phase1,62,pair_063,5.233217,1196.50832,1206.366854,
315,phase1,62,pair_063,5.249869,1196.524972,1206.383506,
316,phase1,62,pair_063,5.266529,1196.541633,1206.400166,
317,phase1,62,pair_063,5.283164,1196.558267,1206.416801,
318,phase1,62,pair_063,5.299851,1196.574955,1206.433488,
319,phase1,62,pair_063,5.316542,1196.591645,1206.450179,
320,phase1,62,pair_063,5.333508,1196.608613,1206.467144,
321,phase1,62,pair_063,5.349878,1196.624981,1206.483514,
322,phase1,62,pair_063,5.366833,1196.641936,1206.50047,
323,phase1,62,pair_063,5.383235,1196.658339,1206.516872,
324,phase1,62,pair_063,5.399897,1196.675002,1206.533534,
325,phase1,62,pair_063,5.416514,1196.691619,1206.550151,
326,phase1,62,pair_063,5.4332,1196.708303,1206.566837,
327,phase1,62,pair_063,5.449849,1196.724952,1206.583486,
328,phase1,62,pair_063,5.466602,1196.741705,1206.600239,
329,phase1,62,pair_063,5.483169,1196.758272,1206.616806,
330,phase1,62,pair_063,5.499893,1196.774996,1206.633529,
331,phase1,62,pair_063,5.516522,1196.791625,1206.650159,
332,phase1,62,pair_063,5.53321,1196.808313,1206.666847,
333,phase1,62,pair_063,5.549811,1196.824913,1206.683447,
334,phase1,62,pair_063,5.566522,1196.841626,1206.700159,
335,phase1,62,pair_063,5.583195,1196.858298,1206.716832,
336,phase1,62,pair_063,5.599881,1196.874986,1206.733518,
337,phase1,62,pair_063,5.616531,1196.891635,1206.750168,
338,phase1,62,pair_063,5.633202,1196.908305,1206.766838,
339,phase1,62,pair_063,5.64986,1196.924964,1206.783496,
340,phase1,62,pair_063,5.666505,1196.941607,1206.800141,
341,phase1,62,pair_063,5.683172,1196.958276,1206.816809,
342,phase1,62,pair_063,5.699844,1196.974947,1206.833481,
343,phase1,62,pair_063,5.716517,1196.991621,1206.850154,
344,phase1,62,pair_063,5.733254,1197.008357,1206.866891,
345,phase1,62,pair_063,5.749832,1197.024935,1206.883469,
346,phase1,62,pair_063,5.766515,1197.041618,1206.900152,
347,phase1,62,pair_063,5.783485,1197.058588,1206.917122,
348,phase1,62,pair_063,5.799863,1197.074965,1206.9335,
349,phase1,62,pair_063,5.816499,1197.091602,1206.950136,
350,phase1,62,pair_063,5.833181,1197.108284,1206.966818,
351,phase1,62,pair_063,5.850152,1197.125255,1206.983789,
352,phase1,62,pair_063,5.866522,1197.141625,1207.000159,
353,phase1,62,pair_063,5.883191,1197.158295,1207.016828,
354,phase1,62,pair_063,5.899807,1197.17491,1207.033444,
355,phase1,62,pair_063,5.916493,1197.191596,1207.05013,
356,phase1,62,pair_063,5.933144,1197.208247,1207.066781,
357,phase1,62,pair_063,5.949798,1197.224901,1207.083435,
358,phase1,62,pair_063,5.966496,1197.241599,1207.100133,
359,phase1,62,pair_063,5.983149,1197.258253,1207.116786,
360,phase1,62,pair_063,5.999831,1197.274935,1207.133468,
361,phase1,62,pair_063,6.016502,1197.291605,1207.150139,
362,phase1,62,pair_063,6.033188,1197.308291,1207.166825,
363,phase1,62,pair_063,6.049837,1197.32494,1207.183474,
364,phase1,62,pair_063,6.066513,1197.341616,1207.20015,
365,phase1,62,pair_063,6.083198,1197.358301,1207.216835,
366,phase1,62,pair_063,6.09985,1197.374954,1207.233487,
367,phase1,62,pair_063,6.116467,1197.39157,1207.250104,
368,phase1,62,pair_063,6.133472,1197.408575,1207.267109,
369,phase1,62,pair_063,6.149868,1197.424972,1207.283505,
370,phase1,62,pair_063,6.166496,1197.441599,1207.300133,
371,phase1,62,pair_063,6.183173,1197.458277,1207.31681,
372,phase1,62,pair_063,6.200134,1197.475237,1207.333771,
373,phase1,62,pair_063,6.216521,1197.491624,1207.350158,
374,phase1,62,pair_063,6.233159,1197.508262,1207.366796,
375,phase1,62,pair_063,6.249816,1197.524919,1207.383453,
376,phase1,62,pair_063,6.266809,1197.541912,1207.400446,
377,phase1,62,pair_063,6.283149,1197.558252,1207.416786,
378,phase1,62,pair_063,6.299824,1197.574927,1207.433461,
379,phase1,62,pair_063,6.316491,1197.591594,1207.450128,
380,phase1,62,pair_063,6.333482,1197.608585,1207.467119,
381,phase1,62,pair_063,6.349789,1197.624892,1207.483426,
382,phase1,62,pair_063,6.366776,1197.641879,1207.500413,
383,phase1,62,pair_063,6.383169,1197.658272,1207.516806,
384,phase1,62,pair_063,6.399822,1197.674925,1207.533459,
385,phase1,62,pair_063,6.416782,1197.691885,1207.550419,
386,phase1,62,pair_063,6.433164,1197.708267,1207.566801,
387,phase1,62,pair_063,6.449833,1197.724936,1207.58347,
388,phase1,62,pair_063,6.466789,1197.741892,1207.600426,
389,phase1,62,pair_063,6.483457,1197.75856,1207.617093,
390,phase1,62,pair_063,6.499856,1197.774959,1207.633493,
391,phase1,62,pair_063,6.516484,1197.791587,1207.650121,
392,phase1,62,pair_063,6.533151,1197.808254,1207.666788,
393,phase1,62,pair_063,6.5498,1197.824903,1207.683437,
394,phase1,62,pair_063,6.56651,1197.841613,1207.700147,
395,phase1,62,pair_063,6.583147,1197.85825,1207.716784,
396,phase1,62,pair_063,6.599831,1197.874934,1207.733468,
397,phase1,62,pair_063,6.61648,1197.891583,1207.750117,
398,phase1,62,pair_063,6.633188,1197.908291,1207.766825,
399,phase1,62,pair_063,6.64987,1197.924973,1207.783507,
400,phase1,62,pair_063,6.666494,1197.941597,1207.800131,
401,phase1,62,pair_063,6.683461,1197.958564,1207.817098,
402,phase1,62,pair_063,6.699825,1197.974928,1207.833462,
403,phase1,62,pair_063,6.716502,1197.991606,1207.850139,
404,phase1,62,pair_063,6.733424,1198.008527,1207.867061,
405,phase1,62,pair_063,6.750123,1198.025225,1207.88376,
406,phase1,62,pair_063,6.76648,1198.041584,1207.900117,
407,phase1,62,pair_063,6.783179,1198.058282,1207.916816,
408,phase1,62,pair_063,6.799815,1198.074918,1207.933452,
409,phase1,62,pair_063,6.816495,1198.091598,1207.950132,
410,phase1,62,pair_063,6.833173,1198.108276,1207.96681,
411,phase1,62,pair_063,6.849815,1198.124918,1207.983452,
412,phase1,62,pair_063,6.866466,1198.141569,1208.000103,
413,phase1,62,pair_063,6.883128,1198.158232,1208.016765,
414,phase1,62,pair_063,6.899816,1198.174919,1208.033453,
415,phase1,62,pair_063,6.916531,1198.191634,1208.050168,
416,phase1,62,pair_063,6.933147,1198.20825,1208.066784,
417,phase1,62,pair_063,6.949756,1198.224859,1208.083393,
418,phase1,62,pair_063,6.966483,1198.241586,1208.10012,
419,phase1,62,pair_063,6.983181,1198.258284,1208.116818,
420,phase1,62,pair_063,6.999807,1198.274911,1208.133444,
421,phase1,62,pair_063,7.016767,1198.29187,1208.150403,
422,phase1,62,pair_063,7.033144,1198.308247,1208.166781,
423,phase1,62,pair_063,7.050073,1198.325176,1208.18371,
424,phase1,62,pair_063,7.066384,1198.341488,1208.200021,
425,phase1,62,pair_063,7.083125,1198.358228,1208.216762,
426,phase1,62,pair_063,7.099819,1198.374922,1208.233455,
427,phase1,62,pair_063,7.116516,1198.391619,1208.250153,
428,phase1,62,pair_063,7.133199,1198.408302,1208.266836,
429,phase1,62,pair_063,7.149807,1198.42491,1208.283444,
430,phase1,62,pair_063,7.166499,1198.441602,1208.300136,
431,phase1,62,pair_063,7.183138,1198.458242,1208.316775,
432,phase1,62,pair_063,7.199747,1198.47485,1208.333384,
433,phase1,62,pair_063,7.216452,1198.491555,1208.350089,
434,phase1,62,pair_063,7.233142,1198.508245,1208.366779,
435,phase1,62,pair_063,7.249818,1198.524921,1208.383455,
436,phase1,62,pair_063,7.266497,1198.5416,1208.400134,
437,phase1,62,pair_063,7.283248,1198.558351,1208.416885,
438,phase1,62,pair_063,7.30011,1198.575213,1208.433746,
439,phase1,62,pair_063,7.316474,1198.591577,1208.450111,
440,phase1,62,pair_063,7.333148,1198.608251,1208.466785,
441,phase1,62,pair_063,7.349769,1198.624873,1208.483406,
442,phase1,62,pair_063,7.366792,1198.641895,1208.500429,
443,phase1,62,pair_063,7.383126,1198.658229,1208.516763,
444,phase1,62,pair_063,7.399807,1198.67491,1208.533444,
445,phase1,62,pair_063,7.416466,1198.691569,1208.550103,
446,phase1,62,pair_063,7.433144,1198.708248,1208.566781,
447,phase1,62,pair_063,7.449791,1198.724894,1208.583428,
448,phase1,62,pair_063,7.466463,1198.741566,1208.600099,
449,phase1,62,pair_063,7.483124,1198.758227,1208.616761,
450,phase1,62,pair_063,7.499711,1198.774814,1208.633348,
451,phase1,62,pair_063,7.516608,1198.791712,1208.650245,
452,phase1,62,pair_063,7.53325,1198.808353,1208.666887,
453,phase1,62,pair_063,7.550213,1198.825316,1208.68385,
454,phase1,62,pair_063,7.566587,1198.841691,1208.700224,
455,phase1,62,pair_063,7.583246,1198.858352,1208.716883,
456,phase1,62,pair_063,7.60017,1198.875273,1208.733807,
457,phase1,62,pair_063,7.616904,1198.892007,1208.75054,
458,phase1,62,pair_063,7.633208,1198.908311,1208.766845,
459,phase1,62,pair_063,7.649908,1198.925014,1208.783545,
460,phase1,62,pair_063,7.66652,1198.941623,1208.800157,
461,phase1,62,pair_063,7.683235,1198.958338,1208.816872,
462,phase1,62,pair_063,7.699896,1198.974999,1208.833533,
463,phase1,62,pair_063,7.716583,1198.991686,1208.85022,
464,phase1,62,pair_063,7.733234,1199.008339,1208.866871,
465,phase1,62,pair_063,7.749881,1199.024984,1208.883517,
466,phase1,62,pair_063,7.766577,1199.041682,1208.900214,
467,phase1,62,pair_063,7.783186,1199.05829,1208.916823,
468,phase1,62,pair_063,7.79997,1199.075074,1208.933607,
469,phase1,62,pair_063,7.816508,1199.091611,1208.950145,
470,phase1,62,pair_063,7.833556,1199.108663,1208.967193,
471,phase1,62,pair_063,7.849905,1199.125008,1208.983541,
472,phase1,62,pair_063,7.866621,1199.141724,1209.000258,
473,phase1,62,pair_063,7.883549,1199.158652,1209.017186,
474,phase1,62,pair_063,7.900199,1199.175302,1209.033836,
475,phase1,62,pair_063,7.91656,1199.191663,1209.050197,
476,phase1,62,pair_063,7.933221,1199.208324,1209.066858,
477,phase1,62,pair_063,7.950213,1199.225316,1209.08385,
478,phase1,62,pair_063,7.966519,1199.241622,1209.100156,
479,phase1,62,pair_063,7.983237,1199.25834,1209.116874,
480,phase1,62,pair_063,7.999904,1199.275009,1209.133541,
481,phase1,62,pair_063,8.01656,1199.291663,1209.150196,
482,phase1,62,pair_063,8.033568,1199.308671,1209.167205,
483,phase1,62,pair_063,8.049873,1199.324976,1209.18351,
484,phase1,62,pair_063,8.06656,1199.341664,1209.200197,
485,phase1,62,pair_063,8.083162,1199.358265,1209.216799,
486,phase1,62,pair_063,8.099817,1199.37492,1209.233454,
487,phase1,62,pair_063,8.116841,1199.391944,1209.250478,
488,phase1,62,pair_063,8.133259,1199.408363,1209.266896,
489,phase1,62,pair_063,8.149917,1199.42502,1209.283554,
490,phase1,62,pair_063,8.166547,1199.44165,1209.300184,
491,phase1,62,pair_063,8.183204,1199.458307,1209.316841,
492,phase1,62,pair_063,8.199859,1199.474962,1209.333496,
493,phase1,62,pair_063,8.216599,1199.491703,1209.350236,
494,phase1,62,pair_063,8.233159,1199.508262,1209.366796,
495,phase1,62,pair_063,8.249846,1199.524949,1209.383483,
496,phase1,62,pair_063,8.266559,1199.541662,1209.400196,
497,phase1,62,pair_063,8.283211,1199.558314,1209.416848,
498,phase1,62,pair_063,8.299842,1199.574945,1209.433479,
499,phase1,62,pair_063,8.316862,1199.591965,1209.450498,
500,phase1,62,pair_063,8.333249,1199.608353,1209.466886,
501,phase1,62,pair_063,8.349866,1199.62497,1209.483503,
502,phase1,62,pair_063,8.366566,1199.641669,1209.500203,
503,phase1,62,pair_063,8.383504,1199.658607,1209.517141,
504,phase1,62,pair_063,8.399894,1199.674999,1209.533531,
505,phase1,62,pair_063,8.416506,1199.691609,1209.550143,
506,phase1,62,pair_063,8.433266,1199.708369,1209.566903,
507,phase1,62,pair_063,8.449864,1199.724969,1209.5835,
508,phase1,62,pair_063,8.466545,1199.741648,1209.600182,
509,phase1,62,pair_063,8.48323,1199.758335,1209.616867,
510,phase1,62,pair_063,8.499901,1199.775004,1209.633538,
511,phase1,62,pair_063,8.516515,1199.791619,1209.650152,
512,phase1,62,pair_063,8.533505,1199.808608,1209.667142,
513,phase1,62,pair_063,8.54989,1199.824993,1209.683527,
514,phase1,62,pair_063,8.566507,1199.841612,1209.700144,
515,phase1,62,pair_063,8.58319,1199.858293,1209.716827,
516,phase1,62,pair_063,8.600138,1199.875241,1209.733774,
517,phase1,62,pair_063,8.616527,1199.891629,1209.750163,
518,phase1,62,pair_063,8.633218,1199.908322,1209.766855,
519,phase1,62,pair_063,8.649852,1199.924955,1209.783489,
520,phase1,62,pair_063,8.666509,1199.941612,1209.800146,
521,phase1,62,pair_063,8.683167,1199.95827,1209.816804,
522,phase1,62,pair_063,8.699825,1199.974928,1209.833462,
523,phase1,62,pair_063,8.716527,1199.99163,1209.850164,
524,phase1,62,pair_063,8.733529,1200.008632,1209.867166,
525,phase1,62,pair_063,8.74987,1200.024973,1209.883507,
526,phase1,62,pair_063,8.766542,1200.041645,1209.900179,
527,phase1,62,pair_063,8.78326,1200.058366,1209.916897,
528,phase1,62,pair_063,8.799853,1200.074956,1209.93349,
529,phase1,62,pair_063,8.81656,1200.091663,1209.950197,
530,phase1,62,pair_063,8.833163,1200.108266,1209.9668,
531,phase1,62,pair_063,8.84984,1200.124943,1209.983477,
532,phase1,62,pair_063,8.866521,1200.141626,1210.000158,
533,phase1,62,pair_063,8.883161,1200.158264,1210.016798,
534,phase1,62,pair_063,8.899862,1200.174968,1210.033499,
535,phase1,62,pair_063,8.916565,1200.191668,1210.050202,
536,phase1,62,pair_063,8.933189,1200.208293,1210.066826,
537,phase1,62,pair_063,8.950125,1200.225228,1210.083762,
538,phase1,62,pair_063,8.966487,1200.24159,1210.100124,
539,phase1,62,pair_063,8.983242,1200.258345,1210.116879,
540,phase1,62,pair_063,8.999832,1200.274935,1210.133469,
541,phase1,62,pair_063,9.016817,1200.29192,1210.150454,
542,phase1,62,pair_063,9.03317,1200.308273,1210.166807,
543,phase1,62,pair_063,9.04989,1200.324994,1210.183527,
544,phase1,62,pair_063,9.066844,1200.341947,1210.20048,
545,phase1,62,pair_063,9.083494,1200.358598,1210.21713,
546,phase1,62,pair_063,9.099857,1200.37496,1210.233494,
547,phase1,62,pair_063,9.116541,1200.391644,1210.250178,
548,phase1,62,pair_063,9.13321,1200.408313,1210.266847,
549,phase1,62,pair_063,9.149809,1200.424912,1210.283446,
550,phase1,62,pair_063,9.166498,1200.441601,1210.300135,
551,phase1,62,pair_063,9.183191,1200.458295,1210.316828,
552,phase1,62,pair_063,9.200097,1200.4752,1210.333734,
553,phase1,62,pair_063,9.216496,1200.491599,1210.350133,
554,phase1,62,pair_063,9.233181,1200.508284,1210.366818,
555,phase1,62,pair_063,9.249838,1200.524941,1210.383475,
556,phase1,62,pair_063,9.266495,1200.541598,1210.400131,
557,phase1,62,pair_063,9.283468,1200.558571,1210.417105,
558,phase1,62,pair_063,9.299776,1200.57488,1210.433413,
559,phase1,62,pair_063,9.316514,1200.591616,1210.45015,
560,phase1,62,pair_063,9.333179,1200.608282,1210.466816,
561,phase1,62,pair_063,9.349817,1200.624921,1210.483454,
562,phase1,62,pair_063,9.366523,1200.641626,1210.50016,
563,phase1,62,pair_063,9.383175,1200.658278,1210.516812,
564,phase1,62,pair_063,9.399832,1200.674935,1210.533469,
565,phase1,62,pair_063,9.416506,1200.69161,1210.550143,
566,phase1,62,pair_063,9.433477,1200.70858,1210.567114,
567,phase1,62,pair_063,9.449829,1200.724932,1210.583466,
568,phase1,62,pair_063,9.466425,1200.741529,1210.600062,
569,phase1,62,pair_063,9.483157,1200.75826,1210.616794,
570,phase1,62,pair_063,9.500139,1200.775242,1210.633776,
571,phase1,62,pair_063,9.516502,1200.791605,1210.650139,
572,phase1,62,pair_063,9.533168,1200.808271,1210.666805,
573,phase1,62,pair_063,9.549883,1200.824986,1210.68352,
574,phase1,62,pair_063,9.566821,1200.841924,1210.700458,
575,phase1,62,pair_063,9.583113,1200.858216,1210.71675,
576,phase1,62,pair_063,9.599847,1200.87495,1210.733484,
577,phase1,62,pair_063,9.61645,1200.891553,1210.750087,
578,phase1,62,pair_063,9.633139,1200.908242,1210.766776,
579,phase1,62,pair_063,9.649838,1200.924941,1210.783475,
580,phase1,62,pair_063,9.666492,1200.941595,1210.800129,
581,phase1,62,pair_063,9.683185,1200.958288,1210.816822,
582,phase1,62,pair_063,9.699788,1200.974891,1210.833425,
583,phase1,62,pair_063,9.716806,1200.991909,1210.850443,
584,phase1,62,pair_063,9.733141,1201.008244,1210.866778,
585,phase1,62,pair_063,9.74982,1201.024926,1210.883457,
586,phase1,62,pair_063,9.766825,1201.041928,1210.900462,
587,phase1,62,pair_063,9.78346,1201.058564,1210.917097,
588,phase1,62,pair_063,9.79986,1201.074963,1210.933497,
589,phase1,62,pair_063,9.816491,1201.091785,1210.950128,
590,phase1,62,pair_063,9.833136,1201.108239,1210.966773,
591,phase1,62,pair_063,9.850122,1201.125225,1210.983759,
592,phase1,62,pair_063,9.866477,1201.14158,1211.000113,
593,phase1,62,pair_063,9.883427,1201.158531,1211.017064,
594,phase1,62,pair_063,9.899752,1201.174855,1211.033389,
595,phase1,62,pair_063,9.916479,1201.191583,1211.050116,
596,phase1,62,pair_063,9.933169,1201.208273,1211.066806,
597,phase1,62,pair_063,9.94981,1201.224913,1211.083446,
598,phase1,62,pair_063,9.966528,1201.241632,1211.100165,
599,phase1,62,pair_063,9.983136,1201.258239,1211.116773,
600,phase1,62,pair_063,9.999817,1201.27492,1211.133454,
601,phase1,62,pair_063,10.016516,1201.29162,1211.150153,
602,phase1,62,pair_063,10.033131,1201.308233,1211.166768,
603,phase1,62,pair_063,10.049807,1201.32491,1211.183444,
604,phase1,62,pair_063,10.066471,1201.341574,1211.200108,
605,phase1,62,pair_063,10.083175,1201.358278,1211.216812,
606,phase1,62,pair_063,10.099798,1201.374901,1211.233435,
607,phase1,62,pair_063,10.116448,1201.391551,1211.250085,
608,phase1,62,pair_063,10.13313,1201.408233,1211.266767,
609,phase1,62,pair_063,10.149825,1201.424928,1211.283462,
610,phase1,62,pair_063,10.166486,1201.441589,1211.300123,
611,phase1,62,pair_063,10.183404,1201.458506,1211.317041,
612,phase1,62,pair_063,10.199811,1201.474919,1211.333448,
613,phase1,62,pair_063,10.21651,1201.491614,1211.350147,
614,phase1,62,pair_063,10.23313,1201.508233,1211.366766,
615,phase1,62,pair_063,10.249739,1201.524843,1211.383376,
616,phase1,62,pair_063,10.266777,1201.54188,1211.400414,
617,phase1,62,pair_063,10.283122,1201.558225,1211.416759,
618,phase1,62,pair_063,10.299873,1201.574976,1211.43351,
619,phase1,62,pair_063,10.316465,1201.591568,1211.450102,
620,phase1,62,pair_063,10.333133,1201.608236,1211.46677,
621,phase1,62,pair_063,10.349789,1201.624893,1211.483426,
622,phase1,62,pair_063,10.366568,1201.641674,1211.500205,
623,phase1,62,pair_063,10.38341,1201.658513,1211.517047,
624,phase1,62,pair_063,10.399799,1201.674903,1211.533436,
625,phase1,62,pair_063,10.416473,1201.691576,1211.55011,
626,phase1,62,pair_063,10.433172,1201.708275,1211.566809,
627,phase1,62,pair_063,10.44986,1201.724962,1211.583497,
628,phase1,62,pair_063,10.466473,1201.741578,1211.60011,
629,phase1,62,pair_063,10.483135,1201.758238,1211.616772,
630,phase1,62,pair_063,10.499744,1201.774847,1211.633381,
631,phase1,62,pair_063,10.516465,1201.791568,1211.650102,
632,phase1,62,pair_063,10.533136,1201.808239,1211.666773,
633,phase1,62,pair_063,10.54977,1201.824872,1211.683407,
634,phase1,62,pair_063,10.566468,1201.841571,1211.700105,
635,phase1,62,pair_063,10.583146,1201.858251,1211.716783,
636,phase1,62,pair_063,10.599778,1201.874881,1211.733414,
637,phase1,62,pair_063,10.616428,1201.891531,1211.750065,
638,phase1,62,pair_063,10.633122,1201.908224,1211.766759,
639,phase1,62,pair_063,10.649786,1201.924889,1211.783423,
640,phase1,62,pair_063,10.66639,1201.941492,1211.800026,
641,phase1,62,pair_063,10.68312,1201.958223,1211.816757,
642,phase1,62,pair_063,10.69979,1201.974893,1211.833427,
643,phase1,62,pair_063,10.716443,1201.991546,1211.85008,
644,phase1,62,pair_063,10.733125,1202.008228,1211.866762,
645,phase1,62,pair_063,10.749789,1202.024892,1211.883426,
646,phase1,62,pair_063,10.766527,1202.04163,1211.900164,
647,phase1,62,pair_063,10.783109,1202.058211,1211.916746,
648,phase1,62,pair_063,10.799774,1202.074877,1211.933411,
649,phase1,62,pair_063,10.816418,1202.091521,1211.950055,
650,phase1,62,pair_063,10.833115,1202.108218,1211.966752,
651,phase1,62,pair_063,10.849785,1202.124888,1211.983422,
652,phase1,62,pair_063,10.866448,1202.141551,1212.000085,
653,phase1,62,pair_063,10.883094,1202.158197,1212.016731,
654,phase1,62,pair_063,10.899771,1202.174874,1212.033408,
655,phase1,62,pair_063,10.916468,1202.191571,1212.050105,
656,phase1,62,pair_063,10.933116,1202.20822,1212.066753,
657,phase1,62,pair_063,10.949732,1202.224835,1212.083369,
658,phase1,62,pair_063,10.966439,1202.241542,1212.100076,
659,phase1,62,pair_063,10.983109,1202.258211,1212.116745,
660,phase1,62,pair_063,10.999778,1202.274881,1212.133415,
661,phase1,62,pair_063,11.016753,1202.291856,1212.15039,
662,phase1,62,pair_063,11.033094,1202.308196,1212.166731,
663,phase1,62,pair_063,11.04977,1202.324872,1212.183406,
664,phase1,62,pair_063,11.066455,1202.341557,1212.200091,
665,phase1,62,pair_063,11.083187,1202.358289,1212.216824,
666,phase1,62,pair_063,11.099779,1202.374882,1212.233416,
667,phase1,62,pair_063,11.116483,1202.391586,1212.25012,
668,phase1,62,pair_063,11.13311,1202.408213,1212.266747,
669,phase1,62,pair_063,11.149734,1202.424836,1212.283371,
670,phase1,62,pair_063,11.16647,1202.441573,1212.300107,
671,phase1,62,pair_063,-1191.275364,1202.65831,9.858273,response
0,phase2,62,pair_063,0.0,1203.758278,1213.616808,single_opt_onset_seq1_opt4_秘密
1,phase2,62,pair_063,0.016695,1203.774969,1213.633503,
2,phase2,62,pair_063,0.033323,1203.791603,1213.650131,
3,phase2,62,pair_063,0.050034,1203.808307,1213.666842,
4,phase2,62,pair_063,0.066677,1203.824951,1213.683485,
5,phase2,62,pair_063,0.083366,1203.841638,1213.700174,
6,phase2,62,pair_063,0.100017,1203.858289,1213.716825,
7,phase2,62,pair_063,0.116969,1203.875241,1213.733777,
8,phase2,62,pair_063,0.133288,1203.891561,1213.750097,
9,phase2,62,pair_063,0.150035,1203.908308,1213.766843,
10,phase2,62,pair_063,0.166638,1203.924911,1213.783446,
11,phase2,62,pair_063,0.183583,1203.941856,1213.800391,
12,phase2,62,pair_063,0.199983,1203.958255,1213.816791,
13,phase2,62,pair_063,0.216695,1203.97497,1213.833503,
14,phase2,62,pair_063,0.23359,1203.991862,1213.850398,
15,phase2,62,pair_063,0.250323,1204.008596,1213.867132,
16,phase2,62,pair_063,0.266638,1204.024911,1213.883446,
17,phase2,62,pair_063,0.283323,1204.041596,1213.900131,
18,phase2,62,pair_063,0.3,1204.058272,1213.916808,
19,phase2,62,pair_063,0.316641,1204.074914,1213.93345,
20,phase2,62,pair_063,0.333597,1204.09187,1213.950405,
21,phase2,62,pair_063,0.349992,1204.108264,1213.9668,
22,phase2,62,pair_063,0.366645,1204.124922,1213.983453,
23,phase2,62,pair_063,0.383618,1204.141891,1214.000426,
24,phase2,62,pair_063,0.399981,1204.158254,1214.01679,
25,phase2,62,pair_063,0.416646,1204.17492,1214.033454,
26,phase2,62,pair_063,0.43335,1204.191623,1214.050158,
27,phase2,62,pair_063,0.449936,1204.208208,1214.066744,
28,phase2,62,pair_063,0.466916,1204.225189,1214.083724,
29,phase2,62,pair_063,0.483301,1204.241573,1214.100109,
30,phase2,62,pair_063,0.499968,1204.258246,1214.116776,
31,phase2,62,pair_063,0.516667,1204.27494,1214.133475,
32,phase2,62,pair_063,0.533626,1204.291898,1214.150434,
33,phase2,62,pair_063,0.549987,1204.308259,1214.166795,
34,phase2,62,pair_063,0.566679,1204.324955,1214.183487,
35,phase2,62,pair_063,0.583277,1204.341549,1214.200085,
36,phase2,62,pair_063,0.600281,1204.358554,1214.21709,
37,phase2,62,pair_063,0.616639,1204.374912,1214.233447,
38,phase2,62,pair_063,0.633303,1204.391575,1214.250111,
39,phase2,62,pair_063,0.650259,1204.408531,1214.267067,
40,phase2,62,pair_063,0.66695,1204.425222,1214.283758,
41,phase2,62,pair_063,0.683301,1204.441573,1214.300109,
42,phase2,62,pair_063,0.699912,1204.458185,1214.31672,
43,phase2,62,pair_063,0.716622,1204.474895,1214.33343,
44,phase2,62,pair_063,0.733614,1204.491886,1214.350422,
45,phase2,62,pair_063,0.750242,1204.508514,1214.36705,
46,phase2,62,pair_063,0.766652,1204.524924,1214.38346,
47,phase2,62,pair_063,0.783326,1204.541598,1214.400134,
48,phase2,62,pair_063,0.799959,1204.558231,1214.416767,
49,phase2,62,pair_063,0.816915,1204.575194,1214.433723,
50,phase2,62,pair_063,0.833286,1204.591564,1214.450094,
51,phase2,62,pair_063,0.84996,1204.608235,1214.466768,
52,phase2,62,pair_063,0.8666,1204.624873,1214.483408,
53,phase2,62,pair_063,0.883596,1204.641868,1214.500404,
54,phase2,62,pair_063,0.899974,1204.658246,1214.516782,
55,phase2,62,pair_063,0.916677,1204.67495,1214.533485,
56,phase2,62,pair_063,0.933286,1204.69156,1214.550094,
57,phase2,62,pair_063,0.949978,1204.708251,1214.566786,
58,phase2,62,pair_063,0.966628,1204.7249,1214.583436,
59,phase2,62,pair_063,0.983386,1204.741658,1214.600194,
60,phase2,62,pair_063,1.000224,1204.758496,1214.617032,
61,phase2,62,pair_063,1.016613,1204.774889,1214.633421,
62,phase2,62,pair_063,1.033312,1204.791587,1214.65012,
63,phase2,62,pair_063,1.049954,1204.808227,1214.666763,
64,phase2,62,pair_063,1.066669,1204.82494,1214.683477,
65,phase2,62,pair_063,1.083291,1204.841563,1214.700099,
66,phase2,62,pair_063,1.099947,1204.85822,1214.716755,
67,phase2,62,pair_063,1.116644,1204.874921,1214.733452,
68,phase2,62,pair_063,1.133294,1204.891566,1214.750102,
69,phase2,62,pair_063,1.150283,1204.908556,1214.767091,
70,phase2,62,pair_063,1.166902,1204.925174,1214.783711,
71,phase2,62,pair_063,1.183315,1204.941588,1214.800123,
72,phase2,62,pair_063,1.199929,1204.958203,1214.816737,
73,phase2,62,pair_063,1.216608,1204.97488,1214.833416,
74,phase2,62,pair_063,1.233575,1204.991847,1214.850383,
75,phase2,62,pair_063,1.24995,1205.008223,1214.866758,
76,phase2,62,pair_063,1.266617,1205.02489,1214.883425,
77,phase2,62,pair_063,1.283576,1205.041848,1214.900384,
78,phase2,62,pair_063,1.30025,1205.058522,1214.917058,
79,phase2,62,pair_063,1.316577,1205.074849,1214.933385,
80,phase2,62,pair_063,1.3333,1205.091572,1214.950108,
81,phase2,62,pair_063,1.349945,1205.108217,1214.966753,
82,phase2,62,pair_063,1.366912,1205.125184,1214.98372,
83,phase2,62,pair_063,1.383292,1205.141564,1215.0001,
84,phase2,62,pair_063,1.399969,1205.158241,1215.016777,
85,phase2,62,pair_063,1.41688,1205.175152,1215.033688,
86,phase2,62,pair_063,1.433265,1205.191537,1215.050073,
87,phase2,62,pair_063,1.449948,1205.20822,1215.066756,
88,phase2,62,pair_063,1.466593,1205.224865,1215.083401,
89,phase2,62,pair_063,1.483325,1205.241597,1215.100133,
90,phase2,62,pair_063,1.499932,1205.258204,1215.11674,
0,phase2,62,pair_063,0.0,1205.274883,1215.133416,iti_onset_dur_0.808
1,phase2,62,pair_063,0.01669,1205.29157,1215.150106,
2,phase2,62,pair_063,0.033318,1205.308198,1215.166734,
3,phase2,62,pair_063,0.049979,1205.324858,1215.183394,
4,phase2,62,pair_063,0.066661,1205.341541,1215.200077,
5,phase2,62,pair_063,0.083341,1205.358221,1215.216757,
6,phase2,62,pair_063,0.099998,1205.374877,1215.233414,
7,phase2,62,pair_063,0.116658,1205.391538,1215.250074,
8,phase2,62,pair_063,0.133337,1205.408216,1215.266753,
9,phase2,62,pair_063,0.149996,1205.424876,1215.283412,
10,phase2,62,pair_063,0.166659,1205.441538,1215.300075,
11,phase2,62,pair_063,0.183274,1205.458153,1215.31669,
12,phase2,62,pair_063,0.200006,1205.474885,1215.333421,
13,phase2,62,pair_063,0.216648,1205.491528,1215.350064,
14,phase2,62,pair_063,0.233329,1205.508209,1215.366745,
15,phase2,62,pair_063,0.249988,1205.524868,1215.383404,
16,phase2,62,pair_063,0.266647,1205.541526,1215.400063,
17,phase2,62,pair_063,0.283336,1205.558216,1215.416752,
18,phase2,62,pair_063,0.300038,1205.574917,1215.433454,
19,phase2,62,pair_063,0.316643,1205.591522,1215.450058,
20,phase2,62,pair_063,0.333651,1205.608531,1215.467067,
21,phase2,62,pair_063,0.349993,1205.624873,1215.483409,
22,phase2,62,pair_063,0.36669,1205.641569,1215.500105,
23,phase2,62,pair_063,0.383616,1205.658495,1215.517032,
24,phase2,62,pair_063,0.399977,1205.674857,1215.533393,
25,phase2,62,pair_063,0.416657,1205.691536,1215.550073,
26,phase2,62,pair_063,0.433352,1205.708232,1215.566768,
27,phase2,62,pair_063,0.449934,1205.724813,1215.583349,
28,phase2,62,pair_063,0.466645,1205.741524,1215.60006,
29,phase2,62,pair_063,0.483324,1205.758204,1215.61674,
30,phase2,62,pair_063,0.500016,1205.774895,1215.633432,
31,phase2,62,pair_063,0.516646,1205.791525,1215.650062,
32,phase2,62,pair_063,0.533626,1205.808506,1215.667042,
33,phase2,62,pair_063,0.549996,1205.824875,1215.683412,
34,phase2,62,pair_063,0.566682,1205.841561,1215.700098,
35,phase2,62,pair_063,0.583326,1205.858205,1215.716742,
36,phase2,62,pair_063,0.599985,1205.874866,1215.733401,
37,phase2,62,pair_063,0.616656,1205.891536,1215.750072,
38,phase2,62,pair_063,0.633339,1205.908218,1215.766754,
39,phase2,62,pair_063,0.650262,1205.925141,1215.783677,
40,phase2,62,pair_063,0.666646,1205.941525,1215.800062,
41,phase2,62,pair_063,0.683309,1205.958189,1215.816725,
42,phase2,62,pair_063,0.699995,1205.974875,1215.833411,
43,phase2,62,pair_063,0.716644,1205.991523,1215.85006,
44,phase2,62,pair_063,0.733361,1206.00824,1215.866776,
45,phase2,62,pair_063,0.750297,1206.025176,1215.883713,
46,phase2,62,pair_063,0.76661,1206.041489,1215.900026,
47,phase2,62,pair_063,0.783306,1206.058186,1215.916722,
48,phase2,62,pair_063,0.800055,1206.074934,1215.93347,
0,phase2,62,pair_063,0.0,1206.091518,1215.95005,single_opt_onset_seq2_opt2_再见
1,phase2,62,pair_063,0.016692,1206.108207,1215.966741,
2,phase2,62,pair_063,0.033362,1206.124876,1215.983411,
3,phase2,62,pair_063,0.050287,1206.141801,1216.000337,
4,phase2,62,pair_063,0.066677,1206.15819,1216.016726,
5,phase2,62,pair_063,0.083334,1206.174848,1216.033384,
6,phase2,62,pair_063,0.100038,1206.191552,1216.050088,
7,phase2,62,pair_063,0.116638,1206.208152,1216.066688,
8,phase2,62,pair_063,0.133336,1206.22485,1216.083386,
9,phase2,62,pair_063,0.150016,1206.24153,1216.100066,
10,phase2,62,pair_063,0.166752,1206.258266,1216.116802,
11,phase2,62,pair_063,0.183353,1206.274867,1216.133403,
12,phase2,62,pair_063,0.200327,1206.291841,1216.150376,
13,phase2,62,pair_063,0.216687,1206.308201,1216.166737,
14,phase2,62,pair_063,0.233343,1206.324857,1216.183392,
15,phase2,62,pair_063,0.249991,1206.341505,1216.20004,
16,phase2,62,pair_063,0.266652,1206.358166,1216.216702,
17,phase2,62,pair_063,0.283337,1206.374851,1216.233387,
18,phase2,62,pair_063,0.30002,1206.391534,1216.25007,
19,phase2,62,pair_063,0.316721,1206.408235,1216.266771,
20,phase2,62,pair_063,0.333324,1206.424838,1216.283374,
21,phase2,62,pair_063,0.349992,1206.441506,1216.300042,
22,phase2,62,pair_063,0.366626,1206.45814,1216.316676,
23,phase2,62,pair_063,0.383349,1206.474863,1216.333399,
24,phase2,62,pair_063,0.399985,1206.491499,1216.350035,
25,phase2,62,pair_063,0.416967,1206.508481,1216.367017,
26,phase2,62,pair_063,0.433287,1206.524801,1216.383337,
27,phase2,62,pair_063,0.450021,1206.541536,1216.400071,
28,phase2,62,pair_063,0.466661,1206.558175,1216.41671,
29,phase2,62,pair_063,0.483283,1206.574797,1216.433333,
30,phase2,62,pair_063,0.499964,1206.591478,1216.450014,
31,phase2,62,pair_063,0.516721,1206.608239,1216.466771,
32,phase2,62,pair_063,0.533335,1206.624849,1216.483384,
33,phase2,62,pair_063,0.549988,1206.641502,1216.500038,
34,phase2,62,pair_063,0.566789,1206.658303,1216.516839,
35,phase2,62,pair_063,0.583461,1206.674975,1216.533511,
36,phase2,62,pair_063,0.600406,1206.69192,1216.550456,
37,phase2,62,pair_063,0.616736,1206.708249,1216.566785,
38,phase2,62,pair_063,0.633526,1206.72504,1216.583575,
39,phase2,62,pair_063,0.65011,1206.741626,1216.60016,
40,phase2,62,pair_063,0.667097,1206.758612,1216.617147,
41,phase2,62,pair_063,0.68344,1206.774955,1216.63349,
42,phase2,62,pair_063,0.700076,1206.79159,1216.650126,
43,phase2,62,pair_063,0.716805,1206.808319,1216.666855,
44,phase2,62,pair_063,0.73375,1206.825264,1216.6838,
45,phase2,62,pair_063,0.750071,1206.841586,1216.700121,
46,phase2,62,pair_063,0.766746,1206.85826,1216.716796,
47,phase2,62,pair_063,0.783454,1206.874968,1216.733503,
48,phase2,62,pair_063,0.800056,1206.89157,1216.750106,
49,phase2,62,pair_063,0.817048,1206.908562,1216.767098,
50,phase2,62,pair_063,0.833374,1206.924888,1216.783424,
51,phase2,62,pair_063,0.850122,1206.941637,1216.800172,
52,phase2,62,pair_063,0.867092,1206.958606,1216.817142,
53,phase2,62,pair_063,0.883719,1206.975233,1216.833769,
54,phase2,62,pair_063,0.900083,1206.991598,1216.850133,
55,phase2,62,pair_063,0.916762,1207.008276,1216.866812,
56,phase2,62,pair_063,0.933685,1207.025199,1216.883735,
57,phase2,62,pair_063,0.950109,1207.041623,1216.900159,
58,phase2,62,pair_063,0.966762,1207.058276,1216.916812,
59,phase2,62,pair_063,0.983409,1207.074923,1216.933459,
60,phase2,62,pair_063,1.000086,1207.091601,1216.950136,
61,phase2,62,pair_063,1.017054,1207.108568,1216.967104,
62,phase2,62,pair_063,1.033427,1207.124941,1216.983477,
63,phase2,62,pair_063,1.05006,1207.141578,1217.00011,
64,phase2,62,pair_063,1.066776,1207.15829,1217.016826,
65,phase2,62,pair_063,1.083717,1207.175231,1217.033767,
66,phase2,62,pair_063,1.100359,1207.191873,1217.050408,
67,phase2,62,pair_063,1.116751,1207.208272,1217.066801,
68,phase2,62,pair_063,1.133451,1207.224964,1217.0835,
69,phase2,62,pair_063,1.150081,1207.241595,1217.100131,
70,phase2,62,pair_063,1.166744,1207.258262,1217.116794,
71,phase2,62,pair_063,1.183417,1207.274931,1217.133466,
72,phase2,62,pair_063,1.200129,1207.291644,1217.150179,
73,phase2,62,pair_063,1.216722,1207.308236,1217.166772,
74,phase2,62,pair_063,1.233367,1207.324881,1217.183417,
75,phase2,62,pair_063,1.250064,1207.341584,1217.200114,
76,phase2,62,pair_063,1.266805,1207.358321,1217.216855,
77,phase2,62,pair_063,1.283693,1207.375207,1217.233743,
78,phase2,62,pair_063,1.300104,1207.391621,1217.250154,
79,phase2,62,pair_063,1.316754,1207.408269,1217.266804,
80,phase2,62,pair_063,1.333431,1207.424945,1217.283481,
81,phase2,62,pair_063,1.350073,1207.441587,1217.300123,
82,phase2,62,pair_063,1.366691,1207.458205,1217.316741,
83,phase2,62,pair_063,1.383397,1207.474911,1217.333447,
84,phase2,62,pair_063,1.400079,1207.491593,1217.350129,
85,phase2,62,pair_063,1.416724,1207.508238,1217.366773,
86,phase2,62,pair_063,1.433706,1207.525223,1217.383756,
87,phase2,62,pair_063,1.45007,1207.541584,1217.40012,
88,phase2,62,pair_063,1.466747,1207.558261,1217.416797,
89,phase2,62,pair_063,1.483441,1207.574955,1217.43349,
90,phase2,62,pair_063,1.500388,1207.591902,1217.450438,
0,phase2,62,pair_063,0.0,1207.608207,1217.466741,iti_onset_dur_1.158
1,phase2,62,pair_063,0.016702,1207.624913,1217.483443,
2,phase2,62,pair_063,0.03333,1207.641534,1217.50007,
3,phase2,62,pair_063,0.050016,1207.658221,1217.516757,
4,phase2,62,pair_063,0.066681,1207.674886,1217.533422,
5,phase2,62,pair_063,0.083359,1207.691564,1217.5501,
6,phase2,62,pair_063,0.100076,1207.708281,1217.566817,
7,phase2,62,pair_063,0.116675,1207.72488,1217.583416,
8,phase2,62,pair_063,0.133375,1207.741579,1217.600115,
9,phase2,62,pair_063,0.150018,1207.758222,1217.616759,
10,phase2,62,pair_063,0.166762,1207.774967,1217.633503,
11,phase2,62,pair_063,0.183676,1207.79188,1217.650416,
12,phase2,62,pair_063,0.200335,1207.808539,1217.667075,
13,phase2,62,pair_063,0.216679,1207.824884,1217.683419,
14,phase2,62,pair_063,0.233385,1207.84159,1217.700126,
15,phase2,62,pair_063,0.250321,1207.858525,1217.717061,
16,phase2,62,pair_063,0.267006,1207.875211,1217.733747,
17,phase2,62,pair_063,0.283358,1207.891566,1217.750099,
18,phase2,62,pair_063,0.300038,1207.908243,1217.766779,
19,phase2,62,pair_063,0.316675,1207.92488,1217.783416,
20,phase2,62,pair_063,0.333672,1207.941877,1217.800413,
21,phase2,62,pair_063,0.349949,1207.958154,1217.81669,
22,phase2,62,pair_063,0.366734,1207.974938,1217.833474,
23,phase2,62,pair_063,0.38341,1207.991614,1217.850151,
24,phase2,62,pair_063,0.399966,1208.00817,1217.866707,
25,phase2,62,pair_063,0.416978,1208.025183,1217.883719,
26,phase2,62,pair_063,0.433348,1208.041555,1217.900088,
27,phase2,62,pair_063,0.45002,1208.058224,1217.91676,
28,phase2,62,pair_063,0.466666,1208.07487,1217.933407,
29,phase2,62,pair_063,0.48364,1208.091844,1217.95038,
30,phase2,62,pair_063,0.500047,1208.108257,1217.966788,
31,phase2,62,pair_063,0.516684,1208.124889,1217.983425,
32,phase2,62,pair_063,0.533368,1208.141575,1218.000108,
33,phase2,62,pair_063,0.549991,1208.158195,1218.016732,
34,phase2,62,pair_063,0.566691,1208.174895,1218.033431,
35,phase2,62,pair_063,0.58334,1208.191544,1218.05008,
36,phase2,62,pair_063,0.600076,1208.208293,1218.066816,
37,phase2,62,pair_063,0.616948,1208.225153,1218.083689,
38,phase2,62,pair_063,0.633326,1208.24153,1218.100067,
39,phase2,62,pair_063,0.650003,1208.258207,1218.116744,
40,phase2,62,pair_063,0.666703,1208.274909,1218.133443,
41,phase2,62,pair_063,0.683653,1208.291857,1218.150393,
42,phase2,62,pair_063,0.699987,1208.308192,1218.166728,
43,phase2,62,pair_063,0.716684,1208.324892,1218.183425,
44,phase2,62,pair_063,0.733354,1208.341558,1218.200095,
45,phase2,62,pair_063,0.750292,1208.358496,1218.217032,
46,phase2,62,pair_063,0.766674,1208.374878,1218.233414,
47,phase2,62,pair_063,0.783345,1208.391554,1218.250086,
48,phase2,62,pair_063,0.800021,1208.408225,1218.266762,
49,phase2,62,pair_063,0.816628,1208.424832,1218.283369,
50,phase2,62,pair_063,0.833287,1208.441491,1218.300028,
51,phase2,62,pair_063,0.849977,1208.458181,1218.316717,
52,phase2,62,pair_063,0.866666,1208.47487,1218.333406,
53,phase2,62,pair_063,0.883302,1208.491515,1218.350043,
54,phase2,62,pair_063,0.900021,1208.508232,1218.366762,
55,phase2,62,pair_063,0.916671,1208.524875,1218.383411,
56,phase2,62,pair_063,0.933345,1208.541549,1218.400085,
57,phase2,62,pair_063,0.949998,1208.558202,1218.416739,
58,phase2,62,pair_063,0.966975,1208.575179,1218.433715,
59,phase2,62,pair_063,0.983339,1208.591544,1218.45008,
60,phase2,62,pair_063,1.000047,1208.608252,1218.466787,
61,phase2,62,pair_063,1.016942,1208.625147,1218.483683,
62,phase2,62,pair_063,1.033634,1208.641838,1218.500375,
63,phase2,62,pair_063,1.049955,1208.65816,1218.516696,
64,phase2,62,pair_063,1.066669,1208.674874,1218.53341,
65,phase2,62,pair_063,1.083362,1208.691566,1218.550103,
66,phase2,62,pair_063,1.100304,1208.708508,1218.567045,
67,phase2,62,pair_063,1.116653,1208.724857,1218.583394,
68,phase2,62,pair_063,1.133333,1208.741544,1218.600073,
69,phase2,62,pair_063,1.15026,1208.758466,1218.617001,
0,phase2,62,pair_063,0.0,1208.775177,1218.63371,single_opt_onset_seq3_opt3_左
1,phase2,62,pair_063,0.016371,1208.791547,1218.650081,
2,phase2,62,pair_063,0.032957,1208.808131,1218.666667,
3,phase2,62,pair_063,0.049759,1208.824933,1218.683469,
4,phase2,62,pair_063,0.066328,1208.841502,1218.700038,
5,phase2,62,pair_063,0.083009,1208.858183,1218.716719,
6,phase2,62,pair_063,0.099735,1208.874909,1218.733445,
7,phase2,62,pair_063,0.116345,1208.891519,1218.750055,
8,phase2,62,pair_063,0.133021,1208.908197,1218.766731,
9,phase2,62,pair_063,0.149678,1208.924852,1218.783388,
10,phase2,62,pair_063,0.166402,1208.941577,1218.800113,
11,phase2,62,pair_063,0.183008,1208.958183,1218.816718,
12,phase2,62,pair_063,0.200004,1208.975179,1218.833715,
13,phase2,62,pair_063,0.21664,1208.991815,1218.850351,
14,phase2,62,pair_063,0.233048,1209.008222,1218.866758,
15,phase2,62,pair_063,0.249934,1209.025109,1218.883644,
16,phase2,62,pair_063,0.266659,1209.041834,1218.90037,
17,phase2,62,pair_063,0.283318,1209.058492,1218.917028,
18,phase2,62,pair_063,0.299676,1209.07485,1218.933386,
19,phase2,62,pair_063,0.316408,1209.091583,1218.950118,
20,phase2,62,pair_063,0.33302,1209.108194,1218.96673,
21,phase2,62,pair_063,0.349977,1209.125151,1218.983687,
22,phase2,62,pair_063,0.366349,1209.141524,1219.00006,
23,phase2,62,pair_063,0.383025,1209.1582,1219.016735,
24,phase2,62,pair_063,0.399954,1209.175128,1219.033664,
25,phase2,62,pair_063,0.416647,1209.191821,1219.050357,
26,phase2,62,pair_063,0.433028,1209.208206,1219.066739,
27,phase2,62,pair_063,0.449743,1209.224919,1219.083454,
28,phase2,62,pair_063,0.466409,1209.241583,1219.100119,
29,phase2,62,pair_063,0.483003,1209.258177,1219.116713,
30,phase2,62,pair_063,0.499669,1209.274843,1219.133379,
31,phase2,62,pair_063,0.516383,1209.291557,1219.150093,
32,phase2,62,pair_063,0.533036,1209.30821,1219.166746,
33,phase2,62,pair_063,0.549666,1209.324841,1219.183376,
34,phase2,62,pair_063,0.566327,1209.341501,1219.200037,
35,phase2,62,pair_063,0.582992,1209.358167,1219.216703,
36,phase2,62,pair_063,0.599687,1209.374865,1219.233397,
37,phase2,62,pair_063,0.616327,1209.391502,1219.250038,
38,phase2,62,pair_063,0.633304,1209.408478,1219.267014,
39,phase2,62,pair_063,0.649689,1209.424863,1219.283399,
40,phase2,62,pair_063,0.66635,1209.441524,1219.30006,
41,phase2,62,pair_063,0.683047,1209.458221,1219.316758,
42,phase2,62,pair_063,0.699966,1209.47514,1219.333676,
43,phase2,62,pair_063,0.716337,1209.491511,1219.350047,
44,phase2,62,pair_063,0.732982,1209.508156,1219.366692,
45,phase2,62,pair_063,0.749885,1209.52506,1219.383596,
46,phase2,62,pair_063,0.766634,1209.541808,1219.400344,
47,phase2,62,pair_063,0.78298,1209.558154,1219.41669,
48,phase2,62,pair_063,0.799701,1209.574876,1219.433412,
49,phase2,62,pair_063,0.816337,1209.591511,1219.450047,
50,phase2,62,pair_063,0.833322,1209.608496,1219.467032,
51,phase2,62,pair_063,0.849647,1209.624822,1219.483358,
52,phase2,62,pair_063,0.866302,1209.641476,1219.500012,
53,phase2,62,pair_063,0.882985,1209.658159,1219.516695,
54,phase2,62,pair_063,0.899649,1209.674823,1219.533359,
55,phase2,62,pair_063,0.916307,1209.691481,1219.550017,
56,phase2,62,pair_063,0.932999,1209.708173,1219.566709,
57,phase2,62,pair_063,0.949924,1209.725099,1219.583635,
58,phase2,62,pair_063,0.966309,1209.741484,1219.60002,
59,phase2,62,pair_063,0.982962,1209.758137,1219.616673,
60,phase2,62,pair_063,0.999661,1209.774835,1219.633371,
61,phase2,62,pair_063,1.016317,1209.791492,1219.650028,
62,phase2,62,pair_063,1.032938,1209.808113,1219.666649,
63,phase2,62,pair_063,1.049649,1209.824823,1219.683359,
64,phase2,62,pair_063,1.066325,1209.841503,1219.700035,
65,phase2,62,pair_063,1.083004,1209.858178,1219.716714,
66,phase2,62,pair_063,1.09991,1209.875085,1219.733621,
67,phase2,62,pair_063,1.116301,1209.891476,1219.750011,
68,phase2,62,pair_063,1.133019,1209.908193,1219.766729,
69,phase2,62,pair_063,1.14963,1209.924804,1219.78334,
70,phase2,62,pair_063,1.16638,1209.941554,1219.80009,
71,phase2,62,pair_063,1.183289,1209.958464,1219.817,
72,phase2,62,pair_063,1.199672,1209.974846,1219.833382,
73,phase2,62,pair_063,1.216306,1209.99148,1219.850016,
74,phase2,62,pair_063,1.232988,1210.008163,1219.866699,
75,phase2,62,pair_063,1.249642,1210.024816,1219.883352,
76,phase2,62,pair_063,1.266325,1210.041499,1219.900035,
77,phase2,62,pair_063,1.283013,1210.058188,1219.916724,
78,phase2,62,pair_063,1.299639,1210.074813,1219.933349,
79,phase2,62,pair_063,1.31633,1210.091505,1219.95004,
80,phase2,62,pair_063,1.332968,1210.108142,1219.966678,
81,phase2,62,pair_063,1.349678,1210.124852,1219.983388,
82,phase2,62,pair_063,1.366303,1210.141478,1220.000014,
83,phase2,62,pair_063,1.383286,1210.15846,1220.016996,
84,phase2,62,pair_063,1.399649,1210.174823,1220.033359,
85,phase2,62,pair_063,1.416352,1210.191527,1220.050063,
86,phase2,62,pair_063,1.432972,1210.208146,1220.066682,
87,phase2,62,pair_063,1.449965,1210.225139,1220.083675,
88,phase2,62,pair_063,1.466335,1210.241509,1220.100045,
89,phase2,62,pair_063,1.483004,1210.258179,1220.116715,
90,phase2,62,pair_063,1.499664,1210.274839,1220.133375,
0,phase2,62,pair_063,0.0,1210.291815,1220.150349,iti_onset_dur_0.804
1,phase2,62,pair_063,0.01635,1210.308163,1220.166699,
2,phase2,62,pair_063,0.03303,1210.324842,1220.183379,
3,phase2,62,pair_063,0.049656,1210.341468,1220.200005,
4,phase2,62,pair_063,0.066327,1210.358139,1220.216676,
5,phase2,62,pair_063,0.082975,1210.374788,1220.233324,
6,phase2,62,pair_063,0.099653,1210.391466,1220.250002,
7,phase2,62,pair_063,0.116379,1210.408191,1220.266728,
8,phase2,62,pair_063,0.133286,1210.425099,1220.283635,
9,phase2,62,pair_063,0.149662,1210.441475,1220.300011,
10,phase2,62,pair_063,0.16634,1210.458153,1220.316689,
11,phase2,62,pair_063,0.183001,1210.474814,1220.33335,
12,phase2,62,pair_063,0.199661,1210.491474,1220.35001,
13,phase2,62,pair_063,0.216336,1210.508149,1220.366685,
14,phase2,62,pair_063,0.232929,1210.524742,1220.383279,
15,phase2,62,pair_063,0.249706,1210.541519,1220.400055,
16,phase2,62,pair_063,0.266305,1210.558118,1220.416654,
17,phase2,62,pair_063,0.282993,1210.574806,1220.433342,
18,phase2,62,pair_063,0.299711,1210.591524,1220.45006,
19,phase2,62,pair_063,0.316412,1210.608224,1220.466761,
20,phase2,62,pair_063,0.3331,1210.624915,1220.483449,
21,phase2,62,pair_063,0.349757,1210.641573,1220.500106,
22,phase2,62,pair_063,0.366446,1210.658259,1220.516796,
23,phase2,62,pair_063,0.383082,1210.674895,1220.533432,
24,phase2,62,pair_063,0.400097,1210.691913,1220.550446,
25,phase2,62,pair_063,0.41641,1210.708223,1220.566759,
26,phase2,62,pair_063,0.433105,1210.724924,1220.583454,
27,phase2,62,pair_063,0.449795,1210.741608,1220.600144,
28,phase2,62,pair_063,0.466753,1210.758566,1220.617102,
29,phase2,62,pair_063,0.483106,1210.77492,1220.633455,
30,phase2,62,pair_063,0.499747,1210.79156,1220.650096,
31,phase2,62,pair_063,0.516384,1210.808197,1220.666733,
32,phase2,62,pair_063,0.533403,1210.825215,1220.683752,
33,phase2,62,pair_063,0.549768,1210.841581,1220.700117,
34,phase2,62,pair_063,0.56642,1210.858235,1220.716769,
35,phase2,62,pair_063,0.583124,1210.87494,1220.733473,
36,phase2,62,pair_063,0.600037,1210.891849,1220.750386,
37,phase2,62,pair_063,0.616414,1210.908227,1220.766764,
38,phase2,62,pair_063,0.63308,1210.924893,1220.783429,
39,phase2,62,pair_063,0.649771,1210.941584,1220.80012,
40,phase2,62,pair_063,0.666419,1210.958235,1220.816768,
41,phase2,62,pair_063,0.68339,1210.975203,1220.83374,
42,phase2,62,pair_063,0.699768,1210.991581,1220.850117,
43,phase2,62,pair_063,0.716456,1211.00827,1220.866805,
44,phase2,62,pair_063,0.733142,1211.02496,1220.883491,
45,phase2,62,pair_063,0.750067,1211.04188,1220.900416,
46,phase2,62,pair_063,0.766396,1211.058208,1220.916745,
47,phase2,62,pair_063,0.783087,1211.0749,1220.933436,
48,phase2,62,pair_063,0.799773,1211.091798,1220.950122,
0,phase2,62,pair_063,0.0,1211.108551,1220.967083,single_opt_onset_seq4_opt1_停止
1,phase2,62,pair_063,0.016283,1211.12483,1220.983366,
2,phase2,62,pair_063,0.033026,1211.141573,1221.000109,
3,phase2,62,pair_063,0.049676,1211.158229,1221.016759,
4,phase2,62,pair_063,0.066672,1211.17522,1221.033755,
5,phase2,62,pair_063,0.083031,1211.19158,1221.050114,
6,phase2,62,pair_063,0.099674,1211.208222,1221.066757,
7,phase2,62,pair_063,0.116352,1211.224899,1221.083435,
8,phase2,62,pair_063,0.132994,1211.241542,1221.100077,
9,phase2,62,pair_063,0.149697,1211.258246,1221.116781,
10,phase2,62,pair_063,0.166309,1211.274857,1221.133393,
11,phase2,62,pair_063,0.183044,1211.291591,1221.150127,
12,phase2,62,pair_063,0.199679,1211.308228,1221.166762,
13,phase2,62,pair_063,0.216655,1211.325205,1221.183738,
14,phase2,62,pair_063,0.233021,1211.341568,1221.200104,
15,phase2,62,pair_063,0.249699,1211.358246,1221.216782,
16,phase2,62,pair_063,0.266342,1211.374889,1221.233425,
17,phase2,62,pair_063,0.283308,1211.391855,1221.250391,
18,phase2,62,pair_063,0.299681,1211.408229,1221.266764,
19,phase2,62,pair_063,0.316339,1211.424887,1221.283422,
20,phase2,62,pair_063,0.33303,1211.441578,1221.300113,
21,phase2,62,pair_063,0.349967,1211.458515,1221.31705,
22,phase2,62,pair_063,0.366345,1211.474893,1221.333428,
23,phase2,62,pair_063,0.383018,1211.491565,1221.350101,
24,phase2,62,pair_063,0.399987,1211.508534,1221.36707,
25,phase2,62,pair_063,0.416639,1211.525186,1221.383722,
26,phase2,62,pair_063,0.432969,1211.541517,1221.400052,
27,phase2,62,pair_063,0.449652,1211.5582,1221.416735,
28,phase2,62,pair_063,0.466337,1211.574885,1221.43342,
29,phase2,62,pair_063,0.483286,1211.591834,1221.450369,
30,phase2,62,pair_063,0.499649,1211.608196,1221.466732,
31,phase2,62,pair_063,0.516283,1211.624831,1221.483366,
32,phase2,62,pair_063,0.533266,1211.641813,1221.500349,
33,phase2,62,pair_063,0.54999,1211.658537,1221.517073,
34,phase2,62,pair_063,0.566322,1211.674869,1221.533405,
35,phase2,62,pair_063,0.583,1211.691547,1221.550083,
36,phase2,62,pair_063,0.599653,1211.708201,1221.566737,
37,phase2,62,pair_063,0.616344,1211.724892,1221.583427,
38,phase2,62,pair_063,0.633283,1211.74183,1221.600366,
39,phase2,62,pair_063,0.649658,1211.758209,1221.616741,
40,phase2,62,pair_063,0.666374,1211.774922,1221.633457,
41,phase2,62,pair_063,0.682976,1211.791524,1221.650059,
42,phase2,62,pair_063,0.699649,1211.808196,1221.666732,
43,phase2,62,pair_063,0.716302,1211.82485,1221.683385,
44,phase2,62,pair_063,0.733046,1211.841596,1221.700129,
45,phase2,62,pair_063,0.749697,1211.858244,1221.71678,
46,phase2,62,pair_063,0.766633,1211.87518,1221.733716,
47,phase2,62,pair_063,0.782971,1211.891518,1221.750054,
48,phase2,62,pair_063,0.799706,1211.908256,1221.766789,
49,phase2,62,pair_063,0.816329,1211.924876,1221.783412,
50,phase2,62,pair_063,0.832991,1211.941541,1221.800075,
51,phase2,62,pair_063,0.849667,1211.958215,1221.81675,
52,phase2,62,pair_063,0.866347,1211.974895,1221.83343,
53,phase2,62,pair_063,0.883252,1211.991799,1221.850335,
54,phase2,62,pair_063,0.89965,1212.008197,1221.866733,
55,phase2,62,pair_063,0.916337,1212.024884,1221.88342,
56,phase2,62,pair_063,0.933044,1212.041591,1221.900127,
57,phase2,62,pair_063,0.949646,1212.058195,1221.916729,
58,phase2,62,pair_063,0.966318,1212.074874,1221.933401,
59,phase2,62,pair_063,0.982974,1212.091521,1221.950057,
60,phase2,62,pair_063,0.999671,1212.108219,1221.966754,
61,phase2,62,pair_063,1.016374,1212.124921,1221.983457,
62,phase2,62,pair_063,1.033291,1212.141838,1222.000374,
63,phase2,62,pair_063,1.04995,1212.158497,1222.017033,
64,phase2,62,pair_063,1.066311,1212.174858,1222.033394,
65,phase2,62,pair_063,1.083003,1212.19155,1222.050086,
66,phase2,62,pair_063,1.099938,1212.208485,1222.067021,
67,phase2,62,pair_063,1.116614,1212.225161,1222.083697,
68,phase2,62,pair_063,1.132973,1212.24152,1222.100056,
69,phase2,62,pair_063,1.149657,1212.258204,1222.11674,
70,phase2,62,pair_063,1.166329,1212.274878,1222.133412,
71,phase2,62,pair_063,1.182972,1212.291519,1222.150055,
72,phase2,62,pair_063,1.199628,1212.308175,1222.166712,
73,phase2,62,pair_063,1.216339,1212.324886,1222.183422,
74,phase2,62,pair_063,1.23297,1212.341517,1222.200053,
75,phase2,62,pair_063,1.249956,1212.358503,1222.217039,
76,phase2,62,pair_063,1.266292,1212.37484,1222.233376,
77,phase2,62,pair_063,1.282947,1212.391494,1222.25003,
78,phase2,62,pair_063,1.299626,1212.408173,1222.266709,
79,phase2,62,pair_063,1.316272,1212.42482,1222.283355,
80,phase2,62,pair_063,1.332941,1212.441488,1222.300024,
81,phase2,62,pair_063,1.349603,1212.458152,1222.316686,
82,phase2,62,pair_063,1.366288,1212.474836,1222.333371,
83,phase2,62,pair_063,1.382948,1212.491496,1222.350031,
84,phase2,62,pair_063,1.399611,1212.508159,1222.366694,
85,phase2,62,pair_063,1.416283,1212.52483,1222.383366,
86,phase2,62,pair_063,1.432913,1212.54146,1222.399996,
87,phase2,62,pair_063,1.449604,1212.558151,1222.416687,
88,phase2,62,pair_063,1.466282,1212.574829,1222.433365,
89,phase2,62,pair_063,1.482925,1212.591472,1222.450008,
90,phase2,62,pair_063,1.499612,1212.608159,1222.466695,
0,phase2,62,pair_063,0.0,1212.624772,1222.483306,iti_onset_dur_1.651
1,phase2,62,pair_063,0.016689,1212.641459,1222.499995,
2,phase2,62,pair_063,0.033368,1212.658138,1222.516674,
3,phase2,62,pair_063,0.050041,1212.674811,1222.533347,
4,phase2,62,pair_063,0.06671,1212.69148,1222.550016,
5,phase2,62,pair_063,0.083731,1212.708501,1222.567037,
6,phase2,62,pair_063,0.100048,1212.724818,1222.583354,
7,phase2,62,pair_063,0.116749,1212.741519,1222.600056,
8,phase2,62,pair_063,0.133725,1212.758494,1222.617031,
9,phase2,62,pair_063,0.150047,1212.774817,1222.633353,
10,phase2,62,pair_063,0.166743,1212.791513,1222.650049,
11,phase2,62,pair_063,0.183365,1212.808135,1222.666671,
12,phase2,62,pair_063,0.200341,1212.825111,1222.683647,
13,phase2,62,pair_063,0.216732,1212.841504,1222.700038,
14,phase2,62,pair_063,0.23341,1212.85818,1222.716716,
15,phase2,62,pair_063,0.250082,1212.874852,1222.733388,
16,phase2,62,pair_063,0.26671,1212.891479,1222.750016,
17,phase2,62,pair_063,0.283752,1212.908522,1222.767058,
18,phase2,62,pair_063,0.300023,1212.924793,1222.783329,
19,phase2,62,pair_063,0.31677,1212.94154,1222.800076,
20,phase2,62,pair_063,0.333449,1212.958219,1222.816756,
21,phase2,62,pair_063,0.350079,1212.974861,1222.833385,
22,phase2,62,pair_063,0.366724,1212.991494,1222.85003,
23,phase2,62,pair_063,0.383416,1213.008186,1222.866723,
24,phase2,62,pair_063,0.40005,1213.02482,1222.883357,
25,phase2,62,pair_063,0.416731,1213.0415,1222.900037,
26,phase2,62,pair_063,0.433683,1213.058453,1222.91699,
27,phase2,62,pair_063,0.450052,1213.074822,1222.933358,
28,phase2,62,pair_063,0.466703,1213.091473,1222.950009,
29,phase2,62,pair_063,0.483439,1213.108209,1222.966745,
30,phase2,62,pair_063,0.500051,1213.124821,1222.983357,
31,phase2,62,pair_063,0.516707,1213.141476,1223.000013,
32,phase2,62,pair_063,0.533384,1213.158154,1223.01669,
33,phase2,62,pair_063,0.550127,1213.174897,1223.033433,
34,phase2,62,pair_063,0.566658,1213.191428,1223.049965,
35,phase2,62,pair_063,0.583389,1213.208159,1223.066695,
36,phase2,62,pair_063,0.600092,1213.224862,1223.083398,
37,phase2,62,pair_063,0.616713,1213.241483,1223.100019,
38,phase2,62,pair_063,0.633366,1213.258136,1223.116672,
39,phase2,62,pair_063,0.650051,1213.274821,1223.133357,
40,phase2,62,pair_063,0.666756,1213.291525,1223.150062,
41,phase2,62,pair_063,0.683411,1213.308181,1223.166717,
42,phase2,62,pair_063,0.700367,1213.325137,1223.183673,
43,phase2,62,pair_063,0.716683,1213.341453,1223.19999,
44,phase2,62,pair_063,0.733411,1213.358181,1223.216717,
45,phase2,62,pair_063,0.750085,1213.374855,1223.233391,
46,phase2,62,pair_063,0.766691,1213.391461,1223.249997,
47,phase2,62,pair_063,0.78368,1213.40845,1223.266987,
48,phase2,62,pair_063,0.800071,1213.424841,1223.283378,
49,phase2,62,pair_063,0.816718,1213.441488,1223.300024,
50,phase2,62,pair_063,0.833366,1213.458136,1223.316672,
51,phase2,62,pair_063,0.850348,1213.475117,1223.333654,
52,phase2,62,pair_063,0.866699,1213.491469,1223.350006,
53,phase2,62,pair_063,0.883637,1213.508407,1223.366943,
54,phase2,62,pair_063,0.900323,1213.525093,1223.383629,
55,phase2,62,pair_063,0.916709,1213.541479,1223.400016,
56,phase2,62,pair_063,0.933361,1213.55813,1223.416667,
57,phase2,62,pair_063,0.95007,1213.574841,1223.433377,
58,phase2,62,pair_063,0.966735,1213.591505,1223.450042,
59,phase2,62,pair_063,0.983355,1213.608125,1223.466662,
60,phase2,62,pair_063,1.000041,1213.624811,1223.483347,
61,phase2,62,pair_063,1.016739,1213.641509,1223.500045,
62,phase2,62,pair_063,1.033369,1213.658139,1223.516675,
63,phase2,62,pair_063,1.050036,1213.674805,1223.533342,
64,phase2,62,pair_063,1.066696,1213.691465,1223.550002,
65,phase2,62,pair_063,1.083391,1213.708161,1223.566697,
66,phase2,62,pair_063,1.099994,1213.724764,1223.583301,
67,phase2,62,pair_063,1.116699,1213.741469,1223.600006,
68,phase2,62,pair_063,1.133345,1213.758115,1223.616651,
69,phase2,62,pair_063,1.150075,1213.774844,1223.633381,
70,phase2,62,pair_063,1.166712,1213.791482,1223.650018,
71,phase2,62,pair_063,1.183326,1213.808096,1223.666632,
72,phase2,62,pair_063,1.200033,1213.824803,1223.68334,
73,phase2,62,pair_063,1.21675,1213.84152,1223.700057,
74,phase2,62,pair_063,1.233432,1213.858201,1223.716738,
75,phase2,62,pair_063,1.250032,1213.874802,1223.733338,
76,phase2,62,pair_063,1.266688,1213.891458,1223.749995,
77,phase2,62,pair_063,1.283376,1213.908146,1223.766682,
78,phase2,62,pair_063,1.300084,1213.924854,1223.78339,
79,phase2,62,pair_063,1.316694,1213.941464,1223.800001,
80,phase2,62,pair_063,1.333369,1213.958139,1223.816675,
81,phase2,62,pair_063,1.350047,1213.974816,1223.833353,
82,phase2,62,pair_063,1.366709,1213.991479,1223.850015,
83,phase2,62,pair_063,1.383375,1214.008144,1223.866681,
84,phase2,62,pair_063,1.400013,1214.024782,1223.883319,
85,phase2,62,pair_063,1.416718,1214.041487,1223.900024,
86,phase2,62,pair_063,1.433408,1214.058178,1223.916714,
87,phase2,62,pair_063,1.450085,1214.074855,1223.933392,
88,phase2,62,pair_063,1.466703,1214.091475,1223.95001,
89,phase2,62,pair_063,1.483348,1214.108118,1223.966654,
90,phase2,62,pair_063,1.500025,1214.124795,1223.983331,
91,phase2,62,pair_063,1.516677,1214.141446,1223.999983,
92,phase2,62,pair_063,1.533333,1214.158103,1224.01664,
93,phase2,62,pair_063,1.550017,1214.174786,1224.033323,
94,phase2,62,pair_063,1.566685,1214.191455,1224.049991,
95,phase2,62,pair_063,1.583321,1214.208091,1224.066627,
96,phase2,62,pair_063,1.599977,1214.224747,1224.083284,
97,phase2,62,pair_063,1.616697,1214.241467,1224.100003,
98,phase2,62,pair_063,1.63338,1214.25815,1224.116687,
99,phase2,62,pair_063,1.650034,1214.274804,1224.133341,
0,phase2,62,pair_063,0.0,1215.141543,1225.000073,final_choice_onset
1,phase2,62,pair_063,0.016642,1215.158183,1225.016716,
2,phase2,62,pair_063,0.033657,1215.175201,1225.03373,
3,phase2,62,pair_063,0.050035,1215.191575,1225.050108,
4,phase2,62,pair_063,0.066664,1215.208204,1225.066737,
5,phase2,62,pair_063,0.083383,1215.224923,1225.083456,
6,phase2,62,pair_063,0.100337,1215.241877,1225.10041,
7,phase2,62,pair_063,0.116683,1215.258226,1225.116757,
8,phase2,62,pair_063,0.133329,1215.274869,1225.133402,
9,phase2,62,pair_063,0.150052,1215.291592,1225.150125,
10,phase2,62,pair_063,0.16699,1215.30853,1225.167063,
11,phase2,62,pair_063,0.183346,1215.324886,1225.183419,
12,phase2,62,pair_063,0.200011,1215.341551,1225.200085,
13,phase2,62,pair_063,0.216658,1215.358198,1225.216731,
14,phase2,62,pair_063,0.23365,1215.375191,1225.233724,
15,phase2,62,pair_063,0.250012,1215.391552,1225.250085,
16,phase2,62,pair_063,0.266686,1215.408226,1225.266759,
17,phase2,62,pair_063,0.283341,1215.424881,1225.283414,
18,phase2,62,pair_063,0.30001,1215.44155,1225.300083,
19,phase2,62,pair_063,0.316936,1215.458476,1225.317009,
20,phase2,62,pair_063,0.333341,1215.474886,1225.333414,
21,phase2,62,pair_063,0.350042,1215.491582,1225.350116,
22,phase2,62,pair_063,0.366991,1215.508531,1225.367064,
23,phase2,62,pair_063,0.383634,1215.525175,1225.383708,
24,phase2,62,pair_063,0.399961,1215.541501,1225.400034,
25,phase2,62,pair_063,0.416668,1215.558209,1225.416742,
26,phase2,62,pair_063,0.433629,1215.575169,1225.433702,
27,phase2,62,pair_063,0.450305,1215.591847,1225.450378,
28,phase2,62,pair_063,0.466678,1215.608218,1225.466751,
29,phase2,62,pair_063,0.483329,1215.624878,1225.483402,
30,phase2,62,pair_063,0.500054,1215.641597,1225.500127,
31,phase2,62,pair_063,0.516988,1215.658528,1225.517061,
32,phase2,62,pair_063,0.53333,1215.67487,1225.533403,
33,phase2,62,pair_063,0.549939,1215.69148,1225.550013,
34,phase2,62,pair_063,0.56692,1215.70846,1225.566993,
35,phase2,62,pair_063,0.583313,1215.724853,1225.583386,
36,phase2,62,pair_063,0.599994,1215.741534,1225.600067,
37,phase2,62,pair_063,0.616689,1215.75823,1225.616763,
38,phase2,62,pair_063,0.633305,1215.774845,1225.633378,
39,phase2,62,pair_063,0.649985,1215.791527,1225.650058,
40,phase2,62,pair_063,0.666941,1215.808481,1225.667014,
41,phase2,62,pair_063,0.683273,1215.824815,1225.683347,
42,phase2,62,pair_063,0.699984,1215.841524,1225.700057,
43,phase2,62,pair_063,0.716955,1215.858496,1225.717028,
44,phase2,62,pair_063,0.733328,1215.87487,1225.733401,
45,phase2,62,pair_063,0.749947,1215.891487,1225.75002,
46,phase2,62,pair_063,0.766661,1215.908203,1225.766734,
47,phase2,62,pair_063,0.783312,1215.924853,1225.783386,
48,phase2,62,pair_063,0.80028,1215.941821,1225.800354,
49,phase2,62,pair_063,0.816616,1215.958156,1225.816689,
50,phase2,62,pair_063,0.833339,1215.97488,1225.833412,
51,phase2,62,pair_063,0.849965,1215.991505,1225.850039,
52,phase2,62,pair_063,0.866965,1216.008505,1225.867038,
53,phase2,62,pair_063,0.88331,1216.02485,1225.883384,
54,phase2,62,pair_063,0.899971,1216.041511,1225.900044,
55,phase2,62,pair_063,0.916908,1216.058449,1225.916981,
56,phase2,62,pair_063,0.933622,1216.075162,1225.933695,
57,phase2,62,pair_063,0.949958,1216.0915,1225.950031,
58,phase2,62,pair_063,0.966627,1216.108167,1225.9667,
59,phase2,62,pair_063,0.983286,1216.124826,1225.983359,
60,phase2,62,pair_063,1.000246,1216.141786,1226.000319,
61,phase2,62,pair_063,1.016926,1216.158466,1226.017,
62,phase2,62,pair_063,1.033288,1216.174828,1226.033361,
63,phase2,62,pair_063,1.050216,1216.191756,1226.050289,
64,phase2,62,pair_063,1.066627,1216.208167,1226.0667,
65,phase2,62,pair_063,1.083604,1216.225145,1226.083678,
66,phase2,62,pair_063,1.099968,1216.241508,1226.100041,
67,phase2,62,pair_063,1.116632,1216.258172,1226.116706,
68,phase2,62,pair_063,1.13326,1216.2748,1226.133333,
69,phase2,62,pair_063,1.150259,1216.291799,1226.150332,
70,phase2,62,pair_063,1.166615,1216.308155,1226.166688,
71,phase2,62,pair_063,1.183315,1216.324865,1226.183388,
72,phase2,62,pair_063,1.199944,1216.341485,1226.200018,
73,phase2,62,pair_063,1.216944,1216.358485,1226.217018,
74,phase2,62,pair_063,1.233281,1216.374821,1226.233354,
75,phase2,62,pair_063,1.249971,1216.391513,1226.250044,
76,phase2,62,pair_063,1.266639,1216.408179,1226.266712,
77,phase2,62,pair_063,1.283623,1216.425163,1226.283696,
78,phase2,62,pair_063,1.300249,1216.441789,1226.300322,
79,phase2,62,pair_063,1.316649,1216.458189,1226.316722,
80,phase2,62,pair_063,1.333281,1216.474821,1226.333355,
81,phase2,62,pair_063,1.34995,1216.491491,1226.350024,
82,phase2,62,pair_063,1.36691,1216.50845,1226.366983,
83,phase2,62,pair_063,1.383273,1216.524813,1226.383346,
84,phase2,62,pair_063,1.400024,1216.541566,1226.400097,
85,phase2,62,pair_063,1.41663,1216.55817,1226.416703,
86,phase2,62,pair_063,1.43357,1216.57511,1226.433644,
87,phase2,62,pair_063,1.449965,1216.591505,1226.450038,
88,phase2,62,pair_063,1.466655,1216.608195,1226.466729,
89,phase2,62,pair_063,1.483281,1216.624821,1226.483355,
90,phase2,62,pair_063,1.500254,1216.641794,1226.500327,
91,phase2,62,pair_063,1.516615,1216.658155,1226.516688,
92,phase2,62,pair_063,1.533282,1216.674822,1226.533355,
93,phase2,62,pair_063,1.54994,1216.69148,1226.550013,
94,phase2,62,pair_063,1.566882,1216.708422,1226.566955,
95,phase2,62,pair_063,1.583258,1216.7248,1226.583332,
96,phase2,62,pair_063,1.599975,1216.741515,1226.600048,
97,phase2,62,pair_063,1.616875,1216.758416,1226.616949,
98,phase2,62,pair_063,1.633594,1216.775135,1226.633667,
99,phase2,62,pair_063,1.649936,1216.791476,1226.650009,
100,phase2,62,pair_063,1.666655,1216.808195,1226.666728,
101,phase2,62,pair_063,1.683502,1216.825042,1226.683575,
102,phase2,62,pair_063,1.699915,1216.841455,1226.699988,
103,phase2,62,pair_063,1.716597,1216.858137,1226.71667,
104,phase2,62,pair_063,1.73354,1216.875081,1226.733614,
105,phase2,62,pair_063,1.749934,1216.891476,1226.750008,
106,phase2,62,pair_063,1.766591,1216.908131,1226.766665,
107,phase2,62,pair_063,1.783557,1216.925097,1226.78363,
108,phase2,62,pair_063,1.799939,1216.941479,1226.800012,
109,phase2,62,pair_063,1.816585,1216.958125,1226.816658,
110,phase2,62,pair_063,1.833578,1216.975118,1226.833651,
111,phase2,62,pair_063,1.850224,1216.991764,1226.850298,
112,phase2,62,pair_063,1.866653,1217.008193,1226.866726,
113,phase2,62,pair_063,1.883323,1217.024863,1226.883397,
114,phase2,62,pair_063,1.899961,1217.041504,1226.900035,
115,phase2,62,pair_063,1.916908,1217.058448,1226.916982,
116,phase2,62,pair_063,1.933291,1217.074831,1226.933364,
117,phase2,62,pair_063,1.949919,1217.091459,1226.949992,
118,phase2,62,pair_063,1.96661,1217.10815,1226.966684,
119,phase2,62,pair_063,1.983574,1217.125114,1226.983647,
120,phase2,62,pair_063,1.99994,1217.141483,1227.000013,
121,phase2,62,pair_063,2.016593,1217.158133,1227.016667,
122,phase2,62,pair_063,2.033526,1217.175066,1227.0336,
123,phase2,62,pair_063,2.050235,1217.191775,1227.050308,
124,phase2,62,pair_063,2.066592,1217.208132,1227.066665,
125,phase2,62,pair_063,2.083293,1217.224833,1227.083366,
126,phase2,62,pair_063,2.099914,1217.241456,1227.099987,
127,phase2,62,pair_063,2.116574,1217.258114,1227.116647,
128,phase2,62,pair_063,2.133257,1217.274798,1227.133331,
129,phase2,62,pair_063,2.149953,1217.291492,1227.150026,
130,phase2,62,pair_063,2.16659,1217.30813,1227.166663,
131,phase2,62,pair_063,2.183229,1217.324769,1227.183302,
132,phase2,62,pair_063,2.199925,1217.341465,1227.199998,
133,phase2,62,pair_063,2.216605,1217.358145,1227.216678,
134,phase2,62,pair_063,2.233253,1217.374793,1227.233326,
135,phase2,62,pair_063,2.249923,1217.391463,1227.249996,
136,phase2,62,pair_063,2.266591,1217.408131,1227.266664,
137,phase2,62,pair_063,2.28326,1217.424799,1227.283333,
138,phase2,62,pair_063,2.299907,1217.441447,1227.29998,
139,phase2,62,pair_063,2.316589,1217.458129,1227.316662,
140,phase2,62,pair_063,2.333561,1217.475101,1227.333635,
141,phase2,62,pair_063,2.349915,1217.491455,1227.349989,
142,phase2,62,pair_063,2.366573,1217.508113,1227.366646,
143,phase2,62,pair_063,2.383234,1217.524774,1227.383308,
144,phase2,62,pair_063,2.399906,1217.541446,1227.39998,
145,phase2,62,pair_063,2.416613,1217.558152,1227.416686,
146,phase2,62,pair_063,2.433258,1217.574798,1227.433332,
147,phase2,62,pair_063,2.449904,1217.591444,1227.449977,
148,phase2,62,pair_063,2.466907,1217.608447,1227.46698,
149,phase2,62,pair_063,2.483267,1217.624807,1227.48334,
150,phase2,62,pair_063,2.499981,1217.641521,1227.500054,
151,phase2,62,pair_063,2.516849,1217.658389,1227.516922,
152,phase2,62,pair_063,2.53322,1217.67476,1227.533293,
153,phase2,62,pair_063,2.549912,1217.691452,1227.549985,
154,phase2,62,pair_063,2.566579,1217.708119,1227.566652,
155,phase2,62,pair_063,2.583253,1217.724793,1227.583326,
156,phase2,62,pair_063,2.600245,1217.741785,1227.600318,
157,phase2,62,pair_063,2.616588,1217.758128,1227.616661,
158,phase2,62,pair_063,2.633245,1217.774785,1227.633318,
159,phase2,62,pair_063,2.649974,1217.791514,1227.650047,
160,phase2,62,pair_063,2.666571,1217.808111,1227.666644,
161,phase2,62,pair_063,2.683202,1217.824742,1227.683275,
162,phase2,62,pair_063,2.699904,1217.841444,1227.699977,
163,phase2,62,pair_063,2.716578,1217.858118,1227.716652,
164,phase2,62,pair_063,2.733567,1217.875107,1227.73364,
165,phase2,62,pair_063,2.749919,1217.891459,1227.749993,
166,phase2,62,pair_063,2.766649,1217.908189,1227.766722,
167,phase2,62,pair_063,2.783288,1217.924831,1227.783362,
168,phase2,62,pair_063,2.799883,1217.941423,1227.799957,
169,phase2,62,pair_063,2.816563,1217.958105,1227.816636,
170,phase2,62,pair_063,2.833511,1217.975052,1227.833584,
171,phase2,62,pair_063,2.849973,1217.991513,1227.850046,
172,phase2,62,pair_063,2.866569,1218.008109,1227.866643,
173,phase2,62,pair_063,2.883222,1218.024762,1227.883296,
174,phase2,62,pair_063,2.899883,1218.041423,1227.899956,
175,phase2,62,pair_063,2.916629,1218.058169,1227.916702,
176,phase2,62,pair_063,2.933225,1218.074765,1227.933298,
177,phase2,62,pair_063,2.949911,1218.091451,1227.949985,
178,phase2,62,pair_063,2.966564,1218.108105,1227.966638,
179,phase2,62,pair_063,2.983532,1218.125072,1227.983605,
180,phase2,62,pair_063,2.999884,1218.141424,1227.999958,
181,phase2,62,pair_063,3.016866,1218.158406,1228.016939,
182,phase2,62,pair_063,3.03324,1218.174781,1228.033314,
183,phase2,62,pair_063,3.049874,1218.191414,1228.049948,
184,phase2,62,pair_063,3.066572,1218.208113,1228.066646,
185,phase2,62,pair_063,3.083529,1218.22507,1228.083603,
186,phase2,62,pair_063,3.099893,1218.241433,1228.099967,
187,phase2,62,pair_063,3.116569,1218.258109,1228.116642,
188,phase2,62,pair_063,3.13323,1218.27477,1228.133303,
189,phase2,62,pair_063,3.149886,1218.291426,1228.149959,
190,phase2,62,pair_063,3.166578,1218.308118,1228.166652,
191,phase2,62,pair_063,3.183258,1218.324798,1228.183331,
192,phase2,62,pair_063,3.19994,1218.34148,1228.200014,
193,phase2,62,pair_063,3.216569,1218.358109,1228.216642,
194,phase2,62,pair_063,3.233236,1218.374776,1228.233309,
195,phase2,62,pair_063,3.249959,1218.391499,1228.250033,
196,phase2,62,pair_063,3.266543,1218.408083,1228.266616,
197,phase2,62,pair_063,3.283308,1218.424848,1228.283381,
198,phase2,62,pair_063,3.299826,1218.441366,1228.299899,
199,phase2,62,pair_063,3.316685,1218.458225,1228.316758,
200,phase2,62,pair_063,3.33365,1218.47519,1228.333723,
201,phase2,62,pair_063,3.35003,1218.491573,1228.350103,
202,phase2,62,pair_063,3.366677,1218.508217,1228.36675,
203,phase2,62,pair_063,3.38337,1218.52491,1228.383443,
204,phase2,62,pair_063,3.400321,1218.541862,1228.400395,
205,phase2,62,pair_063,3.416636,1218.558176,1228.416709,
206,phase2,62,pair_063,3.43335,1218.574891,1228.433424,
207,phase2,62,pair_063,3.449982,1218.591522,1228.450056,
208,phase2,62,pair_063,3.466658,1218.608199,1228.466732,
209,phase2,62,pair_063,3.483284,1218.624825,1228.483358,
210,phase2,62,pair_063,3.499988,1218.641528,1228.500062,
211,phase2,62,pair_063,3.516692,1218.658232,1228.516765,
212,phase2,62,pair_063,3.533299,1218.674839,1228.533372,
213,phase2,62,pair_063,3.550295,1218.691835,1228.550368,
214,phase2,62,pair_063,3.566607,1218.708147,1228.56668,
215,phase2,62,pair_063,3.583261,1218.724801,1228.583334,
216,phase2,62,pair_063,3.600026,1218.741566,1228.600099,
217,phase2,62,pair_063,3.616974,1218.758514,1228.617047,
218,phase2,62,pair_063,3.633287,1218.774827,1228.63336,
219,phase2,62,pair_063,3.650014,1218.791556,1228.650088,
220,phase2,62,pair_063,3.666696,1218.808236,1228.666769,
221,phase2,62,pair_063,3.683592,1218.825132,1228.683666,
222,phase2,62,pair_063,3.699996,1218.841536,1228.700069,
223,phase2,62,pair_063,3.716659,1218.858199,1228.716732,
224,phase2,62,pair_063,3.733382,1218.874923,1228.733456,
225,phase2,62,pair_063,3.749973,1218.891513,1228.750046,
226,phase2,62,pair_063,3.766667,1218.908209,1228.76674,
227,phase2,62,pair_063,3.783342,1218.924885,1228.783416,
228,phase2,62,pair_063,3.79997,1218.94151,1228.800043,
229,phase2,62,pair_063,3.816993,1218.958533,1228.817066,
230,phase2,62,pair_063,3.833618,1218.975158,1228.833691,
231,phase2,62,pair_063,3.849999,1218.99154,1228.850072,
232,phase2,62,pair_063,3.866645,1219.008185,1228.866719,
233,phase2,62,pair_063,3.883304,1219.024855,1228.883377,
234,phase2,62,pair_063,3.900279,1219.041819,1228.900352,
235,phase2,62,pair_063,3.916662,1219.058202,1228.916735,
236,phase2,62,pair_063,3.933339,1219.074881,1228.933412,
237,phase2,62,pair_063,3.949972,1219.091512,1228.950045,
238,phase2,62,pair_063,3.966955,1219.108495,1228.967028,
239,phase2,62,pair_063,3.983275,1219.124815,1228.983348,
240,phase2,62,pair_063,3.99999,1219.141532,1229.000064,
241,phase2,62,pair_063,4.016631,1219.158172,1229.016705,
242,phase2,62,pair_063,4.03363,1219.17517,1229.033703,
243,phase2,62,pair_063,4.049988,1219.191528,1229.050061,
244,phase2,62,pair_063,4.066626,1219.208166,1229.066699,
245,phase2,62,pair_063,4.083306,1219.224858,1229.083379,
246,phase2,62,pair_063,4.100299,1219.241839,1229.100372,
247,phase2,62,pair_063,4.116638,1219.258179,1229.116711,
248,phase2,62,pair_063,4.133304,1219.274844,1229.133377,
249,phase2,62,pair_063,4.15001,1219.29155,1229.150083,
250,phase2,62,pair_063,4.166959,1219.308499,1229.167032,
251,phase2,62,pair_063,4.183299,1219.324839,1229.183372,
252,phase2,62,pair_063,4.199974,1219.341514,1229.200048,
253,phase2,62,pair_063,4.216624,1219.358164,1229.216698,
254,phase2,62,pair_063,4.233301,1219.374842,1229.233374,
255,phase2,62,pair_063,4.249917,1219.391457,1229.24999,
256,phase2,62,pair_063,4.266636,1219.408177,1229.26671,
257,phase2,62,pair_063,4.283333,1219.424874,1229.283407,
258,phase2,62,pair_063,4.299961,1219.441501,1229.300034,
259,phase2,62,pair_063,4.31665,1219.45819,1229.316723,
260,phase2,62,pair_063,4.333294,1219.474834,1229.333367,
261,phase2,62,pair_063,4.349991,1219.491533,1229.350064,
262,phase2,62,pair_063,4.36695,1219.50849,1229.367023,
263,phase2,62,pair_063,4.383597,1219.525137,1229.38367,
264,phase2,62,pair_063,4.399927,1219.541468,1229.400001,
265,phase2,62,pair_063,4.416662,1219.558202,1229.416735,
266,phase2,62,pair_063,4.433313,1219.574862,1229.433386,
267,phase2,62,pair_063,4.449945,1219.591485,1229.450018,
268,phase2,62,pair_063,4.466646,1219.608191,1229.466719,
269,phase2,62,pair_063,4.483275,1219.624815,1229.483348,
270,phase2,62,pair_063,4.500041,1219.641581,1229.500114,
271,phase2,62,pair_063,4.516953,1219.658494,1229.517027,
272,phase2,62,pair_063,4.533323,1219.674863,1229.533396,
273,phase2,62,pair_063,4.549951,1219.691491,1229.550024,
274,phase2,62,pair_063,4.566565,1219.708105,1229.566638,
275,phase2,62,pair_063,4.583317,1219.724859,1229.58339,
276,phase2,62,pair_063,4.599977,1219.741517,1229.60005,
277,phase2,62,pair_063,4.616648,1219.758191,1229.616722,
278,phase2,62,pair_063,4.633323,1219.774864,1229.633397,
279,phase2,62,pair_063,4.650309,1219.791849,1229.650383,
280,phase2,62,pair_063,4.666926,1219.808466,1229.666999,
281,phase2,62,pair_063,4.683258,1219.824798,1229.683331,
282,phase2,62,pair_063,4.69997,1219.84151,1229.700043,
283,phase2,62,pair_063,4.716931,1219.858471,1229.717004,
284,phase2,62,pair_063,4.733591,1219.875131,1229.733664,
285,phase2,62,pair_063,4.749963,1219.891503,1229.750036,
286,phase2,62,pair_063,4.766627,1219.908168,1229.766701,
287,phase2,62,pair_063,4.783273,1219.924814,1229.783347,
288,phase2,62,pair_063,4.800289,1219.941832,1229.800362,
289,phase2,62,pair_063,4.816585,1219.958126,1229.816659,
290,phase2,62,pair_063,4.833302,1219.974845,1229.833376,
291,phase2,62,pair_063,4.850268,1219.991808,1229.850341,
292,phase2,62,pair_063,4.866935,1220.008477,1229.867008,
293,phase2,62,pair_063,4.88328,1220.02482,1229.883354,
294,phase2,62,pair_063,4.899957,1220.041497,1229.900031,
295,phase2,62,pair_063,4.916851,1220.058394,1229.916924,
296,phase2,62,pair_063,4.9336,1220.07514,1229.933673,
297,phase2,62,pair_063,4.949959,1220.091498,1229.950032,
298,phase2,62,pair_063,4.966593,1220.108133,1229.966666,
299,phase2,62,pair_063,4.983277,1220.124817,1229.98335,
300,phase2,62,pair_063,4.999951,1220.141491,1230.000024,
301,phase2,62,pair_063,5.016911,1220.158451,1230.016984,
302,phase2,62,pair_063,5.033283,1220.174823,1230.033356,
303,phase2,62,pair_063,5.049919,1220.191459,1230.049993,
304,phase2,62,pair_063,5.066604,1220.208147,1230.066678,
305,phase2,62,pair_063,5.083595,1220.225135,1230.083668,
306,phase2,62,pair_063,5.099952,1220.241492,1230.100025,
307,phase2,62,pair_063,5.116633,1220.258173,1230.116707,
308,phase2,62,pair_063,5.133261,1220.274801,1230.133334,
309,phase2,62,pair_063,5.150278,1220.291818,1230.150352,
310,phase2,62,pair_063,5.166616,1220.308156,1230.16669,
311,phase2,62,pair_063,5.183352,1220.324895,1230.183426,
312,phase2,62,pair_063,5.199918,1220.341458,1230.199991,
313,phase2,62,pair_063,5.216903,1220.358443,1230.216976,
314,phase2,62,pair_063,5.233277,1220.374817,1230.233351,
315,phase2,62,pair_063,5.249993,1220.391533,1230.250066,
316,phase2,62,pair_063,5.266869,1220.408409,1230.266942,
317,phase2,62,pair_063,5.283541,1220.425081,1230.283615,
318,phase2,62,pair_063,5.299953,1220.441493,1230.300026,
319,phase2,62,pair_063,5.316603,1220.458143,1230.316676,
320,phase2,62,pair_063,5.333307,1220.474847,1230.33338,
321,phase2,62,pair_063,5.349936,1220.491476,1230.35001,
322,phase2,62,pair_063,5.366614,1220.508154,1230.366688,
323,phase2,62,pair_063,5.383197,1220.524737,1230.383271,
324,phase2,62,pair_063,5.400027,1220.541567,1230.4001,
325,phase2,62,pair_063,5.416532,1220.558072,1230.416605,
326,phase2,62,pair_063,5.43356,1220.575103,1230.433633,
327,phase2,62,pair_063,5.449932,1220.591472,1230.450006,
328,phase2,62,pair_063,5.466908,1220.608448,1230.466981,
329,phase2,62,pair_063,5.483275,1220.624815,1230.483348,
330,phase2,62,pair_063,5.500211,1220.641751,1230.500285,
331,phase2,62,pair_063,5.516589,1220.658129,1230.516662,
332,phase2,62,pair_063,5.533268,1220.674808,1230.533341,
333,phase2,62,pair_063,5.55023,1220.691769,1230.550303,
334,phase2,62,pair_063,5.566885,1220.708425,1230.566958,
335,phase2,62,pair_063,5.583268,1220.724808,1230.583341,
336,phase2,62,pair_063,5.599958,1220.741499,1230.600032,
337,phase2,62,pair_063,5.616582,1220.758122,1230.616655,
338,phase2,62,pair_063,5.633575,1220.775115,1230.633648,
339,phase2,62,pair_063,5.649919,1220.791458,1230.649992,
340,phase2,62,pair_063,5.666618,1220.80816,1230.666691,
341,phase2,62,pair_063,5.683276,1220.824817,1230.68335,
342,phase2,62,pair_063,5.699876,1220.841417,1230.69995,
343,phase2,62,pair_063,5.716571,1220.858114,1230.716644,
344,phase2,62,pair_063,5.733252,1220.874792,1230.733325,
345,phase2,62,pair_063,5.749852,1220.891392,1230.749926,
346,phase2,62,pair_063,5.766569,1220.908109,1230.766642,
347,phase2,62,pair_063,5.783546,1220.925086,1230.783619,
348,phase2,62,pair_063,5.799942,1220.941482,1230.800015,
349,phase2,62,pair_063,5.81658,1220.958121,1230.816654,
350,phase2,62,pair_063,5.833174,1220.974714,1230.833248,
351,phase2,62,pair_063,5.850208,1220.991749,1230.850281,
352,phase2,62,pair_063,5.866598,1221.008139,1230.866672,
353,phase2,62,pair_063,5.883252,1221.024796,1230.883325,
354,phase2,62,pair_063,5.900207,1221.041747,1230.90028,
355,phase2,62,pair_063,5.916877,1221.058418,1230.916951,
356,phase2,62,pair_063,5.93324,1221.07478,1230.933313,
357,phase2,62,pair_063,5.949914,1221.091673,1230.949987,
358,phase2,62,pair_063,5.966831,1221.108371,1230.966905,
359,phase2,62,pair_063,5.983182,1221.124723,1230.983255,
360,phase2,62,pair_063,5.999949,1221.141492,1231.000023,
361,phase2,62,pair_063,6.016649,1221.15819,1231.016722,
362,phase2,62,pair_063,6.033237,1221.174777,1231.03331,
363,phase2,62,pair_063,6.050225,1221.191765,1231.050299,
364,phase2,62,pair_063,6.066647,1221.20819,1231.06672,
365,phase2,62,pair_063,6.08324,1221.224782,1231.083313,
366,phase2,62,pair_063,6.099893,1221.241433,1231.099966,
367,phase2,62,pair_063,6.116873,1221.258413,1231.116947,
368,phase2,62,pair_063,6.133228,1221.274769,1231.133302,
369,phase2,62,pair_063,6.149961,1221.291501,1231.150034,
370,phase2,62,pair_063,6.16655,1221.30809,1231.166624,
371,phase2,62,pair_063,6.183231,1221.324771,1231.183304,
372,phase2,62,pair_063,6.199895,1221.341435,1231.199968,
373,phase2,62,pair_063,6.216592,1221.358132,1231.216665,
374,phase2,62,pair_063,6.233238,1221.374778,1231.233311,
375,phase2,62,pair_063,6.249879,1221.391419,1231.249952,
376,phase2,62,pair_063,6.266856,1221.408396,1231.26693,
377,phase2,62,pair_063,6.283294,1221.424834,1231.283368,
378,phase2,62,pair_063,6.299933,1221.441473,1231.300006,
379,phase2,62,pair_063,6.316488,1221.458028,1231.316562,
380,phase2,62,pair_063,6.333179,1221.474719,1231.333252,
381,phase2,62,pair_063,6.349906,1221.491445,1231.349979,
382,phase2,62,pair_063,6.36655,1221.50809,1231.366624,
383,phase2,62,pair_063,6.383274,1221.524814,1231.383348,
384,phase2,62,pair_063,6.400187,1221.541727,1231.40026,
385,phase2,62,pair_063,6.416573,1221.558113,1231.416646,
386,phase2,62,pair_063,6.43321,1221.57475,1231.433283,
387,phase2,62,pair_063,6.45016,1221.5917,1231.450234,
388,phase2,62,pair_063,6.466529,1221.608069,1231.466602,
389,phase2,62,pair_063,6.483212,1221.624752,1231.483285,
390,phase2,62,pair_063,6.499914,1221.641454,1231.499987,
391,phase2,62,pair_063,6.516542,1221.658082,1231.516616,
392,phase2,62,pair_063,6.53353,1221.67507,1231.533604,
393,phase2,62,pair_063,6.549889,1221.691429,1231.549962,
394,phase2,62,pair_063,6.566576,1221.708116,1231.566649,
395,phase2,62,pair_063,6.583221,1221.724761,1231.583294,
396,phase2,62,pair_063,6.600194,1221.741734,1231.600267,
397,phase2,62,pair_063,6.616548,1221.758088,1231.616622,
398,phase2,62,pair_063,6.633233,1221.774773,1231.633307,
399,phase2,62,pair_063,6.649879,1221.791419,1231.649952,
400,phase2,62,pair_063,6.666828,1221.808368,1231.666901,
401,phase2,62,pair_063,6.683162,1221.824702,1231.683236,
402,phase2,62,pair_063,6.699938,1221.841478,1231.700012,
403,phase2,62,pair_063,6.716561,1221.858101,1231.716634,
404,phase2,62,pair_063,6.733505,1221.875045,1231.733578,
405,phase2,62,pair_063,6.749816,1221.891356,1231.74989,
406,phase2,62,pair_063,6.766531,1221.908071,1231.766604,
407,phase2,62,pair_063,6.783218,1221.924758,1231.783291,
408,phase2,62,pair_063,6.799838,1221.941378,1231.799911,
409,phase2,62,pair_063,6.816548,1221.958088,1231.816621,
410,phase2,62,pair_063,6.833278,1221.974818,1231.833351,
411,phase2,62,pair_063,6.849855,1221.991395,1231.849929,
412,phase2,62,pair_063,6.866563,1222.008103,1231.866637,
413,phase2,62,pair_063,6.883538,1222.025078,1231.883611,
414,phase2,62,pair_063,6.899907,1222.041447,1231.89998,
415,phase2,62,pair_063,6.916621,1222.058161,1231.916694,
416,phase2,62,pair_063,6.933187,1222.074727,1231.93326,
417,phase2,62,pair_063,6.949882,1222.091423,1231.949956,
418,phase2,62,pair_063,6.966505,1222.108045,1231.966578,
419,phase2,62,pair_063,6.983216,1222.124756,1231.983289,
420,phase2,62,pair_063,6.999871,1222.141411,1231.999944,
421,phase2,62,pair_063,7.016861,1222.158401,1232.016935,
422,phase2,62,pair_063,7.033137,1222.174677,1232.03321,
423,phase2,62,pair_063,7.049829,1222.191369,1232.049902,
424,phase2,62,pair_063,7.066548,1222.208087,1232.066621,
425,phase2,62,pair_063,7.08319,1222.22473,1232.083263,
426,phase2,62,pair_063,7.099889,1222.24144,1232.099962,
427,phase2,62,pair_063,7.116572,1222.258115,1232.116645,
428,phase2,62,pair_063,7.133222,1222.274762,1232.133295,
429,phase2,62,pair_063,7.149859,1222.291399,1232.149932,
430,phase2,62,pair_063,7.166542,1222.308083,1232.166616,
431,phase2,62,pair_063,7.183199,1222.324739,1232.183272,
432,phase2,62,pair_063,7.199901,1222.341442,1232.199975,
433,phase2,62,pair_063,7.216562,1222.358102,1232.216636,
434,phase2,62,pair_063,7.233238,1222.374778,1232.233311,
435,phase2,62,pair_063,7.249961,1222.391501,1232.250034,
436,phase2,62,pair_063,7.266967,1222.408508,1232.267041,
437,phase2,62,pair_063,7.283269,1222.424809,1232.283343,
438,phase2,62,pair_063,7.299943,1222.441486,1232.300017,
439,phase2,62,pair_063,7.316681,1222.458221,1232.316754,
440,phase2,62,pair_063,7.333212,1222.474752,1232.333286,
441,phase2,62,pair_063,7.349908,1222.491448,1232.349981,
442,phase2,62,pair_063,7.366635,1222.508175,1232.366708,
443,phase2,62,pair_063,7.383321,1222.524862,1232.383395,
444,phase2,62,pair_063,7.400342,1222.541882,1232.400415,
445,phase2,62,pair_063,7.416928,1222.558468,1232.417001,
446,phase2,62,pair_063,7.433327,1222.574869,1232.4334,
447,phase2,62,pair_063,7.450207,1222.591747,1232.45028,
448,phase2,62,pair_063,7.466919,1222.608459,1232.466992,
449,phase2,62,pair_063,7.483307,1222.624847,1232.48338,
450,phase2,62,pair_063,7.499956,1222.641496,1232.500029,
451,phase2,62,pair_063,7.516623,1222.658164,1232.516697,
452,phase2,62,pair_063,7.533642,1222.675183,1232.533716,
453,phase2,62,pair_063,7.550266,1222.691806,1232.550339,
454,phase2,62,pair_063,7.566637,1222.708178,1232.566711,
455,phase2,62,pair_063,7.583304,1222.724861,1232.583377,
456,phase2,62,pair_063,7.600329,1222.74187,1232.600402,
457,phase2,62,pair_063,7.616899,1222.758439,1232.616972,
458,phase2,62,pair_063,7.633317,1222.774858,1232.633391,
459,phase2,62,pair_063,7.64991,1222.79145,1232.649983,
460,phase2,62,pair_063,7.666641,1222.808181,1232.666714,
461,phase2,62,pair_063,7.683586,1222.825126,1232.68366,
462,phase2,62,pair_063,7.699938,1222.841478,1232.700011,
463,phase2,62,pair_063,7.716614,1222.858154,1232.716687,
464,phase2,62,pair_063,7.733301,1222.874844,1232.733375,
465,phase2,62,pair_063,7.750278,1222.891818,1232.750351,
466,phase2,62,pair_063,7.766633,1222.908173,1232.766706,
467,phase2,62,pair_063,7.783287,1222.92483,1232.783361,
468,phase2,62,pair_063,7.800246,1222.941786,1232.80032,
469,phase2,62,pair_063,7.816942,1222.958482,1232.817016,
470,phase2,62,pair_063,7.833284,1222.974824,1232.833357,
471,phase2,62,pair_063,7.849925,1222.991465,1232.849998,
472,phase2,62,pair_063,7.866658,1223.0082,1232.866732,
473,phase2,62,pair_063,7.88329,1223.02483,1232.883364,
474,phase2,62,pair_063,7.900265,1223.041807,1232.900338,
475,phase2,62,pair_063,7.91661,1223.05815,1232.916684,
476,phase2,62,pair_063,7.933296,1223.07484,1232.93337,
477,phase2,62,pair_063,7.950248,1223.091788,1232.950322,
478,phase2,62,pair_063,7.966921,1223.108461,1232.966994,
479,phase2,62,pair_063,7.983306,1223.124846,1232.983379,
480,phase2,62,pair_063,-1215.141801,1223.641531,9.858273,response
0,phase3,62,pair_063,0.0,1224.85811,1234.716641,stimulus_onset
1,phase3,62,pair_063,0.016661,1224.87477,1234.733302,
2,phase3,62,pair_063,0.033291,1224.891399,1234.749931,
3,phase3,62,pair_063,0.050353,1224.908462,1234.766994,
4,phase3,62,pair_063,0.066625,1224.924733,1234.783266,
5,phase3,62,pair_063,0.083338,1224.941447,1234.799979,
6,phase3,62,pair_063,0.099973,1224.958081,1234.816613,
7,phase3,62,pair_063,0.116968,1224.975076,1234.833608,
8,phase3,62,pair_063,0.133611,1224.991719,1234.850252,
9,phase3,62,pair_063,0.149984,1225.008092,1234.866625,
10,phase3,62,pair_063,0.166654,1225.024762,1234.883295,
11,phase3,62,pair_063,0.183295,1225.041403,1234.899936,
12,phase3,62,pair_063,0.199994,1225.058102,1234.916635,
13,phase3,62,pair_063,0.216679,1225.074788,1234.93332,
14,phase3,62,pair_063,0.233316,1225.091424,1234.949956,
15,phase3,62,pair_063,0.249974,1225.108082,1234.966614,
16,phase3,62,pair_063,0.266959,1225.125067,1234.9836,
17,phase3,62,pair_063,0.283313,1225.141421,1234.999953,
18,phase3,62,pair_063,0.300034,1225.158142,1235.016675,
19,phase3,62,pair_063,0.316641,1225.17475,1235.033282,
20,phase3,62,pair_063,0.333307,1225.191415,1235.049948,
21,phase3,62,pair_063,0.349964,1225.208072,1235.066604,
22,phase3,62,pair_063,0.366648,1225.224756,1235.083288,
23,phase3,62,pair_063,0.38331,1225.241419,1235.099951,
24,phase3,62,pair_063,0.399958,1225.258066,1235.116599,
25,phase3,62,pair_063,0.416628,1225.274736,1235.133268,
26,phase3,62,pair_063,0.433311,1225.291419,1235.149952,
27,phase3,62,pair_063,0.449969,1225.308077,1235.16661,
28,phase3,62,pair_063,0.466953,1225.325061,1235.183593,
29,phase3,62,pair_063,0.483293,1225.341401,1235.199933,
30,phase3,62,pair_063,0.500009,1225.358117,1235.21665,
31,phase3,62,pair_063,0.516703,1225.374812,1235.233343,
32,phase3,62,pair_063,0.533294,1225.391403,1235.249935,
33,phase3,62,pair_063,0.549985,1225.408108,1235.266625,
34,phase3,62,pair_063,0.566658,1225.424766,1235.283298,
35,phase3,62,pair_063,0.583304,1225.441412,1235.299944,
36,phase3,62,pair_063,0.599964,1225.458072,1235.316605,
37,phase3,62,pair_063,0.616617,1225.474726,1235.333258,
38,phase3,62,pair_063,0.633255,1225.491363,1235.349896,
39,phase3,62,pair_063,0.649979,1225.508087,1235.36662,
40,phase3,62,pair_063,0.666583,1225.524691,1235.383224,
41,phase3,62,pair_063,0.683611,1225.541719,1235.400251,
42,phase3,62,pair_063,0.699911,1225.55802,1235.416552,
43,phase3,62,pair_063,0.716713,1225.574822,1235.433354,
44,phase3,62,pair_063,0.733304,1225.591412,1235.449944,
45,phase3,62,pair_063,0.750276,1225.608384,1235.466917,
46,phase3,62,pair_063,0.7666,1225.624709,1235.483241,
47,phase3,62,pair_063,0.783294,1225.641403,1235.499935,
48,phase3,62,pair_063,0.799955,1225.658063,1235.516596,
49,phase3,62,pair_063,0.81695,1225.675058,1235.53359,
50,phase3,62,pair_063,0.833594,1225.691702,1235.550235,
51,phase3,62,pair_063,0.850014,1225.708123,1235.566655,
52,phase3,62,pair_063,0.86668,1225.724788,1235.58332,
53,phase3,62,pair_063,0.883629,1225.741737,1235.60027,
54,phase3,62,pair_063,0.899932,1225.75804,1235.616572,
55,phase3,62,pair_063,0.916566,1225.774674,1235.633207,
56,phase3,62,pair_063,0.933377,1225.791486,1235.650018,
57,phase3,62,pair_063,0.950292,1225.808401,1235.666933,
58,phase3,62,pair_063,0.966576,1225.824685,1235.683217,
59,phase3,62,pair_063,0.98331,1225.841418,1235.699951,
60,phase3,62,pair_063,0.999981,1225.85809,1235.716622,
61,phase3,62,pair_063,1.016606,1225.874715,1235.733247,
62,phase3,62,pair_063,1.033281,1225.89139,1235.749922,
63,phase3,62,pair_063,1.049886,1225.908007,1235.766526,
64,phase3,62,pair_063,1.066608,1225.924733,1235.783248,
65,phase3,62,pair_063,1.083668,1225.941785,1235.800308,
66,phase3,62,pair_063,1.10026,1225.958371,1235.8169,
67,phase3,62,pair_063,1.116619,1225.974729,1235.83326,
68,phase3,62,pair_063,1.133336,1225.991445,1235.849977,
69,phase3,62,pair_063,1.149964,1226.008073,1235.866604,
70,phase3,62,pair_063,1.166608,1226.024718,1235.883249,
71,phase3,62,pair_063,1.183318,1226.041427,1235.899958,
72,phase3,62,pair_063,1.200011,1226.05812,1235.916652,
73,phase3,62,pair_063,1.216548,1226.074657,1235.933189,
74,phase3,62,pair_063,1.233291,1226.091399,1235.949931,
75,phase3,62,pair_063,1.249937,1226.108046,1235.966578,
76,phase3,62,pair_063,1.266645,1226.124754,1235.983286,
77,phase3,62,pair_063,1.283285,1226.141394,1235.999926,
78,phase3,62,pair_063,1.299933,1226.158041,1236.016574,
79,phase3,62,pair_063,1.316568,1226.174677,1236.033209,
80,phase3,62,pair_063,1.333262,1226.19137,1236.049902,
81,phase3,62,pair_063,1.349919,1226.208028,1236.06656,
82,phase3,62,pair_063,1.366576,1226.224684,1236.083216,
83,phase3,62,pair_063,1.383242,1226.241351,1236.099883,
84,phase3,62,pair_063,1.399935,1226.258043,1236.116575,
85,phase3,62,pair_063,1.416619,1226.274728,1236.13326,
86,phase3,62,pair_063,1.433259,1226.291368,1236.1499,
87,phase3,62,pair_063,1.449888,1226.307997,1236.166529,
88,phase3,62,pair_063,1.466709,1226.324818,1236.18335,
89,phase3,62,pair_063,1.483408,1226.341516,1236.200048,
90,phase3,62,pair_063,1.500052,1226.35816,1236.216693,
91,phase3,62,pair_063,1.516659,1226.374767,1236.233299,
92,phase3,62,pair_063,1.533357,1226.391466,1236.249998,
93,phase3,62,pair_063,1.550035,1226.408147,1236.266675,
94,phase3,62,pair_063,1.566666,1226.424774,1236.283307,
95,phase3,62,pair_063,1.583345,1226.441453,1236.299985,
96,phase3,62,pair_063,1.600034,1226.458142,1236.316674,
97,phase3,62,pair_063,1.616676,1226.474784,1236.333316,
98,phase3,62,pair_063,1.633368,1226.491479,1236.350008,
99,phase3,62,pair_063,1.650045,1226.508153,1236.366685,
100,phase3,62,pair_063,1.6667,1226.524808,1236.38334,
101,phase3,62,pair_063,1.68335,1226.541459,1236.399991,
102,phase3,62,pair_063,1.700028,1226.558137,1236.416669,
103,phase3,62,pair_063,1.71669,1226.5748,1236.43333,
104,phase3,62,pair_063,1.733359,1226.591467,1236.449999,
105,phase3,62,pair_063,1.750007,1226.608116,1236.466648,
106,phase3,62,pair_063,1.766691,1226.6248,1236.483332,
107,phase3,62,pair_063,1.783361,1226.641471,1236.500002,
108,phase3,62,pair_063,1.799991,1226.6581,1236.516632,
109,phase3,62,pair_063,1.816671,1226.67478,1236.533312,
110,phase3,62,pair_063,1.833363,1226.691472,1236.550004,
111,phase3,62,pair_063,1.850022,1226.70813,1236.566662,
112,phase3,62,pair_063,1.866675,1226.724784,1236.583316,
113,phase3,62,pair_063,1.883362,1226.741473,1236.600003,
114,phase3,62,pair_063,1.900021,1226.75813,1236.616662,
115,phase3,62,pair_063,1.916659,1226.774767,1236.633299,
116,phase3,62,pair_063,1.933342,1226.79145,1236.649982,
117,phase3,62,pair_063,1.949975,1226.808084,1236.666616,
118,phase3,62,pair_063,1.966661,1226.824769,1236.683302,
119,phase3,62,pair_063,2.066652,1226.92476,1236.783292,
120,phase3,62,pair_063,2.083356,1226.941464,1236.799996,
121,phase3,62,pair_063,2.099951,1226.95806,1236.816592,
122,phase3,62,pair_063,2.116685,1226.974794,1236.833326,
123,phase3,62,pair_063,2.133345,1226.991454,1236.849986,
124,phase3,62,pair_063,2.150028,1227.008136,1236.866668,
125,phase3,62,pair_063,2.166683,1227.024792,1236.883324,
126,phase3,62,pair_063,2.183337,1227.041445,1236.899977,
127,phase3,62,pair_063,2.200007,1227.058116,1236.916648,
128,phase3,62,pair_063,2.216654,1227.074762,1236.933294,
129,phase3,62,pair_063,2.233333,1227.091442,1236.949974,
130,phase3,62,pair_063,2.25002,1227.108128,1236.96666,
131,phase3,62,pair_063,2.266705,1227.124818,1236.983346,
132,phase3,62,pair_063,2.283346,1227.141455,1236.999987,
133,phase3,62,pair_063,2.300013,1227.158122,1237.016654,
134,phase3,62,pair_063,2.317006,1227.175114,1237.033646,
135,phase3,62,pair_063,2.333352,1227.19146,1237.049992,
136,phase3,62,pair_063,2.350006,1227.208143,1237.066646,
137,phase3,62,pair_063,2.366705,1227.224814,1237.083346,
138,phase3,62,pair_063,2.383672,1227.241781,1237.100313,
139,phase3,62,pair_063,2.399976,1227.258085,1237.116617,
140,phase3,62,pair_063,2.416629,1227.274737,1237.13327,
141,phase3,62,pair_063,2.433381,1227.291489,1237.150021,
142,phase3,62,pair_063,2.450002,1227.308111,1237.166643,
143,phase3,62,pair_063,2.466686,1227.324794,1237.183326,
144,phase3,62,pair_063,2.483336,1227.341444,1237.199977,
145,phase3,62,pair_063,2.500076,1227.358184,1237.216717,
146,phase3,62,pair_063,2.516656,1227.374764,1237.233297,
147,phase3,62,pair_063,2.53365,1227.391759,1237.250291,
148,phase3,62,pair_063,2.550012,1227.40812,1237.266653,
149,phase3,62,pair_063,2.566599,1227.424707,1237.283239,
150,phase3,62,pair_063,2.583272,1227.441381,1237.299913,
151,phase3,62,pair_063,2.600298,1227.458406,1237.316939,
152,phase3,62,pair_063,2.616684,1227.474792,1237.333324,
153,phase3,62,pair_063,2.633314,1227.491423,1237.349955,
154,phase3,62,pair_063,2.650328,1227.508437,1237.366969,
155,phase3,62,pair_063,2.666973,1227.525081,1237.383614,
156,phase3,62,pair_063,2.683339,1227.54145,1237.39998,
157,phase3,62,pair_063,2.70005,1227.558158,1237.416691,
158,phase3,62,pair_063,2.716638,1227.574746,1237.433278,
159,phase3,62,pair_063,2.733609,1227.591717,1237.450249,
160,phase3,62,pair_063,2.750005,1227.608117,1237.466645,
161,phase3,62,pair_063,2.766669,1227.624778,1237.48331,
162,phase3,62,pair_063,2.783286,1227.641394,1237.499926,
163,phase3,62,pair_063,2.800324,1227.658433,1237.516965,
164,phase3,62,pair_063,2.816624,1227.674733,1237.533265,
165,phase3,62,pair_063,2.833331,1227.691439,1237.549972,
166,phase3,62,pair_063,2.849982,1227.708091,1237.566623,
167,phase3,62,pair_063,2.866588,1227.724696,1237.583229,
168,phase3,62,pair_063,2.883557,1227.741666,1237.600198,
169,phase3,62,pair_063,2.899983,1227.758091,1237.616623,
170,phase3,62,pair_063,2.916714,1227.774824,1237.633354,
171,phase3,62,pair_063,2.933648,1227.791756,1237.650288,
172,phase3,62,pair_063,2.950302,1227.80841,1237.666943,
173,phase3,62,pair_063,2.96663,1227.824738,1237.683271,
174,phase3,62,pair_063,2.983333,1227.841441,1237.699973,
175,phase3,62,pair_063,3.000293,1227.858401,1237.716933,
176,phase3,62,pair_063,3.016573,1227.874681,1237.733214,
177,phase3,62,pair_063,3.033292,1227.8914,1237.749932,
178,phase3,62,pair_063,3.049923,1227.908031,1237.766564,
179,phase3,62,pair_063,3.066999,1227.925107,1237.78364,
180,phase3,62,pair_063,3.083614,1227.941722,1237.800254,
181,phase3,62,pair_063,3.099987,1227.958095,1237.816627,
182,phase3,62,pair_063,3.19999,1228.058098,1237.91663,
183,phase3,62,pair_063,3.216991,1228.0751,1237.933632,
184,phase3,62,pair_063,3.233301,1228.091409,1237.949942,
185,phase3,62,pair_063,3.249978,1228.108087,1237.966619,
186,phase3,62,pair_063,3.26665,1228.124761,1237.983291,
187,phase3,62,pair_063,3.283287,1228.141395,1237.999927,
188,phase3,62,pair_063,3.300015,1228.158127,1238.016656,
189,phase3,62,pair_063,3.316616,1228.174725,1238.033256,
190,phase3,62,pair_063,3.333316,1228.191424,1238.049956,
191,phase3,62,pair_063,3.349937,1228.208045,1238.066577,
192,phase3,62,pair_063,3.366954,1228.225063,1238.083594,
193,phase3,62,pair_063,3.383327,1228.241435,1238.099967,
194,phase3,62,pair_063,3.399983,1228.258092,1238.116624,
195,phase3,62,pair_063,3.416931,1228.275039,1238.133571,
196,phase3,62,pair_063,3.433627,1228.291736,1238.150268,
197,phase3,62,pair_063,3.449994,1228.308106,1238.166635,
198,phase3,62,pair_063,3.466568,1228.324677,1238.183209,
199,phase3,62,pair_063,3.483567,1228.341676,1238.200208,
200,phase3,62,pair_063,3.500268,1228.358377,1238.216909,
201,phase3,62,pair_063,3.516713,1228.374822,1238.233354,
202,phase3,62,pair_063,3.533382,1228.391491,1238.250023,
203,phase3,62,pair_063,3.549973,1228.408082,1238.266614,
204,phase3,62,pair_063,3.566956,1228.425065,1238.283597,
205,phase3,62,pair_063,3.583306,1228.441414,1238.299946,
206,phase3,62,pair_063,3.599987,1228.458095,1238.316628,
207,phase3,62,pair_063,3.616569,1228.474678,1238.33321,
208,phase3,62,pair_063,3.633291,1228.491402,1238.349932,
209,phase3,62,pair_063,3.649958,1228.508067,1238.366599,
210,phase3,62,pair_063,3.666659,1228.524768,1238.3833,
211,phase3,62,pair_063,3.683369,1228.541477,1238.400009,
212,phase3,62,pair_063,3.699954,1228.558073,1238.416595,
213,phase3,62,pair_063,3.716926,1228.575035,1238.433567,
214,phase3,62,pair_063,3.733316,1228.591425,1238.449957,
215,phase3,62,pair_063,3.749988,1228.608099,1238.466628,
216,phase3,62,pair_063,3.766594,1228.624703,1238.483235,
217,phase3,62,pair_063,3.783585,1228.641693,1238.500225,
218,phase3,62,pair_063,3.799955,1228.658063,1238.516596,
219,phase3,62,pair_063,3.816602,1228.674713,1238.533243,
220,phase3,62,pair_063,3.833635,1228.691744,1238.550276,
221,phase3,62,pair_063,3.850263,1228.708372,1238.566904,
222,phase3,62,pair_063,3.866646,1228.724757,1238.583287,
223,phase3,62,pair_063,3.883239,1228.741348,1238.599879,
224,phase3,62,pair_063,3.900289,1228.758398,1238.61693,
225,phase3,62,pair_063,3.916622,1228.77473,1238.633263,
226,phase3,62,pair_063,3.933277,1228.791386,1238.649918,
227,phase3,62,pair_063,3.95003,1228.808139,1238.66667,
228,phase3,62,pair_063,3.966578,1228.824687,1238.683219,
229,phase3,62,pair_063,3.983633,1228.841741,1238.700273,
230,phase3,62,pair_063,3.999965,1228.858073,1238.716605,
231,phase3,62,pair_063,4.016601,1228.87471,1238.733242,
232,phase3,62,pair_063,4.033274,1228.891383,1238.749914,
233,phase3,62,pair_063,4.049948,1228.908057,1238.766589,
234,phase3,62,pair_063,4.066538,1228.924647,1238.783179,
235,phase3,62,pair_063,4.083304,1228.941413,1238.799945,
236,phase3,62,pair_063,4.099945,1228.958053,1238.816585,
237,phase3,62,pair_063,4.116627,1228.974736,1238.833268,
238,phase3,62,pair_063,4.133209,1228.991318,1238.84985,
239,phase3,62,pair_063,4.149964,1229.008072,1238.866604,
240,phase3,62,pair_063,4.166653,1229.024762,1238.883293,
241,phase3,62,pair_063,4.183592,1229.0417,1238.900232,
242,phase3,62,pair_063,4.300097,1229.158205,1239.016738,
243,phase3,62,pair_063,4.316647,1229.174756,1239.033288,
244,phase3,62,pair_063,4.33325,1229.191359,1239.049891,
245,phase3,62,pair_063,4.34998,1229.208089,1239.06662,
246,phase3,62,pair_063,4.366609,1229.224718,1239.08325,
247,phase3,62,pair_063,4.383247,1229.241356,1239.099888,
248,phase3,62,pair_063,4.399945,1229.258053,1239.116586,
249,phase3,62,pair_063,4.416639,1229.274747,1239.133279,
250,phase3,62,pair_063,4.433281,1229.29139,1239.149922,
251,phase3,62,pair_063,4.449949,1229.308058,1239.16659,
252,phase3,62,pair_063,4.466604,1229.324713,1239.183245,
253,phase3,62,pair_063,4.483587,1229.341695,1239.200227,
254,phase3,62,pair_063,4.499931,1229.358039,1239.216572,
255,phase3,62,pair_063,4.51656,1229.374669,1239.233201,
256,phase3,62,pair_063,4.533562,1229.391671,1239.250203,
257,phase3,62,pair_063,4.54988,1229.407988,1239.26652,
258,phase3,62,pair_063,4.566611,1229.42472,1239.283251,
259,phase3,62,pair_063,4.583319,1229.441428,1239.29996,
260,phase3,62,pair_063,4.600257,1229.458366,1239.316898,
261,phase3,62,pair_063,4.616904,1229.475013,1239.333544,
262,phase3,62,pair_063,4.633258,1229.491367,1239.349899,
263,phase3,62,pair_063,4.649991,1229.5081,1239.366632,
264,phase3,62,pair_063,4.66654,1229.524649,1239.383181,
265,phase3,62,pair_063,4.683237,1229.541345,1239.399877,
266,phase3,62,pair_063,4.699911,1229.55802,1239.416552,
267,phase3,62,pair_063,4.716599,1229.574708,1239.43324,
268,phase3,62,pair_063,4.733233,1229.591341,1239.449874,
269,phase3,62,pair_063,4.750256,1229.608365,1239.466897,
270,phase3,62,pair_063,4.766599,1229.624707,1239.483239,
271,phase3,62,pair_063,4.783301,1229.641409,1239.499942,
272,phase3,62,pair_063,4.799925,1229.658034,1239.516566,
273,phase3,62,pair_063,4.816598,1229.674707,1239.533238,
274,phase3,62,pair_063,4.833253,1229.691361,1239.549894,
275,phase3,62,pair_063,4.849959,1229.708067,1239.5666,
276,phase3,62,pair_063,4.866583,1229.724691,1239.583223,
277,phase3,62,pair_063,4.883243,1229.741352,1239.599884,
278,phase3,62,pair_063,4.899923,1229.758031,1239.616563,
279,phase3,62,pair_063,4.916592,1229.774701,1239.633233,
280,phase3,62,pair_063,4.933317,1229.791426,1239.649958,
281,phase3,62,pair_063,4.950236,1229.808345,1239.666877,
282,phase3,62,pair_063,4.966537,1229.824646,1239.683178,
283,phase3,62,pair_063,4.983332,1229.841444,1239.699973,
284,phase3,62,pair_063,4.999938,1229.858047,1239.716579,
285,phase3,62,pair_063,5.016592,1229.8747,1239.733233,
286,phase3,62,pair_063,5.033261,1229.891369,1239.749902,
287,phase3,62,pair_063,5.049866,1229.907975,1239.766507,
288,phase3,62,pair_063,5.066836,1229.924944,1239.783477,
289,phase3,62,pair_063,5.083254,1229.941362,1239.799894,
290,phase3,62,pair_063,5.100213,1229.958322,1239.816854,
291,phase3,62,pair_063,5.116614,1229.974722,1239.833254,
292,phase3,62,pair_063,5.133239,1229.991347,1239.849879,
293,phase3,62,pair_063,5.149936,1230.008044,1239.866576,
294,phase3,62,pair_063,5.166583,1230.024692,1239.883224,
295,phase3,62,pair_063,5.18327,1230.041379,1239.899911,
296,phase3,62,pair_063,5.19995,1230.058058,1239.91659,
297,phase3,62,pair_063,5.216557,1230.074665,1239.933197,
298,phase3,62,pair_063,5.233561,1230.091669,1239.950201,
299,phase3,62,pair_063,5.249926,1230.108035,1239.966567,
300,phase3,62,pair_063,5.266619,1230.124727,1239.983259,
301,phase3,62,pair_063,5.283307,1230.141416,1239.999948,
302,phase3,62,pair_063,5.300217,1230.158325,1240.016857,
303,phase3,62,pair_063,5.316556,1230.174665,1240.033197,
304,phase3,62,pair_063,5.33349,1230.191601,1240.05013,
305,phase3,62,pair_063,5.349908,1230.208016,1240.066548,
306,phase3,62,pair_063,5.366564,1230.224673,1240.083205,
307,phase3,62,pair_063,5.383249,1230.241357,1240.099889,
308,phase3,62,pair_063,5.400011,1230.25812,1240.116652,
309,phase3,62,pair_063,5.416626,1230.274734,1240.133267,
310,phase3,62,pair_063,5.43336,1230.291468,1240.15,
311,phase3,62,pair_063,5.450041,1230.308153,1240.166682,
312,phase3,62,pair_063,5.466992,1230.325101,1240.183633,
313,phase3,62,pair_063,5.483676,1230.341785,1240.200317,
314,phase3,62,pair_063,5.499976,1230.358084,1240.216616,
315,phase3,62,pair_063,5.516684,1230.374795,1240.233325,
316,phase3,62,pair_063,5.533389,1230.3915,1240.25003,
317,phase3,62,pair_063,5.550331,1230.40844,1240.266972,
318,phase3,62,pair_063,5.566685,1230.424794,1240.283326,
319,phase3,62,pair_063,5.583348,1230.441456,1240.299988,
320,phase3,62,pair_063,5.600058,1230.458168,1240.316698,
321,phase3,62,pair_063,5.616999,1230.475108,1240.33364,
322,phase3,62,pair_063,5.633353,1230.491461,1240.349994,
323,phase3,62,pair_063,5.650009,1230.508117,1240.36665,
324,phase3,62,pair_063,5.666685,1230.524793,1240.383325,
325,phase3,62,pair_063,5.683698,1230.541807,1240.400339,
326,phase3,62,pair_063,5.700292,1230.558401,1240.416933,
327,phase3,62,pair_063,5.716676,1230.57479,1240.433317,
328,phase3,62,pair_063,5.816579,1230.674687,1240.53322,
329,phase3,62,pair_063,5.83365,1230.691759,1240.550291,
330,phase3,62,pair_063,5.850027,1230.708137,1240.566668,
331,phase3,62,pair_063,5.866691,1230.7248,1240.583332,
332,phase3,62,pair_063,5.883653,1230.741762,1240.600294,
333,phase3,62,pair_063,5.90032,1230.758428,1240.616961,
334,phase3,62,pair_063,5.916682,1230.77479,1240.633322,
335,phase3,62,pair_063,5.933352,1230.791462,1240.649993,
336,phase3,62,pair_063,5.950013,1230.808121,1240.666653,
337,phase3,62,pair_063,5.966955,1230.825064,1240.683596,
338,phase3,62,pair_063,5.98335,1230.841462,1240.69999,
339,phase3,62,pair_063,6.000002,1230.858111,1240.716643,
340,phase3,62,pair_063,6.016722,1230.874832,1240.733363,
341,phase3,62,pair_063,6.033298,1230.891407,1240.749938,
342,phase3,62,pair_063,6.049991,1230.9081,1240.766632,
343,phase3,62,pair_063,6.066653,1230.924762,1240.783294,
344,phase3,62,pair_063,6.083326,1230.941435,1240.799966,
345,phase3,62,pair_063,6.099994,1230.958103,1240.816634,
346,phase3,62,pair_063,6.116655,1230.974766,1240.833295,
347,phase3,62,pair_063,6.133345,1230.991454,1240.849986,
348,phase3,62,pair_063,6.150024,1231.008134,1240.866664,
349,phase3,62,pair_063,6.166594,1231.024704,1240.883235,
350,phase3,62,pair_063,6.183625,1231.041733,1240.900265,
351,phase3,62,pair_063,6.200004,1231.058113,1240.916645,
352,phase3,62,pair_063,6.216671,1231.07478,1240.933312,
353,phase3,62,pair_063,6.233319,1231.091626,1240.94996,
354,phase3,62,pair_063,6.249978,1231.108086,1240.966619,
355,phase3,62,pair_063,6.266656,1231.124768,1240.983296,
356,phase3,62,pair_063,6.283359,1231.141468,1241.0,
357,phase3,62,pair_063,6.300015,1231.158125,1241.016656,
358,phase3,62,pair_063,6.316615,1231.174724,1241.033256,
359,phase3,62,pair_063,-1224.858368,1231.174889,9.858273,response
