frame_idx,phase,trial_id,stim_pair_id,elapsed_time,global_time,flip_time,event_marker
0,phase1,57,pair_058,0.0,2165.951701,2175.810225,stimulus_onset
1,phase1,57,pair_058,0.01673,2165.968423,2175.826955,
2,phase1,57,pair_058,0.033259,2165.984951,2175.843485,
3,phase1,57,pair_058,0.05028,2166.001972,2175.860505,
4,phase1,57,pair_058,0.066905,2166.018597,2175.87713,
5,phase1,57,pair_058,0.083261,2166.034952,2175.893486,
6,phase1,57,pair_058,0.099933,2166.051627,2175.910158,
7,phase1,57,pair_058,0.116609,2166.068301,2175.926834,
8,phase1,57,pair_058,0.133564,2166.085255,2175.943789,
9,phase1,57,pair_058,0.149952,2166.101643,2175.960177,
10,phase1,57,pair_058,0.166598,2166.11829,2175.976823,
11,phase1,57,pair_058,0.183281,2166.134977,2175.993506,
12,phase1,57,pair_058,0.200237,2166.151931,2176.010462,
13,phase1,57,pair_058,0.216588,2166.168279,2176.026813,
14,phase1,57,pair_058,0.233284,2166.184976,2176.043509,
15,phase1,57,pair_058,0.250183,2166.201877,2176.060408,
16,phase1,57,pair_058,0.266914,2166.218606,2176.077139,
17,phase1,57,pair_058,0.283249,2166.23494,2176.093474,
18,phase1,57,pair_058,0.299943,2166.251635,2176.110168,
19,phase1,57,pair_058,0.316604,2166.268295,2176.126829,
20,phase1,57,pair_058,0.333587,2166.285278,2176.143812,
21,phase1,57,pair_058,0.349875,2166.301569,2176.1601,
22,phase1,57,pair_058,0.366626,2166.318318,2176.176851,
23,phase1,57,pair_058,0.383263,2166.334958,2176.193488,
24,phase1,57,pair_058,0.399931,2166.351623,2176.210156,
25,phase1,57,pair_058,0.41659,2166.368285,2176.226815,
26,phase1,57,pair_058,0.433289,2166.384981,2176.243514,
27,phase1,57,pair_058,0.449912,2166.401603,2176.260137,
28,phase1,57,pair_058,0.466906,2166.418597,2176.277131,
29,phase1,57,pair_058,0.483551,2166.435243,2176.293776,
30,phase1,57,pair_058,0.499976,2166.451667,2176.310201,
31,phase1,57,pair_058,0.516598,2166.468292,2176.326823,
32,phase1,57,pair_058,0.533256,2166.484947,2176.343481,
33,phase1,57,pair_058,0.549949,2166.501641,2176.360174,
34,phase1,57,pair_058,0.566583,2166.518274,2176.376808,
35,phase1,57,pair_058,0.583279,2166.534971,2176.393504,
36,phase1,57,pair_058,0.599904,2166.551596,2176.410129,
37,phase1,57,pair_058,0.616895,2166.568586,2176.42712,
38,phase1,57,pair_058,0.633249,2166.58494,2176.443474,
39,phase1,57,pair_058,0.649965,2166.601657,2176.46019,
40,phase1,57,pair_058,0.666646,2166.618338,2176.476871,
41,phase1,57,pair_058,0.683573,2166.635264,2176.493798,
42,phase1,57,pair_058,0.699908,2166.651599,2176.510133,
43,phase1,57,pair_058,0.716587,2166.668278,2176.526812,
44,phase1,57,pair_058,0.733516,2166.685207,2176.543741,
45,phase1,57,pair_058,0.749898,2166.701589,2176.560123,
46,phase1,57,pair_058,0.766576,2166.718267,2176.576801,
47,phase1,57,pair_058,0.78325,2166.734941,2176.593475,
48,phase1,57,pair_058,0.799901,2166.751593,2176.610126,
49,phase1,57,pair_058,0.816572,2166.768264,2176.626797,
50,phase1,57,pair_058,0.833543,2166.785235,2176.643768,
51,phase1,57,pair_058,0.84993,2166.801622,2176.660155,
52,phase1,57,pair_058,0.866542,2166.818236,2176.676767,
53,phase1,57,pair_058,0.883545,2166.835237,2176.69377,
54,phase1,57,pair_058,0.899898,2166.851593,2176.710124,
55,phase1,57,pair_058,0.91663,2166.868322,2176.726855,
56,phase1,57,pair_058,0.933272,2166.884963,2176.743497,
57,phase1,57,pair_058,0.949814,2166.901508,2176.760039,
58,phase1,57,pair_058,0.966526,2166.91822,2176.776751,
59,phase1,57,pair_058,0.983228,2166.93492,2176.793453,
60,phase1,57,pair_058,1.000356,2166.952077,2176.810581,
61,phase1,57,pair_058,1.016569,2166.968265,2176.826794,
62,phase1,57,pair_058,1.033557,2166.98525,2176.843782,
63,phase1,57,pair_058,1.049919,2167.001611,2176.860144,
64,phase1,57,pair_058,1.066505,2167.018197,2176.87673,
65,phase1,57,pair_058,1.083196,2167.034888,2176.893421,
66,phase1,57,pair_058,1.100222,2167.051914,2176.910447,
67,phase1,57,pair_058,1.116581,2167.068273,2176.926806,
68,phase1,57,pair_058,1.133238,2167.084932,2176.943463,
69,phase1,57,pair_058,1.149942,2167.101634,2176.960167,
70,phase1,57,pair_058,1.166848,2167.118539,2176.977073,
71,phase1,57,pair_058,1.18323,2167.134922,2176.993455,
72,phase1,57,pair_058,1.199907,2167.151599,2177.010132,
73,phase1,57,pair_058,1.216554,2167.168245,2177.026779,
74,phase1,57,pair_058,1.23359,2167.185282,2177.043815,
75,phase1,57,pair_058,1.249886,2167.201578,2177.060112,
76,phase1,57,pair_058,1.26663,2167.218321,2177.076855,
77,phase1,57,pair_058,1.283219,2167.234911,2177.093444,
78,phase1,57,pair_058,1.300205,2167.251897,2177.11043,
79,phase1,57,pair_058,1.316847,2167.268538,2177.127072,
80,phase1,57,pair_058,1.333264,2167.284958,2177.143489,
81,phase1,57,pair_058,1.349882,2167.301573,2177.160107,
82,phase1,57,pair_058,1.366529,2167.31822,2177.176754,
83,phase1,57,pair_058,1.383238,2167.33493,2177.193463,
84,phase1,57,pair_058,1.399846,2167.351539,2177.210071,
85,phase1,57,pair_058,1.416558,2167.368249,2177.226783,
86,phase1,57,pair_058,1.433183,2167.384874,2177.243408,
87,phase1,57,pair_058,1.44986,2167.401551,2177.260085,
88,phase1,57,pair_058,1.466528,2167.418219,2177.276753,
89,phase1,57,pair_058,1.48322,2167.434912,2177.293445,
90,phase1,57,pair_058,1.499945,2167.451637,2177.31017,
91,phase1,57,pair_058,1.516865,2167.468557,2177.32709,
92,phase1,57,pair_058,1.53316,2167.484851,2177.343385,
93,phase1,57,pair_058,1.549889,2167.50158,2177.360114,
94,phase1,57,pair_058,1.566543,2167.518234,2177.376768,
95,phase1,57,pair_058,1.583226,2167.53492,2177.393452,
96,phase1,57,pair_058,1.599883,2167.551574,2177.410108,
97,phase1,57,pair_058,1.616532,2167.568224,2177.426757,
98,phase1,57,pair_058,1.633208,2167.584899,2177.443433,
99,phase1,57,pair_058,1.650214,2167.601905,2177.460439,
100,phase1,57,pair_058,1.666574,2167.618265,2177.476799,
101,phase1,57,pair_058,1.683158,2167.63485,2177.493383,
102,phase1,57,pair_058,1.700125,2167.651817,2177.51035,
103,phase1,57,pair_058,1.716531,2167.668222,2177.526756,
104,phase1,57,pair_058,1.733181,2167.684873,2177.543407,
105,phase1,57,pair_058,1.749794,2167.701485,2177.560019,
106,phase1,57,pair_058,1.766523,2167.718214,2177.576748,
107,phase1,57,pair_058,1.78321,2167.734901,2177.593435,
108,phase1,57,pair_058,1.800174,2167.751866,2177.610399,
109,phase1,57,pair_058,1.816479,2167.76817,2177.626704,
110,phase1,57,pair_058,1.833133,2167.784825,2177.643358,
111,phase1,57,pair_058,1.849878,2167.801569,2177.660103,
112,phase1,57,pair_058,1.866508,2167.818199,2177.676733,
113,phase1,57,pair_058,1.88317,2167.834862,2177.693395,
114,phase1,57,pair_058,1.900145,2167.851837,2177.710371,
115,phase1,57,pair_058,1.916533,2167.868224,2177.726758,
116,phase1,57,pair_058,1.933181,2167.884872,2177.743406,
117,phase1,57,pair_058,1.949852,2167.901545,2177.760077,
118,phase1,57,pair_058,1.966473,2167.918165,2177.776698,
119,phase1,57,pair_058,1.983148,2167.934839,2177.793373,
120,phase1,57,pair_058,2.000195,2167.951886,2177.81042,
121,phase1,57,pair_058,2.016527,2167.968219,2177.826752,
122,phase1,57,pair_058,2.033179,2167.984876,2177.843404,
123,phase1,57,pair_058,2.049976,2168.001667,2177.860201,
124,phase1,57,pair_058,2.066645,2168.018336,2177.87687,
125,phase1,57,pair_058,2.083303,2168.034995,2177.893528,
126,phase1,57,pair_058,2.099968,2168.051663,2177.910193,
127,phase1,57,pair_058,2.116598,2168.068289,2177.926823,
128,phase1,57,pair_058,2.133304,2168.084995,2177.943529,
129,phase1,57,pair_058,2.149991,2168.101683,2177.960216,
130,phase1,57,pair_058,2.166635,2168.118327,2177.97686,
131,phase1,57,pair_058,2.183631,2168.135322,2177.993856,
132,phase1,57,pair_058,2.199965,2168.151674,2178.01019,
133,phase1,57,pair_058,2.216745,2168.168437,2178.02697,
134,phase1,57,pair_058,2.23358,2168.185271,2178.043805,
135,phase1,57,pair_058,2.250289,2168.201983,2178.060514,
136,phase1,57,pair_058,2.266585,2168.218277,2178.07681,
137,phase1,57,pair_058,2.283303,2168.234995,2178.093528,
138,phase1,57,pair_058,2.299999,2168.251691,2178.110224,
139,phase1,57,pair_058,2.316954,2168.268645,2178.127179,
140,phase1,57,pair_058,2.333296,2168.284987,2178.143521,
141,phase1,57,pair_058,2.349917,2168.301608,2178.160142,
142,phase1,57,pair_058,2.366666,2168.31836,2178.176891,
143,phase1,57,pair_058,2.383592,2168.335283,2178.193817,
144,phase1,57,pair_058,2.39993,2168.351621,2178.210155,
145,phase1,57,pair_058,2.41659,2168.368282,2178.226815,
146,phase1,57,pair_058,2.433248,2168.384939,2178.243473,
147,phase1,57,pair_058,2.450288,2168.401982,2178.260513,
148,phase1,57,pair_058,2.466651,2168.418342,2178.276876,
149,phase1,57,pair_058,2.483291,2168.434983,2178.293516,
150,phase1,57,pair_058,2.499948,2168.45164,2178.310173,
151,phase1,57,pair_058,2.516912,2168.468603,2178.327137,
152,phase1,57,pair_058,2.533552,2168.485243,2178.343777,
153,phase1,57,pair_058,2.549974,2168.501665,2178.360199,
154,phase1,57,pair_058,2.566634,2168.518327,2178.376859,
155,phase1,57,pair_058,2.583283,2168.534974,2178.393508,
156,phase1,57,pair_058,2.60028,2168.551971,2178.410505,
157,phase1,57,pair_058,2.616631,2168.568323,2178.426856,
158,phase1,57,pair_058,2.633272,2168.584964,2178.443497,
159,phase1,57,pair_058,2.649942,2168.601634,2178.460167,
160,phase1,57,pair_058,2.666606,2168.618298,2178.476831,
161,phase1,57,pair_058,2.683304,2168.634995,2178.493529,
162,phase1,57,pair_058,2.699978,2168.651672,2178.510203,
163,phase1,57,pair_058,2.716561,2168.668252,2178.526786,
164,phase1,57,pair_058,2.733618,2168.685309,2178.543843,
165,phase1,57,pair_058,2.74998,2168.701673,2178.560205,
166,phase1,57,pair_058,2.766624,2168.718316,2178.576849,
167,phase1,57,pair_058,2.783346,2168.735039,2178.593571,
168,phase1,57,pair_058,2.800265,2168.751957,2178.61049,
169,phase1,57,pair_058,2.816607,2168.768298,2178.626832,
170,phase1,57,pair_058,2.833277,2168.78497,2178.643502,
171,phase1,57,pair_058,2.849997,2168.801689,2178.660222,
172,phase1,57,pair_058,2.866616,2168.818307,2178.676841,
173,phase1,57,pair_058,2.883577,2168.83527,2178.693802,
174,phase1,57,pair_058,2.899951,2168.851642,2178.710176,
175,phase1,57,pair_058,2.916833,2168.868524,2178.727058,
176,phase1,57,pair_058,2.933595,2168.885286,2178.74382,
177,phase1,57,pair_058,2.95021,2168.901901,2178.760435,
178,phase1,57,pair_058,2.966557,2168.918248,2178.776782,
179,phase1,57,pair_058,2.983295,2168.934986,2178.79352,
180,phase1,57,pair_058,3.000233,2168.951925,2178.810458,
181,phase1,57,pair_058,3.016639,2168.96833,2178.826864,
182,phase1,57,pair_058,3.033279,2168.984971,2178.843505,
183,phase1,57,pair_058,3.049915,2169.001606,2178.86014,
184,phase1,57,pair_058,3.066601,2169.018292,2178.876826,
185,phase1,57,pair_058,3.083287,2169.034978,2178.893512,
186,phase1,57,pair_058,3.099962,2169.051878,2178.910187,
187,phase1,57,pair_058,3.116608,2169.068298,2178.926833,
188,phase1,57,pair_058,3.133292,2169.084985,2178.943517,
189,phase1,57,pair_058,3.150257,2169.101948,2178.960482,
190,phase1,57,pair_058,3.166602,2169.118293,2178.976827,
191,phase1,57,pair_058,3.183292,2169.134983,2178.993517,
192,phase1,57,pair_058,3.199986,2169.151677,2179.010211,
193,phase1,57,pair_058,3.216601,2169.168293,2179.026826,
194,phase1,57,pair_058,3.23356,2169.185251,2179.043785,
195,phase1,57,pair_058,3.249927,2169.201618,2179.060152,
196,phase1,57,pair_058,3.266631,2169.218323,2179.076856,
197,phase1,57,pair_058,3.283577,2169.235269,2179.093802,
198,phase1,57,pair_058,3.30024,2169.251931,2179.110465,
199,phase1,57,pair_058,3.316583,2169.268275,2179.126809,
200,phase1,57,pair_058,3.333306,2169.284999,2179.143531,
201,phase1,57,pair_058,3.349932,2169.301623,2179.160157,
202,phase1,57,pair_058,3.366916,2169.318607,2179.177141,
203,phase1,57,pair_058,3.383253,2169.334944,2179.193478,
204,phase1,57,pair_058,3.3999,2169.351592,2179.210125,
205,phase1,57,pair_058,3.416907,2169.368598,2179.227132,
206,phase1,57,pair_058,3.433579,2169.38527,2179.243804,
207,phase1,57,pair_058,3.449944,2169.401636,2179.260169,
208,phase1,57,pair_058,3.466625,2169.418317,2179.27685,
209,phase1,57,pair_058,3.483199,2169.43489,2179.293424,
210,phase1,57,pair_058,3.500253,2169.451945,2179.310478,
211,phase1,57,pair_058,3.516623,2169.468315,2179.326848,
212,phase1,57,pair_058,3.53326,2169.484951,2179.343485,
213,phase1,57,pair_058,3.549946,2169.501637,2179.360171,
214,phase1,57,pair_058,3.566599,2169.518293,2179.376824,
215,phase1,57,pair_058,3.583287,2169.534978,2179.393512,
216,phase1,57,pair_058,3.599978,2169.551669,2179.410203,
217,phase1,57,pair_058,3.616582,2169.568273,2179.426807,
218,phase1,57,pair_058,3.633188,2169.584879,2179.443413,
219,phase1,57,pair_058,3.650243,2169.601937,2179.460468,
220,phase1,57,pair_058,3.66662,2169.618314,2179.476845,
221,phase1,57,pair_058,3.683349,2169.63504,2179.493574,
222,phase1,57,pair_058,3.699916,2169.651629,2179.510141,
223,phase1,57,pair_058,3.716878,2169.66857,2179.527103,
224,phase1,57,pair_058,3.733246,2169.684937,2179.543471,
225,phase1,57,pair_058,3.749987,2169.701678,2179.560212,
226,phase1,57,pair_058,3.766582,2169.718275,2179.576807,
227,phase1,57,pair_058,3.783568,2169.735259,2179.593793,
228,phase1,57,pair_058,3.799918,2169.751609,2179.610143,
229,phase1,57,pair_058,3.816633,2169.768326,2179.626858,
230,phase1,57,pair_058,3.833206,2169.784897,2179.643431,
231,phase1,57,pair_058,3.849879,2169.80157,2179.660104,
232,phase1,57,pair_058,3.866569,2169.81826,2179.676794,
233,phase1,57,pair_058,3.883264,2169.834955,2179.693489,
234,phase1,57,pair_058,3.899882,2169.851573,2179.710107,
235,phase1,57,pair_058,3.916561,2169.868253,2179.726786,
236,phase1,57,pair_058,3.933249,2169.884941,2179.743474,
237,phase1,57,pair_058,3.949873,2169.901564,2179.760098,
238,phase1,57,pair_058,3.966817,2169.918508,2179.777042,
239,phase1,57,pair_058,3.983233,2169.934924,2179.793458,
240,phase1,57,pair_058,3.999836,2169.951528,2179.810061,
241,phase1,57,pair_058,4.016584,2169.968276,2179.826809,
242,phase1,57,pair_058,4.033242,2169.984933,2179.843467,
243,phase1,57,pair_058,4.050264,2170.001957,2179.860489,
244,phase1,57,pair_058,4.066871,2170.018563,2179.877096,
245,phase1,57,pair_058,4.083245,2170.034937,2179.893471,
246,phase1,57,pair_058,4.099907,2170.051598,2179.910132,
247,phase1,57,pair_058,4.116549,2170.068242,2179.926774,
248,phase1,57,pair_058,4.13354,2170.085231,2179.943765,
249,phase1,57,pair_058,4.14989,2170.101582,2179.960115,
250,phase1,57,pair_058,4.166624,2170.118316,2179.976849,
251,phase1,57,pair_058,4.18321,2170.134902,2179.993435,
252,phase1,57,pair_058,4.200213,2170.151907,2180.010438,
253,phase1,57,pair_058,4.216538,2170.168229,2180.026763,
254,phase1,57,pair_058,4.233516,2170.185207,2180.043741,
255,phase1,57,pair_058,4.249909,2170.2016,2180.060134,
256,phase1,57,pair_058,4.26688,2170.218571,2180.077105,
257,phase1,57,pair_058,4.28326,2170.234952,2180.093485,
258,phase1,57,pair_058,4.299902,2170.251593,2180.110127,
259,phase1,57,pair_058,4.316795,2170.268486,2180.12702,
260,phase1,57,pair_058,4.333207,2170.284899,2180.143432,
261,phase1,57,pair_058,4.349896,2170.301587,2180.160121,
262,phase1,57,pair_058,4.366617,2170.318308,2180.176842,
263,phase1,57,pair_058,4.383218,2170.334909,2180.193443,
264,phase1,57,pair_058,4.399813,2170.351505,2180.210038,
265,phase1,57,pair_058,4.41686,2170.368551,2180.227085,
266,phase1,57,pair_058,4.433258,2170.384951,2180.243483,
267,phase1,57,pair_058,4.450147,2170.401838,2180.260372,
268,phase1,57,pair_058,4.466854,2170.418545,2180.277079,
269,phase1,57,pair_058,4.483516,2170.435207,2180.293741,
270,phase1,57,pair_058,4.499912,2170.451604,2180.310137,
271,phase1,57,pair_058,4.516557,2170.468249,2180.326782,
272,phase1,57,pair_058,4.533186,2170.484924,2180.343411,
273,phase1,57,pair_058,4.550187,2170.501879,2180.360412,
274,phase1,57,pair_058,4.566572,2170.518267,2180.376797,
275,phase1,57,pair_058,4.583285,2170.534976,2180.39351,
276,phase1,57,pair_058,4.599861,2170.551553,2180.410086,
277,phase1,57,pair_058,4.616875,2170.568566,2180.4271,
278,phase1,57,pair_058,4.6332,2170.584892,2180.443425,
279,phase1,57,pair_058,4.649887,2170.601579,2180.460112,
280,phase1,57,pair_058,4.666527,2170.618218,2180.476752,
281,phase1,57,pair_058,4.683536,2170.635227,2180.493761,
282,phase1,57,pair_058,4.699881,2170.651572,2180.510106,
283,phase1,57,pair_058,4.716547,2170.668238,2180.526772,
284,phase1,57,pair_058,4.733198,2170.68489,2180.543423,
285,phase1,57,pair_058,4.74987,2170.701562,2180.560095,
286,phase1,57,pair_058,4.766528,2170.718219,2180.576753,
287,phase1,57,pair_058,4.783235,2170.734928,2180.59346,
288,phase1,57,pair_058,4.799876,2170.751568,2180.610101,
289,phase1,57,pair_058,4.816457,2170.768149,2180.626682,
290,phase1,57,pair_058,4.833212,2170.784903,2180.643437,
291,phase1,57,pair_058,4.849897,2170.801588,2180.660122,
292,phase1,57,pair_058,4.866599,2170.81829,2180.676824,
293,phase1,57,pair_058,4.883212,2170.834905,2180.693437,
294,phase1,57,pair_058,4.900178,2170.851869,2180.710403,
295,phase1,57,pair_058,4.916512,2170.868203,2180.726737,
296,phase1,57,pair_058,4.93321,2170.884901,2180.743435,
297,phase1,57,pair_058,4.949877,2170.901568,2180.760102,
298,phase1,57,pair_058,4.966799,2170.91849,2180.777024,
299,phase1,57,pair_058,4.983141,2170.934832,2180.793366,
300,phase1,57,pair_058,4.999882,2170.951573,2180.810107,
301,phase1,57,pair_058,5.016889,2170.968587,2180.827114,
302,phase1,57,pair_058,5.033193,2170.984884,2180.843418,
303,phase1,57,pair_058,5.049903,2171.001614,2180.860128,
304,phase1,57,pair_058,5.066548,2171.01824,2180.876774,
305,phase1,57,pair_058,5.083192,2171.034884,2180.893418,
306,phase1,57,pair_058,5.10019,2171.051882,2180.910415,
307,phase1,57,pair_058,5.116821,2171.068512,2180.927046,
308,phase1,57,pair_058,5.133238,2171.084929,2180.943463,
309,phase1,57,pair_058,5.150171,2171.101863,2180.960396,
310,phase1,57,pair_058,5.166876,2171.118568,2180.977101,
311,phase1,57,pair_058,5.183258,2171.134949,2180.993483,
312,phase1,57,pair_058,5.199875,2171.151567,2181.0101,
313,phase1,57,pair_058,5.216531,2171.168223,2181.026756,
314,phase1,57,pair_058,5.233501,2171.185193,2181.043726,
315,phase1,57,pair_058,5.249918,2171.201609,2181.060143,
316,phase1,57,pair_058,5.266593,2171.218289,2181.076818,
317,phase1,57,pair_058,5.283181,2171.234872,2181.093406,
318,phase1,57,pair_058,5.300167,2171.251858,2181.110392,
319,phase1,57,pair_058,5.316837,2171.268528,2181.127062,
320,phase1,57,pair_058,5.333235,2171.284927,2181.14346,
321,phase1,57,pair_058,5.349869,2171.30156,2181.160094,
322,phase1,57,pair_058,5.366794,2171.318485,2181.177019,
323,phase1,57,pair_058,5.383493,2171.335184,2181.193718,
324,phase1,57,pair_058,5.399851,2171.351542,2181.210076,
325,phase1,57,pair_058,5.416439,2171.36813,2181.226664,
326,phase1,57,pair_058,5.433187,2171.384878,2181.243412,
327,phase1,57,pair_058,5.450185,2171.401876,2181.26041,
328,phase1,57,pair_058,5.466498,2171.418189,2181.276723,
329,phase1,57,pair_058,5.483248,2171.43494,2181.293473,
330,phase1,57,pair_058,5.499927,2171.451618,2181.310152,
331,phase1,57,pair_058,5.516846,2171.468538,2181.327071,
332,phase1,57,pair_058,5.533179,2171.48487,2181.343404,
333,phase1,57,pair_058,5.549859,2171.50155,2181.360084,
334,phase1,57,pair_058,5.566517,2171.518209,2181.376742,
335,phase1,57,pair_058,5.58317,2171.534861,2181.393395,
336,phase1,57,pair_058,5.600141,2171.551832,2181.410366,
337,phase1,57,pair_058,5.616534,2171.568226,2181.42676,
338,phase1,57,pair_058,5.633484,2171.585175,2181.443709,
339,phase1,57,pair_058,5.650154,2171.601845,2181.460379,
340,phase1,57,pair_058,5.666573,2171.618264,2181.476798,
341,phase1,57,pair_058,5.683187,2171.634878,2181.493412,
342,phase1,57,pair_058,5.699885,2171.651576,2181.51011,
343,phase1,57,pair_058,5.716832,2171.668524,2181.527057,
344,phase1,57,pair_058,5.733482,2171.685173,2181.543707,
345,phase1,57,pair_058,5.749853,2171.701544,2181.560078,
346,phase1,57,pair_058,5.766515,2171.718207,2181.57674,
347,phase1,57,pair_058,5.783143,2171.734834,2181.593368,
348,phase1,57,pair_058,5.800155,2171.751847,2181.61038,
349,phase1,57,pair_058,5.816543,2171.768235,2181.626768,
350,phase1,57,pair_058,5.833427,2171.785118,2181.643652,
351,phase1,57,pair_058,5.849838,2171.801529,2181.660063,
352,phase1,57,pair_058,5.866812,2171.818504,2181.677037,
353,phase1,57,pair_058,5.883167,2171.834858,2181.693392,
354,phase1,57,pair_058,5.899827,2171.851518,2181.710052,
355,phase1,57,pair_058,5.916569,2171.868262,2181.726794,
356,phase1,57,pair_058,5.933167,2171.884858,2181.743392,
357,phase1,57,pair_058,5.949858,2171.90155,2181.760084,
358,phase1,57,pair_058,5.966467,2171.918158,2181.776692,
359,phase1,57,pair_058,5.983225,2171.934916,2181.79345,
360,phase1,57,pair_058,5.999941,2171.951632,2181.810166,
361,phase1,57,pair_058,6.016695,2171.968389,2181.82692,
362,phase1,57,pair_058,6.033253,2171.984966,2181.843478,
363,phase1,57,pair_058,6.049957,2172.001649,2181.860182,
364,phase1,57,pair_058,6.06662,2172.018312,2181.876845,
365,phase1,57,pair_058,6.08327,2172.034961,2181.893495,
366,phase1,57,pair_058,6.099864,2172.051555,2181.910089,
367,phase1,57,pair_058,6.116916,2172.068607,2181.927141,
368,phase1,57,pair_058,6.133287,2172.084978,2181.943512,
369,phase1,57,pair_058,6.149913,2172.101604,2181.960138,
370,phase1,57,pair_058,6.16661,2172.118304,2181.976835,
371,phase1,57,pair_058,6.183558,2172.13525,2181.993783,
372,phase1,57,pair_058,6.199937,2172.151634,2182.010162,
373,phase1,57,pair_058,6.216617,2172.16831,2182.026842,
374,phase1,57,pair_058,6.233264,2172.184956,2182.043489,
375,phase1,57,pair_058,6.250256,2172.201948,2182.060481,
376,phase1,57,pair_058,6.266594,2172.218285,2182.076819,
377,phase1,57,pair_058,6.283273,2172.234965,2182.093498,
378,phase1,57,pair_058,6.299946,2172.251638,2182.110171,
379,phase1,57,pair_058,6.316555,2172.268246,2182.12678,
380,phase1,57,pair_058,6.333226,2172.28492,2182.143451,
381,phase1,57,pair_058,6.349939,2172.30163,2182.160164,
382,phase1,57,pair_058,6.366662,2172.318353,2182.176887,
383,phase1,57,pair_058,6.383613,2172.335306,2182.193838,
384,phase1,57,pair_058,6.399935,2172.351627,2182.21016,
385,phase1,57,pair_058,6.4166,2172.368291,2182.226825,
386,phase1,57,pair_058,6.433298,2172.384991,2182.243523,
387,phase1,57,pair_058,6.45025,2172.401942,2182.260475,
388,phase1,57,pair_058,6.466584,2172.418275,2182.276809,
389,phase1,57,pair_058,6.483252,2172.434943,2182.293477,
390,phase1,57,pair_058,6.499979,2172.451686,2182.310204,
391,phase1,57,pair_058,6.516556,2172.468247,2182.326781,
392,phase1,57,pair_058,6.533584,2172.485275,2182.343809,
393,phase1,57,pair_058,6.549902,2172.501593,2182.360127,
394,phase1,57,pair_058,6.566606,2172.518318,2182.376831,
395,phase1,57,pair_058,6.583249,2172.534941,2182.393474,
396,phase1,57,pair_058,6.600219,2172.551911,2182.410444,
397,phase1,57,pair_058,6.6166,2172.568293,2182.426825,
398,phase1,57,pair_058,6.633511,2172.585207,2182.443736,
399,phase1,57,pair_058,6.649936,2172.601628,2182.460161,
400,phase1,57,pair_058,6.666901,2172.618593,2182.477126,
401,phase1,57,pair_058,6.683256,2172.634947,2182.493481,
402,phase1,57,pair_058,6.699955,2172.651646,2182.51018,
403,phase1,57,pair_058,6.716853,2172.668544,2182.527078,
404,phase1,57,pair_058,6.733536,2172.685228,2182.543761,
405,phase1,57,pair_058,6.749939,2172.70163,2182.560164,
406,phase1,57,pair_058,6.766595,2172.718286,2182.57682,
407,phase1,57,pair_058,6.783316,2172.735008,2182.593542,
408,phase1,57,pair_058,6.800251,2172.751942,2182.610476,
409,phase1,57,pair_058,6.816887,2172.768579,2182.627112,
410,phase1,57,pair_058,6.833255,2172.784946,2182.64348,
411,phase1,57,pair_058,6.849936,2172.801652,2182.660161,
412,phase1,57,pair_058,6.866604,2172.818295,2182.676829,
413,phase1,57,pair_058,6.883277,2172.834968,2182.693502,
414,phase1,57,pair_058,6.899896,2172.851587,2182.710121,
415,phase1,57,pair_058,6.916536,2172.868227,2182.726761,
416,phase1,57,pair_058,6.933232,2172.884923,2182.743457,
417,phase1,57,pair_058,6.950229,2172.901921,2182.760454,
418,phase1,57,pair_058,6.966535,2172.918226,2182.77676,
419,phase1,57,pair_058,6.983304,2172.934995,2182.793529,
420,phase1,57,pair_058,6.999943,2172.951655,2182.810168,
421,phase1,57,pair_058,7.016603,2172.968295,2182.826828,
422,phase1,57,pair_058,7.033274,2172.984966,2182.843499,
423,phase1,57,pair_058,7.049977,2173.001669,2182.860202,
424,phase1,57,pair_058,7.066575,2173.018266,2182.8768,
425,phase1,57,pair_058,7.083215,2173.034906,2182.89344,
426,phase1,57,pair_058,7.099941,2173.051635,2182.910166,
427,phase1,57,pair_058,7.11659,2173.068283,2182.926815,
428,phase1,57,pair_058,7.133284,2173.084975,2182.943509,
429,phase1,57,pair_058,7.150256,2173.101947,2182.960481,
430,phase1,57,pair_058,7.166591,2173.118282,2182.976816,
431,phase1,57,pair_058,7.183296,2173.134987,2182.993521,
432,phase1,57,pair_058,7.199971,2173.151662,2183.010196,
433,phase1,57,pair_058,7.216572,2173.168263,2183.026797,
434,phase1,57,pair_058,7.23324,2173.184931,2183.043465,
435,phase1,57,pair_058,7.249937,2173.201628,2183.060162,
436,phase1,57,pair_058,7.266663,2173.218354,2183.076888,
437,phase1,57,pair_058,7.283572,2173.235263,2183.093797,
438,phase1,57,pair_058,7.300212,2173.251903,2183.110437,
439,phase1,57,pair_058,7.316572,2173.268263,2183.126797,
440,phase1,57,pair_058,7.333269,2173.284961,2183.143494,
441,phase1,57,pair_058,7.350223,2173.301914,2183.160448,
442,phase1,57,pair_058,7.366494,2173.318185,2183.176719,
443,phase1,57,pair_058,7.383245,2173.334939,2183.19347,
444,phase1,57,pair_058,7.399928,2173.351619,2183.210153,
445,phase1,57,pair_058,7.416888,2173.368579,2183.227113,
446,phase1,57,pair_058,7.433536,2173.385228,2183.243761,
447,phase1,57,pair_058,7.449901,2173.401592,2183.260126,
448,phase1,57,pair_058,7.466578,2173.41827,2183.276803,
449,phase1,57,pair_058,7.483285,2173.434976,2183.29351,
450,phase1,57,pair_058,7.500178,2173.45187,2183.310403,
451,phase1,57,pair_058,7.516603,2173.468294,2183.326828,
452,phase1,57,pair_058,7.533257,2173.484948,2183.343482,
453,phase1,57,pair_058,7.549904,2173.501596,2183.360129,
454,phase1,57,pair_058,7.566543,2173.518235,2183.376769,
455,phase1,57,pair_058,-2165.951953,2173.734987,9.858273,response
0,phase2,57,pair_058,0.0,2175.101932,2184.96046,single_opt_onset_seq1_opt4_金
1,phase2,57,pair_058,0.016593,2175.118519,2184.977053,
2,phase2,57,pair_058,0.032953,2175.134879,2184.993413,
3,phase2,57,pair_058,0.049658,2175.15159,2185.010118,
4,phase2,57,pair_058,0.066295,2175.16822,2185.026756,
5,phase2,57,pair_058,0.082934,2175.184859,2185.043395,
6,phase2,57,pair_058,0.099603,2175.201528,2185.060064,
7,phase2,57,pair_058,0.1163,2175.218225,2185.07676,
8,phase2,57,pair_058,0.132942,2175.234866,2185.093402,
9,phase2,57,pair_058,0.1496,2175.251524,2185.11006,
10,phase2,57,pair_058,0.166258,2175.268183,2185.126718,
11,phase2,57,pair_058,0.182979,2175.284904,2185.143439,
12,phase2,57,pair_058,0.199623,2175.301548,2185.160084,
13,phase2,57,pair_058,0.216271,2175.318196,2185.176731,
14,phase2,57,pair_058,0.233245,2175.33517,2185.193705,
15,phase2,57,pair_058,0.249599,2175.351524,2185.210059,
16,phase2,57,pair_058,0.26627,2175.368195,2185.226731,
17,phase2,57,pair_058,0.282984,2175.384909,2185.243445,
18,phase2,57,pair_058,0.299575,2175.4015,2185.260035,
19,phase2,57,pair_058,0.316209,2175.418133,2185.276669,
20,phase2,57,pair_058,0.332912,2175.434837,2185.293373,
21,phase2,57,pair_058,0.349569,2175.451493,2185.310029,
22,phase2,57,pair_058,0.36623,2175.468154,2185.32669,
23,phase2,57,pair_058,0.382907,2175.484832,2185.343368,
24,phase2,57,pair_058,0.399594,2175.501519,2185.360054,
25,phase2,57,pair_058,0.416239,2175.518164,2185.3767,
26,phase2,57,pair_058,0.43323,2175.535158,2185.39369,
27,phase2,57,pair_058,0.449588,2175.551513,2185.410048,
28,phase2,57,pair_058,0.466266,2175.568191,2185.426726,
29,phase2,57,pair_058,0.482906,2175.58483,2185.443366,
30,phase2,57,pair_058,0.49994,2175.601865,2185.4604,
31,phase2,57,pair_058,0.51657,2175.618495,2185.477031,
32,phase2,57,pair_058,0.532901,2175.634826,2185.493361,
33,phase2,57,pair_058,0.549593,2175.651518,2185.510053,
34,phase2,57,pair_058,0.566236,2175.66816,2185.526696,
35,phase2,57,pair_058,0.583197,2175.685122,2185.543657,
36,phase2,57,pair_058,0.599586,2175.701511,2185.560046,
37,phase2,57,pair_058,0.616265,2175.71819,2185.576725,
38,phase2,57,pair_058,0.632953,2175.734878,2185.593414,
39,phase2,57,pair_058,0.649548,2175.751473,2185.610009,
40,phase2,57,pair_058,0.666222,2175.768147,2185.626682,
41,phase2,57,pair_058,0.682912,2175.784837,2185.643372,
42,phase2,57,pair_058,0.699552,2175.801476,2185.660012,
43,phase2,57,pair_058,0.716565,2175.818489,2185.677025,
44,phase2,57,pair_058,0.732899,2175.834824,2185.69336,
45,phase2,57,pair_058,0.749561,2175.851485,2185.710021,
46,phase2,57,pair_058,0.766212,2175.868137,2185.726672,
47,phase2,57,pair_058,0.783006,2175.884931,2185.743467,
48,phase2,57,pair_058,0.799641,2175.901565,2185.760101,
49,phase2,57,pair_058,0.81667,2175.918594,2185.77713,
50,phase2,57,pair_058,0.833306,2175.935231,2185.793767,
51,phase2,57,pair_058,0.849681,2175.951606,2185.810142,
52,phase2,57,pair_058,0.866378,2175.968306,2185.826838,
53,phase2,57,pair_058,0.883286,2175.98521,2185.843746,
54,phase2,57,pair_058,0.899981,2176.001905,2185.860441,
55,phase2,57,pair_058,0.916303,2176.018228,2185.876764,
56,phase2,57,pair_058,0.933014,2176.034942,2185.893474,
57,phase2,57,pair_058,0.949994,2176.051918,2185.910454,
58,phase2,57,pair_058,0.966637,2176.068561,2185.927097,
59,phase2,57,pair_058,0.98301,2176.084938,2185.94347,
60,phase2,57,pair_058,0.999637,2176.101561,2185.960097,
61,phase2,57,pair_058,1.016339,2176.118263,2185.976799,
62,phase2,57,pair_058,1.033299,2176.135224,2185.993759,
63,phase2,57,pair_058,1.049672,2176.151598,2186.010132,
64,phase2,57,pair_058,1.066348,2176.168273,2186.026808,
65,phase2,57,pair_058,1.083029,2176.184954,2186.04349,
66,phase2,57,pair_058,1.099982,2176.201907,2186.060443,
67,phase2,57,pair_058,1.11633,2176.218254,2186.07679,
68,phase2,57,pair_058,1.133002,2176.234927,2186.093463,
69,phase2,57,pair_058,1.149695,2176.25162,2186.110156,
70,phase2,57,pair_058,1.166666,2176.26859,2186.127126,
71,phase2,57,pair_058,1.183016,2176.284942,2186.143476,
72,phase2,57,pair_058,1.199654,2176.301578,2186.160114,
73,phase2,57,pair_058,1.216323,2176.318248,2186.176783,
74,phase2,57,pair_058,1.232939,2176.334863,2186.193399,
75,phase2,57,pair_058,1.24997,2176.351894,2186.21043,
76,phase2,57,pair_058,1.26632,2176.368254,2186.226781,
77,phase2,57,pair_058,1.28305,2176.384977,2186.243511,
78,phase2,57,pair_058,1.299995,2176.40192,2186.260456,
79,phase2,57,pair_058,1.316627,2176.418552,2186.277088,
80,phase2,57,pair_058,1.332984,2176.434909,2186.293445,
81,phase2,57,pair_058,1.349669,2176.451596,2186.31013,
82,phase2,57,pair_058,1.366622,2176.468547,2186.327082,
83,phase2,57,pair_058,1.383255,2176.485179,2186.343715,
84,phase2,57,pair_058,1.399661,2176.501587,2186.360121,
85,phase2,57,pair_058,1.41633,2176.518256,2186.37679,
86,phase2,57,pair_058,1.433017,2176.534942,2186.393477,
87,phase2,57,pair_058,1.449976,2176.551901,2186.410437,
88,phase2,57,pair_058,1.466309,2176.568234,2186.42677,
89,phase2,57,pair_058,1.483,2176.584924,2186.44346,
90,phase2,57,pair_058,1.499694,2176.601618,2186.460154,
0,phase2,57,pair_058,0.0,2176.61857,2186.477103,iti_onset_dur_1.201
1,phase2,57,pair_058,0.016328,2176.634899,2186.493431,
2,phase2,57,pair_058,0.033024,2176.651591,2186.510127,
3,phase2,57,pair_058,0.049695,2176.668265,2186.526798,
4,phase2,57,pair_058,0.066306,2176.684885,2186.54341,
5,phase2,57,pair_058,0.082999,2176.701566,2186.560102,
6,phase2,57,pair_058,0.099674,2176.718248,2186.576777,
7,phase2,57,pair_058,0.116367,2176.734934,2186.59347,
8,phase2,57,pair_058,0.132986,2176.751554,2186.61009,
9,phase2,57,pair_058,0.149684,2176.768251,2186.626787,
10,phase2,57,pair_058,0.166314,2176.784881,2186.643417,
11,phase2,57,pair_058,0.183006,2176.801575,2186.660109,
12,phase2,57,pair_058,0.199665,2176.818232,2186.676768,
13,phase2,57,pair_058,0.216653,2176.83522,2186.693756,
14,phase2,57,pair_058,0.232995,2176.851562,2186.710098,
15,phase2,57,pair_058,0.249695,2176.868268,2186.726798,
16,phase2,57,pair_058,0.26665,2176.885217,2186.743753,
17,phase2,57,pair_058,0.283315,2176.901884,2186.760418,
18,phase2,57,pair_058,0.29964,2176.918207,2186.776744,
19,phase2,57,pair_058,0.316318,2176.934885,2186.793421,
20,phase2,57,pair_058,0.333009,2176.951576,2186.810112,
21,phase2,57,pair_058,0.349968,2176.968535,2186.827071,
22,phase2,57,pair_058,0.366324,2176.98489,2186.843427,
23,phase2,57,pair_058,0.382987,2177.001554,2186.86009,
24,phase2,57,pair_058,0.39994,2177.018506,2186.877043,
25,phase2,57,pair_058,0.416305,2177.034872,2186.893408,
26,phase2,57,pair_058,0.433,2177.051566,2186.910103,
27,phase2,57,pair_058,0.44965,2177.068216,2186.926753,
28,phase2,57,pair_058,0.466353,2177.084921,2186.943456,
29,phase2,57,pair_058,0.483323,2177.10189,2186.960426,
30,phase2,57,pair_058,0.49995,2177.118517,2186.977053,
31,phase2,57,pair_058,0.516365,2177.134933,2186.993468,
32,phase2,57,pair_058,0.532974,2177.151541,2187.010077,
33,phase2,57,pair_058,0.549648,2177.168223,2187.026751,
34,phase2,57,pair_058,0.56633,2177.184896,2187.043433,
35,phase2,57,pair_058,0.582982,2177.201549,2187.060085,
36,phase2,57,pair_058,0.599723,2177.218292,2187.076826,
37,phase2,57,pair_058,0.616296,2177.234863,2187.0934,
38,phase2,57,pair_058,0.633279,2177.251846,2187.110382,
39,phase2,57,pair_058,0.649652,2177.268219,2187.126756,
40,phase2,57,pair_058,0.666343,2177.28491,2187.143446,
41,phase2,57,pair_058,0.683287,2177.301854,2187.16039,
42,phase2,57,pair_058,0.699947,2177.318513,2187.17705,
43,phase2,57,pair_058,0.716304,2177.334882,2187.193407,
44,phase2,57,pair_058,0.732968,2177.351535,2187.210071,
45,phase2,57,pair_058,0.749657,2177.368224,2187.22676,
46,phase2,57,pair_058,0.766302,2177.38487,2187.243405,
47,phase2,57,pair_058,0.782985,2177.401551,2187.260088,
48,phase2,57,pair_058,0.799674,2177.418241,2187.276777,
49,phase2,57,pair_058,0.816345,2177.434912,2187.293448,
50,phase2,57,pair_058,0.833292,2177.451858,2187.310395,
51,phase2,57,pair_058,0.849635,2177.468202,2187.326738,
52,phase2,57,pair_058,0.866342,2177.484909,2187.343445,
53,phase2,57,pair_058,0.883003,2177.50157,2187.360106,
54,phase2,57,pair_058,0.899644,2177.518211,2187.376747,
55,phase2,57,pair_058,0.9166,2177.535167,2187.393703,
56,phase2,57,pair_058,0.932999,2177.551571,2187.410102,
57,phase2,57,pair_058,0.949657,2177.568223,2187.42676,
58,phase2,57,pair_058,0.966619,2177.585186,2187.443722,
59,phase2,57,pair_058,0.983265,2177.601831,2187.460368,
60,phase2,57,pair_058,0.999639,2177.618205,2187.476742,
61,phase2,57,pair_058,1.016618,2177.635185,2187.493721,
62,phase2,57,pair_058,1.032951,2177.651518,2187.510054,
63,phase2,57,pair_058,1.04995,2177.668518,2187.527053,
64,phase2,57,pair_058,1.066284,2177.684851,2187.543388,
65,phase2,57,pair_058,1.083006,2177.701578,2187.560109,
66,phase2,57,pair_058,1.099876,2177.718443,2187.576979,
67,phase2,57,pair_058,1.116624,2177.735191,2187.593727,
68,phase2,57,pair_058,1.132954,2177.751521,2187.610058,
69,phase2,57,pair_058,1.149654,2177.768224,2187.626757,
70,phase2,57,pair_058,1.166339,2177.784905,2187.643442,
71,phase2,57,pair_058,1.183288,2177.801854,2187.660391,
72,phase2,57,pair_058,1.199628,2177.818195,2187.676732,
0,phase2,57,pair_058,0.0,2177.834895,2187.693427,single_opt_onset_seq2_opt3_王子
1,phase2,57,pair_058,0.016649,2177.851541,2187.710076,
2,phase2,57,pair_058,0.033289,2177.86818,2187.726715,
3,phase2,57,pair_058,0.049957,2177.884848,2187.743383,
4,phase2,57,pair_058,0.066659,2177.90155,2187.760085,
5,phase2,57,pair_058,0.08331,2177.918201,2187.776737,
6,phase2,57,pair_058,0.099977,2177.934869,2187.793404,
7,phase2,57,pair_058,0.116949,2177.95184,2187.810376,
8,phase2,57,pair_058,0.133305,2177.968196,2187.826732,
9,phase2,57,pair_058,0.149977,2177.984868,2187.843404,
10,phase2,57,pair_058,0.166637,2178.001527,2187.860063,
11,phase2,57,pair_058,0.183319,2178.01821,2187.876745,
12,phase2,57,pair_058,0.199978,2178.034869,2187.893405,
13,phase2,57,pair_058,0.216687,2178.051579,2187.910113,
14,phase2,57,pair_058,0.233278,2178.068169,2187.926704,
15,phase2,57,pair_058,0.250277,2178.085168,2187.943704,
16,phase2,57,pair_058,0.266621,2178.101512,2187.960048,
17,phase2,57,pair_058,0.283252,2178.118142,2187.976678,
18,phase2,57,pair_058,0.299968,2178.134861,2187.993395,
19,phase2,57,pair_058,0.316945,2178.151835,2188.010371,
20,phase2,57,pair_058,0.333302,2178.168193,2188.026729,
21,phase2,57,pair_058,0.349977,2178.184868,2188.043404,
22,phase2,57,pair_058,0.366944,2178.201839,2188.060371,
23,phase2,57,pair_058,0.383278,2178.218169,2188.076705,
24,phase2,57,pair_058,0.399981,2178.234872,2188.093408,
25,phase2,57,pair_058,0.416659,2178.25155,2188.110086,
26,phase2,57,pair_058,0.43328,2178.268171,2188.126707,
27,phase2,57,pair_058,0.449945,2178.284836,2188.143372,
28,phase2,57,pair_058,0.466907,2178.301798,2188.160334,
29,phase2,57,pair_058,0.483335,2178.318227,2188.176762,
30,phase2,57,pair_058,0.499983,2178.334873,2188.193409,
31,phase2,57,pair_058,0.516607,2178.351497,2188.210033,
32,phase2,57,pair_058,0.533588,2178.368479,2188.227015,
33,phase2,57,pair_058,0.54997,2178.384861,2188.243397,
34,phase2,57,pair_058,0.566628,2178.401519,2188.260055,
35,phase2,57,pair_058,0.583574,2178.418465,2188.277,
36,phase2,57,pair_058,0.600243,2178.435134,2188.29367,
37,phase2,57,pair_058,0.616663,2178.451554,2188.31009,
38,phase2,57,pair_058,0.633282,2178.468173,2188.326709,
39,phase2,57,pair_058,0.649958,2178.484849,2188.343385,
40,phase2,57,pair_058,0.666921,2178.501811,2188.360347,
41,phase2,57,pair_058,0.68329,2178.518181,2188.376717,
42,phase2,57,pair_058,0.699982,2178.534873,2188.393409,
43,phase2,57,pair_058,0.716605,2178.551496,2188.410031,
44,phase2,57,pair_058,0.733593,2178.568483,2188.42702,
45,phase2,57,pair_058,0.749958,2178.584848,2188.443384,
46,phase2,57,pair_058,0.76662,2178.601511,2188.460047,
47,phase2,57,pair_058,0.78329,2178.61818,2188.476716,
48,phase2,57,pair_058,0.799922,2178.634813,2188.493349,
49,phase2,57,pair_058,0.816592,2178.651483,2188.510019,
50,phase2,57,pair_058,0.833322,2178.668212,2188.526748,
51,phase2,57,pair_058,0.849882,2178.684772,2188.543308,
52,phase2,57,pair_058,0.866607,2178.701497,2188.560033,
53,phase2,57,pair_058,0.883566,2178.718456,2188.576992,
54,phase2,57,pair_058,0.899986,2178.734876,2188.593412,
55,phase2,57,pair_058,0.916613,2178.751504,2188.61004,
56,phase2,57,pair_058,0.933247,2178.768138,2188.626674,
57,phase2,57,pair_058,0.950238,2178.785129,2188.643665,
58,phase2,57,pair_058,0.96663,2178.80152,2188.660056,
59,phase2,57,pair_058,0.983328,2178.818219,2188.676755,
60,phase2,57,pair_058,0.99992,2178.83481,2188.693346,
61,phase2,57,pair_058,1.016604,2178.851494,2188.71003,
62,phase2,57,pair_058,1.033318,2178.868208,2188.726744,
63,phase2,57,pair_058,1.049938,2178.884829,2188.743365,
64,phase2,57,pair_058,1.06662,2178.901511,2188.760046,
65,phase2,57,pair_058,1.083571,2178.918462,2188.776997,
66,phase2,57,pair_058,1.099934,2178.934825,2188.793361,
67,phase2,57,pair_058,1.116647,2178.951538,2188.810074,
68,phase2,57,pair_058,1.133334,2178.968224,2188.82676,
69,phase2,57,pair_058,1.149913,2178.984803,2188.843339,
70,phase2,57,pair_058,1.166587,2179.001478,2188.860014,
71,phase2,57,pair_058,1.183262,2179.018153,2188.876689,
72,phase2,57,pair_058,1.199912,2179.034803,2188.893339,
73,phase2,57,pair_058,1.21692,2179.052007,2188.910346,
74,phase2,57,pair_058,1.233267,2179.068158,2188.926694,
75,phase2,57,pair_058,1.249945,2179.084836,2188.943372,
76,phase2,57,pair_058,1.266602,2179.101493,2188.960028,
77,phase2,57,pair_058,1.283205,2179.118096,2188.976632,
78,phase2,57,pair_058,1.300235,2179.135125,2188.993661,
79,phase2,57,pair_058,1.316633,2179.151523,2189.010059,
80,phase2,57,pair_058,1.333317,2179.168208,2189.026744,
81,phase2,57,pair_058,1.350185,2179.185076,2189.043611,
82,phase2,57,pair_058,1.366894,2179.201785,2189.06032,
83,phase2,57,pair_058,1.383295,2179.218186,2189.076721,
84,phase2,57,pair_058,1.399928,2179.234819,2189.093355,
85,phase2,57,pair_058,1.416864,2179.251755,2189.11029,
86,phase2,57,pair_058,1.433247,2179.268137,2189.126673,
87,phase2,57,pair_058,1.449946,2179.284836,2189.143373,
88,phase2,57,pair_058,1.466598,2179.301489,2189.160025,
89,phase2,57,pair_058,1.483326,2179.318217,2189.176752,
90,phase2,57,pair_058,1.499903,2179.334794,2189.19333,
0,phase2,57,pair_058,0.0,2179.351511,2189.210044,iti_onset_dur_1.152
1,phase2,57,pair_058,0.016659,2179.368167,2189.226702,
2,phase2,57,pair_058,0.033277,2179.384784,2189.24332,
3,phase2,57,pair_058,0.049943,2179.401451,2189.259987,
4,phase2,57,pair_058,0.066628,2179.418135,2189.276672,
5,phase2,57,pair_058,0.083344,2179.434852,2189.293388,
6,phase2,57,pair_058,0.099952,2179.45146,2189.309996,
7,phase2,57,pair_058,0.116628,2179.468139,2189.326672,
8,phase2,57,pair_058,0.133322,2179.484829,2189.343366,
9,phase2,57,pair_058,0.149974,2179.501481,2189.360017,
10,phase2,57,pair_058,0.166623,2179.51813,2189.376666,
11,phase2,57,pair_058,0.1836,2179.535107,2189.393643,
12,phase2,57,pair_058,0.200253,2179.55176,2189.410297,
13,phase2,57,pair_058,0.216659,2179.568167,2189.426703,
14,phase2,57,pair_058,0.233295,2179.584803,2189.443339,
15,phase2,57,pair_058,0.249951,2179.601458,2189.459995,
16,phase2,57,pair_058,0.266924,2179.618431,2189.476968,
17,phase2,57,pair_058,0.283249,2179.634756,2189.493292,
18,phase2,57,pair_058,0.300216,2179.651724,2189.51026,
19,phase2,57,pair_058,0.316628,2179.668136,2189.526672,
20,phase2,57,pair_058,0.3336,2179.685107,2189.543643,
21,phase2,57,pair_058,0.349948,2179.701455,2189.559992,
22,phase2,57,pair_058,0.3666,2179.718108,2189.576644,
23,phase2,57,pair_058,0.383351,2179.734859,2189.593395,
24,phase2,57,pair_058,0.399936,2179.751443,2189.60998,
25,phase2,57,pair_058,0.416639,2179.768146,2189.626683,
26,phase2,57,pair_058,0.433318,2179.784825,2189.643361,
27,phase2,57,pair_058,0.450254,2179.801761,2189.660298,
28,phase2,57,pair_058,0.466593,2179.8181,2189.676637,
29,phase2,57,pair_058,0.48342,2179.834928,2189.693464,
30,phase2,57,pair_058,0.500051,2179.851558,2189.710094,
31,phase2,57,pair_058,0.516714,2179.868221,2189.726757,
32,phase2,57,pair_058,0.53339,2179.8849,2189.743434,
33,phase2,57,pair_058,0.550102,2179.901609,2189.760146,
34,phase2,57,pair_058,0.566714,2179.918222,2189.776758,
35,phase2,57,pair_058,0.583376,2179.934884,2189.79342,
36,phase2,57,pair_058,0.600092,2179.951601,2189.810136,
37,phase2,57,pair_058,0.616884,2179.968391,2189.826927,
38,phase2,57,pair_058,0.633398,2179.984906,2189.843442,
39,phase2,57,pair_058,0.650335,2180.001843,2189.860379,
40,phase2,57,pair_058,0.666747,2180.018254,2189.876791,
41,phase2,57,pair_058,0.68342,2180.034933,2189.893463,
42,phase2,57,pair_058,0.700056,2180.051563,2189.9101,
43,phase2,57,pair_058,0.717035,2180.068544,2189.927078,
44,phase2,57,pair_058,0.733379,2180.084886,2189.943423,
45,phase2,57,pair_058,0.750065,2180.101575,2189.960109,
46,phase2,57,pair_058,0.766766,2180.118273,2189.976809,
47,phase2,57,pair_058,0.783704,2180.135211,2189.993747,
48,phase2,57,pair_058,0.80007,2180.151578,2190.010114,
49,phase2,57,pair_058,0.816738,2180.168246,2190.026782,
50,phase2,57,pair_058,0.833413,2180.18492,2190.043456,
51,phase2,57,pair_058,0.850373,2180.20188,2190.060417,
52,phase2,57,pair_058,0.866683,2180.21819,2190.076727,
53,phase2,57,pair_058,0.88338,2180.234899,2190.093424,
54,phase2,57,pair_058,0.900103,2180.251611,2190.110147,
55,phase2,57,pair_058,0.917029,2180.268536,2190.127072,
56,phase2,57,pair_058,0.933395,2180.284903,2190.143439,
57,phase2,57,pair_058,0.950046,2180.301553,2190.16009,
58,phase2,57,pair_058,0.966753,2180.318261,2190.176797,
59,phase2,57,pair_058,0.983362,2180.334869,2190.193406,
60,phase2,57,pair_058,1.000346,2180.351853,2190.21039,
61,phase2,57,pair_058,1.01674,2180.368249,2190.226783,
62,phase2,57,pair_058,1.033422,2180.38493,2190.243466,
63,phase2,57,pair_058,1.050052,2180.40156,2190.260096,
64,phase2,57,pair_058,1.067008,2180.418516,2190.277052,
65,phase2,57,pair_058,1.083369,2180.434888,2190.293412,
66,phase2,57,pair_058,1.100057,2180.451565,2190.310101,
67,phase2,57,pair_058,1.116716,2180.468223,2190.32676,
68,phase2,57,pair_058,1.133693,2180.4852,2190.343737,
69,phase2,57,pair_058,1.15004,2180.501547,2190.360083,
0,phase2,57,pair_058,0.0,2180.518227,2190.376754,single_opt_onset_seq3_opt1_剑
1,phase2,57,pair_058,0.016715,2180.534933,2190.393468,
2,phase2,57,pair_058,0.033643,2180.551861,2190.410396,
3,phase2,57,pair_058,0.050006,2180.568224,2190.426759,
4,phase2,57,pair_058,0.066663,2180.58488,2190.443416,
5,phase2,57,pair_058,0.083389,2180.601608,2190.460143,
6,phase2,57,pair_058,0.10032,2180.618538,2190.477074,
7,phase2,57,pair_058,0.116678,2180.634898,2190.493431,
8,phase2,57,pair_058,0.133341,2180.651559,2190.510094,
9,phase2,57,pair_058,0.149995,2180.668214,2190.526749,
10,phase2,57,pair_058,0.166981,2180.685199,2190.543735,
11,phase2,57,pair_058,0.183628,2180.701847,2190.560381,
12,phase2,57,pair_058,0.200011,2180.718229,2190.576765,
13,phase2,57,pair_058,0.21697,2180.73519,2190.593724,
14,phase2,57,pair_058,0.233321,2180.751539,2190.610074,
15,phase2,57,pair_058,0.250291,2180.768508,2190.627044,
16,phase2,57,pair_058,0.266691,2180.784909,2190.643444,
17,phase2,57,pair_058,0.283321,2180.801539,2190.660075,
18,phase2,57,pair_058,0.299998,2180.818216,2190.676752,
19,phase2,57,pair_058,0.316623,2180.834841,2190.693377,
20,phase2,57,pair_058,0.333349,2180.851567,2190.710103,
21,phase2,57,pair_058,0.350021,2180.868239,2190.726775,
22,phase2,57,pair_058,0.366934,2180.885152,2190.743688,
23,phase2,57,pair_058,0.383624,2180.901841,2190.760377,
24,phase2,57,pair_058,0.399985,2180.918208,2190.776738,
25,phase2,57,pair_058,0.416691,2180.934909,2190.793445,
26,phase2,57,pair_058,0.433323,2180.951543,2190.810077,
27,phase2,57,pair_058,0.450313,2180.968531,2190.827067,
28,phase2,57,pair_058,0.466629,2180.984847,2190.843383,
29,phase2,57,pair_058,0.483366,2181.001584,2190.86012,
30,phase2,57,pair_058,0.499995,2181.018213,2190.876749,
31,phase2,57,pair_058,0.516965,2181.035182,2190.893718,
32,phase2,57,pair_058,0.53333,2181.051548,2190.910084,
33,phase2,57,pair_058,0.549979,2181.068196,2190.926733,
34,phase2,57,pair_058,0.566672,2181.084896,2190.943426,
35,phase2,57,pair_058,0.583308,2181.101526,2190.960062,
36,phase2,57,pair_058,0.599985,2181.118203,2190.976739,
37,phase2,57,pair_058,0.616664,2181.134882,2190.993417,
38,phase2,57,pair_058,0.633375,2181.151593,2191.010128,
39,phase2,57,pair_058,0.649973,2181.16819,2191.026726,
40,phase2,57,pair_058,0.666671,2181.18489,2191.043424,
41,phase2,57,pair_058,0.683318,2181.201535,2191.060071,
42,phase2,57,pair_058,0.700045,2181.218264,2191.076799,
43,phase2,57,pair_058,0.716977,2181.235195,2191.093731,
44,phase2,57,pair_058,0.733608,2181.251826,2191.110361,
45,phase2,57,pair_058,0.749988,2181.268207,2191.126742,
46,phase2,57,pair_058,0.766686,2181.284904,2191.143439,
47,phase2,57,pair_058,0.78362,2181.301837,2191.160373,
48,phase2,57,pair_058,0.800247,2181.318464,2191.177,
49,phase2,57,pair_058,0.816657,2181.334875,2191.19341,
50,phase2,57,pair_058,0.833287,2181.351505,2191.210041,
51,phase2,57,pair_058,0.850032,2181.368251,2191.226786,
52,phase2,57,pair_058,0.866955,2181.385172,2191.243708,
53,phase2,57,pair_058,0.883288,2181.401505,2191.260041,
54,phase2,57,pair_058,0.900035,2181.418252,2191.276788,
55,phase2,57,pair_058,0.916884,2181.435102,2191.293638,
56,phase2,57,pair_058,0.933636,2181.451854,2191.31039,
57,phase2,57,pair_058,0.950246,2181.468464,2191.327,
58,phase2,57,pair_058,0.966686,2181.484905,2191.34344,
59,phase2,57,pair_058,0.983305,2181.501522,2191.360058,
60,phase2,57,pair_058,0.999948,2181.518166,2191.376702,
61,phase2,57,pair_058,1.016921,2181.535139,2191.393675,
62,phase2,57,pair_058,1.033308,2181.551525,2191.410061,
63,phase2,57,pair_058,1.049967,2181.568187,2191.426721,
64,phase2,57,pair_058,1.066932,2181.58515,2191.443686,
65,phase2,57,pair_058,1.083602,2181.601821,2191.460356,
66,phase2,57,pair_058,1.099934,2181.618152,2191.476688,
67,phase2,57,pair_058,1.116672,2181.634896,2191.493425,
68,phase2,57,pair_058,1.13362,2181.651838,2191.510374,
69,phase2,57,pair_058,1.149975,2181.668193,2191.526729,
70,phase2,57,pair_058,1.166617,2181.684835,2191.543371,
71,phase2,57,pair_058,1.183341,2181.701559,2191.560095,
72,phase2,57,pair_058,1.199957,2181.718179,2191.576711,
73,phase2,57,pair_058,1.21693,2181.735147,2191.593683,
74,phase2,57,pair_058,1.233289,2181.751507,2191.610042,
75,phase2,57,pair_058,1.249994,2181.768212,2191.626747,
76,phase2,57,pair_058,1.266885,2181.785103,2191.643639,
77,phase2,57,pair_058,1.283263,2181.801481,2191.660017,
78,phase2,57,pair_058,1.29995,2181.818168,2191.676703,
79,phase2,57,pair_058,1.31659,2181.83481,2191.693344,
80,phase2,57,pair_058,1.333269,2181.851486,2191.710022,
81,phase2,57,pair_058,1.349955,2181.868173,2191.726708,
82,phase2,57,pair_058,1.366892,2181.88511,2191.743646,
83,phase2,57,pair_058,1.383304,2181.901521,2191.760057,
84,phase2,57,pair_058,1.39994,2181.918159,2191.776694,
85,phase2,57,pair_058,1.416636,2181.934868,2191.79339,
86,phase2,57,pair_058,1.433295,2181.951512,2191.810048,
87,phase2,57,pair_058,1.449975,2181.968194,2191.826729,
88,phase2,57,pair_058,1.466618,2181.984844,2191.843371,
89,phase2,57,pair_058,1.483263,2182.001481,2191.860017,
90,phase2,57,pair_058,1.500261,2182.018478,2191.877014,
0,phase2,57,pair_058,0.0,2182.034784,2191.893318,iti_onset_dur_1.444
1,phase2,57,pair_058,0.016705,2182.051486,2191.910022,
2,phase2,57,pair_058,0.03335,2182.068132,2191.926668,
3,phase2,57,pair_058,0.050346,2182.085127,2191.943664,
4,phase2,57,pair_058,0.066714,2182.101496,2191.960032,
5,phase2,57,pair_058,0.083652,2182.118433,2191.976969,
6,phase2,57,pair_058,0.100292,2182.135074,2191.99361,
7,phase2,57,pair_058,0.117024,2182.151805,2192.010342,
8,phase2,57,pair_058,0.13331,2182.168091,2192.026627,
9,phase2,57,pair_058,0.150311,2182.185093,2192.043629,
10,phase2,57,pair_058,0.166713,2182.201494,2192.060031,
11,phase2,57,pair_058,0.183712,2182.218493,2192.077029,
12,phase2,57,pair_058,0.200041,2182.234822,2192.093358,
13,phase2,57,pair_058,0.216717,2182.251499,2192.110035,
14,phase2,57,pair_058,0.233425,2182.268209,2192.126743,
15,phase2,57,pair_058,0.25004,2182.284821,2192.143357,
16,phase2,57,pair_058,0.266988,2182.301769,2192.160305,
17,phase2,57,pair_058,0.283362,2182.318143,2192.176679,
18,phase2,57,pair_058,0.300023,2182.334804,2192.193341,
19,phase2,57,pair_058,0.316696,2182.351477,2192.210013,
20,phase2,57,pair_058,0.333656,2182.368437,2192.226973,
21,phase2,57,pair_058,0.350065,2182.384846,2192.243383,
22,phase2,57,pair_058,0.366731,2182.401519,2192.260049,
23,phase2,57,pair_058,0.383372,2182.418154,2192.27669,
24,phase2,57,pair_058,0.400042,2182.434824,2192.29336,
25,phase2,57,pair_058,0.416669,2182.451451,2192.309987,
26,phase2,57,pair_058,0.433382,2182.468163,2192.326699,
27,phase2,57,pair_058,0.450082,2182.484863,2192.343399,
28,phase2,57,pair_058,0.466669,2182.50145,2192.359986,
29,phase2,57,pair_058,0.483369,2182.51815,2192.376687,
30,phase2,57,pair_058,0.500047,2182.534828,2192.393365,
31,phase2,57,pair_058,0.516957,2182.551738,2192.410275,
32,phase2,57,pair_058,0.533453,2182.568234,2192.426771,
33,phase2,57,pair_058,0.550055,2182.584836,2192.443372,
34,phase2,57,pair_058,0.56668,2182.601461,2192.459998,
35,phase2,57,pair_058,0.583625,2182.618406,2192.476943,
36,phase2,57,pair_058,0.600028,2182.634813,2192.493346,
37,phase2,57,pair_058,0.616974,2182.651755,2192.510292,
38,phase2,57,pair_058,0.633343,2182.668124,2192.526661,
39,phase2,57,pair_058,0.649993,2182.684774,2192.54331,
40,phase2,57,pair_058,0.666701,2182.701482,2192.560019,
41,phase2,57,pair_058,0.683653,2182.718434,2192.57697,
42,phase2,57,pair_058,0.700056,2182.734838,2192.593374,
43,phase2,57,pair_058,0.716686,2182.751467,2192.610003,
44,phase2,57,pair_058,0.73333,2182.768112,2192.626648,
45,phase2,57,pair_058,0.75001,2182.784791,2192.643327,
46,phase2,57,pair_058,0.766657,2182.801439,2192.659975,
47,phase2,57,pair_058,0.783405,2182.818187,2192.676723,
48,phase2,57,pair_058,0.799994,2182.834775,2192.693311,
49,phase2,57,pair_058,0.817004,2182.851785,2192.710321,
50,phase2,57,pair_058,0.833364,2182.868145,2192.726682,
51,phase2,57,pair_058,0.850063,2182.884845,2192.743381,
52,phase2,57,pair_058,0.866943,2182.901724,2192.76026,
53,phase2,57,pair_058,0.883324,2182.918106,2192.776642,
54,phase2,57,pair_058,0.900015,2182.934796,2192.793332,
55,phase2,57,pair_058,0.916704,2182.951485,2192.810022,
56,phase2,57,pair_058,0.93341,2182.968191,2192.826728,
57,phase2,57,pair_058,0.949994,2182.984775,2192.843311,
58,phase2,57,pair_058,0.966698,2183.001479,2192.860015,
59,phase2,57,pair_058,0.983348,2183.01813,2192.876666,
60,phase2,57,pair_058,1.00002,2183.034801,2192.893338,
61,phase2,57,pair_058,1.016675,2183.051457,2192.909993,
62,phase2,57,pair_058,1.033635,2183.068416,2192.926952,
63,phase2,57,pair_058,1.050019,2183.0848,2192.943336,
64,phase2,57,pair_058,1.066677,2183.101459,2192.959995,
65,phase2,57,pair_058,1.083346,2183.118127,2192.976663,
66,phase2,57,pair_058,1.100304,2183.135085,2192.993621,
67,phase2,57,pair_058,1.116704,2183.151485,2193.010021,
68,phase2,57,pair_058,1.133364,2183.168145,2193.026682,
69,phase2,57,pair_058,1.150023,2183.184804,2193.04334,
70,phase2,57,pair_058,1.166984,2183.201765,2193.060301,
71,phase2,57,pair_058,1.183409,2183.21819,2193.076726,
72,phase2,57,pair_058,1.200244,2183.235025,2193.093562,
73,phase2,57,pair_058,1.216672,2183.251454,2193.10999,
74,phase2,57,pair_058,1.233642,2183.268423,2193.126959,
75,phase2,57,pair_058,1.250046,2183.284828,2193.143364,
76,phase2,57,pair_058,1.266697,2183.301479,2193.160015,
77,phase2,57,pair_058,1.28363,2183.318411,2193.176947,
78,phase2,57,pair_058,1.300309,2183.33509,2193.193626,
79,phase2,57,pair_058,1.316653,2183.351434,2193.20997,
80,phase2,57,pair_058,1.333349,2183.368131,2193.226667,
81,phase2,57,pair_058,1.350085,2183.384866,2193.243402,
82,phase2,57,pair_058,1.36664,2183.401421,2193.259958,
83,phase2,57,pair_058,1.383334,2183.418115,2193.276651,
84,phase2,57,pair_058,1.400008,2183.43479,2193.293326,
85,phase2,57,pair_058,1.416725,2183.451506,2193.310042,
86,phase2,57,pair_058,1.433299,2183.468081,2193.326617,
0,phase2,57,pair_058,0.0,2183.484802,2193.343334,single_opt_onset_seq4_opt2_王冠
1,phase2,57,pair_058,0.016685,2183.501483,2193.360018,
2,phase2,57,pair_058,0.033317,2183.518115,2193.37665,
3,phase2,57,pair_058,0.049941,2183.534739,2193.393274,
4,phase2,57,pair_058,0.066944,2183.551742,2193.410278,
5,phase2,57,pair_058,0.083279,2183.568077,2193.426613,
6,phase2,57,pair_058,0.099949,2183.584747,2193.443282,
7,phase2,57,pair_058,0.11699,2183.601788,2193.460323,
8,phase2,57,pair_058,0.133605,2183.618403,2193.476939,
9,phase2,57,pair_058,0.149978,2183.634776,2193.493312,
10,phase2,57,pair_058,0.166633,2183.651431,2193.509966,
11,phase2,57,pair_058,0.183629,2183.668426,2193.526962,
12,phase2,57,pair_058,0.199969,2183.684767,2193.543302,
13,phase2,57,pair_058,0.216683,2183.701481,2193.560016,
14,phase2,57,pair_058,0.233291,2183.718089,2193.576625,
15,phase2,57,pair_058,0.2503,2183.735098,2193.593634,
16,phase2,57,pair_058,0.266955,2183.751753,2193.610289,
17,phase2,57,pair_058,0.283327,2183.768125,2193.626661,
18,phase2,57,pair_058,0.300404,2183.785204,2193.643737,
19,phase2,57,pair_058,0.3167,2183.801498,2193.660034,
20,phase2,57,pair_058,0.333398,2183.818196,2193.676732,
21,phase2,57,pair_058,0.35005,2183.834847,2193.693383,
22,phase2,57,pair_058,0.36674,2183.851538,2193.710074,
23,phase2,57,pair_058,0.383404,2183.868202,2193.726737,
24,phase2,57,pair_058,0.400061,2183.884858,2193.743394,
25,phase2,57,pair_058,0.416789,2183.901589,2193.760123,
26,phase2,57,pair_058,0.433405,2183.918204,2193.776739,
27,phase2,57,pair_058,0.450387,2183.935184,2193.79372,
28,phase2,57,pair_058,0.466745,2183.951543,2193.810079,
29,phase2,57,pair_058,0.483455,2183.968253,2193.826789,
30,phase2,57,pair_058,0.500074,2183.984872,2193.843408,
31,phase2,57,pair_058,0.517051,2184.001852,2193.860385,
32,phase2,57,pair_058,0.533359,2184.018157,2193.876692,
33,phase2,57,pair_058,0.550023,2184.034821,2193.893356,
34,phase2,57,pair_058,0.567001,2184.051799,2193.910335,
35,phase2,57,pair_058,0.583732,2184.06853,2193.927065,
36,phase2,57,pair_058,0.600073,2184.084873,2193.943407,
37,phase2,57,pair_058,0.616726,2184.101524,2193.960059,
38,phase2,57,pair_058,0.633734,2184.118532,2193.977068,
39,phase2,57,pair_058,0.650383,2184.135181,2193.993717,
40,phase2,57,pair_058,0.66675,2184.151553,2194.010084,
41,phase2,57,pair_058,0.683404,2184.168202,2194.026738,
42,phase2,57,pair_058,0.700116,2184.184914,2194.043449,
43,phase2,57,pair_058,0.71706,2184.201857,2194.060393,
44,phase2,57,pair_058,0.733418,2184.218216,2194.076751,
45,phase2,57,pair_058,0.750084,2184.234881,2194.093417,
46,phase2,57,pair_058,0.766773,2184.25157,2194.110106,
47,phase2,57,pair_058,0.783712,2184.268513,2194.127046,
48,phase2,57,pair_058,0.800081,2184.284879,2194.143415,
49,phase2,57,pair_058,0.816751,2184.30155,2194.160084,
50,phase2,57,pair_058,0.833664,2184.318462,2194.176998,
51,phase2,57,pair_058,0.850068,2184.334867,2194.193402,
52,phase2,57,pair_058,0.867041,2184.351839,2194.210375,
53,phase2,57,pair_058,0.883369,2184.368167,2194.226703,
54,phase2,57,pair_058,0.900109,2184.38491,2194.243443,
55,phase2,57,pair_058,0.916754,2184.401552,2194.260087,
56,phase2,57,pair_058,0.933387,2184.418185,2194.27672,
57,phase2,57,pair_058,0.95003,2184.434827,2194.293363,
58,phase2,57,pair_058,0.96677,2184.451568,2194.310104,
59,phase2,57,pair_058,0.983709,2184.468507,2194.327043,
60,phase2,57,pair_058,1.000367,2184.485165,2194.3437,
61,phase2,57,pair_058,1.016744,2184.501544,2194.360078,
62,phase2,57,pair_058,1.033359,2184.518156,2194.376692,
63,phase2,57,pair_058,1.050053,2184.534851,2194.393387,
64,phase2,57,pair_058,1.067034,2184.551832,2194.410367,
65,phase2,57,pair_058,1.083408,2184.568206,2194.426741,
66,phase2,57,pair_058,1.100046,2184.584844,2194.44338,
67,phase2,57,pair_058,1.116766,2184.601565,2194.4601,
68,phase2,57,pair_058,1.133702,2184.618499,2194.477035,
69,phase2,57,pair_058,1.150054,2184.634859,2194.493388,
70,phase2,57,pair_058,1.166728,2184.651526,2194.510062,
71,phase2,57,pair_058,1.183408,2184.668206,2194.526742,
72,phase2,57,pair_058,1.200395,2184.685193,2194.543729,
73,phase2,57,pair_058,1.216721,2184.701519,2194.560055,
74,phase2,57,pair_058,1.233393,2184.718191,2194.576727,
75,phase2,57,pair_058,1.250089,2184.734886,2194.593422,
76,phase2,57,pair_058,1.266705,2184.751504,2194.610039,
77,phase2,57,pair_058,1.283677,2184.768475,2194.627011,
78,phase2,57,pair_058,1.300015,2184.784813,2194.643349,
79,phase2,57,pair_058,1.316698,2184.801496,2194.660032,
80,phase2,57,pair_058,1.333379,2184.818178,2194.676713,
81,phase2,57,pair_058,1.350022,2184.834835,2194.693356,
82,phase2,57,pair_058,1.366711,2184.851509,2194.710045,
83,phase2,57,pair_058,1.383617,2184.868415,2194.726951,
84,phase2,57,pair_058,1.400044,2184.884842,2194.743377,
85,phase2,57,pair_058,1.417046,2184.901844,2194.760379,
86,phase2,57,pair_058,1.433374,2184.918172,2194.776708,
87,phase2,57,pair_058,1.450085,2184.934889,2194.793418,
88,phase2,57,pair_058,1.4667,2184.951498,2194.810033,
89,phase2,57,pair_058,1.483696,2184.968493,2194.827029,
90,phase2,57,pair_058,1.50005,2184.984851,2194.843383,
0,phase2,57,pair_058,0.0,2185.001471,2194.860005,iti_onset_dur_1.046
1,phase2,57,pair_058,0.016718,2185.018187,2194.876723,
2,phase2,57,pair_058,0.033694,2185.035165,2194.893699,
3,phase2,57,pair_058,0.050303,2185.051771,2194.910308,
4,phase2,57,pair_058,0.066702,2185.068174,2194.926706,
5,phase2,57,pair_058,0.083354,2185.084822,2194.943358,
6,phase2,57,pair_058,0.100003,2185.101471,2194.960008,
7,phase2,57,pair_058,0.116953,2185.118422,2194.976958,
8,phase2,57,pair_058,0.133356,2185.134839,2194.99336,
9,phase2,57,pair_058,0.150048,2185.151516,2195.010052,
10,phase2,57,pair_058,0.166678,2185.168147,2195.026683,
11,phase2,57,pair_058,0.183372,2185.184852,2195.043376,
12,phase2,57,pair_058,0.20005,2185.201518,2195.060055,
13,phase2,57,pair_058,0.21675,2185.218219,2195.076755,
14,phase2,57,pair_058,0.233639,2185.235108,2195.093644,
15,phase2,57,pair_058,0.250321,2185.251789,2195.110326,
16,phase2,57,pair_058,0.266693,2185.268162,2195.126698,
17,phase2,57,pair_058,0.283357,2185.284837,2195.143362,
18,phase2,57,pair_058,0.300012,2185.301481,2195.160017,
19,phase2,57,pair_058,0.316997,2185.318466,2195.177002,
20,phase2,57,pair_058,0.333348,2185.334817,2195.193353,
21,phase2,57,pair_058,0.350019,2185.351488,2195.210024,
22,phase2,57,pair_058,0.366741,2185.368209,2195.226745,
23,phase2,57,pair_058,0.383668,2185.385136,2195.243673,
24,phase2,57,pair_058,0.400013,2185.401481,2195.260018,
25,phase2,57,pair_058,0.416702,2185.418171,2195.276707,
26,phase2,57,pair_058,0.433381,2185.43485,2195.293386,
27,phase2,57,pair_058,0.450304,2185.451772,2195.310308,
28,phase2,57,pair_058,0.466977,2185.468447,2195.326982,
29,phase2,57,pair_058,0.483423,2185.484891,2195.343427,
30,phase2,57,pair_058,0.500074,2185.501543,2195.360079,
31,phase2,57,pair_058,0.517039,2185.518508,2195.377043,
32,phase2,57,pair_058,0.533319,2185.534788,2195.393324,
33,phase2,57,pair_058,0.549981,2185.55145,2195.409986,
34,phase2,57,pair_058,0.566668,2185.568137,2195.426673,
35,phase2,57,pair_058,0.583361,2185.584832,2195.443366,
36,phase2,57,pair_058,0.600314,2185.601783,2195.460319,
37,phase2,57,pair_058,0.616639,2185.618108,2195.476644,
38,phase2,57,pair_058,0.63338,2185.634849,2195.493385,
39,phase2,57,pair_058,0.650035,2185.651504,2195.510039,
40,phase2,57,pair_058,0.666973,2185.668442,2195.526978,
41,phase2,57,pair_058,0.683348,2185.684821,2195.543353,
42,phase2,57,pair_058,0.700095,2185.701563,2195.560099,
43,phase2,57,pair_058,0.716674,2185.718142,2195.576679,
44,phase2,57,pair_058,0.733656,2185.735126,2195.593661,
45,phase2,57,pair_058,0.749989,2185.751457,2195.609993,
46,phase2,57,pair_058,0.766725,2185.768196,2195.62673,
47,phase2,57,pair_058,0.783615,2185.785084,2195.64362,
48,phase2,57,pair_058,0.799997,2185.801465,2195.660002,
49,phase2,57,pair_058,0.816684,2185.818152,2195.676688,
50,phase2,57,pair_058,0.83332,2185.834788,2195.693325,
51,phase2,57,pair_058,0.849992,2185.85146,2195.709997,
52,phase2,57,pair_058,0.866642,2185.86811,2195.726646,
53,phase2,57,pair_058,0.88366,2185.885128,2195.743664,
54,phase2,57,pair_058,0.899982,2185.901451,2195.759987,
55,phase2,57,pair_058,0.91669,2185.918169,2195.776695,
56,phase2,57,pair_058,0.933338,2185.934818,2195.793343,
57,phase2,57,pair_058,0.949965,2185.951446,2195.80997,
58,phase2,57,pair_058,0.966721,2185.968203,2195.826726,
59,phase2,57,pair_058,0.983333,2185.984812,2195.843338,
60,phase2,57,pair_058,1.000048,2186.00152,2195.860053,
61,phase2,57,pair_058,1.016643,2186.018112,2195.876648,
62,phase2,57,pair_058,1.033341,2186.034814,2195.893346,
0,phase2,57,pair_058,0.0,2186.901483,2196.760012,final_choice_onset
1,phase2,57,pair_058,0.016954,2186.918434,2196.776966,
2,phase2,57,pair_058,0.033356,2186.934835,2196.793368,
3,phase2,57,pair_058,0.049988,2186.951467,2196.81,
4,phase2,57,pair_058,0.066959,2186.968438,2196.826971,
5,phase2,57,pair_058,0.083287,2186.984766,2196.843299,
6,phase2,57,pair_058,0.100016,2187.001495,2196.860028,
7,phase2,57,pair_058,0.11666,2187.018139,2196.876672,
8,phase2,57,pair_058,0.133309,2187.034788,2196.893321,
9,phase2,57,pair_058,0.149957,2187.051436,2196.909969,
10,phase2,57,pair_058,0.166635,2187.068114,2196.926647,
11,phase2,57,pair_058,0.183288,2187.084767,2196.9433,
12,phase2,57,pair_058,0.200022,2187.101501,2196.960034,
13,phase2,57,pair_058,0.216625,2187.118104,2196.976637,
14,phase2,57,pair_058,0.233593,2187.135072,2196.993605,
15,phase2,57,pair_058,0.249956,2187.151435,2197.009968,
16,phase2,57,pair_058,0.266616,2187.168095,2197.026628,
17,phase2,57,pair_058,0.283289,2187.184768,2197.043301,
18,phase2,57,pair_058,0.300257,2187.201736,2197.060269,
19,phase2,57,pair_058,0.316665,2187.218144,2197.076677,
20,phase2,57,pair_058,0.333303,2187.234782,2197.093315,
21,phase2,57,pair_058,0.350279,2187.251758,2197.110291,
22,phase2,57,pair_058,0.366924,2187.268403,2197.126936,
23,phase2,57,pair_058,0.383516,2187.284995,2197.143528,
24,phase2,57,pair_058,0.399979,2187.301458,2197.159991,
25,phase2,57,pair_058,0.416633,2187.318112,2197.176645,
26,phase2,57,pair_058,0.433608,2187.335087,2197.19362,
27,phase2,57,pair_058,0.449971,2187.35145,2197.209983,
28,phase2,57,pair_058,0.466586,2187.368065,2197.226598,
29,phase2,57,pair_058,0.483616,2187.385095,2197.243628,
30,phase2,57,pair_058,0.499923,2187.401402,2197.259935,
31,phase2,57,pair_058,0.516626,2187.418105,2197.276638,
32,phase2,57,pair_058,0.53328,2187.434759,2197.293292,
33,phase2,57,pair_058,0.550225,2187.451704,2197.310237,
34,phase2,57,pair_058,0.566934,2187.468413,2197.326946,
35,phase2,57,pair_058,0.583306,2187.484785,2197.343318,
36,phase2,57,pair_058,0.599953,2187.501432,2197.359965,
37,phase2,57,pair_058,0.616597,2187.518076,2197.376609,
38,phase2,57,pair_058,0.633609,2187.535088,2197.393621,
39,phase2,57,pair_058,0.649919,2187.5514,2197.409931,
40,phase2,57,pair_058,0.666605,2187.568084,2197.426617,
41,phase2,57,pair_058,0.683277,2187.584756,2197.443289,
42,phase2,57,pair_058,0.700231,2187.60171,2197.460243,
43,phase2,57,pair_058,0.716903,2187.618382,2197.476915,
44,phase2,57,pair_058,0.733299,2187.634778,2197.493311,
45,phase2,57,pair_058,0.749943,2187.651422,2197.509954,
46,phase2,57,pair_058,0.766857,2187.668337,2197.526869,
47,phase2,57,pair_058,0.783229,2187.684708,2197.543241,
48,phase2,57,pair_058,0.799932,2187.701411,2197.559944,
49,phase2,57,pair_058,0.816996,2187.718477,2197.577008,
50,phase2,57,pair_058,0.833381,2187.734859,2197.593392,
51,phase2,57,pair_058,0.850055,2187.751534,2197.610067,
52,phase2,57,pair_058,0.866714,2187.768192,2197.626725,
53,phase2,57,pair_058,0.883712,2187.785191,2197.643724,
54,phase2,57,pair_058,0.90006,2187.801539,2197.660072,
55,phase2,57,pair_058,0.916735,2187.818218,2197.676747,
56,phase2,57,pair_058,0.933439,2187.834918,2197.693451,
57,phase2,57,pair_058,0.95039,2187.851869,2197.710402,
58,phase2,57,pair_058,0.966719,2187.868197,2197.726731,
59,phase2,57,pair_058,0.983379,2187.884857,2197.743391,
60,phase2,57,pair_058,1.000039,2187.901518,2197.760051,
61,phase2,57,pair_058,1.016672,2187.918151,2197.776684,
62,phase2,57,pair_058,1.033667,2187.935146,2197.793679,
63,phase2,57,pair_058,1.050045,2187.951525,2197.810057,
64,phase2,57,pair_058,1.06675,2187.968231,2197.826762,
65,phase2,57,pair_058,1.083694,2187.985173,2197.843706,
66,phase2,57,pair_058,1.100342,2188.001821,2197.860354,
67,phase2,57,pair_058,1.116719,2188.018198,2197.876731,
68,phase2,57,pair_058,1.133369,2188.034848,2197.893381,
69,phase2,57,pair_058,1.150047,2188.051526,2197.910059,
70,phase2,57,pair_058,1.167026,2188.068505,2197.927038,
71,phase2,57,pair_058,1.183384,2188.084863,2197.943396,
72,phase2,57,pair_058,1.199944,2188.101422,2197.959956,
73,phase2,57,pair_058,1.216695,2188.118173,2197.976706,
74,phase2,57,pair_058,1.233314,2188.134793,2197.993326,
75,phase2,57,pair_058,1.25003,2188.151509,2198.010042,
76,phase2,57,pair_058,1.26668,2188.168159,2198.026692,
77,phase2,57,pair_058,1.283343,2188.184822,2198.043355,
78,phase2,57,pair_058,1.30034,2188.201822,2198.060352,
79,phase2,57,pair_058,1.316691,2188.21817,2198.076703,
80,phase2,57,pair_058,1.333363,2188.234844,2198.093375,
81,phase2,57,pair_058,1.350051,2188.251531,2198.110063,
82,phase2,57,pair_058,1.367023,2188.268503,2198.127035,
83,phase2,57,pair_058,1.383392,2188.284872,2198.143404,
84,phase2,57,pair_058,1.400007,2188.301486,2198.160019,
85,phase2,57,pair_058,1.416744,2188.318223,2198.176756,
86,phase2,57,pair_058,1.433368,2188.334847,2198.193379,
87,phase2,57,pair_058,1.450322,2188.351801,2198.210334,
88,phase2,57,pair_058,1.466689,2188.368168,2198.226701,
89,phase2,57,pair_058,1.483407,2188.384886,2198.243419,
90,phase2,57,pair_058,1.500017,2188.401496,2198.260029,
91,phase2,57,pair_058,1.516698,2188.418177,2198.27671,
92,phase2,57,pair_058,1.533384,2188.434863,2198.293396,
93,phase2,57,pair_058,1.550053,2188.451533,2198.310065,
94,phase2,57,pair_058,1.566704,2188.468183,2198.326715,
95,phase2,57,pair_058,1.583677,2188.485156,2198.343689,
96,phase2,57,pair_058,1.600029,2188.501509,2198.36004,
97,phase2,57,pair_058,1.616693,2188.518172,2198.376705,
98,phase2,57,pair_058,1.633354,2188.534835,2198.393366,
99,phase2,57,pair_058,1.650329,2188.551823,2198.410341,
100,phase2,57,pair_058,1.666687,2188.56817,2198.426699,
101,phase2,57,pair_058,1.683359,2188.584852,2198.443371,
102,phase2,57,pair_058,1.700031,2188.601509,2198.460043,
103,phase2,57,pair_058,1.717004,2188.618484,2198.477016,
104,phase2,57,pair_058,1.73332,2188.634799,2198.493332,
105,phase2,57,pair_058,1.750033,2188.651511,2198.510044,
106,phase2,57,pair_058,1.766718,2188.668197,2198.52673,
107,phase2,57,pair_058,1.783345,2188.684824,2198.543357,
108,phase2,57,pair_058,1.800012,2188.701491,2198.560024,
109,phase2,57,pair_058,1.816674,2188.718153,2198.576686,
110,phase2,57,pair_058,1.833389,2188.734867,2198.593401,
111,phase2,57,pair_058,1.850028,2188.751507,2198.61004,
112,phase2,57,pair_058,1.866712,2188.768191,2198.626724,
113,phase2,57,pair_058,1.883365,2188.784844,2198.643377,
114,phase2,57,pair_058,1.900056,2188.801535,2198.660068,
115,phase2,57,pair_058,1.916656,2188.818135,2198.676668,
116,phase2,57,pair_058,1.933303,2188.834783,2198.693315,
117,phase2,57,pair_058,1.950012,2188.85149,2198.710023,
118,phase2,57,pair_058,1.96696,2188.86844,2198.726972,
119,phase2,57,pair_058,1.98365,2188.885129,2198.743661,
120,phase2,57,pair_058,2.00033,2188.901809,2198.760341,
121,phase2,57,pair_058,2.016688,2188.918167,2198.7767,
122,phase2,57,pair_058,2.033404,2188.934885,2198.793416,
123,phase2,57,pair_058,2.049989,2188.951469,2198.810001,
124,phase2,57,pair_058,2.066984,2188.968462,2198.826996,
125,phase2,57,pair_058,2.083378,2188.984864,2198.84339,
126,phase2,57,pair_058,2.10008,2189.001559,2198.860091,
127,phase2,57,pair_058,2.117006,2189.018485,2198.877018,
128,phase2,57,pair_058,2.133355,2189.034834,2198.893367,
129,phase2,57,pair_058,2.15005,2189.05173,2198.910061,
130,phase2,57,pair_058,2.166619,2189.068097,2198.926631,
131,phase2,57,pair_058,2.183616,2189.085094,2198.943628,
132,phase2,57,pair_058,2.199998,2189.101479,2198.96001,
133,phase2,57,pair_058,2.216654,2189.118132,2198.976666,
134,phase2,57,pair_058,2.233339,2189.134818,2198.993351,
135,phase2,57,pair_058,2.250301,2189.15178,2199.010313,
136,phase2,57,pair_058,2.267004,2189.168484,2199.027016,
137,phase2,57,pair_058,2.283348,2189.184827,2199.04336,
138,phase2,57,pair_058,2.300009,2189.201488,2199.060021,
139,phase2,57,pair_058,2.316643,2189.218122,2199.076655,
140,phase2,57,pair_058,2.33329,2189.234768,2199.093302,
141,phase2,57,pair_058,2.349999,2189.25148,2199.110011,
142,phase2,57,pair_058,2.36667,2189.268149,2199.126682,
143,phase2,57,pair_058,2.383406,2189.284885,2199.143418,
144,phase2,57,pair_058,2.399985,2189.301463,2199.159996,
145,phase2,57,pair_058,2.416975,2189.318454,2199.176987,
146,phase2,57,pair_058,2.433323,2189.334803,2199.193335,
147,phase2,57,pair_058,2.450065,2189.351544,2199.210077,
148,phase2,57,pair_058,2.466603,2189.368082,2199.226615,
149,phase2,57,pair_058,2.483298,2189.384777,2199.24331,
150,phase2,57,pair_058,2.499942,2189.401424,2199.259954,
151,phase2,57,pair_058,2.516608,2189.418093,2199.27662,
152,phase2,57,pair_058,2.53326,2189.43474,2199.293272,
153,phase2,57,pair_058,2.549958,2189.451444,2199.30997,
154,phase2,57,pair_058,2.566634,2189.468116,2199.326646,
155,phase2,57,pair_058,2.583282,2189.48477,2199.343294,
156,phase2,57,pair_058,2.59995,2189.501438,2199.359961,
157,phase2,57,pair_058,2.616634,2189.518121,2199.376646,
158,phase2,57,pair_058,2.633325,2189.53481,2199.393337,
159,phase2,57,pair_058,2.649999,2189.551481,2199.410011,
160,phase2,57,pair_058,2.666613,2189.568093,2199.426625,
161,phase2,57,pair_058,2.683343,2189.584823,2199.443355,
162,phase2,57,pair_058,2.700308,2189.601803,2199.46032,
163,phase2,57,pair_058,2.71663,2189.618109,2199.476642,
164,phase2,57,pair_058,2.733295,2189.634774,2199.493307,
165,phase2,57,pair_058,2.749992,2189.651472,2199.510004,
166,phase2,57,pair_058,2.766976,2189.668457,2199.526988,
167,phase2,57,pair_058,2.78328,2189.684759,2199.543292,
168,phase2,57,pair_058,2.800259,2189.701738,2199.560271,
169,phase2,57,pair_058,2.816605,2189.718084,2199.576617,
170,phase2,57,pair_058,2.833647,2189.735126,2199.593658,
171,phase2,57,pair_058,2.850016,2189.751495,2199.610028,
172,phase2,57,pair_058,2.866653,2189.768135,2199.626665,
173,phase2,57,pair_058,2.88358,2189.785059,2199.643592,
174,phase2,57,pair_058,2.899953,2189.801432,2199.659965,
175,phase2,57,pair_058,2.91667,2189.818149,2199.676682,
176,phase2,57,pair_058,2.933355,2189.834836,2199.693367,
177,phase2,57,pair_058,2.949977,2189.851456,2199.709989,
178,phase2,57,pair_058,2.966587,2189.868066,2199.726598,
179,phase2,57,pair_058,2.983601,2189.88508,2199.743613,
180,phase2,57,pair_058,3.000024,2189.901509,2199.760036,
181,phase2,57,pair_058,3.016616,2189.918095,2199.776628,
182,phase2,57,pair_058,3.033332,2189.934811,2199.793343,
183,phase2,57,pair_058,3.05027,2189.951749,2199.810282,
184,phase2,57,pair_058,3.066675,2189.968154,2199.826687,
185,phase2,57,pair_058,3.083302,2189.984781,2199.843314,
186,phase2,57,pair_058,3.099985,2190.001464,2199.859997,
187,phase2,57,pair_058,3.116933,2190.018411,2199.876945,
188,phase2,57,pair_058,3.13331,2190.03479,2199.893321,
189,phase2,57,pair_058,3.150043,2190.051522,2199.910055,
190,phase2,57,pair_058,3.166618,2190.068097,2199.926629,
191,phase2,57,pair_058,3.183577,2190.085056,2199.943589,
192,phase2,57,pair_058,3.199959,2190.101438,2199.959971,
193,phase2,57,pair_058,3.216651,2190.11813,2199.976663,
194,phase2,57,pair_058,3.233287,2190.134766,2199.993299,
195,phase2,57,pair_058,3.250284,2190.151764,2200.010296,
196,phase2,57,pair_058,3.266617,2190.168096,2200.026629,
197,phase2,57,pair_058,3.283341,2190.18482,2200.043353,
198,phase2,57,pair_058,3.299947,2190.201426,2200.059959,
199,phase2,57,pair_058,3.316616,2190.218095,2200.076628,
200,phase2,57,pair_058,3.33329,2190.234768,2200.093302,
201,phase2,57,pair_058,3.350044,2190.251528,2200.110056,
202,phase2,57,pair_058,3.366884,2190.268363,2200.126896,
203,phase2,57,pair_058,3.38327,2190.284748,2200.143281,
204,phase2,57,pair_058,3.40025,2190.301729,2200.160262,
205,phase2,57,pair_058,3.416639,2190.318117,2200.17665,
206,phase2,57,pair_058,3.43333,2190.334809,2200.193342,
207,phase2,57,pair_058,3.449956,2190.351435,2200.209968,
208,phase2,57,pair_058,3.466578,2190.368057,2200.22659,
209,phase2,57,pair_058,3.483324,2190.384803,2200.243336,
210,phase2,57,pair_058,3.499974,2190.401453,2200.259986,
211,phase2,57,pair_058,3.51692,2190.418399,2200.276932,
212,phase2,57,pair_058,3.533582,2190.435061,2200.293594,
213,phase2,57,pair_058,3.549988,2190.451467,2200.31,
214,phase2,57,pair_058,3.566663,2190.468142,2200.326675,
215,phase2,57,pair_058,3.583261,2190.48474,2200.343273,
216,phase2,57,pair_058,3.599948,2190.501427,2200.35996,
217,phase2,57,pair_058,3.616623,2190.518102,2200.376635,
218,phase2,57,pair_058,3.633268,2190.534747,2200.39328,
219,phase2,57,pair_058,3.650022,2190.551501,2200.410034,
220,phase2,57,pair_058,3.666933,2190.568411,2200.426945,
221,phase2,57,pair_058,3.683353,2190.584832,2200.443365,
222,phase2,57,pair_058,3.699964,2190.601447,2200.459976,
223,phase2,57,pair_058,3.716599,2190.618078,2200.476611,
224,phase2,57,pair_058,3.733589,2190.635068,2200.493601,
225,phase2,57,pair_058,3.74989,2190.651368,2200.509902,
226,phase2,57,pair_058,3.766652,2190.668131,2200.526664,
227,phase2,57,pair_058,3.783355,2190.684834,2200.543367,
228,phase2,57,pair_058,3.800271,2190.70175,2200.560283,
229,phase2,57,pair_058,3.816552,2190.71803,2200.576563,
230,phase2,57,pair_058,3.833276,2190.734755,2200.593288,
231,phase2,57,pair_058,3.850015,2190.751494,2200.610027,
232,phase2,57,pair_058,3.866598,2190.768077,2200.62661,
233,phase2,57,pair_058,3.883606,2190.785085,2200.643618,
234,phase2,57,pair_058,3.899949,2190.801428,2200.659961,
235,phase2,57,pair_058,3.91671,2190.818191,2200.676722,
236,phase2,57,pair_058,3.933266,2190.834745,2200.693278,
237,phase2,57,pair_058,3.950248,2190.851727,2200.71026,
238,phase2,57,pair_058,3.96661,2190.868089,2200.726622,
239,phase2,57,pair_058,3.983206,2190.884685,2200.743218,
240,phase2,57,pair_058,4.000257,2190.901736,2200.760269,
241,phase2,57,pair_058,4.01692,2190.918398,2200.776931,
242,phase2,57,pair_058,4.033288,2190.934767,2200.7933,
243,phase2,57,pair_058,4.049953,2190.951432,2200.809965,
244,phase2,57,pair_058,4.066577,2190.968056,2200.826589,
245,phase2,57,pair_058,4.083592,2190.985071,2200.843604,
246,phase2,57,pair_058,4.09994,2191.001419,2200.859952,
247,phase2,57,pair_058,4.116529,2191.018008,2200.876541,
248,phase2,57,pair_058,4.133272,2191.034752,2200.893284,
249,phase2,57,pair_058,4.149931,2191.05141,2200.909943,
250,phase2,57,pair_058,4.166607,2191.068086,2200.926619,
251,phase2,57,pair_058,4.183277,2191.084756,2200.943289,
252,phase2,57,pair_058,4.199935,2191.101414,2200.959947,
253,phase2,57,pair_058,4.216916,2191.118395,2200.976928,
254,phase2,57,pair_058,4.233335,2191.134814,2200.993347,
255,phase2,57,pair_058,4.249931,2191.15141,2201.009943,
256,phase2,57,pair_058,4.266539,2191.168018,2201.026551,
257,phase2,57,pair_058,4.283575,2191.185054,2201.043587,
258,phase2,57,pair_058,4.300227,2191.201706,2201.060239,
259,phase2,57,pair_058,4.316588,2191.218067,2201.0766,
260,phase2,57,pair_058,4.333265,2191.234744,2201.093277,
261,phase2,57,pair_058,4.350219,2191.251698,2201.110231,
262,phase2,57,pair_058,4.366872,2191.268351,2201.126883,
263,phase2,57,pair_058,4.383348,2191.28483,2201.14336,
264,phase2,57,pair_058,4.39992,2191.301399,2201.159932,
265,phase2,57,pair_058,4.416522,2191.318001,2201.176534,
266,phase2,57,pair_058,4.433194,2191.334673,2201.193206,
267,phase2,57,pair_058,4.449919,2191.351398,2201.209931,
268,phase2,57,pair_058,4.46668,2191.368159,2201.226692,
269,phase2,57,pair_058,4.483266,2191.384745,2201.243278,
270,phase2,57,pair_058,4.500252,2191.40173,2201.260263,
271,phase2,57,pair_058,4.516591,2191.41807,2201.276603,
272,phase2,57,pair_058,4.533207,2191.434685,2201.293218,
273,phase2,57,pair_058,4.550205,2191.451683,2201.310216,
274,phase2,57,pair_058,4.566505,2191.467984,2201.326517,
275,phase2,57,pair_058,4.583187,2191.484665,2201.343199,
276,phase2,57,pair_058,4.599903,2191.501381,2201.359914,
277,phase2,57,pair_058,4.616588,2191.518067,2201.3766,
278,phase2,57,pair_058,4.633172,2191.534653,2201.393184,
279,phase2,57,pair_058,4.649926,2191.551415,2201.409938,
280,phase2,57,pair_058,4.666555,2191.56804,2201.426567,
281,phase2,57,pair_058,4.683375,2191.584866,2201.443387,
282,phase2,57,pair_058,4.699901,2191.601385,2201.459913,
283,phase2,57,pair_058,4.716512,2191.617993,2201.476524,
284,phase2,57,pair_058,4.733254,2191.634734,2201.493266,
285,phase2,57,pair_058,4.750032,2191.651514,2201.510044,
286,phase2,57,pair_058,4.766695,2191.668174,2201.526707,
287,phase2,57,pair_058,4.783382,2191.684862,2201.543394,
288,phase2,57,pair_058,4.800345,2191.701824,2201.560357,
289,phase2,57,pair_058,4.816984,2191.718463,2201.576996,
290,phase2,57,pair_058,4.833326,2191.73481,2201.593338,
291,phase2,57,pair_058,4.850005,2191.751493,2201.610016,
292,phase2,57,pair_058,4.866677,2191.768158,2201.626689,
293,phase2,57,pair_058,4.883322,2191.784806,2201.643334,
294,phase2,57,pair_058,4.900005,2191.80149,2201.660017,
295,phase2,57,pair_058,4.916644,2191.818127,2201.676656,
296,phase2,57,pair_058,4.933307,2191.834793,2201.693319,
297,phase2,57,pair_058,4.949993,2191.851476,2201.710005,
298,phase2,57,pair_058,4.966731,2191.868215,2201.726742,
299,phase2,57,pair_058,4.983381,2191.884863,2201.743393,
300,phase2,57,pair_058,4.999948,2191.901428,2201.75996,
301,phase2,57,pair_058,5.016652,2191.918132,2201.776663,
302,phase2,57,pair_058,5.033362,2191.93485,2201.793374,
303,phase2,57,pair_058,5.050025,2191.951505,2201.810037,
304,phase2,57,pair_058,5.066727,2191.968207,2201.826739,
305,phase2,57,pair_058,5.083341,2191.984821,2201.843353,
306,phase2,57,pair_058,5.099988,2192.001467,2201.86,
307,phase2,57,pair_058,5.11669,2192.018169,2201.876702,
308,phase2,57,pair_058,5.133344,2192.034826,2201.893356,
309,phase2,57,pair_058,5.150012,2192.051493,2201.910024,
310,phase2,57,pair_058,5.166604,2192.068083,2201.926616,
311,phase2,57,pair_058,5.183341,2192.08482,2201.943353,
312,phase2,57,pair_058,5.20013,2192.101609,2201.960142,
313,phase2,57,pair_058,5.21662,2192.118099,2201.976632,
314,phase2,57,pair_058,5.233338,2192.134817,2201.99335,
315,phase2,57,pair_058,5.250057,2192.151537,2202.010069,
316,phase2,57,pair_058,5.266595,2192.168075,2202.026606,
317,phase2,57,pair_058,5.283349,2192.184828,2202.043361,
318,phase2,57,pair_058,5.300011,2192.20149,2202.060023,
319,phase2,57,pair_058,5.316624,2192.218104,2202.076636,
320,phase2,57,pair_058,5.333271,2192.23475,2202.093283,
321,phase2,57,pair_058,5.34999,2192.251469,2202.110002,
322,phase2,57,pair_058,5.366684,2192.268163,2202.126696,
323,phase2,57,pair_058,5.383341,2192.28482,2202.143353,
324,phase2,57,pair_058,5.399958,2192.301437,2202.15997,
325,phase2,57,pair_058,5.416664,2192.318142,2202.176675,
326,phase2,57,pair_058,5.433329,2192.334813,2202.193341,
327,phase2,57,pair_058,5.449997,2192.351476,2202.210009,
328,phase2,57,pair_058,5.466685,2192.368164,2202.226697,
329,phase2,57,pair_058,5.483284,2192.384763,2202.243295,
330,phase2,57,pair_058,5.500017,2192.401496,2202.260028,
331,phase2,57,pair_058,5.516659,2192.418138,2202.276671,
332,phase2,57,pair_058,5.533338,2192.434817,2202.29335,
333,phase2,57,pair_058,5.549965,2192.451444,2202.309977,
334,phase2,57,pair_058,5.566617,2192.468095,2202.326628,
335,phase2,57,pair_058,5.583339,2192.484818,2202.343351,
336,phase2,57,pair_058,5.599992,2192.501471,2202.360004,
337,phase2,57,pair_058,5.616666,2192.518145,2202.376678,
338,phase2,57,pair_058,5.633269,2192.534748,2202.393281,
339,phase2,57,pair_058,5.650318,2192.551797,2202.41033,
340,phase2,57,pair_058,5.666668,2192.56815,2202.42668,
341,phase2,57,pair_058,5.683354,2192.584833,2202.443365,
342,phase2,57,pair_058,5.700262,2192.601742,2202.460274,
343,phase2,57,pair_058,5.716971,2192.61845,2202.476983,
344,phase2,57,pair_058,5.733345,2192.634823,2202.493356,
345,phase2,57,pair_058,5.750032,2192.651511,2202.510044,
346,phase2,57,pair_058,5.766719,2192.668198,2202.526731,
347,phase2,57,pair_058,5.783608,2192.685087,2202.543619,
348,phase2,57,pair_058,5.799998,2192.701477,2202.56001,
349,phase2,57,pair_058,5.816615,2192.718094,2202.576627,
350,phase2,57,pair_058,5.833375,2192.734854,2202.593387,
351,phase2,57,pair_058,5.850027,2192.751506,2202.610039,
352,phase2,57,pair_058,5.866604,2192.768083,2202.626616,
353,phase2,57,pair_058,5.883335,2192.784814,2202.643347,
354,phase2,57,pair_058,5.899995,2192.801478,2202.660007,
355,phase2,57,pair_058,5.91659,2192.818071,2202.676602,
356,phase2,57,pair_058,5.933355,2192.834834,2202.693367,
357,phase2,57,pair_058,5.949985,2192.851464,2202.709997,
358,phase2,57,pair_058,5.966634,2192.868115,2202.726646,
359,phase2,57,pair_058,5.983329,2192.884807,2202.743341,
360,phase2,57,pair_058,5.999983,2192.901462,2202.759995,
361,phase2,57,pair_058,6.016621,2192.9181,2202.776633,
362,phase2,57,pair_058,6.033408,2192.93489,2202.79342,
363,phase2,57,pair_058,6.050253,2192.951732,2202.810265,
364,phase2,57,pair_058,6.066954,2192.968433,2202.826966,
365,phase2,57,pair_058,6.083319,2192.984798,2202.843331,
366,phase2,57,pair_058,6.100041,2193.001519,2202.860053,
367,phase2,57,pair_058,6.116708,2193.018189,2202.87672,
368,phase2,57,pair_058,6.133632,2193.035111,2202.893644,
369,phase2,57,pair_058,6.150001,2193.05148,2202.910013,
370,phase2,57,pair_058,6.166649,2193.068128,2202.926661,
371,phase2,57,pair_058,6.183298,2193.084777,2202.94331,
372,phase2,57,pair_058,6.19997,2193.101449,2202.959982,
373,phase2,57,pair_058,6.216658,2193.118137,2202.97667,
374,phase2,57,pair_058,6.233322,2193.134801,2202.993334,
375,phase2,57,pair_058,6.249988,2193.151467,2203.01,
376,phase2,57,pair_058,6.267001,2193.16848,2203.027013,
377,phase2,57,pair_058,6.283296,2193.184776,2203.043307,
378,phase2,57,pair_058,6.299965,2193.201444,2203.059977,
379,phase2,57,pair_058,6.316954,2193.218433,2203.076966,
380,phase2,57,pair_058,6.333297,2193.234776,2203.093309,
381,phase2,57,pair_058,6.350285,2193.251764,2203.110297,
382,phase2,57,pair_058,6.366571,2193.26805,2203.126583,
383,phase2,57,pair_058,6.383267,2193.284746,2203.143279,
384,phase2,57,pair_058,6.400294,2193.301772,2203.160306,
385,phase2,57,pair_058,6.416945,2193.318425,2203.176957,
386,phase2,57,pair_058,6.433254,2193.334733,2203.193266,
387,phase2,57,pair_058,6.450007,2193.351488,2203.210019,
388,phase2,57,pair_058,6.466665,2193.368146,2203.226677,
389,phase2,57,pair_058,6.483631,2193.38511,2203.243643,
390,phase2,57,pair_058,6.499966,2193.401445,2203.259978,
391,phase2,57,pair_058,6.516638,2193.418117,2203.27665,
392,phase2,57,pair_058,6.533327,2193.434806,2203.293339,
393,phase2,57,pair_058,6.550274,2193.451753,2203.310286,
394,phase2,57,pair_058,6.56664,2193.468119,2203.326652,
395,phase2,57,pair_058,6.583273,2193.484752,2203.343285,
396,phase2,57,pair_058,6.599904,2193.501383,2203.359916,
397,phase2,57,pair_058,6.61696,2193.518439,2203.376972,
398,phase2,57,pair_058,6.633316,2193.534795,2203.393328,
399,phase2,57,pair_058,6.64999,2193.551469,2203.410002,
400,phase2,57,pair_058,6.666636,2193.568114,2203.426647,
401,phase2,57,pair_058,6.683287,2193.584765,2203.443299,
402,phase2,57,pair_058,6.699918,2193.601397,2203.45993,
403,phase2,57,pair_058,6.716605,2193.618084,2203.476617,
404,phase2,57,pair_058,6.733319,2193.6348,2203.493331,
405,phase2,57,pair_058,6.750262,2193.651741,2203.510274,
406,phase2,57,pair_058,6.76693,2193.668409,2203.526942,
407,phase2,57,pair_058,6.783271,2193.684752,2203.543283,
408,phase2,57,pair_058,6.800011,2193.70149,2203.560023,
409,phase2,57,pair_058,6.81658,2193.718059,2203.576592,
410,phase2,57,pair_058,6.833601,2193.735079,2203.593612,
411,phase2,57,pair_058,6.849969,2193.751448,2203.609981,
412,phase2,57,pair_058,6.866635,2193.768114,2203.626647,
413,phase2,57,pair_058,6.8833,2193.784779,2203.643312,
414,phase2,57,pair_058,6.899923,2193.801401,2203.659934,
415,phase2,57,pair_058,6.916624,2193.818103,2203.676636,
416,phase2,57,pair_058,6.933278,2193.834759,2203.69329,
417,phase2,57,pair_058,6.949954,2193.851433,2203.709966,
418,phase2,57,pair_058,6.966613,2193.868095,2203.726625,
419,phase2,57,pair_058,6.983265,2193.884772,2203.743277,
420,phase2,57,pair_058,7.000039,2193.901517,2203.760051,
421,phase2,57,pair_058,7.016605,2193.918084,2203.776617,
422,phase2,57,pair_058,7.03329,2193.934769,2203.793302,
423,phase2,57,pair_058,7.050024,2193.951502,2203.810036,
424,phase2,57,pair_058,7.066628,2193.968107,2203.82664,
425,phase2,57,pair_058,7.083289,2193.984768,2203.843301,
426,phase2,57,pair_058,7.099939,2194.00142,2203.859951,
427,phase2,57,pair_058,7.116549,2194.018027,2203.87656,
428,phase2,57,pair_058,7.133265,2194.034744,2203.893277,
429,phase2,57,pair_058,7.150251,2194.051731,2203.910263,
430,phase2,57,pair_058,7.166568,2194.068047,2203.92658,
431,phase2,57,pair_058,7.183599,2194.085078,2203.943611,
432,phase2,57,pair_058,7.199938,2194.101417,2203.95995,
433,phase2,57,pair_058,7.216598,2194.118076,2203.976609,
434,phase2,57,pair_058,7.233271,2194.13475,2203.993283,
435,phase2,57,pair_058,7.250243,2194.151721,2204.010254,
436,phase2,57,pair_058,7.266529,2194.168007,2204.026541,
437,phase2,57,pair_058,7.28327,2194.18475,2204.043281,
438,phase2,57,pair_058,7.300013,2194.201492,2204.060024,
439,phase2,57,pair_058,7.316903,2194.218382,2204.076915,
440,phase2,57,pair_058,7.333251,2194.23473,2204.093263,
441,phase2,57,pair_058,7.349952,2194.251431,2204.109964,
442,phase2,57,pair_058,7.366594,2194.268073,2204.126606,
443,phase2,57,pair_058,7.38327,2194.284748,2204.143281,
444,phase2,57,pair_058,7.399897,2194.301375,2204.159908,
445,phase2,57,pair_058,7.41654,2194.318019,2204.176552,
446,phase2,57,pair_058,7.433314,2194.334793,2204.193326,
447,phase2,57,pair_058,7.450254,2194.351733,2204.210266,
448,phase2,57,pair_058,7.466894,2194.368373,2204.226906,
449,phase2,57,pair_058,7.483268,2194.384747,2204.24328,
450,phase2,57,pair_058,7.499995,2194.401474,2204.260006,
451,phase2,57,pair_058,7.51657,2194.418049,2204.276582,
452,phase2,57,pair_058,7.533561,2194.43504,2204.293573,
453,phase2,57,pair_058,7.549941,2194.45142,2204.309953,
454,phase2,57,pair_058,7.566601,2194.46808,2204.326613,
455,phase2,57,pair_058,7.583314,2194.484793,2204.343326,
456,phase2,57,pair_058,7.600238,2194.501719,2204.36025,
457,phase2,57,pair_058,7.616636,2194.518115,2204.376648,
458,phase2,57,pair_058,7.633257,2194.534737,2204.393269,
459,phase2,57,pair_058,7.650004,2194.551482,2204.410016,
460,phase2,57,pair_058,7.666574,2194.568053,2204.426586,
461,phase2,57,pair_058,7.683244,2194.584723,2204.443256,
462,phase2,57,pair_058,7.699919,2194.601398,2204.459931,
463,phase2,57,pair_058,7.716561,2194.61804,2204.476573,
464,phase2,57,pair_058,7.733236,2194.634715,2204.493248,
465,phase2,57,pair_058,7.750214,2194.651693,2204.510226,
466,phase2,57,pair_058,7.766604,2194.668083,2204.526616,
467,phase2,57,pair_058,7.783289,2194.684768,2204.543301,
468,phase2,57,pair_058,7.800211,2194.70169,2204.560223,
469,phase2,57,pair_058,7.816837,2194.718315,2204.576849,
470,phase2,57,pair_058,7.833257,2194.734736,2204.593269,
471,phase2,57,pair_058,7.849927,2194.751406,2204.609939,
472,phase2,57,pair_058,7.86691,2194.768389,2204.626922,
473,phase2,57,pair_058,7.883548,2194.785027,2204.64356,
474,phase2,57,pair_058,7.899914,2194.801393,2204.659926,
475,phase2,57,pair_058,7.916572,2194.81805,2204.676584,
476,phase2,57,pair_058,7.933233,2194.834711,2204.693245,
477,phase2,57,pair_058,7.94984,2194.85132,2204.709852,
478,phase2,57,pair_058,7.966629,2194.868108,2204.726641,
479,phase2,57,pair_058,7.983254,2194.884732,2204.743266,
480,phase2,57,pair_058,7.999907,2194.901386,2204.759919,
481,phase2,57,pair_058,8.01689,2194.918368,2204.776901,
482,phase2,57,pair_058,8.033231,2194.93471,2204.793242,
483,phase2,57,pair_058,8.049911,2194.951392,2204.809923,
484,phase2,57,pair_058,8.066591,2194.96807,2204.826602,
485,phase2,57,pair_058,8.083557,2194.985036,2204.843569,
486,phase2,57,pair_058,8.099933,2195.001412,2204.859945,
487,phase2,57,pair_058,8.11664,2195.018119,2204.876652,
488,phase2,57,pair_058,8.133288,2195.034767,2204.8933,
489,phase2,57,pair_058,8.150223,2195.051701,2204.910234,
490,phase2,57,pair_058,8.166872,2195.068351,2204.926884,
491,phase2,57,pair_058,8.18319,2195.084668,2204.943201,
492,phase2,57,pair_058,8.199899,2195.101378,2204.959911,
493,phase2,57,pair_058,8.216589,2195.118068,2204.976601,
494,phase2,57,pair_058,8.233536,2195.135015,2204.993548,
495,phase2,57,pair_058,8.249915,2195.151394,2205.009927,
496,phase2,57,pair_058,8.266542,2195.16802,2205.026554,
497,phase2,57,pair_058,8.283533,2195.185011,2205.043545,
498,phase2,57,pair_058,8.300202,2195.201681,2205.060214,
499,phase2,57,pair_058,8.316511,2195.21799,2205.076523,
500,phase2,57,pair_058,8.333193,2195.234672,2205.093205,
501,phase2,57,pair_058,8.349887,2195.251366,2205.109899,
502,phase2,57,pair_058,8.366872,2195.268351,2205.126884,
503,phase2,57,pair_058,8.38326,2195.284738,2205.143272,
504,phase2,57,pair_058,8.399904,2195.301383,2205.159916,
505,phase2,57,pair_058,8.416558,2195.318036,2205.17657,
506,phase2,57,pair_058,8.433542,2195.335021,2205.193554,
507,phase2,57,pair_058,8.449926,2195.351405,2205.209938,
508,phase2,57,pair_058,8.466549,2195.368028,2205.226561,
509,phase2,57,pair_058,8.483258,2195.384736,2205.243269,
510,phase2,57,pair_058,8.500219,2195.401697,2205.260231,
511,phase2,57,pair_058,8.516765,2195.418243,2205.276777,
512,phase2,57,pair_058,8.533235,2195.434714,2205.293247,
513,phase2,57,pair_058,8.549889,2195.451367,2205.309901,
514,phase2,57,pair_058,8.566521,2195.468,2205.326533,
515,phase2,57,pair_058,8.583503,2195.484982,2205.343515,
516,phase2,57,pair_058,8.599893,2195.501372,2205.359905,
517,phase2,57,pair_058,8.616525,2195.518004,2205.376536,
518,phase2,57,pair_058,8.633226,2195.534705,2205.393238,
519,phase2,57,pair_058,8.650195,2195.551673,2205.410207,
520,phase2,57,pair_058,8.666548,2195.568026,2205.42656,
521,phase2,57,pair_058,8.683268,2195.584746,2205.44328,
522,phase2,57,pair_058,8.699987,2195.601466,2205.459999,
523,phase2,57,pair_058,8.716693,2195.618174,2205.476705,
524,phase2,57,pair_058,8.733585,2195.635064,2205.493597,
525,phase2,57,pair_058,8.750296,2195.651774,2205.510307,
526,phase2,57,pair_058,8.766689,2195.668167,2205.526701,
527,phase2,57,pair_058,8.78333,2195.684808,2205.543342,
528,phase2,57,pair_058,8.799941,2195.70142,2205.559953,
529,phase2,57,pair_058,8.816923,2195.718402,2205.576935,
530,phase2,57,pair_058,8.833329,2195.734807,2205.593341,
531,phase2,57,pair_058,8.849984,2195.751463,2205.609996,
532,phase2,57,pair_058,8.866958,2195.768436,2205.62697,
533,phase2,57,pair_058,8.883603,2195.785081,2205.643614,
534,phase2,57,pair_058,8.899975,2195.801457,2205.659987,
535,phase2,57,pair_058,8.916688,2195.818169,2205.676699,
536,phase2,57,pair_058,8.933367,2195.834845,2205.693379,
537,phase2,57,pair_058,8.949963,2195.851443,2205.709975,
538,phase2,57,pair_058,8.966652,2195.86813,2205.726663,
539,phase2,57,pair_058,8.983315,2195.884793,2205.743327,
540,phase2,57,pair_058,9.000009,2195.901489,2205.760021,
541,phase2,57,pair_058,9.016643,2195.918122,2205.776655,
542,phase2,57,pair_058,9.033601,2195.935079,2205.793613,
543,phase2,57,pair_058,9.049995,2195.951474,2205.810007,
544,phase2,57,pair_058,9.066703,2195.968182,2205.826715,
545,phase2,57,pair_058,9.083314,2195.984793,2205.843326,
546,phase2,57,pair_058,9.099995,2196.001474,2205.860007,
547,phase2,57,pair_058,9.116637,2196.018116,2205.876649,
548,phase2,57,pair_058,9.133355,2196.034834,2205.893367,
549,phase2,57,pair_058,9.15028,2196.051759,2205.910292,
550,phase2,57,pair_058,9.166642,2196.068121,2205.926654,
551,phase2,57,pair_058,9.183292,2196.084772,2205.943304,
552,phase2,57,pair_058,9.199992,2196.101471,2205.960004,
553,phase2,57,pair_058,9.216681,2196.118161,2205.976693,
554,phase2,57,pair_058,9.233588,2196.135067,2205.9936,
555,phase2,57,pair_058,9.249965,2196.151452,2206.009976,
556,phase2,57,pair_058,9.26666,2196.16814,2206.026672,
557,phase2,57,pair_058,9.283327,2196.184806,2206.043339,
558,phase2,57,pair_058,9.300312,2196.201791,2206.060324,
559,phase2,57,pair_058,9.316639,2196.218117,2206.076651,
560,phase2,57,pair_058,9.333249,2196.234728,2206.093261,
561,phase2,57,pair_058,9.349994,2196.251473,2206.110006,
562,phase2,57,pair_058,9.366967,2196.268445,2206.126979,
563,phase2,57,pair_058,9.383623,2196.285101,2206.143634,
564,phase2,57,pair_058,9.399998,2196.301476,2206.16001,
565,phase2,57,pair_058,9.416924,2196.318403,2206.176936,
566,phase2,57,pair_058,9.433636,2196.335114,2206.193648,
567,phase2,57,pair_058,9.449962,2196.35144,2206.209974,
568,phase2,57,pair_058,9.466659,2196.368137,2206.22667,
569,phase2,57,pair_058,9.483378,2196.384857,2206.24339,
570,phase2,57,pair_058,9.499936,2196.401415,2206.259948,
571,phase2,57,pair_058,9.516587,2196.418066,2206.276599,
572,phase2,57,pair_058,9.533242,2196.43472,2206.293253,
573,phase2,57,pair_058,9.549995,2196.451474,2206.310007,
574,phase2,57,pair_058,9.566632,2196.468113,2206.326644,
575,phase2,57,pair_058,9.583279,2196.484757,2206.343291,
576,phase2,57,pair_058,9.599968,2196.50145,2206.35998,
577,phase2,57,pair_058,9.616636,2196.518115,2206.376648,
578,phase2,57,pair_058,9.63332,2196.534806,2206.393332,
579,phase2,57,pair_058,9.650284,2196.551763,2206.410296,
580,phase2,57,pair_058,9.66664,2196.568118,2206.426652,
581,phase2,57,pair_058,9.683235,2196.584714,2206.443247,
582,phase2,57,pair_058,9.699959,2196.601437,2206.459971,
583,phase2,57,pair_058,9.716944,2196.618422,2206.476956,
584,phase2,57,pair_058,9.733292,2196.634771,2206.493304,
585,phase2,57,pair_058,9.749974,2196.651452,2206.509986,
586,phase2,57,pair_058,9.766609,2196.668088,2206.526621,
587,phase2,57,pair_058,9.783595,2196.685074,2206.543607,
588,phase2,57,pair_058,9.799934,2196.701412,2206.559946,
589,phase2,57,pair_058,9.816575,2196.718053,2206.576586,
590,phase2,57,pair_058,9.833503,2196.734982,2206.593515,
591,phase2,57,pair_058,9.849917,2196.751398,2206.609929,
592,phase2,57,pair_058,9.86692,2196.768399,2206.626932,
593,phase2,57,pair_058,9.883319,2196.784798,2206.643331,
594,phase2,57,pair_058,9.899934,2196.801412,2206.659946,
595,phase2,57,pair_058,9.916578,2196.818057,2206.67659,
596,phase2,57,pair_058,9.933597,2196.835075,2206.693609,
597,phase2,57,pair_058,9.949959,2196.851438,2206.709971,
598,phase2,57,pair_058,9.96655,2196.868029,2206.726562,
599,phase2,57,pair_058,9.983282,2196.884763,2206.743294,
600,phase2,57,pair_058,10.00027,2196.901748,2206.760281,
601,phase2,57,pair_058,-2186.901739,2196.901808,9.858273,timeout
0,phase3,57,pair_058,0.0,2198.451409,2208.309937,stimulus_onset
1,phase3,57,pair_058,0.016715,2198.468121,2208.326652,
2,phase3,57,pair_058,0.033309,2198.484718,2208.343246,
3,phase3,57,pair_058,0.050267,2198.501672,2208.360204,
4,phase3,57,pair_058,0.066605,2198.51801,2208.376543,
5,phase3,57,pair_058,0.083314,2198.534719,2208.393252,
6,phase3,57,pair_058,0.099975,2198.55138,2208.409912,
7,phase3,57,pair_058,0.116939,2198.568344,2208.426876,
8,phase3,57,pair_058,0.133293,2198.584698,2208.44323,
9,phase3,57,pair_058,0.149972,2198.601377,2208.459909,
10,phase3,57,pair_058,0.166714,2198.618119,2208.476651,
11,phase3,57,pair_058,0.1833,2198.634705,2208.493238,
12,phase3,57,pair_058,0.200257,2198.651663,2208.510195,
13,phase3,57,pair_058,0.216632,2198.668037,2208.526569,
14,phase3,57,pair_058,0.233567,2198.684971,2208.543504,
15,phase3,57,pair_058,0.25029,2198.701695,2208.560227,
16,phase3,57,pair_058,0.266893,2198.718298,2208.57683,
17,phase3,57,pair_058,0.283288,2198.734693,2208.593226,
18,phase3,57,pair_058,0.299933,2198.751337,2208.60987,
19,phase3,57,pair_058,0.316925,2198.76833,2208.626862,
20,phase3,57,pair_058,0.333574,2198.784978,2208.643511,
21,phase3,57,pair_058,0.349965,2198.80137,2208.659902,
22,phase3,57,pair_058,0.366681,2198.818086,2208.676618,
23,phase3,57,pair_058,0.383624,2198.835029,2208.693561,
24,phase3,57,pair_058,0.399954,2198.851359,2208.709891,
25,phase3,57,pair_058,0.416672,2198.868077,2208.726609,
26,phase3,57,pair_058,0.433232,2198.884637,2208.743169,
27,phase3,57,pair_058,0.449951,2198.901356,2208.759888,
28,phase3,57,pair_058,0.466936,2198.918341,2208.776873,
29,phase3,57,pair_058,0.483282,2198.934687,2208.793219,
30,phase3,57,pair_058,0.500003,2198.951408,2208.809941,
31,phase3,57,pair_058,0.516676,2198.968081,2208.826613,
32,phase3,57,pair_058,0.533294,2198.984699,2208.843231,
33,phase3,57,pair_058,0.549967,2199.001372,2208.859905,
34,phase3,57,pair_058,0.566623,2199.018029,2208.87656,
35,phase3,57,pair_058,0.58326,2199.034665,2208.893197,
36,phase3,57,pair_058,0.599914,2199.051516,2208.909852,
37,phase3,57,pair_058,0.616911,2199.068315,2208.926848,
38,phase3,57,pair_058,0.633286,2199.08469,2208.943223,
39,phase3,57,pair_058,0.64996,2199.101365,2208.959897,
40,phase3,57,pair_058,0.666541,2199.117946,2208.976478,
41,phase3,57,pair_058,0.683286,2199.134691,2208.993224,
42,phase3,57,pair_058,0.699937,2199.151341,2209.009874,
43,phase3,57,pair_058,0.716596,2199.168001,2209.026533,
44,phase3,57,pair_058,0.733265,2199.18467,2209.043202,
45,phase3,57,pair_058,0.749961,2199.201366,2209.059898,
46,phase3,57,pair_058,0.766648,2199.218053,2209.076585,
47,phase3,57,pair_058,0.783263,2199.234668,2209.0932,
48,phase3,57,pair_058,0.800265,2199.25167,2209.110203,
49,phase3,57,pair_058,0.816574,2199.267979,2209.126511,
50,phase3,57,pair_058,0.833253,2199.284658,2209.14319,
51,phase3,57,pair_058,0.849884,2199.301288,2209.159821,
52,phase3,57,pair_058,0.866614,2199.318019,2209.176551,
53,phase3,57,pair_058,0.883259,2199.334666,2209.193196,
54,phase3,57,pair_058,0.899928,2199.351333,2209.209865,
55,phase3,57,pair_058,0.916663,2199.368068,2209.2266,
56,phase3,57,pair_058,0.933324,2199.384729,2209.243262,
57,phase3,57,pair_058,0.949936,2199.401341,2209.259873,
58,phase3,57,pair_058,0.966519,2199.417924,2209.276456,
59,phase3,57,pair_058,0.983264,2199.434669,2209.293201,
60,phase3,57,pair_058,0.999977,2199.451382,2209.309914,
61,phase3,57,pair_058,1.016603,2199.468008,2209.32654,
62,phase3,57,pair_058,1.033267,2199.484672,2209.343204,
63,phase3,57,pair_058,1.049905,2199.501313,2209.359843,
64,phase3,57,pair_058,1.066585,2199.517989,2209.376522,
65,phase3,57,pair_058,1.083267,2199.534672,2209.393205,
66,phase3,57,pair_058,1.100061,2199.551466,2209.409998,
67,phase3,57,pair_058,1.116634,2199.568039,2209.426571,
68,phase3,57,pair_058,1.133692,2199.585097,2209.443629,
69,phase3,57,pair_058,1.150012,2199.601417,2209.459949,
70,phase3,57,pair_058,1.166725,2199.618129,2209.476662,
71,phase3,57,pair_058,1.183728,2199.635134,2209.493665,
72,phase3,57,pair_058,1.200076,2199.651481,2209.510013,
73,phase3,57,pair_058,1.216727,2199.668132,2209.526664,
74,phase3,57,pair_058,1.233374,2199.684779,2209.543311,
75,phase3,57,pair_058,1.25004,2199.701445,2209.559977,
76,phase3,57,pair_058,1.267028,2199.718433,2209.576965,
77,phase3,57,pair_058,1.400042,2199.851446,2209.709979,
78,phase3,57,pair_058,1.416789,2199.868194,2209.726726,
79,phase3,57,pair_058,1.433407,2199.884815,2209.743344,
80,phase3,57,pair_058,1.449998,2199.901405,2209.759935,
81,phase3,57,pair_058,1.467029,2199.918434,2209.776966,
82,phase3,57,pair_058,1.483353,2199.934758,2209.79329,
83,phase3,57,pair_058,1.500023,2199.951428,2209.80996,
84,phase3,57,pair_058,1.516778,2199.968183,2209.826715,
85,phase3,57,pair_058,1.53337,2199.984775,2209.843307,
86,phase3,57,pair_058,1.550357,2200.001762,2209.860295,
87,phase3,57,pair_058,1.566667,2200.018072,2209.876605,
88,phase3,57,pair_058,1.583352,2200.034777,2209.893289,
89,phase3,57,pair_058,1.600334,2200.051742,2209.910271,
90,phase3,57,pair_058,1.617014,2200.068419,2209.926951,
91,phase3,57,pair_058,1.633376,2200.084781,2209.943314,
92,phase3,57,pair_058,1.650076,2200.101481,2209.960014,
93,phase3,57,pair_058,1.666997,2200.118402,2209.976935,
94,phase3,57,pair_058,1.683698,2200.135103,2209.993636,
95,phase3,57,pair_058,1.700045,2200.15145,2210.009982,
96,phase3,57,pair_058,1.716647,2200.168052,2210.026584,
97,phase3,57,pair_058,1.733371,2200.184778,2210.043308,
98,phase3,57,pair_058,1.750361,2200.201766,2210.060298,
99,phase3,57,pair_058,1.766724,2200.218129,2210.076661,
100,phase3,57,pair_058,1.78343,2200.234844,2210.093367,
101,phase3,57,pair_058,1.800335,2200.25174,2210.110272,
102,phase3,57,pair_058,1.816671,2200.268076,2210.126608,
103,phase3,57,pair_058,1.833376,2200.284781,2210.143313,
104,phase3,57,pair_058,1.849962,2200.301367,2210.159899,
105,phase3,57,pair_058,1.866621,2200.318026,2210.176558,
106,phase3,57,pair_058,1.883697,2200.335102,2210.193634,
107,phase3,57,pair_058,1.900032,2200.351437,2210.209969,
108,phase3,57,pair_058,1.916711,2200.368118,2210.226648,
109,phase3,57,pair_058,1.933348,2200.384753,2210.243285,
110,phase3,57,pair_058,1.950324,2200.401729,2210.260261,
111,phase3,57,pair_058,1.966995,2200.418401,2210.276933,
112,phase3,57,pair_058,1.983352,2200.434757,2210.293289,
113,phase3,57,pair_058,2.000094,2200.451501,2210.310031,
114,phase3,57,pair_058,2.016606,2200.468011,2210.326543,
115,phase3,57,pair_058,2.033355,2200.48476,2210.343292,
116,phase3,57,pair_058,2.05003,2200.501435,2210.359967,
117,phase3,57,pair_058,2.066705,2200.518112,2210.376642,
118,phase3,57,pair_058,2.083659,2200.535064,2210.393596,
119,phase3,57,pair_058,2.100106,2200.551523,2210.410043,
120,phase3,57,pair_058,2.116708,2200.568113,2210.426645,
121,phase3,57,pair_058,2.133356,2200.584764,2210.443294,
122,phase3,57,pair_058,2.150279,2200.601684,2210.460216,
123,phase3,57,pair_058,2.166982,2200.618387,2210.476919,
124,phase3,57,pair_058,2.183368,2200.634773,2210.493305,
125,phase3,57,pair_058,2.199989,2200.651394,2210.509926,
126,phase3,57,pair_058,2.216735,2200.668147,2210.526672,
127,phase3,57,pair_058,2.233633,2200.685038,2210.54357,
128,phase3,57,pair_058,2.250007,2200.701414,2210.559944,
129,phase3,57,pair_058,2.266658,2200.718063,2210.576595,
130,phase3,57,pair_058,2.283404,2200.734809,2210.593341,
131,phase3,57,pair_058,2.30035,2200.751755,2210.610288,
132,phase3,57,pair_058,2.316599,2200.768004,2210.626536,
133,phase3,57,pair_058,2.333355,2200.78476,2210.643292,
134,phase3,57,pair_058,2.350071,2200.801476,2210.660008,
135,phase3,57,pair_058,2.367005,2200.818411,2210.676943,
136,phase3,57,pair_058,2.38364,2200.835045,2210.693578,
137,phase3,57,pair_058,2.399993,2200.851399,2210.709931,
138,phase3,57,pair_058,2.416723,2200.868128,2210.726661,
139,phase3,57,pair_058,2.433345,2200.88475,2210.743282,
140,phase3,57,pair_058,2.449989,2200.901395,2210.759926,
141,phase3,57,pair_058,2.466639,2200.918044,2210.776576,
142,phase3,57,pair_058,2.483324,2200.934729,2210.793261,
143,phase3,57,pair_058,2.499929,2200.951334,2210.809866,
144,phase3,57,pair_058,2.516622,2200.968029,2210.82656,
145,phase3,57,pair_058,2.533317,2200.984722,2210.843254,
146,phase3,57,pair_058,2.549973,2201.001379,2210.859911,
147,phase3,57,pair_058,2.566635,2201.01804,2210.876573,
148,phase3,57,pair_058,2.583334,2201.034739,2210.893272,
149,phase3,57,pair_058,2.599977,2201.051383,2210.909914,
150,phase3,57,pair_058,2.616622,2201.068027,2210.926559,
151,phase3,57,pair_058,2.633303,2201.084708,2210.943241,
152,phase3,57,pair_058,2.649984,2201.101389,2210.959921,
153,phase3,57,pair_058,2.666654,2201.11806,2210.976592,
154,phase3,57,pair_058,2.683349,2201.134756,2210.993286,
155,phase3,57,pair_058,2.699933,2201.151338,2211.00987,
156,phase3,57,pair_058,2.717019,2201.168424,2211.026956,
157,phase3,57,pair_058,2.733372,2201.184777,2211.043309,
158,phase3,57,pair_058,2.750014,2201.201421,2211.059952,
159,phase3,57,pair_058,2.766694,2201.2181,2211.076632,
160,phase3,57,pair_058,2.783269,2201.234674,2211.093206,
161,phase3,57,pair_058,2.800255,2201.25166,2211.110192,
162,phase3,57,pair_058,2.816663,2201.268069,2211.1266,
163,phase3,57,pair_058,2.833352,2201.284757,2211.143289,
164,phase3,57,pair_058,2.849989,2201.301394,2211.159926,
165,phase3,57,pair_058,2.866958,2201.318363,2211.176895,
166,phase3,57,pair_058,2.883319,2201.334724,2211.193257,
167,phase3,57,pair_058,2.899985,2201.35139,2211.209922,
168,phase3,57,pair_058,2.916674,2201.36808,2211.226611,
169,phase3,57,pair_058,2.933262,2201.384667,2211.243199,
170,phase3,57,pair_058,2.949971,2201.401376,2211.259908,
171,phase3,57,pair_058,2.966661,2201.418067,2211.276599,
172,phase3,57,pair_058,2.983409,2201.434817,2211.293346,
173,phase3,57,pair_058,3.00031,2201.451715,2211.310247,
174,phase3,57,pair_058,3.016679,2201.468086,2211.326616,
175,phase3,57,pair_058,3.033333,2201.484738,2211.343271,
176,phase3,57,pair_058,3.05006,2201.501465,2211.359997,
177,phase3,57,pair_058,3.066573,2201.517978,2211.37651,
178,phase3,57,pair_058,3.083341,2201.534748,2211.393278,
179,phase3,57,pair_058,3.099977,2201.551382,2211.409914,
180,phase3,57,pair_058,3.116653,2201.568058,2211.426591,
181,phase3,57,pair_058,3.133326,2201.584731,2211.443263,
182,phase3,57,pair_058,3.149975,2201.60138,2211.459912,
183,phase3,57,pair_058,3.166705,2201.618113,2211.476642,
184,phase3,57,pair_058,3.183314,2201.634718,2211.493251,
185,phase3,57,pair_058,3.199997,2201.651402,2211.509935,
186,phase3,57,pair_058,3.216583,2201.667988,2211.52652,
187,phase3,57,pair_058,3.233333,2201.684738,2211.54327,
188,phase3,57,pair_058,3.25002,2201.701425,2211.559957,
189,phase3,57,pair_058,3.266917,2201.718322,2211.576854,
190,phase3,57,pair_058,3.333625,2201.78503,2211.643562,
191,phase3,57,pair_058,3.349979,2201.801384,2211.659917,
192,phase3,57,pair_058,3.369358,2201.820764,2211.679296,
193,phase3,57,pair_058,3.384068,2201.835474,2211.694005,
194,phase3,57,pair_058,3.400053,2201.851458,2211.70999,
195,phase3,57,pair_058,3.416957,2201.868362,2211.726894,
196,phase3,57,pair_058,3.433263,2201.884669,2211.743201,
197,phase3,57,pair_058,3.449903,2201.901309,2211.75984,
198,phase3,57,pair_058,3.466639,2201.918047,2211.776576,
199,phase3,57,pair_058,3.483256,2201.934661,2211.793193,
200,phase3,57,pair_058,3.500265,2201.95167,2211.810202,
201,phase3,57,pair_058,3.516655,2201.968061,2211.826592,
202,phase3,57,pair_058,3.533244,2201.984649,2211.843181,
203,phase3,57,pair_058,3.549964,2202.001369,2211.859901,
204,phase3,57,pair_058,3.566926,2202.018332,2211.876863,
205,phase3,57,pair_058,3.583312,2202.034718,2211.893249,
206,phase3,57,pair_058,3.599956,2202.051361,2211.909893,
207,phase3,57,pair_058,3.616965,2202.06837,2211.926902,
208,phase3,57,pair_058,3.633592,2202.084998,2211.94353,
209,phase3,57,pair_058,3.649973,2202.101378,2211.95991,
210,phase3,57,pair_058,3.666547,2202.117953,2211.976484,
211,phase3,57,pair_058,3.683246,2202.134651,2211.993183,
212,phase3,57,pair_058,3.700287,2202.151692,2212.010225,
213,phase3,57,pair_058,3.716724,2202.168129,2212.026661,
214,phase3,57,pair_058,3.73358,2202.184985,2212.043517,
215,phase3,57,pair_058,3.749934,2202.201339,2212.059871,
216,phase3,57,pair_058,3.76693,2202.218335,2212.076867,
217,phase3,57,pair_058,3.783353,2202.234759,2212.09329,
218,phase3,57,pair_058,3.799966,2202.251371,2212.109903,
219,phase3,57,pair_058,3.816628,2202.268033,2212.126565,
220,phase3,57,pair_058,3.833269,2202.284702,2212.143206,
221,phase3,57,pair_058,3.850241,2202.301646,2212.160178,
222,phase3,57,pair_058,3.866648,2202.318053,2212.176585,
223,phase3,57,pair_058,3.883287,2202.334692,2212.193224,
224,phase3,57,pair_058,3.899931,2202.351336,2212.209868,
225,phase3,57,pair_058,3.916913,2202.368319,2212.226851,
226,phase3,57,pair_058,3.933263,2202.384669,2212.243201,
227,phase3,57,pair_058,3.949937,2202.401342,2212.259874,
228,phase3,57,pair_058,3.966566,2202.417972,2212.276503,
229,phase3,57,pair_058,4.066599,2202.518003,2212.376536,
230,phase3,57,pair_058,4.083326,2202.534731,2212.393263,
231,phase3,57,pair_058,4.099942,2202.551347,2212.409879,
232,phase3,57,pair_058,4.116552,2202.567958,2212.426489,
233,phase3,57,pair_058,4.133252,2202.584658,2212.44319,
234,phase3,57,pair_058,4.14995,2202.601356,2212.459888,
235,phase3,57,pair_058,4.16662,2202.618029,2212.476557,
236,phase3,57,pair_058,4.183218,2202.634623,2212.493155,
237,phase3,57,pair_058,4.199863,2202.651269,2212.509801,
238,phase3,57,pair_058,4.216636,2202.668042,2212.526573,
239,phase3,57,pair_058,4.233266,2202.684671,2212.543203,
240,phase3,57,pair_058,4.250241,2202.701646,2212.560178,
241,phase3,57,pair_058,4.266544,2202.71795,2212.576481,
242,phase3,57,pair_058,4.283325,2202.734733,2212.593262,
243,phase3,57,pair_058,4.299938,2202.751343,2212.609875,
244,phase3,57,pair_058,4.316621,2202.768027,2212.626558,
245,phase3,57,pair_058,4.33356,2202.784966,2212.643497,
246,phase3,57,pair_058,4.349945,2202.80135,2212.659882,
247,phase3,57,pair_058,4.366598,2202.818003,2212.676535,
248,phase3,57,pair_058,4.383543,2202.834948,2212.69348,
249,phase3,57,pair_058,4.400239,2202.851644,2212.710176,
250,phase3,57,pair_058,4.416605,2202.86801,2212.726542,
251,phase3,57,pair_058,4.43331,2202.884715,2212.743247,
252,phase3,57,pair_058,4.449907,2202.901312,2212.759844,
253,phase3,57,pair_058,4.466583,2202.917988,2212.77652,
254,phase3,57,pair_058,4.483292,2202.934697,2212.793229,
255,phase3,57,pair_058,4.499956,2202.951361,2212.809893,
256,phase3,57,pair_058,4.516568,2202.967973,2212.826505,
257,phase3,57,pair_058,4.533254,2202.984659,2212.843191,
258,phase3,57,pair_058,4.550206,2203.001615,2212.860144,
259,phase3,57,pair_058,4.566596,2203.018002,2212.876534,
260,phase3,57,pair_058,4.583243,2203.034648,2212.89318,
261,phase3,57,pair_058,4.600221,2203.051626,2212.910158,
262,phase3,57,pair_058,4.616689,2203.068094,2212.926626,
263,phase3,57,pair_058,4.633243,2203.084648,2212.94318,
264,phase3,57,pair_058,4.649918,2203.101323,2212.959855,
265,phase3,57,pair_058,4.666574,2203.117979,2212.976511,
266,phase3,57,pair_058,4.683535,2203.13494,2212.993472,
267,phase3,57,pair_058,4.699911,2203.151317,2213.009849,
268,phase3,57,pair_058,4.716645,2203.16805,2213.026582,
269,phase3,57,pair_058,4.783285,2203.234691,2213.093222,
270,phase3,57,pair_058,4.799907,2203.251312,2213.109844,
271,phase3,57,pair_058,4.818487,2203.269893,2213.128424,
272,phase3,57,pair_058,4.834121,2203.285527,2213.144059,
273,phase3,57,pair_058,4.849931,2203.301337,2213.159868,
274,phase3,57,pair_058,4.866564,2203.317969,2213.176501,
275,phase3,57,pair_058,4.883264,2203.334669,2213.193201,
276,phase3,57,pair_058,4.899879,2203.351285,2213.209816,
277,phase3,57,pair_058,4.916595,2203.368,2213.226532,
278,phase3,57,pair_058,4.933234,2203.384639,2213.243171,
279,phase3,57,pair_058,4.950259,2203.401664,2213.260196,
280,phase3,57,pair_058,4.966866,2203.418272,2213.276803,
281,phase3,57,pair_058,4.98325,2203.434655,2213.293187,
282,phase3,57,pair_058,4.999925,2203.451331,2213.309862,
283,phase3,57,pair_058,5.016574,2203.467979,2213.326511,
284,phase3,57,pair_058,5.033195,2203.484601,2213.343132,
285,phase3,57,pair_058,5.050348,2203.501754,2213.360285,
286,phase3,57,pair_058,5.066969,2203.518375,2213.376906,
287,phase3,57,pair_058,5.083367,2203.534773,2213.393305,
288,phase3,57,pair_058,5.099973,2203.551379,2213.40991,
289,phase3,57,pair_058,5.117028,2203.568433,2213.426965,
290,phase3,57,pair_058,5.133369,2203.584774,2213.443306,
291,phase3,57,pair_058,5.150023,2203.601428,2213.45996,
292,phase3,57,pair_058,5.166671,2203.618079,2213.476609,
293,phase3,57,pair_058,5.183305,2203.634711,2213.493242,
294,phase3,57,pair_058,5.200323,2203.651729,2213.510261,
295,phase3,57,pair_058,5.216683,2203.668089,2213.526621,
296,phase3,57,pair_058,5.233381,2203.684787,2213.543319,
297,phase3,57,pair_058,5.250071,2203.701491,2213.560008,
298,phase3,57,pair_058,5.266999,2203.718405,2213.576937,
299,phase3,57,pair_058,5.283368,2203.734774,2213.593305,
300,phase3,57,pair_058,-2198.451665,2203.734835,9.858273,response
