frame_idx,phase,trial_id,stim_pair_id,elapsed_time,global_time,flip_time,event_marker
0,phase1,72,pair_073,0.0,1734.171209,1744.02973,stimulus_onset
1,phase1,72,pair_073,0.017027,1734.188224,1744.046757,
2,phase1,72,pair_073,0.033653,1734.204849,1744.063383,
3,phase1,72,pair_073,0.05002,1734.221217,1744.07975,
4,phase1,72,pair_073,0.066691,1734.237887,1744.096421,
5,phase1,72,pair_073,0.083288,1734.254487,1744.113018,
6,phase1,72,pair_073,0.099987,1734.271186,1744.129717,
7,phase1,72,pair_073,0.11675,1734.287948,1744.14648,
8,phase1,72,pair_073,0.133342,1734.304539,1744.163072,
9,phase1,72,pair_073,0.15003,1734.321227,1744.17976,
10,phase1,72,pair_073,0.167004,1734.338201,1744.196734,
11,phase1,72,pair_073,0.183381,1734.354578,1744.213111,
12,phase1,72,pair_073,0.200083,1734.371279,1744.229813,
13,phase1,72,pair_073,0.216728,1734.387924,1744.246458,
14,phase1,72,pair_073,0.233357,1734.404553,1744.263087,
15,phase1,72,pair_073,0.25009,1734.421287,1744.27982,
16,phase1,72,pair_073,0.266655,1734.437851,1744.296385,
17,phase1,72,pair_073,0.283275,1734.454471,1744.313005,
18,phase1,72,pair_073,0.299996,1734.471192,1744.329726,
19,phase1,72,pair_073,0.316977,1734.488173,1744.346707,
20,phase1,72,pair_073,0.333333,1734.504529,1744.363063,
21,phase1,72,pair_073,0.350107,1734.521304,1744.379836,
22,phase1,72,pair_073,0.366675,1734.537871,1744.396405,
23,phase1,72,pair_073,0.383365,1734.554561,1744.413095,
24,phase1,72,pair_073,0.400009,1734.571206,1744.429739,
25,phase1,72,pair_073,0.416653,1734.587849,1744.446382,
26,phase1,72,pair_073,0.43346,1734.604656,1744.46319,
27,phase1,72,pair_073,0.450121,1734.621317,1744.479851,
28,phase1,72,pair_073,0.466783,1734.63798,1744.496513,
29,phase1,72,pair_073,0.48375,1734.654946,1744.51348,
30,phase1,72,pair_073,0.500127,1734.671323,1744.529857,
31,phase1,72,pair_073,0.516763,1734.687963,1744.546493,
32,phase1,72,pair_073,0.533489,1734.704688,1744.563219,
33,phase1,72,pair_073,0.550405,1734.721601,1744.580135,
34,phase1,72,pair_073,0.566787,1734.737984,1744.596517,
35,phase1,72,pair_073,0.583444,1734.75464,1744.613174,
36,phase1,72,pair_073,0.600422,1734.771618,1744.630152,
37,phase1,72,pair_073,0.617087,1734.788283,1744.646817,
38,phase1,72,pair_073,0.633395,1734.804591,1744.663125,
39,phase1,72,pair_073,0.650116,1734.821312,1744.679846,
40,phase1,72,pair_073,0.666782,1734.837978,1744.696512,
41,phase1,72,pair_073,0.683464,1734.854661,1744.713194,
42,phase1,72,pair_073,0.700119,1734.87132,1744.729849,
43,phase1,72,pair_073,0.716777,1734.887974,1744.746507,
44,phase1,72,pair_073,0.733381,1734.904581,1744.763111,
45,phase1,72,pair_073,0.750022,1734.921222,1744.779752,
46,phase1,72,pair_073,0.766743,1734.937944,1744.796473,
47,phase1,72,pair_073,0.783404,1734.954604,1744.813133,
48,phase1,72,pair_073,0.800099,1734.971308,1744.829829,
49,phase1,72,pair_073,0.816755,1734.987955,1744.846485,
50,phase1,72,pair_073,0.833437,1735.004635,1744.863167,
51,phase1,72,pair_073,0.850101,1735.021298,1744.879831,
52,phase1,72,pair_073,0.866764,1735.037963,1744.896494,
53,phase1,72,pair_073,0.883452,1735.054651,1744.913181,
54,phase1,72,pair_073,0.900213,1735.071438,1744.929943,
55,phase1,72,pair_073,0.916756,1735.087953,1744.946486,
56,phase1,72,pair_073,0.933426,1735.104626,1744.963156,
57,phase1,72,pair_073,0.950063,1735.121259,1744.979793,
58,phase1,72,pair_073,0.966754,1735.13795,1744.996484,
59,phase1,72,pair_073,0.983375,1735.154572,1745.013105,
60,phase1,72,pair_073,1.000092,1735.171288,1745.029822,
61,phase1,72,pair_073,1.016762,1735.187958,1745.046492,
62,phase1,72,pair_073,1.033426,1735.204622,1745.063156,
63,phase1,72,pair_073,1.050126,1735.221323,1745.079856,
64,phase1,72,pair_073,1.066745,1735.237942,1745.096475,
65,phase1,72,pair_073,1.083411,1735.254607,1745.113141,
66,phase1,72,pair_073,1.100096,1735.271293,1745.129826,
67,phase1,72,pair_073,1.116762,1735.287959,1745.146492,
68,phase1,72,pair_073,1.133409,1735.304605,1745.163139,
69,phase1,72,pair_073,1.150079,1735.321276,1745.179809,
70,phase1,72,pair_073,1.166746,1735.337942,1745.196476,
71,phase1,72,pair_073,1.18342,1735.354618,1745.21315,
72,phase1,72,pair_073,1.200082,1735.371279,1745.229812,
73,phase1,72,pair_073,1.21675,1735.387947,1745.24648,
74,phase1,72,pair_073,1.2334,1735.404596,1745.26313,
75,phase1,72,pair_073,1.250085,1735.421281,1745.279814,
76,phase1,72,pair_073,1.266728,1735.437924,1745.296458,
77,phase1,72,pair_073,1.283409,1735.454608,1745.313139,
78,phase1,72,pair_073,1.30005,1735.471255,1745.32978,
79,phase1,72,pair_073,1.316735,1735.487934,1745.346465,
80,phase1,72,pair_073,1.3334,1735.504598,1745.36313,
81,phase1,72,pair_073,1.350102,1735.521297,1745.379832,
82,phase1,72,pair_073,1.366772,1735.537969,1745.396502,
83,phase1,72,pair_073,1.383433,1735.554651,1745.413163,
84,phase1,72,pair_073,1.400093,1735.571289,1745.429822,
85,phase1,72,pair_073,1.416759,1735.587955,1745.446488,
86,phase1,72,pair_073,1.433394,1735.604591,1745.463124,
87,phase1,72,pair_073,1.450045,1735.621243,1745.479775,
88,phase1,72,pair_073,1.466721,1735.637917,1745.496451,
89,phase1,72,pair_073,1.483403,1735.654603,1745.513133,
90,phase1,72,pair_073,1.500121,1735.671321,1745.529851,
91,phase1,72,pair_073,1.517075,1735.688272,1745.546805,
92,phase1,72,pair_073,1.533423,1735.704619,1745.563153,
93,phase1,72,pair_073,1.550083,1735.721279,1745.579813,
94,phase1,72,pair_073,1.566814,1735.73801,1745.596544,
95,phase1,72,pair_073,1.583712,1735.754908,1745.613442,
96,phase1,72,pair_073,1.600072,1735.771271,1745.629802,
97,phase1,72,pair_073,1.616715,1735.787911,1745.646445,
98,phase1,72,pair_073,1.633428,1735.804628,1745.663158,
99,phase1,72,pair_073,1.650036,1735.821232,1745.679766,
100,phase1,72,pair_073,1.667041,1735.838238,1745.696771,
101,phase1,72,pair_073,1.683347,1735.854543,1745.713076,
102,phase1,72,pair_073,1.700105,1735.871303,1745.729835,
103,phase1,72,pair_073,1.716738,1735.887936,1745.746468,
104,phase1,72,pair_073,1.733365,1735.904561,1745.763095,
105,phase1,72,pair_073,1.750071,1735.92127,1745.779801,
106,phase1,72,pair_073,1.766936,1735.938133,1745.796666,
107,phase1,72,pair_073,1.78369,1735.954887,1745.81342,
108,phase1,72,pair_073,1.800382,1735.971578,1745.830112,
109,phase1,72,pair_073,1.816748,1735.987945,1745.846478,
110,phase1,72,pair_073,1.833407,1736.004603,1745.863137,
111,phase1,72,pair_073,1.850096,1736.021292,1745.879826,
112,phase1,72,pair_073,1.867008,1736.038205,1745.896738,
113,phase1,72,pair_073,1.883397,1736.054593,1745.913127,
114,phase1,72,pair_073,1.900138,1736.071334,1745.929868,
115,phase1,72,pair_073,1.91679,1736.087986,1745.94652,
116,phase1,72,pair_073,1.933714,1736.10491,1745.963444,
117,phase1,72,pair_073,1.950043,1736.121239,1745.979773,
118,phase1,72,pair_073,1.966747,1736.137943,1745.996477,
119,phase1,72,pair_073,1.983351,1736.154548,1746.013081,
120,phase1,72,pair_073,2.000043,1736.171239,1746.029773,
121,phase1,72,pair_073,2.016743,1736.187939,1746.046473,
122,phase1,72,pair_073,2.033417,1736.204613,1746.063146,
123,phase1,72,pair_073,2.050037,1736.221233,1746.079767,
124,phase1,72,pair_073,2.066717,1736.237914,1746.096447,
125,phase1,72,pair_073,2.083714,1736.25491,1746.113444,
126,phase1,72,pair_073,2.100071,1736.271267,1746.1298,
127,phase1,72,pair_073,2.11674,1736.287936,1746.14647,
128,phase1,72,pair_073,2.133344,1736.30454,1746.163074,
129,phase1,72,pair_073,2.150353,1736.321549,1746.180083,
130,phase1,72,pair_073,2.166743,1736.337939,1746.196473,
131,phase1,72,pair_073,2.183412,1736.354609,1746.213142,
132,phase1,72,pair_073,2.200385,1736.371581,1746.230115,
133,phase1,72,pair_073,2.216713,1736.387909,1746.246443,
134,phase1,72,pair_073,2.233333,1736.404529,1746.263063,
135,phase1,72,pair_073,2.250062,1736.421258,1746.279792,
136,phase1,72,pair_073,2.266723,1736.437919,1746.296453,
137,phase1,72,pair_073,2.283383,1736.454579,1746.313113,
138,phase1,72,pair_073,2.300044,1736.471242,1746.329774,
139,phase1,72,pair_073,2.316744,1736.487941,1746.346474,
140,phase1,72,pair_073,2.333754,1736.504952,1746.363484,
141,phase1,72,pair_073,2.350376,1736.521572,1746.380106,
142,phase1,72,pair_073,2.366715,1736.537911,1746.396445,
143,phase1,72,pair_073,2.383317,1736.554514,1746.413047,
144,phase1,72,pair_073,2.400045,1736.571241,1746.429775,
145,phase1,72,pair_073,2.449725,1736.620947,1746.479455,
146,phase1,72,pair_073,2.468763,1736.640004,1746.498493,
147,phase1,72,pair_073,2.483398,1736.654608,1746.513128,
148,phase1,72,pair_073,2.548751,1736.720022,1746.578481,
149,phase1,72,pair_073,2.56696,1736.738179,1746.59669,
150,phase1,72,pair_073,2.603209,1736.774474,1746.632939,
151,phase1,72,pair_073,2.619998,1736.791203,1746.649728,
152,phase1,72,pair_073,2.634935,1736.806139,1746.664665,
153,phase1,72,pair_073,2.650238,1736.821439,1746.679968,
154,phase1,72,pair_073,2.666678,1736.837885,1746.696408,
155,phase1,72,pair_073,2.683369,1736.854569,1746.713099,
156,phase1,72,pair_073,2.700028,1736.871233,1746.729758,
157,phase1,72,pair_073,2.716729,1736.887941,1746.746459,
158,phase1,72,pair_073,2.733414,1736.904624,1746.763144,
159,phase1,72,pair_073,2.750032,1736.921236,1746.779762,
160,phase1,72,pair_073,2.766695,1736.937897,1746.796425,
161,phase1,72,pair_073,2.783389,1736.954591,1746.813119,
162,phase1,72,pair_073,2.80007,1736.971279,1746.8298,
163,phase1,72,pair_073,2.816819,1736.988025,1746.846549,
164,phase1,72,pair_073,2.833401,1737.004607,1746.863131,
165,phase1,72,pair_073,2.850022,1737.021228,1746.879752,
166,phase1,72,pair_073,2.866648,1737.03785,1746.896378,
167,phase1,72,pair_073,2.883301,1737.054501,1746.91303,
168,phase1,72,pair_073,2.899991,1737.071195,1746.92972,
169,phase1,72,pair_073,2.916681,1737.087887,1746.946411,
170,phase1,72,pair_073,2.933318,1737.104519,1746.963048,
171,phase1,72,pair_073,2.949973,1737.121176,1746.979703,
172,phase1,72,pair_073,2.966642,1737.137843,1746.996372,
173,phase1,72,pair_073,2.983298,1737.154498,1747.013028,
174,phase1,72,pair_073,2.999961,1737.17116,1747.029691,
175,phase1,72,pair_073,3.016626,1737.187824,1747.046356,
176,phase1,72,pair_073,3.033315,1737.204513,1747.063045,
177,phase1,72,pair_073,3.049992,1737.221192,1747.079722,
178,phase1,72,pair_073,3.066644,1737.237843,1747.096374,
179,phase1,72,pair_073,3.083336,1737.254538,1747.113066,
180,phase1,72,pair_073,3.100091,1737.271305,1747.129821,
181,phase1,72,pair_073,3.11672,1737.287923,1747.14645,
182,phase1,72,pair_073,3.133359,1737.30456,1747.163089,
183,phase1,72,pair_073,3.150112,1737.321317,1747.179841,
184,phase1,72,pair_073,3.166694,1737.337891,1747.196424,
185,phase1,72,pair_073,3.183287,1737.354484,1747.213017,
186,phase1,72,pair_073,3.20007,1737.371266,1747.229799,
187,phase1,72,pair_073,3.216696,1737.387896,1747.246426,
188,phase1,72,pair_073,3.233369,1737.404567,1747.263099,
189,phase1,72,pair_073,3.249952,1737.421149,1747.279682,
190,phase1,72,pair_073,3.267002,1737.438198,1747.296732,
191,phase1,72,pair_073,3.283378,1737.454575,1747.313108,
192,phase1,72,pair_073,3.300027,1737.471226,1747.329757,
193,phase1,72,pair_073,3.316698,1737.487894,1747.346427,
194,phase1,72,pair_073,3.333666,1737.504862,1747.363396,
195,phase1,72,pair_073,3.35002,1737.521217,1747.37975,
196,phase1,72,pair_073,3.366696,1737.537895,1747.396426,
197,phase1,72,pair_073,3.383366,1737.554563,1747.413096,
198,phase1,72,pair_073,3.399937,1737.571134,1747.429667,
199,phase1,72,pair_073,3.416721,1737.587917,1747.446451,
200,phase1,72,pair_073,3.433374,1737.604571,1747.463104,
201,phase1,72,pair_073,3.450016,1737.621212,1747.479746,
202,phase1,72,pair_073,3.467004,1737.638201,1747.496734,
203,phase1,72,pair_073,3.483299,1737.654496,1747.513029,
204,phase1,72,pair_073,3.49998,1737.671178,1747.52971,
205,phase1,72,pair_073,3.51664,1737.687837,1747.54637,
206,phase1,72,pair_073,3.533683,1737.70488,1747.563413,
207,phase1,72,pair_073,3.549999,1737.721196,1747.579729,
208,phase1,72,pair_073,3.566632,1737.737828,1747.596362,
209,phase1,72,pair_073,3.5834,1737.754597,1747.61313,
210,phase1,72,pair_073,3.600011,1737.771207,1747.629741,
211,phase1,72,pair_073,3.616743,1737.787939,1747.646473,
212,phase1,72,pair_073,3.63334,1737.804537,1747.66307,
213,phase1,72,pair_073,3.649982,1737.821179,1747.679712,
214,phase1,72,pair_073,3.666655,1737.837862,1747.696385,
215,phase1,72,pair_073,3.683305,1737.854501,1747.713035,
216,phase1,72,pair_073,3.699953,1737.87115,1747.729683,
217,phase1,72,pair_073,3.71659,1737.887787,1747.74632,
218,phase1,72,pair_073,3.733314,1737.904513,1747.763044,
219,phase1,72,pair_073,3.749998,1737.921195,1747.779727,
220,phase1,72,pair_073,3.766926,1737.938123,1747.796656,
221,phase1,72,pair_073,3.783373,1737.954576,1747.813102,
222,phase1,72,pair_073,3.799995,1737.971191,1747.829725,
223,phase1,72,pair_073,3.816973,1737.98817,1747.846703,
224,phase1,72,pair_073,3.833338,1738.004534,1747.863068,
225,phase1,72,pair_073,3.849947,1738.021143,1747.879677,
226,phase1,72,pair_073,3.866955,1738.038153,1747.896685,
227,phase1,72,pair_073,3.883641,1738.054837,1747.913371,
228,phase1,72,pair_073,3.900066,1738.071262,1747.929796,
229,phase1,72,pair_073,3.916671,1738.087867,1747.946401,
230,phase1,72,pair_073,3.933376,1738.104573,1747.963106,
231,phase1,72,pair_073,3.950302,1738.121499,1747.980032,
232,phase1,72,pair_073,3.966932,1738.138128,1747.996662,
233,phase1,72,pair_073,3.983334,1738.15453,1748.013064,
234,phase1,72,pair_073,3.999948,1738.171144,1748.029678,
235,phase1,72,pair_073,4.01665,1738.187848,1748.04638,
236,phase1,72,pair_073,4.033615,1738.204811,1748.063345,
237,phase1,72,pair_073,4.05,1738.221196,1748.07973,
238,phase1,72,pair_073,4.066677,1738.237873,1748.096407,
239,phase1,72,pair_073,4.083619,1738.254815,1748.113349,
240,phase1,72,pair_073,4.099955,1738.271155,1748.129685,
241,phase1,72,pair_073,4.116736,1738.287936,1748.146466,
242,phase1,72,pair_073,4.133338,1738.304534,1748.163068,
243,phase1,72,pair_073,4.149976,1738.321172,1748.179706,
244,phase1,72,pair_073,4.166967,1738.338163,1748.196697,
245,phase1,72,pair_073,4.183331,1738.354532,1748.213061,
246,phase1,72,pair_073,4.19998,1738.371177,1748.22971,
247,phase1,72,pair_073,4.216996,1738.388192,1748.246726,
248,phase1,72,pair_073,4.233241,1738.404439,1748.262971,
249,phase1,72,pair_073,4.250141,1738.421344,1748.279871,
250,phase1,72,pair_073,4.267066,1738.438298,1748.296796,
251,phase1,72,pair_073,4.28331,1738.454524,1748.31304,
252,phase1,72,pair_073,4.299987,1738.471194,1748.329717,
253,phase1,72,pair_073,4.316662,1738.487865,1748.346392,
254,phase1,72,pair_073,4.333379,1738.504591,1748.363109,
255,phase1,72,pair_073,4.349988,1738.521188,1748.379718,
256,phase1,72,pair_073,4.366755,1738.537953,1748.396485,
257,phase1,72,pair_073,4.383471,1738.554669,1748.413201,
258,phase1,72,pair_073,4.400112,1738.57131,1748.429842,
259,phase1,72,pair_073,4.416766,1738.587963,1748.446496,
260,phase1,72,pair_073,4.43339,1738.604587,1748.46312,
261,phase1,72,pair_073,4.450148,1738.621345,1748.479878,
262,phase1,72,pair_073,4.466761,1738.637958,1748.496491,
263,phase1,72,pair_073,4.483722,1738.654918,1748.513452,
264,phase1,72,pair_073,4.500096,1738.671295,1748.529826,
265,phase1,72,pair_073,4.516768,1738.687965,1748.546498,
266,phase1,72,pair_073,4.533409,1738.704609,1748.563139,
267,phase1,72,pair_073,4.550412,1738.721609,1748.580142,
268,phase1,72,pair_073,4.566782,1738.737979,1748.596512,
269,phase1,72,pair_073,4.583384,1738.75458,1748.613114,
270,phase1,72,pair_073,4.600035,1738.771231,1748.629765,
271,phase1,72,pair_073,4.616715,1738.787912,1748.646445,
272,phase1,72,pair_073,-1734.171457,1739.004745,9.858273,response
0,phase2,72,pair_073,0.0,1740.121076,1749.979605,single_opt_onset_seq1_opt3_双生
1,phase2,72,pair_073,0.016824,1740.137894,1749.996429,
2,phase2,72,pair_073,0.033551,1740.154621,1750.013156,
3,phase2,72,pair_073,0.050141,1740.17121,1750.029746,
4,phase2,72,pair_073,0.066818,1740.187888,1750.046423,
5,phase2,72,pair_073,0.083498,1740.204567,1750.063103,
6,phase2,72,pair_073,0.100222,1740.221292,1750.079827,
7,phase2,72,pair_073,0.116753,1740.237823,1750.096358,
8,phase2,72,pair_073,0.133808,1740.254882,1750.113413,
9,phase2,72,pair_073,0.150163,1740.271233,1750.129768,
10,phase2,72,pair_073,0.166851,1740.287926,1750.146456,
11,phase2,72,pair_073,0.183469,1740.304538,1750.163073,
12,phase2,72,pair_073,0.200479,1740.321554,1750.180084,
13,phase2,72,pair_073,0.216799,1740.337868,1750.196404,
14,phase2,72,pair_073,0.233475,1740.354547,1750.21308,
15,phase2,72,pair_073,0.25009,1740.371161,1750.229695,
16,phase2,72,pair_073,0.267141,1740.388215,1750.246746,
17,phase2,72,pair_073,0.283468,1740.404538,1750.263073,
18,phase2,72,pair_073,0.300181,1740.421251,1750.279786,
19,phase2,72,pair_073,0.317095,1740.438165,1750.2967,
20,phase2,72,pair_073,0.333799,1740.454868,1750.313404,
21,phase2,72,pair_073,0.350145,1740.471217,1750.32975,
22,phase2,72,pair_073,0.366852,1740.487922,1750.346457,
23,phase2,72,pair_073,0.383483,1740.504553,1750.363088,
24,phase2,72,pair_073,0.400129,1740.521201,1750.379734,
25,phase2,72,pair_073,0.41681,1740.53788,1750.396415,
26,phase2,72,pair_073,0.433531,1740.554601,1750.413136,
27,phase2,72,pair_073,0.450096,1740.571166,1750.429701,
28,phase2,72,pair_073,0.466787,1740.587863,1750.446392,
29,phase2,72,pair_073,0.483766,1740.604836,1750.463371,
30,phase2,72,pair_073,0.500183,1740.621255,1750.479788,
31,phase2,72,pair_073,0.516768,1740.637837,1750.496373,
32,phase2,72,pair_073,0.533823,1740.654895,1750.513428,
33,phase2,72,pair_073,0.55044,1740.671509,1750.530045,
34,phase2,72,pair_073,0.56679,1740.68786,1750.546395,
35,phase2,72,pair_073,0.583505,1740.704575,1750.56311,
36,phase2,72,pair_073,0.600135,1740.721204,1750.57974,
37,phase2,72,pair_073,0.617125,1740.738195,1750.59673,
38,phase2,72,pair_073,0.633435,1740.754504,1750.61304,
39,phase2,72,pair_073,0.650193,1740.771264,1750.629798,
40,phase2,72,pair_073,0.666856,1740.787926,1750.646461,
41,phase2,72,pair_073,0.683785,1740.804854,1750.66339,
42,phase2,72,pair_073,0.70017,1740.821243,1750.679775,
43,phase2,72,pair_073,0.716775,1740.837845,1750.69638,
44,phase2,72,pair_073,0.73341,1740.85448,1750.713015,
45,phase2,72,pair_073,0.750456,1740.871525,1750.730061,
46,phase2,72,pair_073,0.766801,1740.88787,1750.746406,
47,phase2,72,pair_073,0.783426,1740.904496,1750.763031,
48,phase2,72,pair_073,0.800112,1740.921182,1750.779717,
49,phase2,72,pair_073,0.816768,1740.937838,1750.796373,
50,phase2,72,pair_073,0.833443,1740.954512,1750.813048,
51,phase2,72,pair_073,0.850141,1740.971211,1750.829746,
52,phase2,72,pair_073,0.866794,1740.987864,1750.846399,
53,phase2,72,pair_073,0.883452,1741.004522,1750.863057,
54,phase2,72,pair_073,0.900421,1741.021491,1750.880026,
55,phase2,72,pair_073,0.91682,1741.037889,1750.896425,
56,phase2,72,pair_073,0.9335,1741.054569,1750.913105,
57,phase2,72,pair_073,0.950433,1741.071502,1750.930038,
58,phase2,72,pair_073,0.967075,1741.088144,1750.94668,
59,phase2,72,pair_073,0.983465,1741.104534,1750.96307,
60,phase2,72,pair_073,1.000112,1741.121185,1750.979717,
61,phase2,72,pair_073,1.016776,1741.137845,1750.996381,
62,phase2,72,pair_073,1.033777,1741.154846,1751.013382,
63,phase2,72,pair_073,1.050107,1741.171177,1751.029712,
64,phase2,72,pair_073,1.066844,1741.187913,1751.046449,
65,phase2,72,pair_073,1.083425,1741.204494,1751.06303,
66,phase2,72,pair_073,1.100444,1741.221514,1751.080049,
67,phase2,72,pair_073,1.116769,1741.237838,1751.096374,
68,phase2,72,pair_073,1.133479,1741.254548,1751.113084,
69,phase2,72,pair_073,1.150137,1741.271206,1751.129742,
70,phase2,72,pair_073,1.16676,1741.287829,1751.146365,
71,phase2,72,pair_073,1.183447,1741.304516,1751.163052,
72,phase2,72,pair_073,1.200115,1741.321184,1751.17972,
73,phase2,72,pair_073,1.216792,1741.337861,1751.196397,
74,phase2,72,pair_073,1.23342,1741.354489,1751.213025,
75,phase2,72,pair_073,1.250398,1741.371467,1751.230003,
76,phase2,72,pair_073,1.266794,1741.387871,1751.246399,
77,phase2,72,pair_073,1.283434,1741.404503,1751.263039,
78,phase2,72,pair_073,1.300448,1741.421517,1751.280053,
79,phase2,72,pair_073,1.317076,1741.438145,1751.296681,
80,phase2,72,pair_073,1.333494,1741.454563,1751.313098,
81,phase2,72,pair_073,1.350148,1741.471217,1751.329753,
82,phase2,72,pair_073,1.367128,1741.488197,1751.346733,
83,phase2,72,pair_073,1.383738,1741.504807,1751.363343,
84,phase2,72,pair_073,1.400124,1741.521193,1751.379729,
85,phase2,72,pair_073,1.41676,1741.537829,1751.396364,
86,phase2,72,pair_073,1.43342,1741.554489,1751.413025,
87,phase2,72,pair_073,1.450426,1741.571495,1751.43003,
88,phase2,72,pair_073,1.466773,1741.587842,1751.446378,
89,phase2,72,pair_073,1.483702,1741.604771,1751.463307,
90,phase2,72,pair_073,1.500361,1741.62143,1751.479966,
0,phase2,72,pair_073,0.0,1741.638199,1751.496732,iti_onset_dur_1.569
1,phase2,72,pair_073,0.016264,1741.65446,1751.512996,
2,phase2,72,pair_073,0.032901,1741.671105,1751.529634,
3,phase2,72,pair_073,0.049652,1741.687849,1751.546385,
4,phase2,72,pair_073,0.066286,1741.704482,1751.563018,
5,phase2,72,pair_073,0.083256,1741.721452,1751.579988,
6,phase2,72,pair_073,0.09966,1741.737856,1751.596393,
7,phase2,72,pair_073,0.116295,1741.754491,1751.613027,
8,phase2,72,pair_073,0.132933,1741.77113,1751.629666,
9,phase2,72,pair_073,0.149948,1741.788147,1751.64668,
10,phase2,72,pair_073,0.166316,1741.804512,1751.663048,
11,phase2,72,pair_073,0.18297,1741.821173,1751.679703,
12,phase2,72,pair_073,0.199605,1741.837801,1751.696337,
13,phase2,72,pair_073,0.216614,1741.85481,1751.713346,
14,phase2,72,pair_073,0.232898,1741.871098,1751.729631,
15,phase2,72,pair_073,0.249655,1741.887851,1751.746388,
16,phase2,72,pair_073,0.266282,1741.904478,1751.763014,
17,phase2,72,pair_073,0.283269,1741.921465,1751.780001,
18,phase2,72,pair_073,0.299621,1741.937817,1751.796354,
19,phase2,72,pair_073,0.316272,1741.954474,1751.813004,
20,phase2,72,pair_073,0.332955,1741.971151,1751.829688,
21,phase2,72,pair_073,0.349618,1741.987814,1751.84635,
22,phase2,72,pair_073,0.36631,1742.004506,1751.863043,
23,phase2,72,pair_073,0.382981,1742.021177,1751.879713,
24,phase2,72,pair_073,0.399611,1742.037807,1751.896344,
25,phase2,72,pair_073,0.416267,1742.054463,1751.912999,
26,phase2,72,pair_073,0.432985,1742.071184,1751.929718,
27,phase2,72,pair_073,0.449661,1742.087858,1751.946394,
28,phase2,72,pair_073,0.466284,1742.10448,1751.963016,
29,phase2,72,pair_073,0.482953,1742.121149,1751.979685,
30,phase2,72,pair_073,0.499589,1742.137785,1751.996321,
31,phase2,72,pair_073,0.516324,1742.154521,1752.013057,
32,phase2,72,pair_073,0.532962,1742.171158,1752.029694,
33,phase2,72,pair_073,0.54992,1742.188116,1752.046652,
34,phase2,72,pair_073,0.56657,1742.204773,1752.063303,
35,phase2,72,pair_073,0.58294,1742.221135,1752.079672,
36,phase2,72,pair_073,0.59988,1742.238076,1752.096612,
37,phase2,72,pair_073,0.616264,1742.25446,1752.112996,
38,phase2,72,pair_073,0.633241,1742.271437,1752.129973,
39,phase2,72,pair_073,0.649643,1742.287839,1752.146375,
40,phase2,72,pair_073,0.666285,1742.304481,1752.163017,
41,phase2,72,pair_073,0.682951,1742.321147,1752.179684,
42,phase2,72,pair_073,0.699917,1742.338113,1752.19665,
43,phase2,72,pair_073,0.716299,1742.354495,1752.213032,
44,phase2,72,pair_073,0.732953,1742.371149,1752.229685,
45,phase2,72,pair_073,0.749676,1742.387872,1752.246408,
46,phase2,72,pair_073,0.766243,1742.404439,1752.262976,
47,phase2,72,pair_073,0.783239,1742.421435,1752.279971,
48,phase2,72,pair_073,0.799677,1742.437872,1752.296409,
49,phase2,72,pair_073,0.816318,1742.454519,1752.313051,
50,phase2,72,pair_073,0.833046,1742.471242,1752.329778,
51,phase2,72,pair_073,0.849778,1742.487974,1752.34651,
52,phase2,72,pair_073,0.86641,1742.504609,1752.363142,
53,phase2,72,pair_073,0.883048,1742.521245,1752.379781,
54,phase2,72,pair_073,0.899709,1742.537911,1752.396441,
55,phase2,72,pair_073,0.91637,1742.554566,1752.413102,
56,phase2,72,pair_073,0.933076,1742.571276,1752.429808,
57,phase2,72,pair_073,0.95001,1742.588206,1752.446742,
58,phase2,72,pair_073,0.966384,1742.60458,1752.463117,
59,phase2,72,pair_073,0.98307,1742.621266,1752.479803,
60,phase2,72,pair_073,0.999678,1742.63788,1752.496411,
61,phase2,72,pair_073,1.016704,1742.6549,1752.513436,
62,phase2,72,pair_073,1.033057,1742.671253,1752.529789,
63,phase2,72,pair_073,1.049719,1742.687915,1752.546451,
64,phase2,72,pair_073,1.066407,1742.704604,1752.56314,
65,phase2,72,pair_073,1.08336,1742.721556,1752.580092,
66,phase2,72,pair_073,1.099661,1742.737856,1752.596393,
67,phase2,72,pair_073,1.116397,1742.754603,1752.61313,
68,phase2,72,pair_073,1.133049,1742.771245,1752.629781,
69,phase2,72,pair_073,1.150014,1742.78821,1752.646747,
70,phase2,72,pair_073,1.166366,1742.804566,1752.663099,
71,phase2,72,pair_073,1.183045,1742.821241,1752.679778,
72,phase2,72,pair_073,1.199976,1742.838172,1752.696708,
73,phase2,72,pair_073,1.216715,1742.854913,1752.713447,
74,phase2,72,pair_073,1.233321,1742.871517,1752.730054,
75,phase2,72,pair_073,1.249713,1742.887909,1752.746446,
76,phase2,72,pair_073,1.266398,1742.904594,1752.763131,
77,phase2,72,pair_073,1.28301,1742.921206,1752.779743,
78,phase2,72,pair_073,1.299657,1742.937853,1752.79639,
79,phase2,72,pair_073,1.316354,1742.95455,1752.813086,
80,phase2,72,pair_073,1.332995,1742.971191,1752.829727,
81,phase2,72,pair_073,1.350005,1742.988201,1752.846737,
82,phase2,72,pair_073,1.366671,1743.004867,1752.863404,
83,phase2,72,pair_073,1.383022,1743.021218,1752.879754,
84,phase2,72,pair_073,1.399756,1743.037952,1752.896488,
85,phase2,72,pair_073,1.41636,1743.054556,1752.913092,
86,phase2,72,pair_073,1.433015,1743.071211,1752.929747,
87,phase2,72,pair_073,1.449675,1743.087871,1752.946407,
88,phase2,72,pair_073,1.466396,1743.104592,1752.963128,
89,phase2,72,pair_073,1.483075,1743.121271,1752.979807,
90,phase2,72,pair_073,1.50002,1743.138216,1752.996752,
91,phase2,72,pair_073,1.516358,1743.154554,1753.01309,
92,phase2,72,pair_073,1.533037,1743.171237,1753.029769,
93,phase2,72,pair_073,1.549687,1743.187883,1753.046419,
94,phase2,72,pair_073,1.566685,1743.204881,1753.063418,
0,phase2,72,pair_073,0.0,1743.221231,1753.079763,single_opt_onset_seq2_opt4_珍珠
1,phase2,72,pair_073,0.016658,1743.237886,1753.096421,
2,phase2,72,pair_073,0.033411,1743.254639,1753.113174,
3,phase2,72,pair_073,0.050316,1743.271544,1753.13008,
4,phase2,72,pair_073,0.066598,1743.287825,1753.146361,
5,phase2,72,pair_073,0.083289,1743.304516,1753.163052,
6,phase2,72,pair_073,0.099992,1743.321219,1753.179755,
7,phase2,72,pair_073,0.116648,1743.337878,1753.196412,
8,phase2,72,pair_073,0.13363,1743.354859,1753.213394,
9,phase2,72,pair_073,0.150004,1743.371231,1753.229767,
10,phase2,72,pair_073,0.166681,1743.387909,1753.246444,
11,phase2,72,pair_073,0.18333,1743.404558,1753.263094,
12,phase2,72,pair_073,0.200292,1743.42152,1753.280056,
13,phase2,72,pair_073,0.216666,1743.437895,1753.296429,
14,phase2,72,pair_073,0.23331,1743.454538,1753.313074,
15,phase2,72,pair_073,0.249994,1743.471222,1753.329757,
16,phase2,72,pair_073,0.266952,1743.48818,1753.346716,
17,phase2,72,pair_073,0.283332,1743.504565,1753.363095,
18,phase2,72,pair_073,0.299922,1743.521154,1753.379686,
19,phase2,72,pair_073,0.316658,1743.537886,1753.396421,
20,phase2,72,pair_073,0.333662,1743.554893,1753.413426,
21,phase2,72,pair_073,0.34999,1743.571218,1753.429753,
22,phase2,72,pair_073,0.366667,1743.587896,1753.44643,
23,phase2,72,pair_073,0.383241,1743.604468,1753.463004,
24,phase2,72,pair_073,0.400315,1743.621546,1753.480079,
25,phase2,72,pair_073,0.416632,1743.637865,1753.496395,
26,phase2,72,pair_073,0.433307,1743.654534,1753.51307,
27,phase2,72,pair_073,0.45005,1743.671279,1753.529813,
28,phase2,72,pair_073,0.466684,1743.687912,1753.546448,
29,phase2,72,pair_073,0.483334,1743.704561,1753.563097,
30,phase2,72,pair_073,0.49997,1743.721197,1753.579733,
31,phase2,72,pair_073,0.516686,1743.737916,1753.596449,
32,phase2,72,pair_073,0.533289,1743.754516,1753.613052,
33,phase2,72,pair_073,0.550004,1743.771234,1753.629768,
34,phase2,72,pair_073,0.566637,1743.787865,1753.646401,
35,phase2,72,pair_073,0.583289,1743.804516,1753.663053,
36,phase2,72,pair_073,0.599979,1743.821209,1753.679743,
37,phase2,72,pair_073,0.616965,1743.838192,1753.696728,
38,phase2,72,pair_073,0.633299,1743.854535,1753.713063,
39,phase2,72,pair_073,0.649968,1743.871199,1753.729731,
40,phase2,72,pair_073,0.666672,1743.887899,1753.746435,
41,phase2,72,pair_073,0.68362,1743.904847,1753.763383,
42,phase2,72,pair_073,0.699951,1743.921182,1753.779715,
43,phase2,72,pair_073,0.716576,1743.937803,1753.796339,
44,phase2,72,pair_073,0.733279,1743.954506,1753.813042,
45,phase2,72,pair_073,0.750233,1743.97146,1753.829996,
46,phase2,72,pair_073,0.766655,1743.987883,1753.846419,
47,phase2,72,pair_073,0.783303,1744.004531,1753.863067,
48,phase2,72,pair_073,0.799908,1744.021136,1753.879672,
49,phase2,72,pair_073,0.816625,1744.037855,1753.896389,
50,phase2,72,pair_073,0.833298,1744.054525,1753.913061,
51,phase2,72,pair_073,0.850011,1744.071239,1753.929774,
52,phase2,72,pair_073,0.866901,1744.088128,1753.946664,
53,phase2,72,pair_073,0.883284,1744.104511,1753.963047,
54,phase2,72,pair_073,0.899967,1744.121195,1753.979731,
55,phase2,72,pair_073,0.916636,1744.137863,1753.996399,
56,phase2,72,pair_073,0.933356,1744.154585,1754.013119,
57,phase2,72,pair_073,0.949953,1744.171186,1754.029716,
58,phase2,72,pair_073,0.966928,1744.188156,1754.046692,
59,phase2,72,pair_073,0.983315,1744.204545,1754.063079,
60,phase2,72,pair_073,0.999962,1744.221189,1754.079725,
61,phase2,72,pair_073,1.016644,1744.237873,1754.096408,
62,phase2,72,pair_073,1.033608,1744.254836,1754.113372,
63,phase2,72,pair_073,1.049968,1744.271197,1754.129732,
64,phase2,72,pair_073,1.066705,1744.287933,1754.146469,
65,phase2,72,pair_073,1.083263,1744.304491,1754.163027,
66,phase2,72,pair_073,1.100241,1744.321468,1754.180004,
67,phase2,72,pair_073,1.116636,1744.337864,1754.196399,
68,phase2,72,pair_073,1.133288,1744.354516,1754.213051,
69,phase2,72,pair_073,1.149932,1744.37116,1754.229695,
70,phase2,72,pair_073,1.16694,1744.388168,1754.246704,
71,phase2,72,pair_073,1.183301,1744.404529,1754.263064,
72,phase2,72,pair_073,1.199966,1744.421194,1754.27973,
73,phase2,72,pair_073,1.216887,1744.438114,1754.29665,
74,phase2,72,pair_073,1.233613,1744.45484,1754.313376,
75,phase2,72,pair_073,1.249934,1744.471162,1754.329697,
76,phase2,72,pair_073,1.266648,1744.487876,1754.346412,
77,phase2,72,pair_073,1.283533,1744.504761,1754.363297,
78,phase2,72,pair_073,1.299953,1744.521184,1754.379716,
79,phase2,72,pair_073,1.316906,1744.538134,1754.39667,
80,phase2,72,pair_073,1.333349,1744.554576,1754.413112,
81,phase2,72,pair_073,1.349921,1744.571148,1754.429684,
82,phase2,72,pair_073,1.366606,1744.58784,1754.446369,
83,phase2,72,pair_073,1.383592,1744.60482,1754.463355,
84,phase2,72,pair_073,1.400002,1744.621229,1754.479765,
85,phase2,72,pair_073,1.416586,1744.637814,1754.49635,
86,phase2,72,pair_073,1.433207,1744.654436,1754.512971,
87,phase2,72,pair_073,1.450254,1744.671482,1754.530017,
88,phase2,72,pair_073,1.466633,1744.687861,1754.546397,
89,phase2,72,pair_073,1.483281,1744.704508,1754.563044,
90,phase2,72,pair_073,1.499959,1744.721186,1754.579722,
0,phase2,72,pair_073,0.0,1744.738172,1754.596705,iti_onset_dur_1.324
1,phase2,72,pair_073,0.016358,1744.754527,1754.613063,
2,phase2,72,pair_073,0.033028,1744.771197,1754.629733,
3,phase2,72,pair_073,0.049977,1744.788149,1754.646681,
4,phase2,72,pair_073,0.066655,1744.804823,1754.66336,
5,phase2,72,pair_073,0.083013,1744.821181,1754.679718,
6,phase2,72,pair_073,0.099714,1744.837882,1754.696418,
7,phase2,72,pair_073,0.11632,1744.85449,1754.713025,
8,phase2,72,pair_073,0.132968,1744.871136,1754.729673,
9,phase2,72,pair_073,0.149675,1744.887844,1754.74638,
10,phase2,72,pair_073,0.166282,1744.90445,1754.762986,
11,phase2,72,pair_073,0.182985,1744.921153,1754.779689,
12,phase2,72,pair_073,0.199637,1744.937805,1754.796341,
13,phase2,72,pair_073,0.216299,1744.954467,1754.813003,
14,phase2,72,pair_073,0.233007,1744.971175,1754.829711,
15,phase2,72,pair_073,0.249686,1744.987858,1754.846391,
16,phase2,72,pair_073,0.26632,1745.004488,1754.863024,
17,phase2,72,pair_073,0.283284,1745.021452,1754.879988,
18,phase2,72,pair_073,0.299699,1745.037867,1754.896403,
19,phase2,72,pair_073,0.31634,1745.054508,1754.913044,
20,phase2,72,pair_073,0.332995,1745.071163,1754.929699,
21,phase2,72,pair_073,0.349649,1745.087818,1754.946354,
22,phase2,72,pair_073,0.366364,1745.104532,1754.963069,
23,phase2,72,pair_073,0.383006,1745.121174,1754.97971,
24,phase2,72,pair_073,0.399716,1745.137884,1754.99642,
25,phase2,72,pair_073,0.416284,1745.154452,1755.012989,
26,phase2,72,pair_073,0.432933,1745.171102,1755.029638,
27,phase2,72,pair_073,0.449672,1745.18784,1755.046376,
28,phase2,72,pair_073,0.466285,1745.204453,1755.062989,
29,phase2,72,pair_073,0.483304,1745.221472,1755.080008,
30,phase2,72,pair_073,0.499624,1745.237792,1755.096329,
31,phase2,72,pair_073,0.516364,1745.254533,1755.113069,
32,phase2,72,pair_073,0.533026,1745.271193,1755.12973,
33,phase2,72,pair_073,0.549981,1745.288149,1755.146686,
34,phase2,72,pair_073,0.566592,1745.30476,1755.163297,
35,phase2,72,pair_073,0.58297,1745.321138,1755.179674,
36,phase2,72,pair_073,0.599653,1745.337821,1755.196357,
37,phase2,72,pair_073,0.616615,1745.354783,1755.213319,
38,phase2,72,pair_073,0.632943,1745.371113,1755.229647,
39,phase2,72,pair_073,0.64966,1745.387828,1755.246365,
40,phase2,72,pair_073,0.666296,1745.404464,1755.263001,
41,phase2,72,pair_073,0.682919,1745.421087,1755.279624,
42,phase2,72,pair_073,0.699616,1745.437784,1755.296321,
43,phase2,72,pair_073,0.716264,1745.454432,1755.312968,
44,phase2,72,pair_073,0.73301,1745.471178,1755.329715,
45,phase2,72,pair_073,0.749687,1745.487855,1755.346392,
46,phase2,72,pair_073,0.76629,1745.504458,1755.362994,
47,phase2,72,pair_073,0.782991,1745.521159,1755.379695,
48,phase2,72,pair_073,0.79966,1745.537828,1755.396364,
49,phase2,72,pair_073,0.816368,1745.554536,1755.413073,
50,phase2,72,pair_073,0.832953,1745.571121,1755.429657,
51,phase2,72,pair_073,0.849638,1745.587806,1755.446342,
52,phase2,72,pair_073,0.866344,1745.604514,1755.463048,
53,phase2,72,pair_073,0.883037,1745.621205,1755.479741,
54,phase2,72,pair_073,0.899623,1745.637791,1755.496327,
55,phase2,72,pair_073,0.916289,1745.654462,1755.512993,
56,phase2,72,pair_073,0.93299,1745.671158,1755.529694,
57,phase2,72,pair_073,0.949624,1745.687792,1755.546329,
58,phase2,72,pair_073,0.966294,1745.704462,1755.562998,
59,phase2,72,pair_073,0.983275,1745.721443,1755.57998,
60,phase2,72,pair_073,0.99959,1745.73776,1755.596295,
61,phase2,72,pair_073,1.016288,1745.754456,1755.612992,
62,phase2,72,pair_073,1.032923,1745.771091,1755.629628,
63,phase2,72,pair_073,1.049931,1745.788099,1755.646636,
64,phase2,72,pair_073,1.066336,1745.804504,1755.66304,
65,phase2,72,pair_073,1.08321,1745.82138,1755.679915,
66,phase2,72,pair_073,1.099624,1745.837792,1755.696328,
67,phase2,72,pair_073,1.116247,1745.854416,1755.712952,
68,phase2,72,pair_073,1.132973,1745.871141,1755.729677,
69,phase2,72,pair_073,1.149682,1745.887851,1755.746387,
70,phase2,72,pair_073,1.166291,1745.90446,1755.762996,
71,phase2,72,pair_073,1.182952,1745.921121,1755.779657,
72,phase2,72,pair_073,1.199654,1745.937823,1755.796359,
73,phase2,72,pair_073,1.216316,1745.954485,1755.813021,
74,phase2,72,pair_073,1.232959,1745.971127,1755.829663,
75,phase2,72,pair_073,1.24961,1745.987778,1755.846315,
76,phase2,72,pair_073,1.266566,1746.004734,1755.863271,
77,phase2,72,pair_073,1.28296,1746.021128,1755.879664,
78,phase2,72,pair_073,1.299575,1746.037743,1755.89628,
79,phase2,72,pair_073,1.316277,1746.054447,1755.912981,
0,phase2,72,pair_073,0.0,1746.071419,1755.929951,single_opt_onset_seq3_opt2_玩具
1,phase2,72,pair_073,0.016397,1746.087813,1755.946348,
2,phase2,72,pair_073,0.033032,1746.104447,1755.962983,
3,phase2,72,pair_073,0.050001,1746.121416,1755.979952,
4,phase2,72,pair_073,0.066665,1746.13808,1755.996616,
5,phase2,72,pair_073,0.083064,1746.154479,1756.013014,
6,phase2,72,pair_073,0.099721,1746.171136,1756.029672,
7,phase2,72,pair_073,0.116686,1746.188101,1756.046637,
8,phase2,72,pair_073,0.13334,1746.204755,1756.063291,
9,phase2,72,pair_073,0.149748,1746.221162,1756.079698,
10,phase2,72,pair_073,0.166363,1746.237778,1756.096314,
11,phase2,72,pair_073,0.183029,1746.254444,1756.11298,
12,phase2,72,pair_073,0.199999,1746.271414,1756.12995,
13,phase2,72,pair_073,0.216398,1746.287813,1756.146349,
14,phase2,72,pair_073,0.233032,1746.304447,1756.162982,
15,phase2,72,pair_073,0.249707,1746.321122,1756.179658,
16,phase2,72,pair_073,0.266679,1746.338094,1756.19663,
17,phase2,72,pair_073,0.283037,1746.354452,1756.212988,
18,phase2,72,pair_073,0.299694,1746.371109,1756.229645,
19,phase2,72,pair_073,0.316408,1746.387822,1756.246358,
20,phase2,72,pair_073,0.333152,1746.404571,1756.263103,
21,phase2,72,pair_073,0.349836,1746.421251,1756.279787,
22,phase2,72,pair_073,0.366793,1746.438208,1756.296744,
23,phase2,72,pair_073,0.383142,1746.454557,1756.313093,
24,phase2,72,pair_073,0.399802,1746.47122,1756.329753,
25,phase2,72,pair_073,0.416481,1746.487898,1756.346431,
26,phase2,72,pair_073,0.433457,1746.504872,1756.363408,
27,phase2,72,pair_073,0.449783,1746.521197,1756.379733,
28,phase2,72,pair_073,0.46647,1746.537884,1756.39642,
29,phase2,72,pair_073,0.483182,1746.554598,1756.413132,
30,phase2,72,pair_073,0.499801,1746.571219,1756.429752,
31,phase2,72,pair_073,0.516764,1746.588179,1756.446715,
32,phase2,72,pair_073,0.533146,1746.604563,1756.463097,
33,phase2,72,pair_073,0.549847,1746.621263,1756.479798,
34,phase2,72,pair_073,0.566763,1746.638178,1756.496713,
35,phase2,72,pair_073,0.583423,1746.654838,1756.513374,
36,phase2,72,pair_073,0.599814,1746.67123,1756.529765,
37,phase2,72,pair_073,0.616421,1746.687836,1756.546372,
38,phase2,72,pair_073,0.63314,1746.704556,1756.563091,
39,phase2,72,pair_073,0.650081,1746.721501,1756.580032,
40,phase2,72,pair_073,0.666494,1746.73791,1756.596445,
41,phase2,72,pair_073,0.683137,1746.754553,1756.613088,
42,phase2,72,pair_073,0.69982,1746.771234,1756.62977,
43,phase2,72,pair_073,0.716771,1746.788186,1756.646722,
44,phase2,72,pair_073,0.733115,1746.804531,1756.663066,
45,phase2,72,pair_073,0.749801,1746.821215,1756.679751,
46,phase2,72,pair_073,0.76652,1746.837935,1756.696471,
47,phase2,72,pair_073,0.783458,1746.854872,1756.713408,
48,phase2,72,pair_073,0.799793,1746.871208,1756.729744,
49,phase2,72,pair_073,0.816486,1746.887902,1756.746437,
50,phase2,72,pair_073,0.833379,1746.904794,1756.76333,
51,phase2,72,pair_073,0.849738,1746.921153,1756.779688,
52,phase2,72,pair_073,0.866756,1746.938172,1756.796707,
53,phase2,72,pair_073,0.883124,1746.954539,1756.813075,
54,phase2,72,pair_073,0.899786,1746.971201,1756.829737,
55,phase2,72,pair_073,0.916451,1746.987866,1756.846402,
56,phase2,72,pair_073,0.933421,1747.004835,1756.863371,
57,phase2,72,pair_073,0.949803,1747.021218,1756.879754,
58,phase2,72,pair_073,0.96648,1747.037895,1756.89643,
59,phase2,72,pair_073,0.983223,1747.054637,1756.913173,
60,phase2,72,pair_073,1.000084,1747.071499,1756.930035,
61,phase2,72,pair_073,1.016465,1747.08788,1756.946416,
62,phase2,72,pair_073,1.033132,1747.104549,1756.963082,
63,phase2,72,pair_073,1.050113,1747.121531,1756.980064,
64,phase2,72,pair_073,1.066769,1747.138184,1756.99672,
65,phase2,72,pair_073,1.08312,1747.154535,1757.013071,
66,phase2,72,pair_073,1.099821,1747.171238,1757.029772,
67,phase2,72,pair_073,1.116489,1747.187904,1757.04644,
68,phase2,72,pair_073,1.133425,1747.20484,1757.063375,
69,phase2,72,pair_073,1.14976,1747.221175,1757.079711,
70,phase2,72,pair_073,1.166456,1747.237871,1757.096407,
71,phase2,72,pair_073,1.18319,1747.254605,1757.113141,
72,phase2,72,pair_073,1.199772,1747.271187,1757.129723,
73,phase2,72,pair_073,1.21646,1747.287875,1757.146411,
74,phase2,72,pair_073,1.2331,1747.304515,1757.16305,
75,phase2,72,pair_073,1.249828,1747.321242,1757.179778,
76,phase2,72,pair_073,1.266403,1747.337818,1757.196354,
77,phase2,72,pair_073,1.283051,1747.354466,1757.213002,
78,phase2,72,pair_073,1.299758,1747.371173,1757.229709,
79,phase2,72,pair_073,1.316457,1747.387872,1757.246408,
80,phase2,72,pair_073,1.333113,1747.404527,1757.263063,
81,phase2,72,pair_073,1.350078,1747.421492,1757.280029,
82,phase2,72,pair_073,1.366459,1747.437876,1757.29641,
83,phase2,72,pair_073,1.383088,1747.454503,1757.313039,
84,phase2,72,pair_073,1.400083,1747.471498,1757.330034,
85,phase2,72,pair_073,1.41674,1747.488155,1757.346691,
86,phase2,72,pair_073,1.433105,1747.504522,1757.363055,
87,phase2,72,pair_073,1.449781,1747.521196,1757.379731,
88,phase2,72,pair_073,1.466454,1747.537868,1757.396404,
89,phase2,72,pair_073,1.483407,1747.554822,1757.413358,
90,phase2,72,pair_073,1.499759,1747.571174,1757.429709,
0,phase2,72,pair_073,0.0,1747.587888,1757.44642,iti_onset_dur_1.160
1,phase2,72,pair_073,0.01668,1747.604568,1757.463101,
2,phase2,72,pair_073,0.033229,1747.621113,1757.479649,
3,phase2,72,pair_073,0.049953,1747.637837,1757.496374,
4,phase2,72,pair_073,0.066626,1747.65451,1757.513047,
5,phase2,72,pair_073,0.083268,1747.671154,1757.529689,
6,phase2,72,pair_073,0.100277,1747.688161,1757.546698,
7,phase2,72,pair_073,0.116923,1747.704808,1757.563344,
8,phase2,72,pair_073,0.133273,1747.721157,1757.579694,
9,phase2,72,pair_073,0.149995,1747.737879,1757.596415,
10,phase2,72,pair_073,0.16662,1747.754505,1757.61304,
11,phase2,72,pair_073,0.183594,1747.771478,1757.630014,
12,phase2,72,pair_073,0.19996,1747.78785,1757.646381,
13,phase2,72,pair_073,0.21667,1747.80456,1757.66309,
14,phase2,72,pair_073,0.233553,1747.821437,1757.679973,
15,phase2,72,pair_073,0.250266,1747.83815,1757.696686,
16,phase2,72,pair_073,0.266624,1747.854509,1757.713045,
17,phase2,72,pair_073,0.28332,1747.871204,1757.72974,
18,phase2,72,pair_073,0.300306,1747.88819,1757.746726,
19,phase2,72,pair_073,0.316928,1747.904812,1757.763349,
20,phase2,72,pair_073,0.333278,1747.921162,1757.779699,
21,phase2,72,pair_073,0.349976,1747.937861,1757.796397,
22,phase2,72,pair_073,0.366948,1747.954833,1757.813369,
23,phase2,72,pair_073,0.383589,1747.971473,1757.83001,
24,phase2,72,pair_073,0.39997,1747.987854,1757.846391,
25,phase2,72,pair_073,0.416648,1748.004541,1757.863068,
26,phase2,72,pair_073,0.433318,1748.02121,1757.879739,
27,phase2,72,pair_073,0.450266,1748.03815,1757.896686,
28,phase2,72,pair_073,0.466614,1748.054497,1757.913034,
29,phase2,72,pair_073,0.483289,1748.071173,1757.929709,
30,phase2,72,pair_073,0.499997,1748.087881,1757.946418,
31,phase2,72,pair_073,0.516605,1748.104489,1757.963026,
32,phase2,72,pair_073,0.533584,1748.12147,1757.980005,
33,phase2,72,pair_073,0.549956,1748.13784,1757.996377,
34,phase2,72,pair_073,0.566632,1748.154516,1758.013052,
35,phase2,72,pair_073,0.583221,1748.171105,1758.029642,
36,phase2,72,pair_073,0.600249,1748.188135,1758.046669,
37,phase2,72,pair_073,0.616614,1748.204506,1758.063035,
38,phase2,72,pair_073,0.633325,1748.22121,1758.079746,
39,phase2,72,pair_073,0.650252,1748.238136,1758.096672,
40,phase2,72,pair_073,0.666904,1748.254788,1758.113324,
41,phase2,72,pair_073,0.683277,1748.271161,1758.129697,
42,phase2,72,pair_073,0.699924,1748.287808,1758.146344,
43,phase2,72,pair_073,0.716624,1748.304508,1758.163044,
44,phase2,72,pair_073,0.733578,1748.321462,1758.179998,
45,phase2,72,pair_073,0.749972,1748.337858,1758.196393,
46,phase2,72,pair_073,0.766615,1748.354499,1758.213035,
47,phase2,72,pair_073,0.783283,1748.371167,1758.229703,
48,phase2,72,pair_073,0.800236,1748.388126,1758.246657,
49,phase2,72,pair_073,0.816595,1748.404479,1758.263016,
50,phase2,72,pair_073,0.833243,1748.421127,1758.279664,
51,phase2,72,pair_073,0.849938,1748.437822,1758.296358,
52,phase2,72,pair_073,0.866924,1748.454808,1758.313345,
53,phase2,72,pair_073,0.883538,1748.471422,1758.329959,
54,phase2,72,pair_073,0.899966,1748.48785,1758.346386,
55,phase2,72,pair_073,0.916637,1748.504522,1758.363057,
56,phase2,72,pair_073,0.933216,1748.5211,1758.379636,
57,phase2,72,pair_073,0.950209,1748.538094,1758.39663,
58,phase2,72,pair_073,0.96664,1748.554528,1758.413061,
59,phase2,72,pair_073,0.983276,1748.57116,1758.429697,
60,phase2,72,pair_073,0.999936,1748.58782,1758.446356,
61,phase2,72,pair_073,1.016554,1748.604438,1758.462975,
62,phase2,72,pair_073,1.033243,1748.621127,1758.479663,
63,phase2,72,pair_073,1.04995,1748.637834,1758.496371,
64,phase2,72,pair_073,1.066965,1748.654854,1758.513385,
65,phase2,72,pair_073,1.083554,1748.671438,1758.529975,
66,phase2,72,pair_073,1.099924,1748.687814,1758.546344,
67,phase2,72,pair_073,1.116649,1748.704534,1758.563069,
68,phase2,72,pair_073,1.133232,1748.721127,1758.579652,
69,phase2,72,pair_073,1.149885,1748.737769,1758.596306,
0,phase2,72,pair_073,0.0,1748.75453,1758.613063,single_opt_onset_seq4_opt1_王子
1,phase2,72,pair_073,0.016674,1748.771201,1758.629737,
2,phase2,72,pair_073,0.033623,1748.78815,1758.646685,
3,phase2,72,pair_073,0.050276,1748.804804,1758.663338,
4,phase2,72,pair_073,0.066564,1748.821091,1758.679627,
5,phase2,72,pair_073,0.08328,1748.837807,1758.696343,
6,phase2,72,pair_073,0.10004,1748.854575,1758.713103,
7,phase2,72,pair_073,0.116935,1748.871462,1758.729997,
8,phase2,72,pair_073,0.13328,1748.887807,1758.746343,
9,phase2,72,pair_073,0.149929,1748.904456,1758.762991,
10,phase2,72,pair_073,0.166609,1748.921136,1758.779672,
11,phase2,72,pair_073,0.183257,1748.937784,1758.79632,
12,phase2,72,pair_073,0.200237,1748.954763,1758.813299,
13,phase2,72,pair_073,0.216649,1748.971179,1758.829712,
14,phase2,72,pair_073,0.233279,1748.987806,1758.846342,
15,phase2,72,pair_073,0.249934,1749.00446,1758.862996,
16,phase2,72,pair_073,0.266892,1749.021419,1758.879955,
17,phase2,72,pair_073,0.283316,1749.037843,1758.896378,
18,phase2,72,pair_073,0.299973,1749.054731,1758.913036,
19,phase2,72,pair_073,0.316911,1749.071438,1758.929974,
20,phase2,72,pair_073,0.333555,1749.088082,1758.946618,
21,phase2,72,pair_073,0.349962,1749.104489,1758.963025,
22,phase2,72,pair_073,0.366631,1749.121158,1758.979693,
23,phase2,72,pair_073,0.383264,1749.13779,1758.996326,
24,phase2,72,pair_073,0.400249,1749.154775,1759.013311,
25,phase2,72,pair_073,0.416606,1749.171132,1759.029669,
26,phase2,72,pair_073,0.433296,1749.187829,1759.046358,
27,phase2,72,pair_073,0.449917,1749.204444,1759.062979,
28,phase2,72,pair_073,0.466569,1749.221096,1759.079632,
29,phase2,72,pair_073,0.483269,1749.237796,1759.096332,
30,phase2,72,pair_073,0.500213,1749.254742,1759.113276,
31,phase2,72,pair_073,0.516545,1749.271071,1759.129607,
32,phase2,72,pair_073,0.533572,1749.288098,1759.146634,
33,phase2,72,pair_073,0.550223,1749.30475,1759.163286,
34,phase2,72,pair_073,0.566631,1749.321158,1759.179694,
35,phase2,72,pair_073,0.58326,1749.337787,1759.196323,
36,phase2,72,pair_073,0.59993,1749.354457,1759.212993,
37,phase2,72,pair_073,0.616881,1749.371408,1759.229944,
38,phase2,72,pair_073,0.633297,1749.387824,1759.24636,
39,phase2,72,pair_073,0.649893,1749.404419,1759.262955,
40,phase2,72,pair_073,0.666599,1749.421125,1759.279661,
41,phase2,72,pair_073,0.683562,1749.438088,1759.296625,
42,phase2,72,pair_073,0.699947,1749.454473,1759.313009,
43,phase2,72,pair_073,0.716602,1749.471129,1759.329665,
44,phase2,72,pair_073,0.733244,1749.48777,1759.346306,
45,phase2,72,pair_073,0.750244,1749.504771,1759.363307,
46,phase2,72,pair_073,0.766607,1749.521134,1759.37967,
47,phase2,72,pair_073,0.783268,1749.537795,1759.39633,
48,phase2,72,pair_073,0.799975,1749.554502,1759.413038,
49,phase2,72,pair_073,0.816899,1749.571425,1759.429961,
50,phase2,72,pair_073,0.83328,1749.587807,1759.446343,
51,phase2,72,pair_073,0.849918,1749.604444,1759.46298,
52,phase2,72,pair_073,0.866863,1749.621389,1759.479925,
53,phase2,72,pair_073,0.883241,1749.637768,1759.496304,
54,phase2,72,pair_073,0.899898,1749.654424,1759.512961,
55,phase2,72,pair_073,0.916537,1749.671063,1759.529599,
56,phase2,72,pair_073,0.933212,1749.687739,1759.546275,
57,phase2,72,pair_073,0.949868,1749.704395,1759.562931,
58,phase2,72,pair_073,0.966842,1749.721369,1759.579905,
59,phase2,72,pair_073,0.98329,1749.737818,1759.596353,
60,phase2,72,pair_073,0.999955,1749.754482,1759.613018,
61,phase2,72,pair_073,1.01689,1749.771417,1759.629953,
62,phase2,72,pair_073,1.033546,1749.788073,1759.646609,
63,phase2,72,pair_073,1.049959,1749.804486,1759.663021,
64,phase2,72,pair_073,1.066583,1749.82111,1759.679646,
65,phase2,72,pair_073,1.083248,1749.837775,1759.696311,
66,phase2,72,pair_073,1.100206,1749.854733,1759.713269,
67,phase2,72,pair_073,1.116587,1749.871114,1759.729649,
68,phase2,72,pair_073,1.133503,1749.88803,1759.746566,
69,phase2,72,pair_073,1.149856,1749.904383,1759.762918,
70,phase2,72,pair_073,1.16651,1749.921045,1759.779572,
71,phase2,72,pair_073,1.183264,1749.937794,1759.796327,
72,phase2,72,pair_073,1.199984,1749.954511,1759.813046,
73,phase2,72,pair_073,1.216557,1749.971084,1759.82962,
74,phase2,72,pair_073,1.233554,1749.988081,1759.846616,
75,phase2,72,pair_073,1.249924,1750.004451,1759.862987,
76,phase2,72,pair_073,1.266564,1750.02109,1759.879626,
77,phase2,72,pair_073,1.283318,1750.037845,1759.896381,
78,phase2,72,pair_073,1.299899,1750.054426,1759.912961,
79,phase2,72,pair_073,1.316604,1750.071131,1759.929667,
80,phase2,72,pair_073,1.333271,1750.087798,1759.946334,
81,phase2,72,pair_073,1.350202,1750.104729,1759.963265,
82,phase2,72,pair_073,1.366534,1750.121061,1759.979597,
83,phase2,72,pair_073,1.383533,1750.13806,1759.996596,
84,phase2,72,pair_073,1.399917,1750.154444,1760.01298,
85,phase2,72,pair_073,1.41654,1750.171067,1760.029603,
86,phase2,72,pair_073,1.43354,1750.188066,1760.046602,
87,phase2,72,pair_073,1.450191,1750.204717,1760.063253,
88,phase2,72,pair_073,1.466573,1750.221099,1760.079635,
89,phase2,72,pair_073,1.483192,1750.237718,1760.096254,
90,phase2,72,pair_073,1.500216,1750.254742,1760.113279,
0,phase2,72,pair_073,0.0,1750.271385,1760.129918,iti_onset_dur_0.736
1,phase2,72,pair_073,0.016353,1750.287735,1760.146271,
2,phase2,72,pair_073,0.033053,1750.304434,1760.162971,
3,phase2,72,pair_073,0.049756,1750.32114,1760.179673,
4,phase2,72,pair_073,0.066491,1750.337872,1760.196409,
5,phase2,72,pair_073,0.083188,1750.35457,1760.213106,
6,phase2,72,pair_073,0.100142,1750.371523,1760.23006,
7,phase2,72,pair_073,0.11647,1750.387851,1760.246388,
8,phase2,72,pair_073,0.133055,1750.404436,1760.262973,
9,phase2,72,pair_073,0.149867,1750.421248,1760.279785,
10,phase2,72,pair_073,0.166787,1750.438168,1760.296705,
11,phase2,72,pair_073,0.183141,1750.454522,1760.313059,
12,phase2,72,pair_073,0.199804,1750.471188,1760.329721,
13,phase2,72,pair_073,0.216503,1750.48789,1760.346421,
14,phase2,72,pair_073,0.233142,1750.504526,1760.36306,
15,phase2,72,pair_073,0.250098,1750.52148,1760.380016,
16,phase2,72,pair_073,0.266473,1750.53786,1760.39639,
17,phase2,72,pair_073,0.283168,1750.554549,1760.413086,
18,phase2,72,pair_073,0.299805,1750.571191,1760.429723,
19,phase2,72,pair_073,0.316783,1750.588164,1760.4467,
20,phase2,72,pair_073,0.333123,1750.604504,1760.463041,
21,phase2,72,pair_073,0.349849,1750.621235,1760.479767,
22,phase2,72,pair_073,0.366444,1750.637825,1760.496362,
23,phase2,72,pair_073,0.38344,1750.654821,1760.513358,
24,phase2,72,pair_073,0.399799,1750.671181,1760.529717,
25,phase2,72,pair_073,0.416491,1750.687873,1760.546409,
26,phase2,72,pair_073,0.433459,1750.70484,1760.563377,
27,phase2,72,pair_073,0.450077,1750.721458,1760.579995,
28,phase2,72,pair_073,0.466456,1750.737837,1760.596374,
29,phase2,72,pair_073,0.483132,1750.754522,1760.61305,
30,phase2,72,pair_073,0.499841,1750.771222,1760.629759,
31,phase2,72,pair_073,0.516775,1750.788156,1760.646693,
32,phase2,72,pair_073,0.533153,1750.804534,1760.66307,
33,phase2,72,pair_073,0.549808,1750.821189,1760.679726,
34,phase2,72,pair_073,0.566503,1750.837884,1760.696421,
35,phase2,72,pair_073,0.583469,1750.85485,1760.713387,
36,phase2,72,pair_073,0.600071,1750.871452,1760.729989,
37,phase2,72,pair_073,0.616461,1750.887842,1760.746378,
38,phase2,72,pair_073,0.633119,1750.9045,1760.763036,
39,phase2,72,pair_073,0.64973,1750.921111,1760.779648,
40,phase2,72,pair_073,0.666747,1750.938128,1760.796665,
41,phase2,72,pair_073,0.683108,1750.954489,1760.813026,
42,phase2,72,pair_073,0.699826,1750.97121,1760.829744,
43,phase2,72,pair_073,0.716449,1750.987832,1760.846366,
44,phase2,72,pair_073,0.733421,1751.004802,1760.863339,
0,phase2,72,pair_073,0.0,1751.871015,1761.729541,final_choice_onset
1,phase2,72,pair_073,0.017123,1751.888133,1761.746664,
2,phase2,72,pair_073,0.033786,1751.904795,1761.763328,
3,phase2,72,pair_073,0.050085,1751.921094,1761.779626,
4,phase2,72,pair_073,0.066845,1751.937854,1761.796387,
5,phase2,72,pair_073,0.083551,1751.954566,1761.813092,
6,phase2,72,pair_073,0.100449,1751.971458,1761.82999,
7,phase2,72,pair_073,0.116843,1751.987852,1761.846384,
8,phase2,72,pair_073,0.13352,1752.004528,1761.863061,
9,phase2,72,pair_073,0.150148,1752.021156,1761.879689,
10,phase2,72,pair_073,0.167122,1752.03813,1761.896663,
11,phase2,72,pair_073,0.183473,1752.054482,1761.913015,
12,phase2,72,pair_073,0.200179,1752.071187,1761.92972,
13,phase2,72,pair_073,0.216815,1752.087828,1761.946357,
14,phase2,72,pair_073,0.233792,1752.104801,1761.963334,
15,phase2,72,pair_073,0.25013,1752.121139,1761.979671,
16,phase2,72,pair_073,0.266837,1752.137852,1761.996378,
17,phase2,72,pair_073,0.283746,1752.154755,1762.013288,
18,phase2,72,pair_073,0.300146,1752.171157,1762.029688,
19,phase2,72,pair_073,0.31709,1752.188098,1762.046631,
20,phase2,72,pair_073,0.333501,1752.204509,1762.063042,
21,phase2,72,pair_073,0.350159,1752.221167,1762.0797,
22,phase2,72,pair_073,0.366804,1752.237813,1762.096346,
23,phase2,72,pair_073,0.38376,1752.254768,1762.113301,
24,phase2,72,pair_073,0.400143,1752.271154,1762.129685,
25,phase2,72,pair_073,0.416807,1752.287817,1762.146348,
26,phase2,72,pair_073,0.433763,1752.304772,1762.163305,
27,phase2,72,pair_073,0.450435,1752.321445,1762.179977,
28,phase2,72,pair_073,0.466784,1752.337792,1762.196325,
29,phase2,72,pair_073,0.483497,1752.354505,1762.213038,
30,phase2,72,pair_073,0.500133,1752.371144,1762.229675,
31,phase2,72,pair_073,0.517113,1752.388121,1762.246654,
32,phase2,72,pair_073,0.533487,1752.404495,1762.263028,
33,phase2,72,pair_073,0.550144,1752.421152,1762.279685,
34,phase2,72,pair_073,0.566751,1752.437762,1762.296293,
35,phase2,72,pair_073,0.583783,1752.454791,1762.313324,
36,phase2,72,pair_073,0.600125,1752.471134,1762.329667,
37,phase2,72,pair_073,0.616836,1752.487844,1762.346377,
38,phase2,72,pair_073,0.633466,1752.504475,1762.363008,
39,phase2,72,pair_073,0.650115,1752.521125,1762.379656,
40,phase2,72,pair_073,0.666816,1752.537824,1762.396357,
41,phase2,72,pair_073,0.683501,1752.55451,1762.413043,
42,phase2,72,pair_073,0.700109,1752.571118,1762.42965,
43,phase2,72,pair_073,0.716752,1752.587762,1762.446293,
44,phase2,72,pair_073,0.733756,1752.604764,1762.463297,
45,phase2,72,pair_073,0.750162,1752.62117,1762.479703,
46,phase2,72,pair_073,0.766784,1752.637792,1762.496325,
47,phase2,72,pair_073,0.783416,1752.654424,1762.512957,
48,phase2,72,pair_073,0.800383,1752.671391,1762.529924,
49,phase2,72,pair_073,0.816785,1752.687794,1762.546327,
50,phase2,72,pair_073,0.83374,1752.704748,1762.563281,
51,phase2,72,pair_073,0.850122,1752.72113,1762.579663,
52,phase2,72,pair_073,0.866768,1752.737777,1762.596309,
53,phase2,72,pair_073,0.883731,1752.75474,1762.613273,
54,phase2,72,pair_073,0.900199,1752.771207,1762.62974,
55,phase2,72,pair_073,0.917086,1752.788094,1762.646627,
56,phase2,72,pair_073,0.933432,1752.804441,1762.662974,
57,phase2,72,pair_073,0.950095,1752.821103,1762.679636,
58,phase2,72,pair_073,0.966838,1752.837846,1762.696379,
59,phase2,72,pair_073,0.983448,1752.854457,1762.71299,
60,phase2,72,pair_073,1.000433,1752.871442,1762.729975,
61,phase2,72,pair_073,1.016792,1752.8878,1762.746333,
62,phase2,72,pair_073,1.033458,1752.904466,1762.762999,
63,phase2,72,pair_073,1.050192,1752.9212,1762.779733,
64,phase2,72,pair_073,1.066763,1752.937771,1762.796304,
65,phase2,72,pair_073,1.08338,1752.954389,1762.812922,
66,phase2,72,pair_073,1.100122,1752.971131,1762.829664,
67,phase2,72,pair_073,1.117062,1752.988071,1762.846604,
68,phase2,72,pair_073,1.133462,1753.00447,1762.863003,
69,phase2,72,pair_073,1.150403,1753.021411,1762.879944,
70,phase2,72,pair_073,1.166831,1753.037839,1762.896372,
71,phase2,72,pair_073,1.183735,1753.054746,1762.913276,
72,phase2,72,pair_073,1.200433,1753.071441,1762.929975,
73,phase2,72,pair_073,1.217079,1753.088088,1762.946621,
74,phase2,72,pair_073,1.233458,1753.104467,1762.963,
75,phase2,72,pair_073,1.250081,1753.121089,1762.979622,
76,phase2,72,pair_073,1.267085,1753.138093,1762.996626,
77,phase2,72,pair_073,1.283748,1753.154756,1763.013289,
78,phase2,72,pair_073,1.3001,1753.171109,1763.029641,
79,phase2,72,pair_073,1.316797,1753.187805,1763.046338,
80,phase2,72,pair_073,1.333433,1753.204442,1763.062975,
81,phase2,72,pair_073,1.350411,1753.22142,1763.079953,
82,phase2,72,pair_073,1.366756,1753.237764,1763.096297,
83,phase2,72,pair_073,1.383522,1753.25453,1763.113063,
84,phase2,72,pair_073,1.40008,1753.271088,1763.129621,
85,phase2,72,pair_073,1.416745,1753.287753,1763.146286,
86,phase2,72,pair_073,1.433429,1753.304437,1763.16297,
87,phase2,72,pair_073,1.450115,1753.321123,1763.179656,
88,phase2,72,pair_073,1.466823,1753.337832,1763.196365,
89,phase2,72,pair_073,1.483719,1753.354727,1763.21326,
90,phase2,72,pair_073,1.500383,1753.371391,1763.229924,
91,phase2,72,pair_073,1.516789,1753.387797,1763.24633,
92,phase2,72,pair_073,1.533417,1753.404425,1763.262958,
93,phase2,72,pair_073,1.550078,1753.421086,1763.279619,
94,phase2,72,pair_073,1.567057,1753.438065,1763.296598,
95,phase2,72,pair_073,1.583447,1753.454455,1763.312988,
96,phase2,72,pair_073,1.600077,1753.471085,1763.329619,
97,phase2,72,pair_073,1.616755,1753.487764,1763.346297,
98,phase2,72,pair_073,1.633725,1753.504733,1763.363266,
99,phase2,72,pair_073,1.65011,1753.521118,1763.379651,
100,phase2,72,pair_073,1.66699,1753.537998,1763.396531,
101,phase2,72,pair_073,1.683429,1753.554437,1763.41297,
102,phase2,72,pair_073,1.700397,1753.571405,1763.429939,
103,phase2,72,pair_073,1.71677,1753.587778,1763.446311,
104,phase2,72,pair_073,1.73367,1753.604683,1763.463212,
105,phase2,72,pair_073,1.750127,1753.621135,1763.479668,
106,phase2,72,pair_073,1.76707,1753.638078,1763.496611,
107,phase2,72,pair_073,1.783434,1753.654442,1763.512975,
108,phase2,72,pair_073,1.800063,1753.671071,1763.529604,
109,phase2,72,pair_073,1.816751,1753.687759,1763.546292,
110,phase2,72,pair_073,1.833398,1753.704407,1763.56294,
111,phase2,72,pair_073,1.850368,1753.721376,1763.579909,
112,phase2,72,pair_073,1.866746,1753.737754,1763.596288,
113,phase2,72,pair_073,1.883419,1753.754427,1763.612961,
114,phase2,72,pair_073,1.90038,1753.771389,1763.629922,
115,phase2,72,pair_073,1.917038,1753.788047,1763.64658,
116,phase2,72,pair_073,1.933412,1753.80443,1763.662954,
117,phase2,72,pair_073,1.950049,1753.821057,1763.679591,
118,phase2,72,pair_073,1.96671,1753.837718,1763.696251,
119,phase2,72,pair_073,1.983707,1753.854715,1763.713248,
120,phase2,72,pair_073,2.000104,1753.871112,1763.729645,
121,phase2,72,pair_073,2.016978,1753.887989,1763.74652,
122,phase2,72,pair_073,2.033405,1753.904414,1763.762947,
123,phase2,72,pair_073,2.050382,1753.921391,1763.779924,
124,phase2,72,pair_073,2.066741,1753.937749,1763.796282,
125,phase2,72,pair_073,2.083396,1753.954404,1763.812937,
126,phase2,72,pair_073,2.100079,1753.971087,1763.82962,
127,phase2,72,pair_073,2.117053,1753.988061,1763.846595,
128,phase2,72,pair_073,2.133399,1754.004408,1763.862941,
129,phase2,72,pair_073,2.150073,1754.021081,1763.879614,
130,phase2,72,pair_073,2.166748,1754.037756,1763.896289,
131,phase2,72,pair_073,2.183401,1754.054409,1763.912942,
132,phase2,72,pair_073,2.20008,1754.071088,1763.929621,
133,phase2,72,pair_073,2.216735,1754.087743,1763.946276,
134,phase2,72,pair_073,2.233396,1754.104404,1763.962937,
135,phase2,72,pair_073,2.25007,1754.121078,1763.979612,
136,phase2,72,pair_073,2.267024,1754.138032,1763.996566,
137,phase2,72,pair_073,2.283385,1754.154393,1764.012926,
138,phase2,72,pair_073,2.300071,1754.171079,1764.029612,
139,phase2,72,pair_073,2.317056,1754.188064,1764.046597,
140,phase2,72,pair_073,2.333687,1754.204695,1764.063228,
141,phase2,72,pair_073,2.350068,1754.221076,1764.07961,
142,phase2,72,pair_073,2.366729,1754.237737,1764.096271,
143,phase2,72,pair_073,2.383417,1754.254425,1764.112958,
144,phase2,72,pair_073,2.400152,1754.27116,1764.129693,
145,phase2,72,pair_073,2.417125,1754.288133,1764.146666,
146,phase2,72,pair_073,2.433807,1754.304816,1764.163349,
147,phase2,72,pair_073,2.450182,1754.321193,1764.179723,
148,phase2,72,pair_073,2.466845,1754.337853,1764.196386,
149,phase2,72,pair_073,2.483498,1754.354506,1764.213039,
150,phase2,72,pair_073,2.500476,1754.371484,1764.230018,
151,phase2,72,pair_073,2.516847,1754.387862,1764.246389,
152,phase2,72,pair_073,2.53346,1754.404468,1764.263002,
153,phase2,72,pair_073,2.550201,1754.421209,1764.279742,
154,phase2,72,pair_073,2.567114,1754.438122,1764.296655,
155,phase2,72,pair_073,2.5835,1754.454508,1764.313041,
156,phase2,72,pair_073,2.600089,1754.471099,1764.32963,
157,phase2,72,pair_073,2.616896,1754.487904,1764.346437,
158,phase2,72,pair_073,2.633487,1754.504495,1764.363028,
159,phase2,72,pair_073,2.650131,1754.521139,1764.379672,
160,phase2,72,pair_073,2.666823,1754.537831,1764.396364,
161,phase2,72,pair_073,2.683534,1754.554542,1764.413075,
162,phase2,72,pair_073,2.700165,1754.571174,1764.429706,
163,phase2,72,pair_073,2.717123,1754.588131,1764.446664,
164,phase2,72,pair_073,2.733489,1754.6045,1764.46303,
165,phase2,72,pair_073,2.750199,1754.621208,1764.47974,
166,phase2,72,pair_073,2.766833,1754.637841,1764.496374,
167,phase2,72,pair_073,2.783791,1754.654799,1764.513332,
168,phase2,72,pair_073,2.800117,1754.671125,1764.529659,
169,phase2,72,pair_073,2.816828,1754.687836,1764.54637,
170,phase2,72,pair_073,2.833495,1754.704503,1764.563036,
171,phase2,72,pair_073,2.850461,1754.721469,1764.580002,
172,phase2,72,pair_073,2.866817,1754.737825,1764.596358,
173,phase2,72,pair_073,2.883504,1754.754513,1764.613045,
174,phase2,72,pair_073,2.900154,1754.771163,1764.629696,
175,phase2,72,pair_073,2.917125,1754.788134,1764.646667,
176,phase2,72,pair_073,2.93348,1754.804488,1764.663021,
177,phase2,72,pair_073,2.950103,1754.821111,1764.679644,
178,phase2,72,pair_073,2.966881,1754.837889,1764.696423,
179,phase2,72,pair_073,2.983818,1754.854826,1764.713359,
180,phase2,72,pair_073,3.000141,1754.87115,1764.729683,
181,phase2,72,pair_073,3.016839,1754.887849,1764.74638,
182,phase2,72,pair_073,3.033737,1754.904745,1764.763278,
183,phase2,72,pair_073,3.050137,1754.921146,1764.779679,
184,phase2,72,pair_073,3.066823,1754.937831,1764.796365,
185,phase2,72,pair_073,3.08349,1754.954498,1764.813031,
186,phase2,72,pair_073,3.100153,1754.971163,1764.829694,
187,phase2,72,pair_073,3.116804,1754.987813,1764.846345,
188,phase2,72,pair_073,3.133784,1755.004793,1764.863326,
189,phase2,72,pair_073,3.150153,1755.021161,1764.879694,
190,phase2,72,pair_073,3.167116,1755.038124,1764.896658,
191,phase2,72,pair_073,3.183792,1755.054799,1764.913333,
192,phase2,72,pair_073,3.200446,1755.071454,1764.929987,
193,phase2,72,pair_073,3.216822,1755.08783,1764.946363,
194,phase2,72,pair_073,3.233508,1755.104517,1764.96305,
195,phase2,72,pair_073,3.250464,1755.121472,1764.980005,
196,phase2,72,pair_073,3.26711,1755.138118,1764.996651,
197,phase2,72,pair_073,3.283471,1755.154479,1765.013012,
198,phase2,72,pair_073,3.300147,1755.171155,1765.029688,
199,phase2,72,pair_073,3.316809,1755.187817,1765.04635,
200,phase2,72,pair_073,3.3338,1755.204809,1765.063342,
201,phase2,72,pair_073,3.350153,1755.221161,1765.079694,
202,phase2,72,pair_073,3.366814,1755.237823,1765.096356,
203,phase2,72,pair_073,3.383464,1755.254473,1765.113006,
204,phase2,72,pair_073,3.400442,1755.271451,1765.129984,
205,phase2,72,pair_073,3.416794,1755.287802,1765.146335,
206,phase2,72,pair_073,3.433481,1755.304489,1765.163022,
207,phase2,72,pair_073,3.450135,1755.321143,1765.179677,
208,phase2,72,pair_073,3.466793,1755.337801,1765.196334,
209,phase2,72,pair_073,3.483767,1755.354775,1765.213308,
210,phase2,72,pair_073,3.500137,1755.371146,1765.229678,
211,phase2,72,pair_073,3.516793,1755.387801,1765.246334,
212,phase2,72,pair_073,3.533774,1755.404782,1765.263315,
213,phase2,72,pair_073,3.550442,1755.42145,1765.279983,
214,phase2,72,pair_073,3.566797,1755.437806,1765.296339,
215,phase2,72,pair_073,3.583487,1755.454495,1765.313028,
216,phase2,72,pair_073,3.600145,1755.471153,1765.329686,
217,phase2,72,pair_073,3.616829,1755.487838,1765.346371,
218,phase2,72,pair_073,3.633442,1755.504451,1765.362984,
219,phase2,72,pair_073,3.65015,1755.521158,1765.379691,
220,phase2,72,pair_073,3.667056,1755.538065,1765.396598,
221,phase2,72,pair_073,3.683773,1755.554781,1765.413314,
222,phase2,72,pair_073,3.700138,1755.571146,1765.429679,
223,phase2,72,pair_073,3.716729,1755.587739,1765.44627,
224,phase2,72,pair_073,3.733459,1755.604471,1765.463001,
225,phase2,72,pair_073,3.750454,1755.621462,1765.479995,
226,phase2,72,pair_073,3.766792,1755.6378,1765.496333,
227,phase2,72,pair_073,3.783464,1755.654472,1765.513005,
228,phase2,72,pair_073,3.800183,1755.671191,1765.529724,
229,phase2,72,pair_073,3.817117,1755.688125,1765.546658,
230,phase2,72,pair_073,3.833471,1755.704479,1765.563013,
231,phase2,72,pair_073,3.850131,1755.721139,1765.579672,
232,phase2,72,pair_073,3.866773,1755.737782,1765.596315,
233,phase2,72,pair_073,3.883451,1755.754459,1765.612992,
234,phase2,72,pair_073,3.900412,1755.77142,1765.629953,
235,phase2,72,pair_073,3.916769,1755.787777,1765.64631,
236,phase2,72,pair_073,3.933497,1755.804505,1765.663038,
237,phase2,72,pair_073,3.950386,1755.821395,1765.679928,
238,phase2,72,pair_073,3.967086,1755.838095,1765.696628,
239,phase2,72,pair_073,3.983427,1755.854436,1765.712969,
240,phase2,72,pair_073,4.000088,1755.871096,1765.729629,
241,phase2,72,pair_073,4.016771,1755.887779,1765.746312,
242,phase2,72,pair_073,4.033773,1755.904781,1765.763315,
243,phase2,72,pair_073,4.05007,1755.921079,1765.779612,
244,phase2,72,pair_073,4.066792,1755.9378,1765.796333,
245,phase2,72,pair_073,4.083633,1755.954641,1765.813174,
246,phase2,72,pair_073,4.100417,1755.971425,1765.829958,
247,phase2,72,pair_073,4.116778,1755.987786,1765.846319,
248,phase2,72,pair_073,4.133433,1756.004441,1765.862974,
249,phase2,72,pair_073,4.150179,1756.021187,1765.879721,
250,phase2,72,pair_073,4.167105,1756.038113,1765.896646,
251,phase2,72,pair_073,4.18344,1756.054448,1765.912982,
252,phase2,72,pair_073,4.200147,1756.071157,1765.929688,
253,phase2,72,pair_073,4.216754,1756.087762,1765.946295,
254,phase2,72,pair_073,4.233768,1756.104776,1765.963309,
255,phase2,72,pair_073,4.250119,1756.121127,1765.97966,
256,phase2,72,pair_073,4.266823,1756.137831,1765.996365,
257,phase2,72,pair_073,4.283432,1756.15444,1766.012973,
258,phase2,72,pair_073,4.3001,1756.171109,1766.029641,
259,phase2,72,pair_073,4.317062,1756.188072,1766.046603,
260,phase2,72,pair_073,4.33345,1756.204458,1766.062991,
261,phase2,72,pair_073,4.350097,1756.221107,1766.079638,
262,phase2,72,pair_073,4.367072,1756.23808,1766.096613,
263,phase2,72,pair_073,4.383735,1756.254743,1766.113276,
264,phase2,72,pair_073,4.400127,1756.271135,1766.129668,
265,phase2,72,pair_073,4.416769,1756.287777,1766.14631,
266,phase2,72,pair_073,4.433437,1756.304445,1766.162978,
267,phase2,72,pair_073,4.450407,1756.321416,1766.179949,
268,phase2,72,pair_073,4.466738,1756.337746,1766.196279,
269,phase2,72,pair_073,4.48346,1756.354468,1766.213001,
270,phase2,72,pair_073,4.500096,1756.371106,1766.229638,
271,phase2,72,pair_073,4.51708,1756.388089,1766.246622,
272,phase2,72,pair_073,4.533437,1756.404447,1766.262979,
273,phase2,72,pair_073,4.550153,1756.421161,1766.279694,
274,phase2,72,pair_073,4.566777,1756.437785,1766.296318,
275,phase2,72,pair_073,4.583427,1756.454436,1766.312969,
276,phase2,72,pair_073,4.600378,1756.471387,1766.32992,
277,phase2,72,pair_073,4.616793,1756.487801,1766.346335,
278,phase2,72,pair_073,4.633378,1756.504386,1766.36292,
279,phase2,72,pair_073,4.650047,1756.521056,1766.379589,
280,phase2,72,pair_073,4.66672,1756.537728,1766.396261,
281,phase2,72,pair_073,4.68344,1756.554448,1766.412981,
282,phase2,72,pair_073,4.700092,1756.5711,1766.429633,
283,phase2,72,pair_073,4.716759,1756.587767,1766.4463,
284,phase2,72,pair_073,4.733432,1756.60444,1766.462973,
285,phase2,72,pair_073,4.750112,1756.62112,1766.479653,
286,phase2,72,pair_073,4.766722,1756.63773,1766.496263,
287,phase2,72,pair_073,4.783417,1756.654425,1766.512958,
288,phase2,72,pair_073,4.800075,1756.671084,1766.529616,
289,phase2,72,pair_073,4.816796,1756.687805,1766.546338,
290,phase2,72,pair_073,4.833433,1756.70444,1766.562974,
291,phase2,72,pair_073,4.850077,1756.721085,1766.579618,
292,phase2,72,pair_073,4.86706,1756.738068,1766.596602,
293,phase2,72,pair_073,4.883447,1756.754456,1766.612988,
294,phase2,72,pair_073,4.90014,1756.771148,1766.629681,
295,phase2,72,pair_073,4.916744,1756.787754,1766.646286,
296,phase2,72,pair_073,4.933691,1756.804699,1766.663232,
297,phase2,72,pair_073,4.950042,1756.82105,1766.679584,
298,phase2,72,pair_073,4.966753,1756.837762,1766.696294,
299,phase2,72,pair_073,4.983753,1756.854761,1766.713294,
300,phase2,72,pair_073,5.000395,1756.871403,1766.729936,
301,phase2,72,pair_073,5.01676,1756.887768,1766.746301,
302,phase2,72,pair_073,5.033407,1756.904415,1766.762948,
303,phase2,72,pair_073,5.050065,1756.921073,1766.779607,
304,phase2,72,pair_073,5.06672,1756.937729,1766.796261,
305,phase2,72,pair_073,5.083706,1756.954714,1766.813247,
306,phase2,72,pair_073,5.100079,1756.971087,1766.829621,
307,phase2,72,pair_073,5.116802,1756.98781,1766.846343,
308,phase2,72,pair_073,5.13342,1757.004427,1766.862961,
309,phase2,72,pair_073,5.150383,1757.021391,1766.879924,
310,phase2,72,pair_073,5.166765,1757.037773,1766.896306,
311,phase2,72,pair_073,5.18346,1757.054468,1766.913001,
312,phase2,72,pair_073,5.200057,1757.071065,1766.929598,
313,phase2,72,pair_073,5.217033,1757.088041,1766.946575,
314,phase2,72,pair_073,5.233415,1757.104423,1766.962956,
315,phase2,72,pair_073,5.250099,1757.121107,1766.979641,
316,phase2,72,pair_073,5.266731,1757.137739,1766.996272,
317,phase2,72,pair_073,5.283709,1757.154717,1767.01325,
318,phase2,72,pair_073,5.300102,1757.171112,1767.029643,
319,phase2,72,pair_073,5.316764,1757.187772,1767.046305,
320,phase2,72,pair_073,5.333372,1757.20438,1767.062914,
321,phase2,72,pair_073,5.350384,1757.221392,1767.079925,
322,phase2,72,pair_073,5.366738,1757.237747,1767.09628,
323,phase2,72,pair_073,5.383404,1757.254412,1767.112946,
324,phase2,72,pair_073,5.40007,1757.271078,1767.129612,
325,phase2,72,pair_073,5.416741,1757.28775,1767.146283,
326,phase2,72,pair_073,5.433678,1757.304686,1767.163219,
327,phase2,72,pair_073,5.450086,1757.321094,1767.179627,
328,phase2,72,pair_073,5.466733,1757.337741,1767.196274,
329,phase2,72,pair_073,5.483393,1757.354401,1767.212934,
330,phase2,72,pair_073,5.500348,1757.371356,1767.229889,
331,phase2,72,pair_073,5.516766,1757.387774,1767.246308,
332,phase2,72,pair_073,5.533458,1757.404466,1767.263,
333,phase2,72,pair_073,5.550336,1757.421344,1767.279877,
334,phase2,72,pair_073,5.567028,1757.438036,1767.296569,
335,phase2,72,pair_073,5.583425,1757.454433,1767.312966,
336,phase2,72,pair_073,5.600078,1757.471086,1767.329619,
337,phase2,72,pair_073,5.616999,1757.488007,1767.34654,
338,phase2,72,pair_073,5.633692,1757.504701,1767.363234,
339,phase2,72,pair_073,5.650076,1757.521084,1767.379617,
340,phase2,72,pair_073,5.66697,1757.537978,1767.396511,
341,phase2,72,pair_073,5.683649,1757.554657,1767.41319,
342,phase2,72,pair_073,5.700044,1757.571052,1767.429585,
343,phase2,72,pair_073,5.716729,1757.587737,1767.44627,
344,phase2,72,pair_073,5.733392,1757.604401,1767.462934,
345,phase2,72,pair_073,5.750126,1757.621134,1767.479667,
346,phase2,72,pair_073,5.767043,1757.638051,1767.496584,
347,phase2,72,pair_073,5.783403,1757.654412,1767.512945,
348,phase2,72,pair_073,5.800039,1757.671048,1767.529581,
349,phase2,72,pair_073,5.816713,1757.687721,1767.546255,
350,phase2,72,pair_073,5.833362,1757.704371,1767.562904,
351,phase2,72,pair_073,5.850345,1757.721353,1767.579886,
352,phase2,72,pair_073,5.866715,1757.737723,1767.596256,
353,phase2,72,pair_073,5.883379,1757.754387,1767.61292,
354,phase2,72,pair_073,5.900047,1757.771056,1767.629589,
355,phase2,72,pair_073,5.917,1757.788008,1767.646541,
356,phase2,72,pair_073,5.933383,1757.804391,1767.662924,
357,phase2,72,pair_073,5.950072,1757.82108,1767.679613,
358,phase2,72,pair_073,5.967025,1757.838033,1767.696566,
359,phase2,72,pair_073,5.98368,1757.854688,1767.713221,
360,phase2,72,pair_073,6.000042,1757.87105,1767.729583,
361,phase2,72,pair_073,6.016754,1757.887763,1767.746296,
362,phase2,72,pair_073,6.033652,1757.90466,1767.763193,
363,phase2,72,pair_073,6.050356,1757.921364,1767.779897,
364,phase2,72,pair_073,6.066749,1757.937758,1767.796291,
365,phase2,72,pair_073,6.083424,1757.954432,1767.812966,
366,phase2,72,pair_073,6.09999,1757.970998,1767.829531,
367,phase2,72,pair_073,6.116699,1757.987707,1767.84624,
368,phase2,72,pair_073,6.133361,1758.004369,1767.862902,
369,phase2,72,pair_073,6.150046,1758.021054,1767.879588,
370,phase2,72,pair_073,6.166778,1758.037786,1767.896319,
371,phase2,72,pair_073,6.183691,1758.054699,1767.913233,
372,phase2,72,pair_073,6.200317,1758.071325,1767.929858,
373,phase2,72,pair_073,6.216703,1758.087711,1767.946244,
374,phase2,72,pair_073,6.233372,1758.10438,1767.962913,
375,phase2,72,pair_073,6.250051,1758.121059,1767.979592,
376,phase2,72,pair_073,6.267002,1758.13801,1767.996543,
377,phase2,72,pair_073,6.283381,1758.154389,1768.012922,
378,phase2,72,pair_073,6.30002,1758.171028,1768.029561,
379,phase2,72,pair_073,6.316683,1758.187692,1768.046225,
380,phase2,72,pair_073,6.333472,1758.20448,1768.063013,
381,phase2,72,pair_073,6.35043,1758.221439,1768.079972,
382,phase2,72,pair_073,6.367127,1758.238135,1768.096668,
383,phase2,72,pair_073,6.383478,1758.254486,1768.11302,
384,phase2,72,pair_073,6.400154,1758.271162,1768.129695,
385,phase2,72,pair_073,6.41681,1758.287818,1768.146352,
386,phase2,72,pair_073,6.433786,1758.304794,1768.163327,
387,phase2,72,pair_073,6.450146,1758.321154,1768.179687,
388,phase2,72,pair_073,6.466812,1758.33782,1768.196353,
389,phase2,72,pair_073,6.483504,1758.354512,1768.213046,
390,phase2,72,pair_073,6.500458,1758.371466,1768.229999,
391,phase2,72,pair_073,6.516762,1758.38777,1768.246303,
392,phase2,72,pair_073,6.533455,1758.404473,1768.262996,
393,phase2,72,pair_073,6.550152,1758.42116,1768.279693,
394,phase2,72,pair_073,6.567138,1758.438146,1768.296679,
395,phase2,72,pair_073,6.583482,1758.45449,1768.313024,
396,phase2,72,pair_073,6.600139,1758.471147,1768.32968,
397,phase2,72,pair_073,6.61684,1758.487848,1768.346381,
398,phase2,72,pair_073,6.633446,1758.504454,1768.362987,
399,phase2,72,pair_073,6.650138,1758.521146,1768.37968,
400,phase2,72,pair_073,6.666711,1758.537722,1768.396253,
401,phase2,72,pair_073,6.683451,1758.554462,1768.412993,
402,phase2,72,pair_073,6.700141,1758.571152,1768.429682,
403,phase2,72,pair_073,6.716811,1758.587819,1768.446352,
404,phase2,72,pair_073,6.733466,1758.604476,1768.463008,
405,phase2,72,pair_073,6.750127,1758.621135,1768.479668,
406,phase2,72,pair_073,6.766791,1758.637799,1768.496332,
407,phase2,72,pair_073,6.783455,1758.654463,1768.512996,
408,phase2,72,pair_073,6.800117,1758.671125,1768.529658,
409,phase2,72,pair_073,6.81675,1758.687758,1768.546291,
410,phase2,72,pair_073,6.833517,1758.704525,1768.563059,
411,phase2,72,pair_073,6.8501,1758.721108,1768.579641,
412,phase2,72,pair_073,6.866812,1758.737821,1768.596353,
413,phase2,72,pair_073,6.883455,1758.754463,1768.612996,
414,phase2,72,pair_073,6.900112,1758.77112,1768.629653,
415,phase2,72,pair_073,6.917108,1758.788116,1768.646649,
416,phase2,72,pair_073,6.933454,1758.804462,1768.662995,
417,phase2,72,pair_073,6.950108,1758.821116,1768.679649,
418,phase2,72,pair_073,6.966848,1758.837856,1768.696389,
419,phase2,72,pair_073,6.983432,1758.85444,1768.712974,
420,phase2,72,pair_073,7.000402,1758.871413,1768.729944,
421,phase2,72,pair_073,7.016789,1758.887797,1768.74633,
422,phase2,72,pair_073,7.033513,1758.904521,1768.763054,
423,phase2,72,pair_073,7.050436,1758.921444,1768.779977,
424,phase2,72,pair_073,7.067081,1758.938089,1768.796622,
425,phase2,72,pair_073,7.083452,1758.954461,1768.812993,
426,phase2,72,pair_073,7.100083,1758.971091,1768.829625,
427,phase2,72,pair_073,7.116756,1758.987764,1768.846297,
428,phase2,72,pair_073,7.133747,1759.004755,1768.863288,
429,phase2,72,pair_073,7.150125,1759.021133,1768.879667,
430,phase2,72,pair_073,7.16679,1759.037798,1768.896332,
431,phase2,72,pair_073,7.183434,1759.054633,1768.912976,
432,phase2,72,pair_073,7.200384,1759.071393,1768.929926,
433,phase2,72,pair_073,7.216765,1759.08778,1768.946307,
434,phase2,72,pair_073,7.233494,1759.104502,1768.963035,
435,phase2,72,pair_073,7.250117,1759.121125,1768.979658,
436,phase2,72,pair_073,7.267095,1759.138103,1768.996636,
437,phase2,72,pair_073,7.283423,1759.154431,1769.012965,
438,phase2,72,pair_073,7.300114,1759.171127,1769.029655,
439,phase2,72,pair_073,7.316786,1759.187794,1769.046327,
440,phase2,72,pair_073,7.33376,1759.204768,1769.063301,
441,phase2,72,pair_073,7.350125,1759.221133,1769.079666,
442,phase2,72,pair_073,7.36678,1759.237788,1769.096321,
443,phase2,72,pair_073,7.383496,1759.254504,1769.113037,
444,phase2,72,pair_073,7.40042,1759.271428,1769.129962,
445,phase2,72,pair_073,7.416785,1759.287794,1769.146327,
446,phase2,72,pair_073,7.433402,1759.30441,1769.162943,
447,phase2,72,pair_073,7.450141,1759.32115,1769.179683,
448,phase2,72,pair_073,7.467081,1759.33809,1769.196623,
449,phase2,72,pair_073,7.483722,1759.35473,1769.213263,
450,phase2,72,pair_073,7.5001,1759.371108,1769.229641,
451,phase2,72,pair_073,7.516746,1759.387754,1769.246287,
452,phase2,72,pair_073,7.53374,1759.404748,1769.263281,
453,phase2,72,pair_073,7.550408,1759.421416,1769.279949,
454,phase2,72,pair_073,7.566771,1759.437781,1769.296312,
455,phase2,72,pair_073,7.583421,1759.454429,1769.312962,
456,phase2,72,pair_073,7.600116,1759.471124,1769.329657,
457,phase2,72,pair_073,7.617068,1759.488076,1769.346609,
458,phase2,72,pair_073,7.633414,1759.504424,1769.362955,
459,phase2,72,pair_073,7.650147,1759.521157,1769.379689,
460,phase2,72,pair_073,7.666756,1759.537765,1769.396298,
461,phase2,72,pair_073,7.683384,1759.554392,1769.412926,
462,phase2,72,pair_073,7.700103,1759.571111,1769.429644,
463,phase2,72,pair_073,7.716796,1759.587804,1769.446337,
464,phase2,72,pair_073,7.733478,1759.604486,1769.463019,
465,phase2,72,pair_073,7.750107,1759.621116,1769.479649,
466,phase2,72,pair_073,7.766768,1759.637776,1769.496309,
467,phase2,72,pair_073,7.783432,1759.65444,1769.512973,
468,phase2,72,pair_073,7.80014,1759.671148,1769.529681,
469,phase2,72,pair_073,7.816739,1759.687747,1769.54628,
470,phase2,72,pair_073,7.833448,1759.704456,1769.562989,
471,phase2,72,pair_073,7.850108,1759.721117,1769.57965,
472,phase2,72,pair_073,7.866807,1759.737822,1769.596348,
473,phase2,72,pair_073,7.883431,1759.75444,1769.612972,
474,phase2,72,pair_073,7.900097,1759.771105,1769.629639,
475,phase2,72,pair_073,7.91678,1759.787788,1769.646321,
476,phase2,72,pair_073,7.933424,1759.804431,1769.662965,
477,phase2,72,pair_073,7.950043,1759.821051,1769.679584,
478,phase2,72,pair_073,7.967065,1759.838073,1769.696606,
479,phase2,72,pair_073,7.983501,1759.854529,1769.713042,
480,phase2,72,pair_073,8.000097,1759.871106,1769.729638,
481,phase2,72,pair_073,8.016747,1759.887756,1769.746288,
482,phase2,72,pair_073,8.033745,1759.904755,1769.763286,
483,phase2,72,pair_073,8.050109,1759.921117,1769.77965,
484,phase2,72,pair_073,8.066807,1759.937816,1769.796349,
485,phase2,72,pair_073,8.083398,1759.954406,1769.81294,
486,phase2,72,pair_073,8.100087,1759.971095,1769.829628,
487,phase2,72,pair_073,8.116746,1759.987755,1769.846288,
488,phase2,72,pair_073,8.133486,1760.004496,1769.863028,
489,phase2,72,pair_073,8.150102,1760.02111,1769.879643,
490,phase2,72,pair_073,8.167084,1760.038093,1769.896626,
491,phase2,72,pair_073,8.183439,1760.054448,1769.912981,
492,phase2,72,pair_073,8.200038,1760.071047,1769.92958,
493,phase2,72,pair_073,8.216849,1760.087867,1769.94639,
494,phase2,72,pair_073,8.233737,1760.104745,1769.963278,
495,phase2,72,pair_073,8.250103,1760.121112,1769.979644,
496,phase2,72,pair_073,8.266755,1760.137764,1769.996296,
497,phase2,72,pair_073,8.283375,1760.154384,1770.012916,
498,phase2,72,pair_073,8.300414,1760.171422,1770.029956,
499,phase2,72,pair_073,8.316751,1760.18776,1770.046293,
500,phase2,72,pair_073,8.333426,1760.204434,1770.062967,
501,phase2,72,pair_073,8.350067,1760.221078,1770.079608,
502,phase2,72,pair_073,8.366751,1760.237759,1770.096293,
503,phase2,72,pair_073,8.383707,1760.254715,1770.113248,
504,phase2,72,pair_073,8.400328,1760.271336,1770.129869,
505,phase2,72,pair_073,8.416715,1760.287724,1770.146257,
506,phase2,72,pair_073,8.433361,1760.304369,1770.162902,
507,phase2,72,pair_073,8.450361,1760.32137,1770.179902,
508,phase2,72,pair_073,8.46674,1760.337749,1770.196282,
509,phase2,72,pair_073,8.483414,1760.354422,1770.212955,
510,phase2,72,pair_073,8.500022,1760.37103,1770.229563,
511,phase2,72,pair_073,8.517042,1760.38805,1770.246584,
512,phase2,72,pair_073,8.533427,1760.404441,1770.262969,
513,phase2,72,pair_073,8.550022,1760.421031,1770.279564,
514,phase2,72,pair_073,8.566811,1760.437819,1770.296352,
515,phase2,72,pair_073,8.583719,1760.454728,1770.313261,
516,phase2,72,pair_073,8.600077,1760.471085,1770.329618,
517,phase2,72,pair_073,8.616749,1760.487757,1770.34629,
518,phase2,72,pair_073,8.633675,1760.504683,1770.363216,
519,phase2,72,pair_073,8.650036,1760.521045,1770.379578,
520,phase2,72,pair_073,8.666732,1760.53774,1770.396273,
521,phase2,72,pair_073,8.683474,1760.554485,1770.413015,
522,phase2,72,pair_073,8.700039,1760.571048,1770.429581,
523,phase2,72,pair_073,8.716727,1760.587735,1770.446268,
524,phase2,72,pair_073,8.733661,1760.604669,1770.463203,
525,phase2,72,pair_073,8.750069,1760.621077,1770.47961,
526,phase2,72,pair_073,8.766731,1760.637739,1770.496272,
527,phase2,72,pair_073,8.783384,1760.654392,1770.512925,
528,phase2,72,pair_073,8.800061,1760.67107,1770.529602,
529,phase2,72,pair_073,8.816745,1760.687753,1770.546286,
530,phase2,72,pair_073,8.833429,1760.704437,1770.56297,
531,phase2,72,pair_073,8.850052,1760.72106,1770.579594,
532,phase2,72,pair_073,8.867021,1760.738029,1770.596562,
533,phase2,72,pair_073,8.883427,1760.754436,1770.612969,
534,phase2,72,pair_073,8.900066,1760.771074,1770.629607,
535,phase2,72,pair_073,8.916746,1760.787757,1770.646287,
536,phase2,72,pair_073,8.933715,1760.804723,1770.663256,
537,phase2,72,pair_073,8.950049,1760.821057,1770.67959,
538,phase2,72,pair_073,8.966715,1760.837723,1770.696256,
539,phase2,72,pair_073,8.983413,1760.854422,1770.712954,
540,phase2,72,pair_073,9.000025,1760.871034,1770.729567,
541,phase2,72,pair_073,9.016694,1760.887702,1770.746235,
542,phase2,72,pair_073,9.033422,1760.90443,1770.762964,
543,phase2,72,pair_073,9.05006,1760.921067,1770.779601,
544,phase2,72,pair_073,9.066711,1760.937719,1770.796252,
545,phase2,72,pair_073,9.083678,1760.954686,1770.813219,
546,phase2,72,pair_073,9.100028,1760.971036,1770.82957,
547,phase2,72,pair_073,9.116704,1760.987712,1770.846245,
548,phase2,72,pair_073,9.13336,1761.004368,1770.862901,
549,phase2,72,pair_073,9.15035,1761.021358,1770.879891,
550,phase2,72,pair_073,9.166714,1761.037723,1770.896255,
551,phase2,72,pair_073,9.18341,1761.054418,1770.912951,
552,phase2,72,pair_073,9.200028,1761.071036,1770.92957,
553,phase2,72,pair_073,9.217002,1761.08801,1770.946544,
554,phase2,72,pair_073,9.233351,1761.104359,1770.962892,
555,phase2,72,pair_073,9.250096,1761.121104,1770.979637,
556,phase2,72,pair_073,9.266712,1761.13772,1770.996253,
557,phase2,72,pair_073,9.283681,1761.15469,1771.013223,
558,phase2,72,pair_073,9.300077,1761.171085,1771.029618,
559,phase2,72,pair_073,9.316683,1761.187691,1771.046224,
560,phase2,72,pair_073,9.333433,1761.204441,1771.062975,
561,phase2,72,pair_073,9.35037,1761.221378,1771.079911,
562,phase2,72,pair_073,9.366702,1761.237711,1771.096244,
563,phase2,72,pair_073,9.383374,1761.254382,1771.112915,
564,phase2,72,pair_073,9.40003,1761.271038,1771.129572,
565,phase2,72,pair_073,9.416697,1761.287705,1771.146239,
566,phase2,72,pair_073,9.433653,1761.304661,1771.163195,
567,phase2,72,pair_073,9.450056,1761.321065,1771.179598,
568,phase2,72,pair_073,9.466697,1761.337706,1771.196239,
569,phase2,72,pair_073,9.483694,1761.354702,1771.213235,
570,phase2,72,pair_073,9.500326,1761.371334,1771.229867,
571,phase2,72,pair_073,9.516659,1761.387667,1771.2462,
572,phase2,72,pair_073,9.53341,1761.404418,1771.262952,
573,phase2,72,pair_073,9.550356,1761.421365,1771.279898,
574,phase2,72,pair_073,9.566993,1761.438001,1771.296535,
575,phase2,72,pair_073,9.583381,1761.45439,1771.312923,
576,phase2,72,pair_073,9.600027,1761.471035,1771.329569,
577,phase2,72,pair_073,9.616701,1761.487709,1771.346242,
578,phase2,72,pair_073,9.633667,1761.504675,1771.363208,
579,phase2,72,pair_073,9.65006,1761.521068,1771.379601,
580,phase2,72,pair_073,9.666747,1761.537756,1771.396289,
581,phase2,72,pair_073,9.683619,1761.554627,1771.413161,
582,phase2,72,pair_073,9.700023,1761.571031,1771.429564,
583,phase2,72,pair_073,9.716965,1761.587973,1771.446506,
584,phase2,72,pair_073,9.733397,1761.604406,1771.462939,
585,phase2,72,pair_073,9.75004,1761.621049,1771.479582,
586,phase2,72,pair_073,9.767009,1761.638018,1771.496551,
587,phase2,72,pair_073,-1751.871269,1762.154482,9.858273,timeout
0,phase3,72,pair_073,0.0,1763.087759,1772.946288,stimulus_onset
1,phase3,72,pair_073,0.016694,1763.10445,1772.962982,
2,phase3,72,pair_073,0.033334,1763.121091,1772.979622,
3,phase3,72,pair_073,0.050324,1763.138079,1772.996611,
4,phase3,72,pair_073,0.066673,1763.154429,1773.012961,
5,phase3,72,pair_073,0.083344,1763.171099,1773.029632,
6,phase3,72,pair_073,0.100006,1763.187761,1773.046293,
7,phase3,72,pair_073,0.116993,1763.204748,1773.06328,
8,phase3,72,pair_073,0.133342,1763.221103,1773.07963,
9,phase3,72,pair_073,0.14996,1763.237721,1773.096248,
10,phase3,72,pair_073,0.166663,1763.254418,1773.11295,
11,phase3,72,pair_073,0.183324,1763.27108,1773.129612,
12,phase3,72,pair_073,0.200279,1763.288034,1773.146566,
13,phase3,72,pair_073,0.216701,1763.304459,1773.162989,
14,phase3,72,pair_073,0.233364,1763.32112,1773.179652,
15,phase3,72,pair_073,0.250348,1763.338104,1773.196635,
16,phase3,72,pair_073,0.26696,1763.354715,1773.213247,
17,phase3,72,pair_073,0.283333,1763.371089,1773.22962,
18,phase3,72,pair_073,0.29997,1763.387725,1773.246257,
19,phase3,72,pair_073,0.316631,1763.404386,1773.262918,
20,phase3,72,pair_073,0.333599,1763.421355,1773.279887,
21,phase3,72,pair_073,0.349982,1763.437738,1773.29627,
22,phase3,72,pair_073,0.36672,1763.454478,1773.313008,
23,phase3,72,pair_073,0.383616,1763.471371,1773.329903,
24,phase3,72,pair_073,0.400311,1763.488067,1773.346599,
25,phase3,72,pair_073,0.416656,1763.504411,1773.362943,
26,phase3,72,pair_073,0.43339,1763.521146,1773.379677,
27,phase3,72,pair_073,0.449988,1763.537744,1773.396276,
28,phase3,72,pair_073,0.466696,1763.554451,1773.412983,
29,phase3,72,pair_073,0.483332,1763.571088,1773.42962,
30,phase3,72,pair_073,0.499979,1763.587734,1773.446266,
31,phase3,72,pair_073,0.51673,1763.604487,1773.463018,
32,phase3,72,pair_073,0.533244,1763.620999,1773.479531,
33,phase3,72,pair_073,0.549996,1763.637751,1773.496283,
34,phase3,72,pair_073,0.566657,1763.654412,1773.512944,
35,phase3,72,pair_073,0.583376,1763.671131,1773.529663,
36,phase3,72,pair_073,0.600278,1763.688034,1773.546565,
37,phase3,72,pair_073,0.616659,1763.704414,1773.562947,
38,phase3,72,pair_073,0.63335,1763.721108,1773.579637,
39,phase3,72,pair_073,0.650084,1763.73784,1773.596372,
40,phase3,72,pair_073,0.666644,1763.7544,1773.612932,
41,phase3,72,pair_073,0.683606,1763.771361,1773.629894,
42,phase3,72,pair_073,0.699998,1763.787754,1773.646285,
43,phase3,72,pair_073,0.716642,1763.804397,1773.66293,
44,phase3,72,pair_073,0.733261,1763.821017,1773.679549,
45,phase3,72,pair_073,0.750285,1763.838041,1773.696573,
46,phase3,72,pair_073,0.766629,1763.854384,1773.712917,
47,phase3,72,pair_073,0.78336,1763.871116,1773.729648,
48,phase3,72,pair_073,0.799952,1763.887707,1773.746239,
49,phase3,72,pair_073,0.816952,1763.904707,1773.763239,
50,phase3,72,pair_073,0.833327,1763.921083,1773.779615,
51,phase3,72,pair_073,0.849998,1763.937755,1773.796286,
52,phase3,72,pair_073,0.866641,1763.954397,1773.812929,
53,phase3,72,pair_073,0.883259,1763.971015,1773.829547,
54,phase3,72,pair_073,0.899952,1763.987707,1773.84624,
55,phase3,72,pair_073,0.916694,1764.004449,1773.862982,
56,phase3,72,pair_073,0.93359,1764.021345,1773.879877,
57,phase3,72,pair_073,0.95032,1764.038076,1773.896608,
58,phase3,72,pair_073,0.966927,1764.054683,1773.913215,
59,phase3,72,pair_073,0.983603,1764.071359,1773.929891,
60,phase3,72,pair_073,1.000045,1764.0878,1773.946332,
61,phase3,72,pair_073,1.016957,1764.104712,1773.963245,
62,phase3,72,pair_073,1.033315,1764.121071,1773.979603,
63,phase3,72,pair_073,1.050009,1764.137766,1773.996296,
64,phase3,72,pair_073,1.066634,1764.15439,1774.012922,
65,phase3,72,pair_073,1.083327,1764.171083,1774.029615,
66,phase3,72,pair_073,1.099971,1764.187726,1774.046258,
67,phase3,72,pair_073,1.116648,1764.204403,1774.062935,
68,phase3,72,pair_073,1.133298,1764.221054,1774.079586,
69,phase3,72,pair_073,1.149984,1764.23774,1774.096272,
70,phase3,72,pair_073,1.166933,1764.254688,1774.11322,
71,phase3,72,pair_073,1.183382,1764.271137,1774.129669,
72,phase3,72,pair_073,1.199965,1764.287721,1774.146253,
73,phase3,72,pair_073,1.216944,1764.304699,1774.163232,
74,phase3,72,pair_073,1.233599,1764.321356,1774.179887,
75,phase3,72,pair_073,1.249977,1764.337732,1774.196265,
76,phase3,72,pair_073,1.366953,1764.454708,1774.313241,
77,phase3,72,pair_073,1.383302,1764.471057,1774.329589,
78,phase3,72,pair_073,1.399987,1764.487743,1774.346275,
79,phase3,72,pair_073,1.416578,1764.504334,1774.362866,
80,phase3,72,pair_073,1.433275,1764.52103,1774.379563,
81,phase3,72,pair_073,1.449971,1764.537729,1774.396259,
82,phase3,72,pair_073,1.466694,1764.554449,1774.412981,
83,phase3,72,pair_073,1.483265,1764.57102,1774.429552,
84,phase3,72,pair_073,1.500302,1764.588057,1774.44659,
85,phase3,72,pair_073,1.516919,1764.604675,1774.463207,
86,phase3,72,pair_073,1.533336,1764.621091,1774.479623,
87,phase3,72,pair_073,1.549924,1764.637681,1774.496211,
88,phase3,72,pair_073,1.566627,1764.654383,1774.512914,
89,phase3,72,pair_073,1.583317,1764.671073,1774.529605,
90,phase3,72,pair_073,1.600059,1764.687815,1774.546347,
91,phase3,72,pair_073,1.616723,1764.70448,1774.563011,
92,phase3,72,pair_073,1.633289,1764.721045,1774.579577,
93,phase3,72,pair_073,1.650272,1764.738027,1774.596559,
94,phase3,72,pair_073,1.666613,1764.754369,1774.612901,
95,phase3,72,pair_073,1.68332,1764.771075,1774.629607,
96,phase3,72,pair_073,1.699913,1764.787668,1774.6462,
97,phase3,72,pair_073,1.71692,1764.804675,1774.663207,
98,phase3,72,pair_073,1.733281,1764.821037,1774.679569,
99,phase3,72,pair_073,1.750018,1764.837773,1774.696305,
100,phase3,72,pair_073,1.766966,1764.854722,1774.713254,
101,phase3,72,pair_073,1.783212,1764.870968,1774.7295,
102,phase3,72,pair_073,1.799934,1764.887689,1774.746221,
103,phase3,72,pair_073,1.81662,1764.904375,1774.762907,
104,phase3,72,pair_073,1.833302,1764.921057,1774.77959,
105,phase3,72,pair_073,1.850261,1764.938016,1774.796549,
106,phase3,72,pair_073,1.866608,1764.954363,1774.812895,
107,phase3,72,pair_073,1.883286,1764.971042,1774.829574,
108,phase3,72,pair_073,1.900008,1764.987763,1774.846295,
109,phase3,72,pair_073,1.916942,1765.004698,1774.86323,
110,phase3,72,pair_073,1.933571,1765.021327,1774.879859,
111,phase3,72,pair_073,1.949955,1765.037711,1774.896243,
112,phase3,72,pair_073,1.96662,1765.054375,1774.912907,
113,phase3,72,pair_073,1.98328,1765.071035,1774.929568,
114,phase3,72,pair_073,2.000255,1765.088011,1774.946543,
115,phase3,72,pair_073,2.016609,1765.104364,1774.962896,
116,phase3,72,pair_073,2.033282,1765.12104,1774.97957,
117,phase3,72,pair_073,2.050261,1765.138017,1774.996548,
118,phase3,72,pair_073,2.06692,1765.154675,1775.013207,
119,phase3,72,pair_073,2.083293,1765.171048,1775.029581,
120,phase3,72,pair_073,2.099984,1765.187742,1775.046272,
121,phase3,72,pair_073,2.116888,1765.204643,1775.063175,
122,phase3,72,pair_073,2.13357,1765.221325,1775.079858,
123,phase3,72,pair_073,2.149944,1765.2377,1775.096232,
124,phase3,72,pair_073,2.166695,1765.25445,1775.112983,
125,phase3,72,pair_073,2.183239,1765.270995,1775.129527,
126,phase3,72,pair_073,2.200255,1765.28801,1775.146543,
127,phase3,72,pair_073,2.216629,1765.304384,1775.162917,
128,phase3,72,pair_073,2.23323,1765.320986,1775.179518,
129,phase3,72,pair_073,2.24993,1765.337685,1775.196218,
130,phase3,72,pair_073,2.266601,1765.354357,1775.212889,
131,phase3,72,pair_073,2.283564,1765.371319,1775.229852,
132,phase3,72,pair_073,2.299915,1765.38767,1775.246202,
133,phase3,72,pair_073,2.316641,1765.404396,1775.262929,
134,phase3,72,pair_073,2.333281,1765.421037,1775.279569,
135,phase3,72,pair_073,2.350217,1765.437972,1775.296505,
136,phase3,72,pair_073,2.366612,1765.454368,1775.3129,
137,phase3,72,pair_073,2.383253,1765.471008,1775.32954,
138,phase3,72,pair_073,2.400239,1765.487995,1775.346527,
139,phase3,72,pair_073,2.516657,1765.604413,1775.462945,
140,phase3,72,pair_073,2.53324,1765.620997,1775.479528,
141,phase3,72,pair_073,2.550246,1765.638001,1775.496533,
142,phase3,72,pair_073,2.566591,1765.654347,1775.512879,
143,phase3,72,pair_073,2.583275,1765.671031,1775.529563,
144,phase3,72,pair_073,2.599865,1765.687621,1775.546153,
145,phase3,72,pair_073,2.616908,1765.704664,1775.563196,
146,phase3,72,pair_073,2.633256,1765.721012,1775.579544,
147,phase3,72,pair_073,2.649986,1765.737741,1775.596273,
148,phase3,72,pair_073,2.666587,1765.754345,1775.612875,
149,phase3,72,pair_073,2.683217,1765.770973,1775.629505,
150,phase3,72,pair_073,2.700236,1765.787992,1775.646524,
151,phase3,72,pair_073,2.71657,1765.804326,1775.662858,
152,phase3,72,pair_073,2.733284,1765.82104,1775.679572,
153,phase3,72,pair_073,2.750203,1765.837959,1775.696491,
154,phase3,72,pair_073,2.766622,1765.854378,1775.712909,
155,phase3,72,pair_073,2.783287,1765.871043,1775.729575,
156,phase3,72,pair_073,2.799933,1765.887689,1775.74622,
157,phase3,72,pair_073,2.816512,1765.904274,1775.7628,
158,phase3,72,pair_073,2.833274,1765.92104,1775.779562,
159,phase3,72,pair_073,2.850052,1765.937847,1775.796339,
160,phase3,72,pair_073,2.8666,1765.954375,1775.812888,
161,phase3,72,pair_073,2.883599,1765.971367,1775.829887,
162,phase3,72,pair_073,2.899911,1765.987671,1775.846198,
163,phase3,72,pair_073,2.91657,1766.004328,1775.862858,
164,phase3,72,pair_073,2.933267,1766.021024,1775.879554,
165,phase3,72,pair_073,2.94992,1766.037677,1775.896207,
166,phase3,72,pair_073,2.966578,1766.054335,1775.912865,
167,phase3,72,pair_073,2.983226,1766.070983,1775.929513,
168,phase3,72,pair_073,2.999944,1766.087701,1775.946232,
169,phase3,72,pair_073,3.016572,1766.104329,1775.96286,
170,phase3,72,pair_073,3.033578,1766.121335,1775.979866,
171,phase3,72,pair_073,3.04993,1766.137686,1775.996217,
172,phase3,72,pair_073,3.066614,1766.154371,1776.012902,
173,phase3,72,pair_073,3.083295,1766.171051,1776.029583,
174,phase3,72,pair_073,3.10006,1766.187816,1776.046347,
175,phase3,72,pair_073,3.116739,1766.204495,1776.063026,
176,phase3,72,pair_073,3.133332,1766.221088,1776.079619,
177,phase3,72,pair_073,3.150319,1766.238076,1776.096607,
178,phase3,72,pair_073,3.166654,1766.25441,1776.112941,
179,phase3,72,pair_073,3.183347,1766.271102,1776.129634,
180,phase3,72,pair_073,3.200028,1766.287785,1776.146316,
181,phase3,72,pair_073,3.217012,1766.304772,1776.163299,
182,phase3,72,pair_073,3.233352,1766.321108,1776.17964,
183,phase3,72,pair_073,3.250008,1766.337764,1776.196295,
184,phase3,72,pair_073,3.267002,1766.354758,1776.213289,
185,phase3,72,pair_073,3.283656,1766.371412,1776.229944,
186,phase3,72,pair_073,3.300008,1766.387767,1776.246296,
187,phase3,72,pair_073,3.400056,1766.487812,1776.346344,
188,phase3,72,pair_073,3.416647,1766.504405,1776.362934,
189,phase3,72,pair_073,3.433348,1766.521104,1776.379636,
190,phase3,72,pair_073,3.450008,1766.537764,1776.396296,
191,phase3,72,pair_073,3.466711,1766.554467,1776.412998,
192,phase3,72,pair_073,3.483694,1766.57145,1776.429982,
193,phase3,72,pair_073,3.500004,1766.58776,1776.446292,
194,phase3,72,pair_073,3.5167,1766.604456,1776.462988,
195,phase3,72,pair_073,3.5334,1766.621156,1776.479688,
196,phase3,72,pair_073,3.549995,1766.637751,1776.496282,
197,phase3,72,pair_073,3.566973,1766.654729,1776.51326,
198,phase3,72,pair_073,3.58317,1766.670926,1776.529458,
199,phase3,72,pair_073,3.600017,1766.687773,1776.546304,
200,phase3,72,pair_073,3.616963,1766.704719,1776.56325,
201,phase3,72,pair_073,3.633632,1766.721388,1776.57992,
202,phase3,72,pair_073,3.650001,1766.737757,1776.596289,
203,phase3,72,pair_073,3.666666,1766.754422,1776.612954,
204,phase3,72,pair_073,3.683666,1766.771422,1776.629954,
205,phase3,72,pair_073,3.700302,1766.788058,1776.646589,
206,phase3,72,pair_073,3.716638,1766.804394,1776.662926,
207,phase3,72,pair_073,3.733254,1766.82101,1776.679542,
208,phase3,72,pair_073,3.750247,1766.838003,1776.696534,
209,phase3,72,pair_073,3.766977,1766.854733,1776.713264,
210,phase3,72,pair_073,3.783342,1766.871097,1776.729629,
211,phase3,72,pair_073,3.799957,1766.887713,1776.746244,
212,phase3,72,pair_073,3.816679,1766.904435,1776.762966,
213,phase3,72,pair_073,3.833321,1766.921079,1776.779608,
214,phase3,72,pair_073,3.850003,1766.937758,1776.79629,
215,phase3,72,pair_073,3.866641,1766.954397,1776.812929,
216,phase3,72,pair_073,3.883321,1766.971077,1776.829609,
217,phase3,72,pair_073,3.899968,1766.98774,1776.846256,
218,phase3,72,pair_073,3.91695,1767.004706,1776.863237,
219,phase3,72,pair_073,3.933313,1767.021068,1776.8796,
220,phase3,72,pair_073,3.950022,1767.037777,1776.89631,
221,phase3,72,pair_073,3.966654,1767.054411,1776.912942,
222,phase3,72,pair_073,3.983616,1767.071371,1776.929903,
223,phase3,72,pair_073,3.999997,1767.087753,1776.946284,
224,phase3,72,pair_073,4.100788,1767.188544,1777.047075,
225,phase3,72,pair_073,4.11698,1767.204737,1777.063268,
226,phase3,72,pair_073,4.133345,1767.221102,1777.079633,
227,phase3,72,pair_073,4.149986,1767.237743,1777.096274,
228,phase3,72,pair_073,4.166655,1767.254413,1777.112942,
229,phase3,72,pair_073,4.183636,1767.271393,1777.129924,
230,phase3,72,pair_073,4.199967,1767.287725,1777.146254,
231,phase3,72,pair_073,4.216652,1767.304408,1777.162939,
232,phase3,72,pair_073,4.233387,1767.321144,1777.179675,
233,phase3,72,pair_073,4.250269,1767.338026,1777.196557,
234,phase3,72,pair_073,4.266933,1767.354689,1777.213221,
235,phase3,72,pair_073,4.283321,1767.371077,1777.229608,
236,phase3,72,pair_073,4.30001,1767.387766,1777.246297,
237,phase3,72,pair_073,4.31663,1767.404386,1777.262918,
238,phase3,72,pair_073,4.333598,1767.421354,1777.279886,
239,phase3,72,pair_073,4.349964,1767.43772,1777.296251,
240,phase3,72,pair_073,4.366635,1767.454391,1777.312922,
241,phase3,72,pair_073,4.383635,1767.471391,1777.329922,
242,phase3,72,pair_073,4.399951,1767.487707,1777.346239,
243,phase3,72,pair_073,4.416645,1767.504401,1777.362932,
244,phase3,72,pair_073,4.433311,1767.521067,1777.379599,
245,phase3,72,pair_073,4.450275,1767.538031,1777.396563,
246,phase3,72,pair_073,4.466933,1767.55469,1777.413221,
247,phase3,72,pair_073,4.483264,1767.571021,1777.429552,
248,phase3,72,pair_073,4.500207,1767.587963,1777.446495,
249,phase3,72,pair_073,4.516627,1767.604383,1777.462914,
250,phase3,72,pair_073,4.533613,1767.621369,1777.479901,
251,phase3,72,pair_073,4.549963,1767.637719,1777.49625,
252,phase3,72,pair_073,4.566624,1767.654388,1777.512912,
253,phase3,72,pair_073,4.58336,1767.671133,1777.529648,
254,phase3,72,pair_073,4.599902,1767.687658,1777.546189,
255,phase3,72,pair_073,-1763.088015,1767.68772,9.858273,response
