frame_idx,phase,trial_id,stim_pair_id,elapsed_time,global_time,flip_time,event_marker
0,phase1,38,pair_039,0.0,1146.975294,1156.833823,stimulus_onset
1,phase1,38,pair_039,0.016981,1146.992271,1156.850804,
2,phase1,38,pair_039,0.033329,1147.008619,1156.867152,
3,phase1,38,pair_039,0.049992,1147.025282,1156.883816,
4,phase1,38,pair_039,0.066633,1147.041923,1156.900457,
5,phase1,38,pair_039,0.083282,1147.058572,1156.917105,
6,phase1,38,pair_039,0.09999,1147.075281,1156.933813,
7,phase1,38,pair_039,0.116692,1147.091982,1156.950515,
8,phase1,38,pair_039,0.133302,1147.108591,1156.967125,
9,phase1,38,pair_039,0.149976,1147.125266,1156.9838,
10,phase1,38,pair_039,0.166935,1147.142225,1157.000759,
11,phase1,38,pair_039,0.183371,1147.158661,1157.017194,
12,phase1,38,pair_039,0.199975,1147.175265,1157.033798,
13,phase1,38,pair_039,0.216948,1147.192238,1157.050771,
14,phase1,38,pair_039,0.233606,1147.208896,1157.06743,
15,phase1,38,pair_039,0.25002,1147.22531,1157.083843,
16,phase1,38,pair_039,0.266646,1147.241936,1157.10047,
17,phase1,38,pair_039,0.283649,1147.258939,1157.117473,
18,phase1,38,pair_039,0.300005,1147.275295,1157.133829,
19,phase1,38,pair_039,0.316651,1147.291941,1157.150474,
20,phase1,38,pair_039,0.333287,1147.308577,1157.167111,
21,phase1,38,pair_039,0.349953,1147.325245,1157.183777,
22,phase1,38,pair_039,0.366967,1147.342258,1157.20079,
23,phase1,38,pair_039,0.383336,1147.358627,1157.21716,
24,phase1,38,pair_039,0.399984,1147.375274,1157.233807,
25,phase1,38,pair_039,0.416676,1147.391969,1157.2505,
26,phase1,38,pair_039,0.43361,1147.4089,1157.267434,
27,phase1,38,pair_039,0.449938,1147.425228,1157.283762,
28,phase1,38,pair_039,0.466677,1147.441967,1157.300501,
29,phase1,38,pair_039,0.4833,1147.45859,1157.317123,
30,phase1,38,pair_039,0.500295,1147.475584,1157.334118,
31,phase1,38,pair_039,0.516918,1147.492208,1157.350742,
32,phase1,38,pair_039,0.533328,1147.508619,1157.367152,
33,phase1,38,pair_039,0.549942,1147.525232,1157.383765,
34,phase1,38,pair_039,0.566943,1147.542235,1157.400767,
35,phase1,38,pair_039,0.583596,1147.558886,1157.41742,
36,phase1,38,pair_039,0.599967,1147.575257,1157.433791,
37,phase1,38,pair_039,0.616613,1147.591903,1157.450436,
38,phase1,38,pair_039,0.633626,1147.608915,1157.467449,
39,phase1,38,pair_039,0.650254,1147.625543,1157.484077,
40,phase1,38,pair_039,0.666587,1147.641877,1157.500411,
41,phase1,38,pair_039,0.683402,1147.658692,1157.517225,
42,phase1,38,pair_039,0.700059,1147.675348,1157.533882,
43,phase1,38,pair_039,0.716718,1147.692008,1157.550541,
44,phase1,38,pair_039,0.733374,1147.708664,1157.567197,
45,phase1,38,pair_039,0.750378,1147.725669,1157.584201,
46,phase1,38,pair_039,0.766727,1147.742017,1157.600551,
47,phase1,38,pair_039,0.783409,1147.758703,1157.617232,
48,phase1,38,pair_039,0.800038,1147.775328,1157.633861,
49,phase1,38,pair_039,0.817057,1147.792347,1157.650881,
50,phase1,38,pair_039,0.833402,1147.808692,1157.667225,
51,phase1,38,pair_039,0.850083,1147.825373,1157.683906,
52,phase1,38,pair_039,0.866757,1147.842047,1157.700581,
53,phase1,38,pair_039,0.883744,1147.859034,1157.717567,
54,phase1,38,pair_039,0.900046,1147.875361,1157.733869,
55,phase1,38,pair_039,0.916546,1147.891835,1157.750369,
56,phase1,38,pair_039,0.933383,1147.908679,1157.767206,
57,phase1,38,pair_039,0.950379,1147.925674,1157.784203,
58,phase1,38,pair_039,0.966723,1147.942015,1157.800546,
59,phase1,38,pair_039,0.983396,1147.958688,1157.817219,
60,phase1,38,pair_039,1.000062,1147.975354,1157.833885,
61,phase1,38,pair_039,1.016697,1147.991988,1157.85052,
62,phase1,38,pair_039,1.033691,1148.008982,1157.867515,
63,phase1,38,pair_039,1.050073,1148.025363,1157.883896,
64,phase1,38,pair_039,1.066711,1148.042001,1157.900535,
65,phase1,38,pair_039,1.083386,1148.058676,1157.917209,
66,phase1,38,pair_039,1.100376,1148.075666,1157.934199,
67,phase1,38,pair_039,1.116717,1148.092009,1157.950541,
68,phase1,38,pair_039,1.133359,1148.10865,1157.967183,
69,phase1,38,pair_039,1.150113,1148.125403,1157.983937,
70,phase1,38,pair_039,1.16698,1148.142271,1158.000804,
71,phase1,38,pair_039,1.183385,1148.158676,1158.017209,
72,phase1,38,pair_039,1.200062,1148.175352,1158.033885,
73,phase1,38,pair_039,1.216987,1148.192277,1158.05081,
74,phase1,38,pair_039,1.233707,1148.208997,1158.06753,
75,phase1,38,pair_039,1.250342,1148.225632,1158.084165,
76,phase1,38,pair_039,1.266706,1148.242001,1158.10053,
77,phase1,38,pair_039,1.283402,1148.258692,1158.117226,
78,phase1,38,pair_039,1.300031,1148.275321,1158.133854,
79,phase1,38,pair_039,1.316748,1148.292042,1158.150572,
80,phase1,38,pair_039,1.3334,1148.30869,1158.167224,
81,phase1,38,pair_039,1.350106,1148.325397,1158.18393,
82,phase1,38,pair_039,1.366994,1148.342284,1158.200818,
83,phase1,38,pair_039,1.383672,1148.358961,1158.217495,
84,phase1,38,pair_039,1.400031,1148.375322,1158.233855,
85,phase1,38,pair_039,1.41675,1148.392042,1158.250573,
86,phase1,38,pair_039,1.433683,1148.408973,1158.267506,
87,phase1,38,pair_039,1.450308,1148.425598,1158.284131,
88,phase1,38,pair_039,1.466719,1148.442009,1158.300542,
89,phase1,38,pair_039,1.483338,1148.458628,1158.317162,
90,phase1,38,pair_039,1.49998,1148.47527,1158.333804,
91,phase1,38,pair_039,1.517025,1148.492315,1158.350849,
92,phase1,38,pair_039,1.533372,1148.508662,1158.367195,
93,phase1,38,pair_039,1.550038,1148.525328,1158.383861,
94,phase1,38,pair_039,1.566783,1148.542073,1158.400606,
95,phase1,38,pair_039,1.583679,1148.558969,1158.417502,
96,phase1,38,pair_039,1.600068,1148.57536,1158.433891,
97,phase1,38,pair_039,1.616745,1148.592035,1158.450568,
98,phase1,38,pair_039,1.633406,1148.608721,1158.467229,
99,phase1,38,pair_039,1.650374,1148.625664,1158.484198,
100,phase1,38,pair_039,1.666719,1148.642009,1158.500542,
101,phase1,38,pair_039,1.683616,1148.65891,1158.51744,
102,phase1,38,pair_039,1.699981,1148.675271,1158.533804,
103,phase1,38,pair_039,1.716684,1148.691974,1158.550507,
104,phase1,38,pair_039,1.733606,1148.708895,1158.567429,
105,phase1,38,pair_039,1.75006,1148.725352,1158.583884,
106,phase1,38,pair_039,1.766732,1148.742022,1158.600556,
107,phase1,38,pair_039,1.783364,1148.758653,1158.617187,
108,phase1,38,pair_039,1.800315,1148.775605,1158.634139,
109,phase1,38,pair_039,1.816688,1148.791978,1158.650511,
110,phase1,38,pair_039,1.833397,1148.808687,1158.66722,
111,phase1,38,pair_039,1.850015,1148.825305,1158.683839,
112,phase1,38,pair_039,1.867003,1148.842293,1158.700827,
113,phase1,38,pair_039,1.88336,1148.85865,1158.717184,
114,phase1,38,pair_039,1.900085,1148.875377,1158.733908,
115,phase1,38,pair_039,1.916677,1148.891967,1158.750501,
116,phase1,38,pair_039,1.93326,1148.908561,1158.767084,
117,phase1,38,pair_039,1.949954,1148.925244,1158.783778,
118,phase1,38,pair_039,1.966678,1148.941967,1158.800501,
119,phase1,38,pair_039,1.983375,1148.958666,1158.817198,
120,phase1,38,pair_039,2.000008,1148.975298,1158.833832,
121,phase1,38,pair_039,2.016712,1148.992002,1158.850535,
122,phase1,38,pair_039,2.033385,1149.008675,1158.867209,
123,phase1,38,pair_039,2.050011,1149.025303,1158.883835,
124,phase1,38,pair_039,2.066684,1149.041974,1158.900508,
125,phase1,38,pair_039,2.083649,1149.058939,1158.917472,
126,phase1,38,pair_039,2.100037,1149.075327,1158.933861,
127,phase1,38,pair_039,2.116678,1149.091968,1158.950501,
128,phase1,38,pair_039,2.13366,1149.108949,1158.967483,
129,phase1,38,pair_039,2.149949,1149.125239,1158.983773,
130,phase1,38,pair_039,2.166744,1149.142036,1159.000568,
131,phase1,38,pair_039,2.183351,1149.158641,1159.017174,
132,phase1,38,pair_039,2.200331,1149.175621,1159.034154,
133,phase1,38,pair_039,2.216623,1149.191913,1159.050447,
134,phase1,38,pair_039,2.233343,1149.208632,1159.067166,
135,phase1,38,pair_039,2.250039,1149.225329,1159.083862,
136,phase1,38,pair_039,2.266982,1149.242272,1159.100806,
137,phase1,38,pair_039,2.283674,1149.258966,1159.117497,
138,phase1,38,pair_039,2.300017,1149.275307,1159.13384,
139,phase1,38,pair_039,2.316679,1149.291968,1159.150502,
140,phase1,38,pair_039,2.333362,1149.308654,1159.167186,
141,phase1,38,pair_039,2.350329,1149.325619,1159.184153,
142,phase1,38,pair_039,2.366683,1149.341973,1159.200507,
143,phase1,38,pair_039,2.383317,1149.358607,1159.21714,
144,phase1,38,pair_039,2.400056,1149.375346,1159.23388,
145,phase1,38,pair_039,2.416668,1149.391958,1159.250492,
146,phase1,38,pair_039,2.433341,1149.40863,1159.267164,
147,phase1,38,pair_039,2.449943,1149.425232,1159.283766,
148,phase1,38,pair_039,2.46666,1149.44195,1159.300484,
149,phase1,38,pair_039,2.483682,1149.458972,1159.317505,
150,phase1,38,pair_039,2.500289,1149.475578,1159.334112,
151,phase1,38,pair_039,2.516677,1149.491967,1159.3505,
152,phase1,38,pair_039,2.53334,1149.50863,1159.367163,
153,phase1,38,pair_039,2.550025,1149.525337,1159.383849,
154,phase1,38,pair_039,2.566682,1149.541972,1159.400506,
155,phase1,38,pair_039,2.583352,1149.558642,1159.417175,
156,phase1,38,pair_039,2.600056,1149.575348,1159.433879,
157,phase1,38,pair_039,2.61668,1149.59197,1159.450503,
158,phase1,38,pair_039,2.633649,1149.608939,1159.467472,
159,phase1,38,pair_039,2.649993,1149.625283,1159.483816,
160,phase1,38,pair_039,2.666711,1149.642003,1159.500535,
161,phase1,38,pair_039,2.683328,1149.658618,1159.517151,
162,phase1,38,pair_039,2.699976,1149.675271,1159.533799,
163,phase1,38,pair_039,2.716666,1149.691956,1159.55049,
164,phase1,38,pair_039,2.733327,1149.708616,1159.56715,
165,phase1,38,pair_039,2.750041,1149.72533,1159.583864,
166,phase1,38,pair_039,2.766965,1149.742254,1159.600788,
167,phase1,38,pair_039,2.783321,1149.75861,1159.617144,
168,phase1,38,pair_039,2.800029,1149.775319,1159.633853,
169,phase1,38,pair_039,2.816722,1149.792011,1159.650545,
170,phase1,38,pair_039,2.833304,1149.808594,1159.667128,
171,phase1,38,pair_039,2.850001,1149.825295,1159.683824,
172,phase1,38,pair_039,2.866712,1149.842002,1159.700535,
173,phase1,38,pair_039,2.883397,1149.858687,1159.717221,
174,phase1,38,pair_039,2.899989,1149.875279,1159.733812,
175,phase1,38,pair_039,2.916609,1149.891899,1159.750433,
176,phase1,38,pair_039,2.933333,1149.908623,1159.767156,
177,phase1,38,pair_039,2.949973,1149.925264,1159.783797,
178,phase1,38,pair_039,2.96663,1149.94192,1159.800453,
179,phase1,38,pair_039,2.983306,1149.958596,1159.81713,
180,phase1,38,pair_039,2.999966,1149.975255,1159.833789,
181,phase1,38,pair_039,3.016655,1149.991945,1159.850478,
182,phase1,38,pair_039,3.033379,1150.008668,1159.867202,
183,phase1,38,pair_039,3.050294,1150.025584,1159.884117,
184,phase1,38,pair_039,3.066639,1150.041928,1159.900462,
185,phase1,38,pair_039,3.083311,1150.0586,1159.917134,
186,phase1,38,pair_039,3.100037,1150.075326,1159.93386,
187,phase1,38,pair_039,3.116955,1150.092245,1159.950779,
188,phase1,38,pair_039,3.133377,1150.108676,1159.967201,
189,phase1,38,pair_039,3.150045,1150.125335,1159.983869,
190,phase1,38,pair_039,3.166726,1150.142016,1160.000549,
191,phase1,38,pair_039,3.183627,1150.158916,1160.01745,
192,phase1,38,pair_039,3.199966,1150.175256,1160.033789,
193,phase1,38,pair_039,3.216687,1150.191977,1160.05051,
194,phase1,38,pair_039,3.233579,1150.208869,1160.067403,
195,phase1,38,pair_039,3.250304,1150.225594,1160.084128,
196,phase1,38,pair_039,3.266939,1150.242228,1160.100762,
197,phase1,38,pair_039,3.28328,1150.25857,1160.117104,
198,phase1,38,pair_039,3.299986,1150.275276,1160.133809,
199,phase1,38,pair_039,3.316649,1150.291938,1160.150472,
200,phase1,38,pair_039,3.333286,1150.308575,1160.167109,
201,phase1,38,pair_039,3.349971,1150.325261,1160.183795,
202,phase1,38,pair_039,3.366626,1150.341915,1160.200449,
203,phase1,38,pair_039,3.383294,1150.358583,1160.217117,
204,phase1,38,pair_039,3.400262,1150.375552,1160.234085,
205,phase1,38,pair_039,3.416648,1150.391937,1160.250471,
206,phase1,38,pair_039,3.433369,1150.408659,1160.267193,
207,phase1,38,pair_039,3.449925,1150.425215,1160.283749,
208,phase1,38,pair_039,3.466961,1150.44225,1160.300784,
209,phase1,38,pair_039,3.483303,1150.458593,1160.317126,
210,phase1,38,pair_039,3.499965,1150.475255,1160.333788,
211,phase1,38,pair_039,3.516555,1150.491845,1160.350378,
212,phase1,38,pair_039,3.5336,1150.50889,1160.367424,
213,phase1,38,pair_039,3.550238,1150.525528,1160.384061,
214,phase1,38,pair_039,3.566724,1150.542013,1160.400547,
215,phase1,38,pair_039,3.583284,1150.558574,1160.417107,
216,phase1,38,pair_039,3.599889,1150.575178,1160.433712,
217,phase1,38,pair_039,3.616917,1150.592207,1160.450741,
218,phase1,38,pair_039,3.633291,1150.60858,1160.467114,
219,phase1,38,pair_039,3.649872,1150.625162,1160.483696,
220,phase1,38,pair_039,3.666619,1150.641908,1160.500442,
221,phase1,38,pair_039,3.683593,1150.658883,1160.517417,
222,phase1,38,pair_039,3.699958,1150.675248,1160.533781,
223,phase1,38,pair_039,3.716662,1150.691952,1160.550486,
224,phase1,38,pair_039,3.733577,1150.708867,1160.567401,
225,phase1,38,pair_039,3.750003,1150.725293,1160.583827,
226,phase1,38,pair_039,3.766648,1150.741938,1160.600471,
227,phase1,38,pair_039,3.783382,1150.758672,1160.617205,
228,phase1,38,pair_039,3.799884,1150.775173,1160.633707,
229,phase1,38,pair_039,3.816959,1150.792249,1160.650783,
230,phase1,38,pair_039,3.833301,1150.808591,1160.667124,
231,phase1,38,pair_039,3.849973,1150.825262,1160.683796,
232,phase1,38,pair_039,3.866627,1150.841917,1160.700451,
233,phase1,38,pair_039,3.883275,1150.858565,1160.717098,
234,phase1,38,pair_039,3.899966,1150.875258,1160.733789,
235,phase1,38,pair_039,3.916653,1150.891943,1160.750476,
236,phase1,38,pair_039,3.933291,1150.90858,1160.767114,
237,phase1,38,pair_039,3.950281,1150.92557,1160.784104,
238,phase1,38,pair_039,3.96656,1150.941849,1160.800383,
239,phase1,38,pair_039,3.983316,1150.958605,1160.817139,
240,phase1,38,pair_039,4.000002,1150.975292,1160.833826,
241,phase1,38,pair_039,4.01658,1150.99187,1160.850404,
242,phase1,38,pair_039,4.033285,1151.008575,1160.867109,
243,phase1,38,pair_039,4.049992,1151.025282,1160.883815,
244,phase1,38,pair_039,4.066604,1151.041894,1160.900427,
245,phase1,38,pair_039,4.08328,1151.058569,1160.917103,
246,phase1,38,pair_039,4.100238,1151.075528,1160.934062,
247,phase1,38,pair_039,4.11665,1151.092162,1160.950474,
248,phase1,38,pair_039,4.133291,1151.10858,1160.967114,
249,phase1,38,pair_039,4.150236,1151.125526,1160.98406,
250,phase1,38,pair_039,4.166919,1151.142209,1161.000743,
251,phase1,38,pair_039,4.183366,1151.158674,1161.017189,
252,phase1,38,pair_039,4.200019,1151.175309,1161.033843,
253,phase1,38,pair_039,4.216615,1151.191904,1161.050438,
254,phase1,38,pair_039,4.233219,1151.208509,1161.067043,
255,phase1,38,pair_039,4.249896,1151.225185,1161.083719,
256,phase1,38,pair_039,4.266687,1151.241977,1161.100511,
257,phase1,38,pair_039,4.283283,1151.258572,1161.117106,
258,phase1,38,pair_039,4.300245,1151.275534,1161.134068,
259,phase1,38,pair_039,4.316678,1151.291968,1161.150502,
260,phase1,38,pair_039,4.333271,1151.30856,1161.167094,
261,phase1,38,pair_039,4.35003,1151.325319,1161.183853,
262,phase1,38,pair_039,4.366583,1151.341872,1161.200406,
263,phase1,38,pair_039,4.383311,1151.358601,1161.217135,
264,phase1,38,pair_039,4.399888,1151.375177,1161.233711,
265,phase1,38,pair_039,4.416642,1151.391932,1161.250466,
266,phase1,38,pair_039,4.433254,1151.408543,1161.267077,
267,phase1,38,pair_039,4.450194,1151.425484,1161.284017,
268,phase1,38,pair_039,4.466598,1151.441888,1161.300421,
269,phase1,38,pair_039,4.483262,1151.458552,1161.317086,
270,phase1,38,pair_039,4.500241,1151.47553,1161.334064,
271,phase1,38,pair_039,4.516604,1151.491894,1161.350428,
272,phase1,38,pair_039,4.533261,1151.50855,1161.367084,
273,phase1,38,pair_039,4.549926,1151.525216,1161.38375,
274,phase1,38,pair_039,4.566572,1151.541862,1161.400396,
275,phase1,38,pair_039,4.583562,1151.558852,1161.417386,
276,phase1,38,pair_039,4.599933,1151.575223,1161.433757,
277,phase1,38,pair_039,4.617014,1151.592303,1161.450837,
278,phase1,38,pair_039,4.633381,1151.608671,1161.467205,
279,phase1,38,pair_039,4.650033,1151.625323,1161.483857,
280,phase1,38,pair_039,4.666666,1151.641956,1161.50049,
281,phase1,38,pair_039,4.683683,1151.658973,1161.517506,
282,phase1,38,pair_039,4.700028,1151.67532,1161.533851,
283,phase1,38,pair_039,4.716703,1151.691992,1161.550526,
284,phase1,38,pair_039,4.733399,1151.708688,1161.567222,
285,phase1,38,pair_039,4.750346,1151.725635,1161.584169,
286,phase1,38,pair_039,4.766713,1151.742003,1161.600536,
287,phase1,38,pair_039,4.783339,1151.758629,1161.617163,
288,phase1,38,pair_039,4.800073,1151.775363,1161.633897,
289,phase1,38,pair_039,4.816704,1151.791996,1161.650527,
290,phase1,38,pair_039,4.833394,1151.808686,1161.667218,
291,phase1,38,pair_039,4.850041,1151.825331,1161.683865,
292,phase1,38,pair_039,4.866772,1151.842063,1161.700595,
293,phase1,38,pair_039,4.883688,1151.858978,1161.717512,
294,phase1,38,pair_039,4.900339,1151.875629,1161.734162,
295,phase1,38,pair_039,4.916706,1151.891997,1161.750529,
296,phase1,38,pair_039,4.933356,1151.908646,1161.767179,
297,phase1,38,pair_039,4.950051,1151.925342,1161.783874,
298,phase1,38,pair_039,4.966958,1151.942247,1161.800781,
299,phase1,38,pair_039,4.983254,1151.958544,1161.817077,
300,phase1,38,pair_039,5.000021,1151.975312,1161.833844,
301,phase1,38,pair_039,5.016991,1151.99228,1161.850814,
302,phase1,38,pair_039,5.033657,1152.008947,1161.867481,
303,phase1,38,pair_039,5.050026,1152.025315,1161.883849,
304,phase1,38,pair_039,5.066674,1152.041964,1161.900498,
305,phase1,38,pair_039,5.083345,1152.058635,1161.917168,
306,phase1,38,pair_039,5.100031,1152.075321,1161.933854,
307,phase1,38,pair_039,5.116692,1152.091984,1161.950516,
308,phase1,38,pair_039,5.133339,1152.108629,1161.967162,
309,phase1,38,pair_039,5.150096,1152.125387,1161.983919,
310,phase1,38,pair_039,5.16701,1152.142299,1162.000833,
311,phase1,38,pair_039,5.183356,1152.158647,1162.017179,
312,phase1,38,pair_039,5.200024,1152.175314,1162.033848,
313,phase1,38,pair_039,5.216685,1152.191975,1162.050509,
314,phase1,38,pair_039,5.233341,1152.208631,1162.067165,
315,phase1,38,pair_039,5.250312,1152.225602,1162.084136,
316,phase1,38,pair_039,5.266667,1152.241957,1162.10049,
317,phase1,38,pair_039,5.283389,1152.258679,1162.117212,
318,phase1,38,pair_039,5.300012,1152.275301,1162.133835,
319,phase1,38,pair_039,5.316969,1152.292258,1162.150792,
320,phase1,38,pair_039,5.333341,1152.308633,1162.167164,
321,phase1,38,pair_039,5.350042,1152.325332,1162.183865,
322,phase1,38,pair_039,5.366985,1152.342274,1162.200808,
323,phase1,38,pair_039,5.383653,1152.358942,1162.217476,
324,phase1,38,pair_039,5.400004,1152.375293,1162.233827,
325,phase1,38,pair_039,5.416718,1152.392009,1162.250541,
326,phase1,38,pair_039,5.433289,1152.408579,1162.267112,
327,phase1,38,pair_039,5.449959,1152.425249,1162.283783,
328,phase1,38,pair_039,5.466633,1152.441922,1162.300456,
329,phase1,38,pair_039,5.483339,1152.45863,1162.317162,
330,phase1,38,pair_039,5.500246,1152.475535,1162.334069,
331,phase1,38,pair_039,5.516991,1152.492281,1162.350815,
332,phase1,38,pair_039,5.533329,1152.508619,1162.367152,
333,phase1,38,pair_039,5.550019,1152.525309,1162.383842,
334,phase1,38,pair_039,5.566749,1152.542039,1162.400573,
335,phase1,38,pair_039,5.583663,1152.558953,1162.417487,
336,phase1,38,pair_039,5.599994,1152.575283,1162.433817,
337,phase1,38,pair_039,5.616608,1152.591898,1162.450431,
338,phase1,38,pair_039,5.633391,1152.608682,1162.467214,
339,phase1,38,pair_039,5.649995,1152.625287,1162.483819,
340,phase1,38,pair_039,5.66668,1152.64197,1162.500503,
341,phase1,38,pair_039,5.683352,1152.658642,1162.517175,
342,phase1,38,pair_039,5.700289,1152.67558,1162.534112,
343,phase1,38,pair_039,5.716666,1152.691956,1162.55049,
344,phase1,38,pair_039,5.733637,1152.708927,1162.567461,
345,phase1,38,pair_039,5.749934,1152.725224,1162.583757,
346,phase1,38,pair_039,5.76672,1152.742011,1162.600544,
347,phase1,38,pair_039,5.78334,1152.75863,1162.617164,
348,phase1,38,pair_039,5.800305,1152.775594,1162.634128,
349,phase1,38,pair_039,5.816682,1152.791972,1162.650505,
350,phase1,38,pair_039,5.833381,1152.80867,1162.667204,
351,phase1,38,pair_039,5.849976,1152.825266,1162.6838,
352,phase1,38,pair_039,5.866974,1152.842264,1162.700798,
353,phase1,38,pair_039,5.883308,1152.858598,1162.717131,
354,phase1,38,pair_039,5.899992,1152.875282,1162.733815,
355,phase1,38,pair_039,5.916642,1152.891931,1162.750465,
356,phase1,38,pair_039,5.933646,1152.908936,1162.76747,
357,phase1,38,pair_039,5.950004,1152.925294,1162.783828,
358,phase1,38,pair_039,5.966662,1152.941952,1162.800486,
359,phase1,38,pair_039,5.983583,1152.958882,1162.817407,
360,phase1,38,pair_039,5.999917,1152.975206,1162.83374,
361,phase1,38,pair_039,6.016661,1152.991951,1162.850485,
362,phase1,38,pair_039,6.033347,1153.008636,1162.86717,
363,phase1,38,pair_039,6.049941,1153.025231,1162.883764,
364,phase1,38,pair_039,6.066621,1153.041911,1162.900445,
365,phase1,38,pair_039,6.08331,1153.058599,1162.917133,
366,phase1,38,pair_039,6.099987,1153.075276,1162.93381,
367,phase1,38,pair_039,6.116718,1153.092008,1162.950541,
368,phase1,38,pair_039,6.133351,1153.108655,1162.967174,
369,phase1,38,pair_039,6.150285,1153.125575,1162.984108,
370,phase1,38,pair_039,6.166664,1153.141959,1163.000487,
371,phase1,38,pair_039,6.183334,1153.158623,1163.017157,
372,phase1,38,pair_039,6.199973,1153.175263,1163.033796,
373,phase1,38,pair_039,6.21657,1153.19186,1163.050393,
374,phase1,38,pair_039,6.233318,1153.208608,1163.067142,
375,phase1,38,pair_039,6.250048,1153.22534,1163.083872,
376,phase1,38,pair_039,6.26664,1153.24193,1163.100463,
377,phase1,38,pair_039,6.283621,1153.25891,1163.117444,
378,phase1,38,pair_039,6.299919,1153.275209,1163.133742,
379,phase1,38,pair_039,6.31667,1153.29196,1163.150494,
380,phase1,38,pair_039,6.333327,1153.308616,1163.16715,
381,phase1,38,pair_039,6.349975,1153.325265,1163.183799,
382,phase1,38,pair_039,6.366642,1153.341932,1163.200465,
383,phase1,38,pair_039,6.3833,1153.358589,1163.217123,
384,phase1,38,pair_039,6.40005,1153.375339,1163.233873,
385,phase1,38,pair_039,6.416641,1153.39193,1163.250464,
386,phase1,38,pair_039,6.43328,1153.40857,1163.267104,
387,phase1,38,pair_039,6.449945,1153.425235,1163.283768,
388,phase1,38,pair_039,6.466647,1153.441939,1163.300471,
389,phase1,38,pair_039,6.483312,1153.458602,1163.317136,
390,phase1,38,pair_039,6.499953,1153.475243,1163.333777,
391,phase1,38,pair_039,6.516634,1153.491924,1163.350458,
392,phase1,38,pair_039,6.533312,1153.508602,1163.367135,
393,phase1,38,pair_039,6.54999,1153.525279,1163.383813,
394,phase1,38,pair_039,6.56694,1153.542229,1163.400763,
395,phase1,38,pair_039,6.583294,1153.558583,1163.417117,
396,phase1,38,pair_039,6.600024,1153.575314,1163.433848,
397,phase1,38,pair_039,6.616609,1153.591909,1163.450433,
398,phase1,38,pair_039,6.633599,1153.608888,1163.467422,
399,phase1,38,pair_039,6.649908,1153.625198,1163.483731,
400,phase1,38,pair_039,6.666649,1153.641938,1163.500472,
401,phase1,38,pair_039,6.683302,1153.658591,1163.517125,
402,phase1,38,pair_039,6.70027,1153.67556,1163.534094,
403,phase1,38,pair_039,6.716635,1153.691926,1163.550458,
404,phase1,38,pair_039,6.733336,1153.708643,1163.567159,
405,phase1,38,pair_039,6.750051,1153.725343,1163.583875,
406,phase1,38,pair_039,6.766953,1153.742243,1163.600776,
407,phase1,38,pair_039,6.7833,1153.75859,1163.617124,
408,phase1,38,pair_039,6.799933,1153.775223,1163.633756,
409,phase1,38,pair_039,6.816709,1153.791999,1163.650532,
410,phase1,38,pair_039,6.833288,1153.808578,1163.667112,
411,phase1,38,pair_039,6.84996,1153.825249,1163.683783,
412,phase1,38,pair_039,6.866658,1153.841948,1163.700481,
413,phase1,38,pair_039,6.883274,1153.858563,1163.717097,
414,phase1,38,pair_039,6.899954,1153.875245,1163.733778,
415,phase1,38,pair_039,6.916649,1153.891938,1163.750472,
416,phase1,38,pair_039,6.933288,1153.908578,1163.767111,
417,phase1,38,pair_039,6.949934,1153.925223,1163.783757,
418,phase1,38,pair_039,6.966622,1153.941912,1163.800445,
419,phase1,38,pair_039,6.983567,1153.958857,1163.81739,
420,phase1,38,pair_039,6.999954,1153.975245,1163.833777,
421,phase1,38,pair_039,7.016608,1153.991897,1163.850431,
422,phase1,38,pair_039,7.033249,1154.008539,1163.867073,
423,phase1,38,pair_039,7.050265,1154.025555,1163.884089,
424,phase1,38,pair_039,7.06659,1154.041879,1163.900413,
425,phase1,38,pair_039,7.083336,1154.058628,1163.91716,
426,phase1,38,pair_039,7.099966,1154.075255,1163.933789,
427,phase1,38,pair_039,7.116935,1154.092225,1163.950759,
428,phase1,38,pair_039,7.133282,1154.108572,1163.967105,
429,phase1,38,pair_039,7.149948,1154.125237,1163.983771,
430,phase1,38,pair_039,7.166603,1154.141893,1164.000427,
431,phase1,38,pair_039,7.183274,1154.158564,1164.017097,
432,phase1,38,pair_039,7.199937,1154.175227,1164.033761,
433,phase1,38,pair_039,7.21666,1154.19195,1164.050483,
434,phase1,38,pair_039,7.23325,1154.20854,1164.067074,
435,phase1,38,pair_039,7.249858,1154.225147,1164.083681,
436,phase1,38,pair_039,7.266901,1154.242191,1164.100725,
437,phase1,38,pair_039,7.283281,1154.258571,1164.117105,
438,phase1,38,pair_039,7.299949,1154.275238,1164.133772,
439,phase1,38,pair_039,7.316598,1154.291888,1164.150422,
440,phase1,38,pair_039,7.333586,1154.308875,1164.167409,
441,phase1,38,pair_039,7.349955,1154.325244,1164.183778,
442,phase1,38,pair_039,7.366656,1154.341946,1164.200479,
443,phase1,38,pair_039,7.383261,1154.358551,1164.217085,
444,phase1,38,pair_039,7.399874,1154.375164,1164.233698,
445,phase1,38,pair_039,7.416605,1154.391894,1164.250428,
446,phase1,38,pair_039,7.433241,1154.40853,1164.267064,
447,phase1,38,pair_039,7.449929,1154.425218,1164.283752,
448,phase1,38,pair_039,7.466936,1154.442225,1164.300759,
449,phase1,38,pair_039,7.483241,1154.45853,1164.317064,
450,phase1,38,pair_039,7.499861,1154.475151,1164.333684,
451,phase1,38,pair_039,7.516609,1154.491899,1164.350433,
452,phase1,38,pair_039,7.53358,1154.508869,1164.367403,
453,phase1,38,pair_039,7.549965,1154.525256,1164.383788,
454,phase1,38,pair_039,7.566597,1154.541886,1164.40042,
455,phase1,38,pair_039,7.583527,1154.558816,1164.41735,
456,phase1,38,pair_039,7.599926,1154.575215,1164.433749,
457,phase1,38,pair_039,7.61663,1154.59192,1164.450454,
458,phase1,38,pair_039,7.633284,1154.608574,1164.467107,
459,phase1,38,pair_039,7.650034,1154.625324,1164.483858,
460,phase1,38,pair_039,7.666915,1154.642205,1164.500739,
461,phase1,38,pair_039,7.683271,1154.658561,1164.517095,
462,phase1,38,pair_039,7.699973,1154.675264,1164.533796,
463,phase1,38,pair_039,7.716601,1154.691891,1164.550425,
464,phase1,38,pair_039,7.733264,1154.708553,1164.567087,
465,phase1,38,pair_039,7.75023,1154.72552,1164.584054,
466,phase1,38,pair_039,7.76662,1154.741909,1164.600443,
467,phase1,38,pair_039,7.783261,1154.75855,1164.617084,
468,phase1,38,pair_039,7.799935,1154.775224,1164.633758,
469,phase1,38,pair_039,7.816913,1154.792203,1164.650737,
470,phase1,38,pair_039,7.833268,1154.808557,1164.667091,
471,phase1,38,pair_039,7.84995,1154.825239,1164.683773,
472,phase1,38,pair_039,7.866913,1154.842203,1164.700737,
473,phase1,38,pair_039,7.883575,1154.858864,1164.717398,
474,phase1,38,pair_039,7.899957,1154.875247,1164.733781,
475,phase1,38,pair_039,7.916664,1154.891954,1164.750488,
476,phase1,38,pair_039,7.933244,1154.908533,1164.767067,
477,phase1,38,pair_039,7.950224,1154.925513,1164.784047,
478,phase1,38,pair_039,7.96665,1154.941942,1164.800474,
479,phase1,38,pair_039,7.983263,1154.958553,1164.817087,
480,phase1,38,pair_039,7.999857,1154.975146,1164.83368,
481,phase1,38,pair_039,8.016598,1154.991887,1164.850421,
482,phase1,38,pair_039,8.033522,1155.008811,1164.867345,
483,phase1,38,pair_039,8.049908,1155.025198,1164.883732,
484,phase1,38,pair_039,8.066571,1155.041861,1164.900395,
485,phase1,38,pair_039,8.083553,1155.058843,1164.917377,
486,phase1,38,pair_039,8.100195,1155.075485,1164.934019,
487,phase1,38,pair_039,8.116579,1155.091868,1164.950402,
488,phase1,38,pair_039,8.133243,1155.108533,1164.967066,
489,phase1,38,pair_039,8.149915,1155.125205,1164.983739,
490,phase1,38,pair_039,8.166875,1155.142164,1165.000698,
491,phase1,38,pair_039,8.183276,1155.158566,1165.0171,
492,phase1,38,pair_039,8.19991,1155.175199,1165.033733,
493,phase1,38,pair_039,8.216549,1155.191838,1165.050372,
494,phase1,38,pair_039,8.233215,1155.208505,1165.067039,
495,phase1,38,pair_039,8.249964,1155.225253,1165.083787,
496,phase1,38,pair_039,8.266565,1155.241855,1165.100389,
497,phase1,38,pair_039,8.283264,1155.258554,1165.117088,
498,phase1,38,pair_039,8.300209,1155.275498,1165.134032,
499,phase1,38,pair_039,8.316607,1155.291897,1165.15043,
500,phase1,38,pair_039,8.33323,1155.308519,1165.167053,
501,phase1,38,pair_039,8.349893,1155.325183,1165.183717,
502,phase1,38,pair_039,8.366565,1155.341855,1165.200389,
503,phase1,38,pair_039,8.383526,1155.358815,1165.217349,
504,phase1,38,pair_039,8.399898,1155.375188,1165.233721,
505,phase1,38,pair_039,8.416852,1155.392141,1165.250675,
506,phase1,38,pair_039,8.433206,1155.408496,1165.26703,
507,phase1,38,pair_039,8.45016,1155.425449,1165.283983,
508,phase1,38,pair_039,8.466561,1155.441851,1165.300385,
509,phase1,38,pair_039,8.48346,1155.45875,1165.317283,
510,phase1,38,pair_039,8.499886,1155.475176,1165.33371,
511,phase1,38,pair_039,8.516872,1155.492163,1165.350696,
512,phase1,38,pair_039,8.533269,1155.508558,1165.367092,
513,phase1,38,pair_039,8.550017,1155.525306,1165.38384,
514,phase1,38,pair_039,8.566687,1155.541977,1165.40051,
515,phase1,38,pair_039,8.583349,1155.558638,1165.417172,
516,phase1,38,pair_039,8.600027,1155.575317,1165.433851,
517,phase1,38,pair_039,8.616982,1155.592271,1165.450805,
518,phase1,38,pair_039,8.633351,1155.60864,1165.467174,
519,phase1,38,pair_039,8.650022,1155.625312,1165.483845,
520,phase1,38,pair_039,8.666964,1155.642253,1165.500787,
521,phase1,38,pair_039,8.683655,1155.658944,1165.517478,
522,phase1,38,pair_039,8.700011,1155.6753,1165.533834,
523,phase1,38,pair_039,8.716669,1155.691961,1165.550492,
524,phase1,38,pair_039,8.733338,1155.708628,1165.567162,
525,phase1,38,pair_039,8.750319,1155.725608,1165.584142,
526,phase1,38,pair_039,8.766667,1155.741956,1165.60049,
527,phase1,38,pair_039,8.783348,1155.75864,1165.617171,
528,phase1,38,pair_039,8.800032,1155.775321,1165.633855,
529,phase1,38,pair_039,8.816646,1155.791935,1165.650469,
530,phase1,38,pair_039,8.833622,1155.808911,1165.667445,
531,phase1,38,pair_039,8.850002,1155.825291,1165.683825,
532,phase1,38,pair_039,8.866604,1155.841894,1165.700428,
533,phase1,38,pair_039,8.883329,1155.858621,1165.717153,
534,phase1,38,pair_039,8.900005,1155.875295,1165.733829,
535,phase1,38,pair_039,8.916634,1155.891924,1165.750457,
536,phase1,38,pair_039,8.933371,1155.908662,1165.767194,
537,phase1,38,pair_039,8.950019,1155.925309,1165.783843,
538,phase1,38,pair_039,8.966982,1155.942271,1165.800805,
539,phase1,38,pair_039,8.983343,1155.958633,1165.817167,
540,phase1,38,pair_039,8.999995,1155.975284,1165.833818,
541,phase1,38,pair_039,9.016967,1155.992257,1165.850791,
542,phase1,38,pair_039,9.033658,1156.008948,1165.867482,
543,phase1,38,pair_039,9.049882,1156.025171,1165.883705,
544,phase1,38,pair_039,9.066646,1156.041936,1165.900469,
545,phase1,38,pair_039,9.083347,1156.058637,1165.917171,
546,phase1,38,pair_039,9.100298,1156.075588,1165.934121,
547,phase1,38,pair_039,9.11667,1156.091962,1165.950493,
548,phase1,38,pair_039,9.1333,1156.108589,1165.967123,
549,phase1,38,pair_039,9.149966,1156.125256,1165.98379,
550,phase1,38,pair_039,9.166942,1156.142232,1166.000766,
551,phase1,38,pair_039,9.183308,1156.158597,1166.017131,
552,phase1,38,pair_039,9.19996,1156.175252,1166.033784,
553,phase1,38,pair_039,9.216714,1156.192003,1166.050537,
554,phase1,38,pair_039,9.233313,1156.208603,1166.067137,
555,phase1,38,pair_039,9.250274,1156.225563,1166.084097,
556,phase1,38,pair_039,9.266662,1156.241951,1166.100485,
557,phase1,38,pair_039,9.283362,1156.258653,1166.117185,
558,phase1,38,pair_039,9.300322,1156.275611,1166.134145,
559,phase1,38,pair_039,9.316952,1156.292242,1166.150775,
560,phase1,38,pair_039,9.333341,1156.308631,1166.167164,
561,phase1,38,pair_039,9.350005,1156.325294,1166.183828,
562,phase1,38,pair_039,9.366956,1156.342246,1166.20078,
563,phase1,38,pair_039,9.383618,1156.358908,1166.217441,
564,phase1,38,pair_039,9.399977,1156.375268,1166.2338,
565,phase1,38,pair_039,9.416682,1156.391972,1166.250506,
566,phase1,38,pair_039,9.433364,1156.408654,1166.267188,
567,phase1,38,pair_039,9.450282,1156.425572,1166.284106,
568,phase1,38,pair_039,9.466649,1156.441938,1166.300472,
569,phase1,38,pair_039,9.48329,1156.458579,1166.317113,
570,phase1,38,pair_039,9.500038,1156.47533,1166.333862,
571,phase1,38,pair_039,9.51693,1156.492219,1166.350753,
572,phase1,38,pair_039,9.533302,1156.508591,1166.367125,
573,phase1,38,pair_039,9.549998,1156.52529,1166.383821,
574,phase1,38,pair_039,9.566719,1156.54201,1166.400542,
575,phase1,38,pair_039,9.583623,1156.558912,1166.417446,
576,phase1,38,pair_039,9.599966,1156.575256,1166.43379,
577,phase1,38,pair_039,9.616648,1156.591937,1166.450471,
578,phase1,38,pair_039,9.633333,1156.608622,1166.467156,
579,phase1,38,pair_039,9.650305,1156.625595,1166.484128,
580,phase1,38,pair_039,9.666589,1156.641878,1166.500412,
581,phase1,38,pair_039,9.683317,1156.658606,1166.51714,
582,phase1,38,pair_039,9.699959,1156.675249,1166.533783,
583,phase1,38,pair_039,9.716638,1156.691928,1166.550462,
584,phase1,38,pair_039,9.733613,1156.708906,1166.567436,
585,phase1,38,pair_039,9.750013,1156.725303,1166.583837,
586,phase1,38,pair_039,9.766658,1156.741948,1166.600482,
587,phase1,38,pair_039,9.783256,1156.758545,1166.617079,
588,phase1,38,pair_039,9.800312,1156.775602,1166.634136,
589,phase1,38,pair_039,9.816599,1156.791888,1166.650422,
590,phase1,38,pair_039,9.833307,1156.808596,1166.66713,
591,phase1,38,pair_039,9.850025,1156.825316,1166.683848,
592,phase1,38,pair_039,9.866947,1156.842236,1166.70077,
593,phase1,38,pair_039,9.883284,1156.858593,1166.717107,
594,phase1,38,pair_039,9.900027,1156.875317,1166.733851,
595,phase1,38,pair_039,9.916643,1156.891932,1166.750466,
596,phase1,38,pair_039,9.933627,1156.908916,1166.76745,
597,phase1,38,pair_039,9.94994,1156.92523,1166.783763,
598,phase1,38,pair_039,9.966637,1156.941928,1166.80046,
599,phase1,38,pair_039,9.983563,1156.958855,1166.817386,
600,phase1,38,pair_039,9.999956,1156.975246,1166.83378,
601,phase1,38,pair_039,10.016653,1156.991942,1166.850476,
602,phase1,38,pair_039,10.03329,1157.008599,1166.867114,
603,phase1,38,pair_039,10.050033,1157.025322,1166.883856,
604,phase1,38,pair_039,10.066584,1157.041875,1166.900408,
605,phase1,38,pair_039,10.08325,1157.058539,1166.917073,
606,phase1,38,pair_039,10.099889,1157.075179,1166.933713,
607,phase1,38,pair_039,10.116657,1157.091947,1166.95048,
608,phase1,38,pair_039,10.133612,1157.108902,1166.967436,
609,phase1,38,pair_039,10.150262,1157.125553,1166.984086,
610,phase1,38,pair_039,10.166625,1157.141915,1167.000448,
611,phase1,38,pair_039,10.183288,1157.158578,1167.017112,
612,phase1,38,pair_039,10.199905,1157.175194,1167.033728,
613,phase1,38,pair_039,10.216913,1157.192203,1167.050737,
614,phase1,38,pair_039,10.233286,1157.208575,1167.067109,
615,phase1,38,pair_039,10.249881,1157.22517,1167.083704,
616,phase1,38,pair_039,10.266534,1157.241824,1167.100358,
617,phase1,38,pair_039,10.283588,1157.258877,1167.117411,
618,phase1,38,pair_039,10.299945,1157.275234,1167.133768,
619,phase1,38,pair_039,10.316578,1157.291867,1167.150401,
620,phase1,38,pair_039,10.333204,1157.308493,1167.167028,
621,phase1,38,pair_039,10.349952,1157.32526,1167.183775,
622,phase1,38,pair_039,10.366641,1157.34193,1167.200464,
623,phase1,38,pair_039,10.383322,1157.358614,1167.217146,
624,phase1,38,pair_039,10.400009,1157.375298,1167.233832,
625,phase1,38,pair_039,10.416536,1157.391825,1167.250359,
626,phase1,38,pair_039,10.43322,1157.40851,1167.267044,
627,phase1,38,pair_039,10.449939,1157.425229,1167.283763,
628,phase1,38,pair_039,10.466699,1157.441988,1167.300522,
629,phase1,38,pair_039,10.483592,1157.458881,1167.317415,
630,phase1,38,pair_039,10.500253,1157.475543,1167.334077,
631,phase1,38,pair_039,10.516588,1157.491877,1167.350411,
632,phase1,38,pair_039,10.533264,1157.508553,1167.367087,
633,phase1,38,pair_039,10.54993,1157.52522,1167.383753,
634,phase1,38,pair_039,10.566894,1157.542183,1167.400717,
635,phase1,38,pair_039,10.58328,1157.558569,1167.417103,
636,phase1,38,pair_039,10.599945,1157.575234,1167.433769,
637,phase1,38,pair_039,10.616615,1157.591905,1167.450438,
638,phase1,38,pair_039,10.633276,1157.608581,1167.4671,
639,phase1,38,pair_039,10.64996,1157.625266,1167.483783,
640,phase1,38,pair_039,10.666682,1157.641972,1167.500505,
641,phase1,38,pair_039,10.683287,1157.658578,1167.517111,
642,phase1,38,pair_039,10.700254,1157.675544,1167.534078,
643,phase1,38,pair_039,10.716526,1157.691815,1167.550349,
644,phase1,38,pair_039,10.733254,1157.708544,1167.567078,
645,phase1,38,pair_039,10.749974,1157.725264,1167.583798,
646,phase1,38,pair_039,10.766889,1157.742179,1167.600713,
647,phase1,38,pair_039,10.783238,1157.758527,1167.617061,
648,phase1,38,pair_039,10.79997,1157.775259,1167.633793,
649,phase1,38,pair_039,10.816647,1157.791936,1167.65047,
650,phase1,38,pair_039,10.833565,1157.808855,1167.667389,
651,phase1,38,pair_039,10.849851,1157.82514,1167.683674,
652,phase1,38,pair_039,10.866654,1157.841944,1167.700477,
653,phase1,38,pair_039,10.883259,1157.858549,1167.717083,
654,phase1,38,pair_039,10.899909,1157.875205,1167.733733,
655,phase1,38,pair_039,10.916919,1157.892209,1167.750743,
656,phase1,38,pair_039,10.933292,1157.908581,1167.767115,
657,phase1,38,pair_039,10.949902,1157.925191,1167.783725,
658,phase1,38,pair_039,10.966565,1157.941854,1167.800389,
659,phase1,38,pair_039,10.983572,1157.958861,1167.817395,
660,phase1,38,pair_039,10.999869,1157.975159,1167.833693,
661,phase1,38,pair_039,11.016649,1157.991938,1167.850472,
662,phase1,38,pair_039,11.033587,1158.008876,1167.86741,
663,phase1,38,pair_039,11.050229,1158.02552,1167.884053,
664,phase1,38,pair_039,11.066606,1158.041895,1167.900429,
665,phase1,38,pair_039,11.083117,1158.058407,1167.916941,
666,phase1,38,pair_039,11.1,1158.07529,1167.933824,
667,phase1,38,pair_039,11.116909,1158.092199,1167.950733,
668,phase1,38,pair_039,11.133321,1158.108611,1167.967145,
669,phase1,38,pair_039,11.149902,1158.125193,1167.983725,
670,phase1,38,pair_039,11.166602,1158.141891,1168.000425,
671,phase1,38,pair_039,11.183579,1158.158868,1168.017402,
672,phase1,38,pair_039,11.200174,1158.175463,1168.033997,
673,phase1,38,pair_039,11.216591,1158.191881,1168.050415,
674,phase1,38,pair_039,11.233201,1158.20849,1168.067024,
675,phase1,38,pair_039,11.249921,1158.22521,1168.083744,
676,phase1,38,pair_039,11.266867,1158.242156,1168.10069,
677,phase1,38,pair_039,11.283266,1158.258556,1168.117089,
678,phase1,38,pair_039,-1146.975551,1158.475352,9.858273,response
0,phase2,38,pair_039,0.0,1159.675304,1169.533833,single_opt_onset_seq1_opt4_木工
1,phase2,38,pair_039,0.016615,1159.691913,1169.550447,
2,phase2,38,pair_039,0.033285,1159.708582,1169.567117,
3,phase2,38,pair_039,0.050268,1159.725565,1169.5841,
4,phase2,38,pair_039,0.066628,1159.741925,1169.60046,
5,phase2,38,pair_039,0.083258,1159.758556,1169.617091,
6,phase2,38,pair_039,0.099997,1159.775295,1169.63383,
7,phase2,38,pair_039,0.11694,1159.792237,1169.650772,
8,phase2,38,pair_039,0.133593,1159.80889,1169.667426,
9,phase2,38,pair_039,0.149952,1159.825255,1169.683785,
10,phase2,38,pair_039,0.166659,1159.841956,1169.700492,
11,phase2,38,pair_039,0.183289,1159.858586,1169.717122,
12,phase2,38,pair_039,0.200247,1159.875545,1169.73408,
13,phase2,38,pair_039,0.216623,1159.891924,1169.750456,
14,phase2,38,pair_039,0.233311,1159.90861,1169.767143,
15,phase2,38,pair_039,0.24995,1159.925247,1169.783783,
16,phase2,38,pair_039,0.266922,1159.942219,1169.800755,
17,phase2,38,pair_039,0.283314,1159.958613,1169.817146,
18,phase2,38,pair_039,0.299969,1159.975266,1169.833801,
19,phase2,38,pair_039,0.316646,1159.991943,1169.850478,
20,phase2,38,pair_039,0.333587,1160.008883,1169.86742,
21,phase2,38,pair_039,0.349926,1160.025223,1169.883759,
22,phase2,38,pair_039,0.366604,1160.041901,1169.900437,
23,phase2,38,pair_039,0.383295,1160.058597,1169.917128,
24,phase2,38,pair_039,0.400256,1160.075553,1169.934089,
25,phase2,38,pair_039,0.416513,1160.091812,1169.950346,
26,phase2,38,pair_039,0.433276,1160.108573,1169.967108,
27,phase2,38,pair_039,0.449957,1160.125255,1169.98379,
28,phase2,38,pair_039,0.46658,1160.141877,1170.000413,
29,phase2,38,pair_039,0.483282,1160.158578,1170.017114,
30,phase2,38,pair_039,0.499891,1160.175188,1170.033724,
31,phase2,38,pair_039,0.516653,1160.191951,1170.050486,
32,phase2,38,pair_039,0.533262,1160.208559,1170.067095,
33,phase2,38,pair_039,0.550252,1160.22555,1170.084085,
34,phase2,38,pair_039,0.566614,1160.241915,1170.100447,
35,phase2,38,pair_039,0.583303,1160.2586,1170.117136,
36,phase2,38,pair_039,0.599933,1160.27523,1170.133765,
37,phase2,38,pair_039,0.616898,1160.292196,1170.150731,
38,phase2,38,pair_039,0.633269,1160.308566,1170.167101,
39,phase2,38,pair_039,0.649966,1160.325268,1170.183799,
40,phase2,38,pair_039,0.666616,1160.341915,1170.200449,
41,phase2,38,pair_039,0.683582,1160.358879,1170.217415,
42,phase2,38,pair_039,0.699931,1160.37523,1170.233764,
43,phase2,38,pair_039,0.716624,1160.391921,1170.250457,
44,phase2,38,pair_039,0.733317,1160.408614,1170.26715,
45,phase2,38,pair_039,0.750209,1160.425506,1170.284042,
46,phase2,38,pair_039,0.766594,1160.441891,1170.300427,
47,phase2,38,pair_039,0.783254,1160.45855,1170.317086,
48,phase2,38,pair_039,0.800003,1160.4753,1170.333835,
49,phase2,38,pair_039,0.816927,1160.492224,1170.35076,
50,phase2,38,pair_039,0.833286,1160.50859,1170.367119,
51,phase2,38,pair_039,0.849883,1160.52518,1170.383716,
52,phase2,38,pair_039,0.866659,1160.541957,1170.400492,
53,phase2,38,pair_039,0.883244,1160.558542,1170.417077,
54,phase2,38,pair_039,0.899928,1160.575225,1170.433761,
55,phase2,38,pair_039,0.9166,1160.591897,1170.450433,
56,phase2,38,pair_039,0.933247,1160.608544,1170.46708,
57,phase2,38,pair_039,0.949942,1160.625238,1170.483774,
58,phase2,38,pair_039,0.966899,1160.642196,1170.500732,
59,phase2,38,pair_039,0.983264,1160.658564,1170.517097,
60,phase2,38,pair_039,0.99991,1160.675208,1170.533743,
61,phase2,38,pair_039,1.016885,1160.692182,1170.550718,
62,phase2,38,pair_039,1.033515,1160.708812,1170.567348,
63,phase2,38,pair_039,1.049929,1160.725227,1170.583762,
64,phase2,38,pair_039,1.066627,1160.741926,1170.60046,
65,phase2,38,pair_039,1.083237,1160.758535,1170.61707,
66,phase2,38,pair_039,1.10023,1160.775527,1170.634063,
67,phase2,38,pair_039,1.116588,1160.791885,1170.650421,
68,phase2,38,pair_039,1.133294,1160.808592,1170.667127,
69,phase2,38,pair_039,1.149961,1160.825258,1170.683793,
70,phase2,38,pair_039,1.166908,1160.842205,1170.700741,
71,phase2,38,pair_039,1.183254,1160.858552,1170.717087,
72,phase2,38,pair_039,1.199937,1160.875236,1170.73377,
73,phase2,38,pair_039,1.216889,1160.892186,1170.750722,
74,phase2,38,pair_039,1.233566,1160.908863,1170.767399,
75,phase2,38,pair_039,1.249929,1160.925227,1170.783762,
76,phase2,38,pair_039,1.266598,1160.941895,1170.800431,
77,phase2,38,pair_039,1.283247,1160.958544,1170.81708,
78,phase2,38,pair_039,1.299892,1160.97519,1170.833725,
79,phase2,38,pair_039,1.316551,1160.991848,1170.850384,
80,phase2,38,pair_039,1.333246,1161.008543,1170.867079,
81,phase2,38,pair_039,1.349953,1161.02525,1170.883786,
82,phase2,38,pair_039,1.366892,1161.042189,1170.900724,
83,phase2,38,pair_039,1.383547,1161.058844,1170.91738,
84,phase2,38,pair_039,1.399923,1161.075221,1170.933755,
85,phase2,38,pair_039,1.416548,1161.092048,1170.950381,
86,phase2,38,pair_039,1.43317,1161.108471,1170.967003,
87,phase2,38,pair_039,1.450207,1161.125504,1170.98404,
88,phase2,38,pair_039,1.46655,1161.141847,1171.000383,
89,phase2,38,pair_039,1.483291,1161.158588,1171.017123,
90,phase2,38,pair_039,1.499907,1161.175205,1171.03374,
0,phase2,38,pair_039,0.0,1161.192194,1171.050727,iti_onset_dur_1.368
1,phase2,38,pair_039,0.01633,1161.208521,1171.067058,
2,phase2,38,pair_039,0.033036,1161.225227,1171.083764,
3,phase2,38,pair_039,0.049637,1161.241828,1171.100364,
4,phase2,38,pair_039,0.066666,1161.258857,1171.117393,
5,phase2,38,pair_039,0.082987,1161.275179,1171.133715,
6,phase2,38,pair_039,0.099708,1161.291899,1171.150435,
7,phase2,38,pair_039,0.116395,1161.308585,1171.167122,
8,phase2,38,pair_039,0.132996,1161.325189,1171.183723,
9,phase2,38,pair_039,0.14992,1161.34211,1171.200647,
10,phase2,38,pair_039,0.166353,1161.358549,1171.217081,
11,phase2,38,pair_039,0.183003,1161.375195,1171.233731,
12,phase2,38,pair_039,0.199656,1161.391847,1171.250384,
13,phase2,38,pair_039,0.216638,1161.408828,1171.267365,
14,phase2,38,pair_039,0.232983,1161.425174,1171.28371,
15,phase2,38,pair_039,0.249668,1161.441859,1171.300396,
16,phase2,38,pair_039,0.266299,1161.45849,1171.317026,
17,phase2,38,pair_039,0.283313,1161.475504,1171.33404,
18,phase2,38,pair_039,0.299644,1161.491835,1171.350371,
19,phase2,38,pair_039,0.316609,1161.5088,1171.367336,
20,phase2,38,pair_039,0.332955,1161.525147,1171.383683,
21,phase2,38,pair_039,0.349983,1161.542174,1171.40071,
22,phase2,38,pair_039,0.366349,1161.55854,1171.417076,
23,phase2,38,pair_039,0.382988,1161.575179,1171.433715,
24,phase2,38,pair_039,0.399658,1161.59185,1171.450385,
25,phase2,38,pair_039,0.416627,1161.608818,1171.467355,
26,phase2,38,pair_039,0.432997,1161.625188,1171.483724,
27,phase2,38,pair_039,0.449688,1161.641879,1171.500415,
28,phase2,38,pair_039,0.466387,1161.658578,1171.517115,
29,phase2,38,pair_039,0.483294,1161.675485,1171.534021,
30,phase2,38,pair_039,0.499618,1161.691809,1171.550345,
31,phase2,38,pair_039,0.516365,1161.708556,1171.567092,
32,phase2,38,pair_039,0.533036,1161.725227,1171.583763,
33,phase2,38,pair_039,0.54964,1161.741831,1171.600367,
34,phase2,38,pair_039,0.566287,1161.758478,1171.617014,
35,phase2,38,pair_039,0.583008,1161.775199,1171.633736,
36,phase2,38,pair_039,0.599647,1161.791838,1171.650374,
37,phase2,38,pair_039,0.616629,1161.80882,1171.667356,
38,phase2,38,pair_039,0.633292,1161.825483,1171.68402,
39,phase2,38,pair_039,0.649626,1161.841817,1171.700353,
40,phase2,38,pair_039,0.666301,1161.858492,1171.717028,
41,phase2,38,pair_039,0.682963,1161.875154,1171.73369,
42,phase2,38,pair_039,0.699609,1161.8918,1171.750336,
43,phase2,38,pair_039,0.716286,1161.908477,1171.767013,
44,phase2,38,pair_039,0.732993,1161.925183,1171.78372,
45,phase2,38,pair_039,0.749962,1161.942153,1171.800689,
46,phase2,38,pair_039,0.76662,1161.958811,1171.817348,
47,phase2,38,pair_039,0.782996,1161.975186,1171.833723,
48,phase2,38,pair_039,0.799663,1161.991854,1171.85039,
49,phase2,38,pair_039,0.816374,1162.008565,1171.867101,
50,phase2,38,pair_039,0.833288,1162.025479,1171.884016,
51,phase2,38,pair_039,0.849617,1162.041808,1171.900344,
52,phase2,38,pair_039,0.866347,1162.058538,1171.917075,
53,phase2,38,pair_039,0.882996,1162.075187,1171.933724,
54,phase2,38,pair_039,0.899968,1162.092159,1171.950695,
55,phase2,38,pair_039,0.91659,1162.108781,1171.967317,
56,phase2,38,pair_039,0.932996,1162.125187,1171.983723,
57,phase2,38,pair_039,0.949925,1162.142115,1172.000652,
58,phase2,38,pair_039,0.966308,1162.158499,1172.017035,
59,phase2,38,pair_039,0.983255,1162.175446,1172.033982,
60,phase2,38,pair_039,0.999666,1162.191857,1172.050393,
61,phase2,38,pair_039,1.016365,1162.208556,1172.067093,
62,phase2,38,pair_039,1.032969,1162.225159,1172.083696,
63,phase2,38,pair_039,1.049936,1162.242127,1172.100663,
64,phase2,38,pair_039,1.066345,1162.258536,1172.117073,
65,phase2,38,pair_039,1.082995,1162.275186,1172.133722,
66,phase2,38,pair_039,1.099617,1162.291807,1172.150344,
67,phase2,38,pair_039,1.116589,1162.30878,1172.167317,
68,phase2,38,pair_039,1.132975,1162.325166,1172.183702,
69,phase2,38,pair_039,1.149621,1162.341812,1172.200349,
70,phase2,38,pair_039,1.16629,1162.358481,1172.217017,
71,phase2,38,pair_039,1.183265,1162.375456,1172.233993,
72,phase2,38,pair_039,1.199623,1162.391814,1172.25035,
73,phase2,38,pair_039,1.216317,1162.408507,1172.267044,
74,phase2,38,pair_039,1.233009,1162.425199,1172.283736,
75,phase2,38,pair_039,1.249944,1162.442134,1172.300671,
76,phase2,38,pair_039,1.26628,1162.458471,1172.317008,
77,phase2,38,pair_039,1.282965,1162.475156,1172.333692,
78,phase2,38,pair_039,1.299624,1162.491815,1172.350352,
79,phase2,38,pair_039,1.316279,1162.50847,1172.367006,
80,phase2,38,pair_039,1.333226,1162.525417,1172.383954,
81,phase2,38,pair_039,1.349716,1162.541908,1172.400443,
82,phase2,38,pair_039,1.366315,1162.558506,1172.417043,
0,phase2,38,pair_039,0.0,1162.575161,1172.433694,single_opt_onset_seq2_opt1_伐木
1,phase2,38,pair_039,0.016692,1162.59185,1172.450386,
2,phase2,38,pair_039,0.033368,1162.608528,1172.467062,
3,phase2,38,pair_039,0.050001,1162.625159,1172.483695,
4,phase2,38,pair_039,0.066991,1162.642149,1172.500685,
5,phase2,38,pair_039,0.083632,1162.658791,1172.517326,
6,phase2,38,pair_039,0.099997,1162.675156,1172.533691,
7,phase2,38,pair_039,0.116662,1162.69182,1172.550356,
8,phase2,38,pair_039,0.133337,1162.708496,1172.567031,
9,phase2,38,pair_039,0.150304,1162.725462,1172.583998,
10,phase2,38,pair_039,0.166743,1162.741901,1172.600437,
11,phase2,38,pair_039,0.183263,1162.758421,1172.616957,
12,phase2,38,pair_039,0.2,1162.775158,1172.633693,
13,phase2,38,pair_039,0.216959,1162.792117,1172.650653,
14,phase2,38,pair_039,0.233355,1162.808514,1172.667049,
15,phase2,38,pair_039,0.250065,1162.825224,1172.683759,
16,phase2,38,pair_039,0.266953,1162.842111,1172.700647,
17,phase2,38,pair_039,0.283636,1162.858794,1172.71733,
18,phase2,38,pair_039,0.300025,1162.875183,1172.733719,
19,phase2,38,pair_039,0.316648,1162.891807,1172.750342,
20,phase2,38,pair_039,0.333289,1162.908447,1172.766983,
21,phase2,38,pair_039,0.349969,1162.925127,1172.783663,
22,phase2,38,pair_039,0.366932,1162.94209,1172.800626,
23,phase2,38,pair_039,0.383321,1162.958479,1172.817015,
24,phase2,38,pair_039,0.399965,1162.975123,1172.833659,
25,phase2,38,pair_039,0.416648,1162.991806,1172.850342,
26,phase2,38,pair_039,0.433592,1163.00875,1172.867286,
27,phase2,38,pair_039,0.450009,1163.025167,1172.883703,
28,phase2,38,pair_039,0.466634,1163.041793,1172.900328,
29,phase2,38,pair_039,0.483298,1163.058456,1172.916992,
30,phase2,38,pair_039,0.500279,1163.075437,1172.933973,
31,phase2,38,pair_039,0.516889,1163.092047,1172.950583,
32,phase2,38,pair_039,0.533314,1163.108473,1172.967008,
33,phase2,38,pair_039,0.549954,1163.125112,1172.983648,
34,phase2,38,pair_039,0.566602,1163.14176,1173.000296,
35,phase2,38,pair_039,0.583372,1163.158531,1173.017066,
36,phase2,38,pair_039,0.600025,1163.175183,1173.033719,
37,phase2,38,pair_039,0.616649,1163.191807,1173.050343,
38,phase2,38,pair_039,0.633286,1163.208444,1173.06698,
39,phase2,38,pair_039,0.650012,1163.22517,1173.083706,
40,phase2,38,pair_039,0.666687,1163.241846,1173.100381,
41,phase2,38,pair_039,0.683368,1163.258526,1173.117062,
42,phase2,38,pair_039,0.69995,1163.275108,1173.133644,
43,phase2,38,pair_039,0.716921,1163.292079,1173.150615,
44,phase2,38,pair_039,0.733308,1163.308466,1173.167002,
45,phase2,38,pair_039,0.749942,1163.3251,1173.183636,
46,phase2,38,pair_039,0.76663,1163.341788,1173.200324,
47,phase2,38,pair_039,0.783595,1163.358753,1173.217289,
48,phase2,38,pair_039,0.799959,1163.375117,1173.233653,
49,phase2,38,pair_039,0.816738,1163.391896,1173.250432,
50,phase2,38,pair_039,0.833429,1163.408586,1173.267123,
51,phase2,38,pair_039,0.850079,1163.425237,1173.283773,
52,phase2,38,pair_039,0.866756,1163.441914,1173.30045,
53,phase2,38,pair_039,0.883715,1163.458873,1173.317409,
54,phase2,38,pair_039,0.900099,1163.47526,1173.333793,
55,phase2,38,pair_039,0.916751,1163.491909,1173.350445,
56,phase2,38,pair_039,0.933521,1163.508679,1173.367215,
57,phase2,38,pair_039,0.950379,1163.525537,1173.384073,
58,phase2,38,pair_039,0.966751,1163.541909,1173.400445,
59,phase2,38,pair_039,0.983423,1163.558581,1173.417117,
60,phase2,38,pair_039,1.000102,1163.57526,1173.433796,
61,phase2,38,pair_039,1.01705,1163.592208,1173.450744,
62,phase2,38,pair_039,1.033411,1163.608572,1173.467105,
63,phase2,38,pair_039,1.050045,1163.625202,1173.483739,
64,phase2,38,pair_039,1.067034,1163.642192,1173.500728,
65,phase2,38,pair_039,1.083724,1163.658882,1173.517418,
66,phase2,38,pair_039,1.100056,1163.675214,1173.53375,
67,phase2,38,pair_039,1.116715,1163.691873,1173.550409,
68,phase2,38,pair_039,1.133445,1163.708603,1173.567139,
69,phase2,38,pair_039,1.150374,1163.725532,1173.584068,
70,phase2,38,pair_039,1.166729,1163.741887,1173.600422,
71,phase2,38,pair_039,1.183379,1163.758537,1173.617073,
72,phase2,38,pair_039,1.200136,1163.775295,1173.63383,
73,phase2,38,pair_039,1.217031,1163.792189,1173.650725,
74,phase2,38,pair_039,1.233428,1163.808586,1173.667122,
75,phase2,38,pair_039,1.250078,1163.825236,1173.683772,
76,phase2,38,pair_039,1.266762,1163.84192,1173.700456,
77,phase2,38,pair_039,1.28341,1163.85857,1173.717104,
78,phase2,38,pair_039,1.300355,1163.875513,1173.734049,
79,phase2,38,pair_039,1.316725,1163.891884,1173.750419,
80,phase2,38,pair_039,1.333401,1163.908562,1173.767095,
81,phase2,38,pair_039,1.350071,1163.925229,1173.783765,
82,phase2,38,pair_039,1.367047,1163.942205,1173.800741,
83,phase2,38,pair_039,1.383396,1163.958554,1173.81709,
84,phase2,38,pair_039,1.400073,1163.97523,1173.833766,
85,phase2,38,pair_039,1.41676,1163.991918,1173.850454,
86,phase2,38,pair_039,1.433709,1164.008867,1173.867403,
87,phase2,38,pair_039,1.450043,1164.025204,1173.883737,
88,phase2,38,pair_039,1.466733,1164.041891,1173.900427,
89,phase2,38,pair_039,1.483435,1164.058593,1173.917129,
90,phase2,38,pair_039,1.500364,1164.075522,1173.934058,
0,phase2,38,pair_039,0.0,1164.091892,1173.950426,iti_onset_dur_1.457
1,phase2,38,pair_039,0.016666,1164.108557,1173.967092,
2,phase2,38,pair_039,0.033351,1164.125241,1173.983776,
3,phase2,38,pair_039,0.049964,1164.141854,1174.00039,
4,phase2,38,pair_039,0.066499,1164.158388,1174.016925,
5,phase2,38,pair_039,0.083278,1164.175167,1174.033703,
6,phase2,38,pair_039,0.099981,1164.19187,1174.050407,
7,phase2,38,pair_039,0.11694,1164.208829,1174.067365,
8,phase2,38,pair_039,0.133306,1164.225195,1174.083732,
9,phase2,38,pair_039,0.14997,1164.241859,1174.100396,
10,phase2,38,pair_039,0.166639,1164.258535,1174.117065,
11,phase2,38,pair_039,0.183323,1164.275221,1174.133749,
12,phase2,38,pair_039,0.200282,1164.292172,1174.150708,
13,phase2,38,pair_039,0.216661,1164.30855,1174.167087,
14,phase2,38,pair_039,0.233337,1164.325226,1174.183763,
15,phase2,38,pair_039,0.249992,1164.341881,1174.200418,
16,phase2,38,pair_039,0.266962,1164.358851,1174.217387,
17,phase2,38,pair_039,0.283316,1164.375206,1174.233742,
18,phase2,38,pair_039,0.300038,1164.39193,1174.250464,
19,phase2,38,pair_039,0.31663,1164.408519,1174.267056,
20,phase2,38,pair_039,0.333624,1164.425514,1174.28405,
21,phase2,38,pair_039,0.349971,1164.44186,1174.300396,
22,phase2,38,pair_039,0.36665,1164.458544,1174.317075,
23,phase2,38,pair_039,0.38338,1164.47527,1174.333806,
24,phase2,38,pair_039,0.399958,1164.491847,1174.350383,
25,phase2,38,pair_039,0.416647,1164.508537,1174.367073,
26,phase2,38,pair_039,0.433289,1164.525178,1174.383714,
27,phase2,38,pair_039,0.450032,1164.541921,1174.400457,
28,phase2,38,pair_039,0.466634,1164.558523,1174.417059,
29,phase2,38,pair_039,0.48329,1164.575179,1174.433716,
30,phase2,38,pair_039,0.499974,1164.591863,1174.4504,
31,phase2,38,pair_039,0.516655,1164.608544,1174.467081,
32,phase2,38,pair_039,0.533281,1164.625172,1174.483707,
33,phase2,38,pair_039,0.549947,1164.641836,1174.500372,
34,phase2,38,pair_039,0.566615,1164.658509,1174.517041,
35,phase2,38,pair_039,0.583325,1164.675215,1174.533751,
36,phase2,38,pair_039,0.60001,1164.691899,1174.550435,
37,phase2,38,pair_039,0.616934,1164.708824,1174.56736,
38,phase2,38,pair_039,0.633243,1164.725132,1174.583668,
39,phase2,38,pair_039,0.649962,1164.741853,1174.600387,
40,phase2,38,pair_039,0.666615,1164.758504,1174.617041,
41,phase2,38,pair_039,0.683598,1164.775488,1174.634024,
42,phase2,38,pair_039,0.699973,1164.791864,1174.650399,
43,phase2,38,pair_039,0.716606,1164.808495,1174.667032,
44,phase2,38,pair_039,0.733326,1164.825225,1174.683752,
45,phase2,38,pair_039,0.75023,1164.842119,1174.700656,
46,phase2,38,pair_039,0.766615,1164.858504,1174.71704,
47,phase2,38,pair_039,0.783315,1164.875205,1174.733741,
48,phase2,38,pair_039,0.799933,1164.891822,1174.750358,
49,phase2,38,pair_039,0.816614,1164.908508,1174.76704,
50,phase2,38,pair_039,0.83358,1164.925469,1174.784005,
51,phase2,38,pair_039,0.849974,1164.941863,1174.800399,
52,phase2,38,pair_039,0.866581,1164.958471,1174.817007,
53,phase2,38,pair_039,0.883273,1164.975162,1174.833698,
54,phase2,38,pair_039,0.900251,1164.992141,1174.850677,
55,phase2,38,pair_039,0.916623,1165.008515,1174.867049,
56,phase2,38,pair_039,0.933329,1165.025219,1174.883755,
57,phase2,38,pair_039,0.949993,1165.041884,1174.900418,
58,phase2,38,pair_039,0.966617,1165.058507,1174.917043,
59,phase2,38,pair_039,0.983294,1165.075184,1174.93372,
60,phase2,38,pair_039,0.999981,1165.09187,1174.950407,
61,phase2,38,pair_039,1.016575,1165.108465,1174.967001,
62,phase2,38,pair_039,1.033592,1165.125481,1174.984018,
63,phase2,38,pair_039,1.049938,1165.141829,1175.000364,
64,phase2,38,pair_039,1.066603,1165.158493,1175.017029,
65,phase2,38,pair_039,1.083237,1165.175128,1175.033663,
66,phase2,38,pair_039,1.100273,1165.192163,1175.050699,
67,phase2,38,pair_039,1.116604,1165.208493,1175.06703,
68,phase2,38,pair_039,1.133281,1165.225171,1175.083707,
69,phase2,38,pair_039,1.1502,1165.242089,1175.100625,
70,phase2,38,pair_039,1.166928,1165.258818,1175.117354,
71,phase2,38,pair_039,1.183275,1165.275164,1175.1337,
72,phase2,38,pair_039,1.199957,1165.291846,1175.150383,
73,phase2,38,pair_039,1.216892,1165.308782,1175.167317,
74,phase2,38,pair_039,1.233577,1165.325466,1175.184002,
75,phase2,38,pair_039,1.250232,1165.342121,1175.200658,
76,phase2,38,pair_039,1.266603,1165.358493,1175.217029,
77,phase2,38,pair_039,1.283272,1165.375161,1175.233697,
78,phase2,38,pair_039,1.300266,1165.392155,1175.250691,
79,phase2,38,pair_039,1.316888,1165.408777,1175.267314,
80,phase2,38,pair_039,1.333237,1165.425126,1175.283662,
81,phase2,38,pair_039,1.349942,1165.441831,1175.300368,
82,phase2,38,pair_039,1.366589,1165.458479,1175.317015,
83,phase2,38,pair_039,1.383579,1165.475468,1175.334005,
84,phase2,38,pair_039,1.39994,1165.49183,1175.350366,
85,phase2,38,pair_039,1.41664,1165.508529,1175.367065,
86,phase2,38,pair_039,1.433585,1165.525475,1175.384011,
87,phase2,38,pair_039,1.44992,1165.541809,1175.400345,
0,phase2,38,pair_039,0.0,1165.558527,1175.41706,single_opt_onset_seq3_opt3_力量
1,phase2,38,pair_039,0.016704,1165.575231,1175.433764,
2,phase2,38,pair_039,0.033296,1165.591822,1175.450355,
3,phase2,38,pair_039,0.050271,1165.608795,1175.467331,
4,phase2,38,pair_039,0.066643,1165.625167,1175.483702,
5,phase2,38,pair_039,0.0833,1165.641823,1175.500359,
6,phase2,38,pair_039,0.099954,1165.658478,1175.517014,
7,phase2,38,pair_039,0.116615,1165.675139,1175.533674,
8,phase2,38,pair_039,0.133276,1165.6918,1175.550336,
9,phase2,38,pair_039,0.14999,1165.708514,1175.56705,
10,phase2,38,pair_039,0.166617,1165.72514,1175.583676,
11,phase2,38,pair_039,0.183628,1165.742154,1175.600688,
12,phase2,38,pair_039,0.200253,1165.758777,1175.617313,
13,phase2,38,pair_039,0.216647,1165.77517,1175.633706,
14,phase2,38,pair_039,0.233304,1165.791829,1175.650364,
15,phase2,38,pair_039,0.250251,1165.808775,1175.66731,
16,phase2,38,pair_039,0.266894,1165.825417,1175.683953,
17,phase2,38,pair_039,0.283311,1165.841835,1175.700371,
18,phase2,38,pair_039,0.299999,1165.858522,1175.717059,
19,phase2,38,pair_039,0.31691,1165.875434,1175.73397,
20,phase2,38,pair_039,0.333272,1165.891796,1175.750332,
21,phase2,38,pair_039,0.349929,1165.908459,1175.766988,
22,phase2,38,pair_039,0.36666,1165.925198,1175.78372,
23,phase2,38,pair_039,0.383682,1165.942213,1175.800742,
24,phase2,38,pair_039,0.400269,1165.958796,1175.817329,
25,phase2,38,pair_039,0.416649,1165.975179,1175.833709,
26,phase2,38,pair_039,0.433368,1165.991894,1175.850428,
27,phase2,38,pair_039,0.450304,1166.008829,1175.867364,
28,phase2,38,pair_039,0.466664,1166.025189,1175.883724,
29,phase2,38,pair_039,0.483318,1166.041842,1175.900377,
30,phase2,38,pair_039,0.499993,1166.058518,1175.917052,
31,phase2,38,pair_039,0.516631,1166.075159,1175.933691,
32,phase2,38,pair_039,0.533286,1166.09181,1175.950345,
33,phase2,38,pair_039,0.550036,1166.10856,1175.967095,
34,phase2,38,pair_039,0.566598,1166.125122,1175.983658,
35,phase2,38,pair_039,0.583371,1166.141895,1176.00043,
36,phase2,38,pair_039,0.599929,1166.158453,1176.016989,
37,phase2,38,pair_039,0.616655,1166.175182,1176.033714,
38,phase2,38,pair_039,0.633322,1166.191846,1176.050382,
39,phase2,38,pair_039,0.650009,1166.208533,1176.067068,
40,phase2,38,pair_039,0.66696,1166.225485,1176.084019,
41,phase2,38,pair_039,0.683581,1166.242106,1176.100641,
42,phase2,38,pair_039,0.699951,1166.258476,1176.117011,
43,phase2,38,pair_039,0.716619,1166.275143,1176.133679,
44,phase2,38,pair_039,0.733576,1166.292101,1176.150636,
45,phase2,38,pair_039,0.750245,1166.30877,1176.167305,
46,phase2,38,pair_039,0.766681,1166.325206,1176.18374,
47,phase2,38,pair_039,0.783298,1166.341822,1176.200357,
48,phase2,38,pair_039,0.799956,1166.35848,1176.217015,
49,phase2,38,pair_039,0.816525,1166.375049,1176.233584,
50,phase2,38,pair_039,0.833226,1166.39175,1176.250286,
51,phase2,38,pair_039,0.849959,1166.408484,1176.267019,
52,phase2,38,pair_039,0.866572,1166.425096,1176.283632,
53,phase2,38,pair_039,0.883593,1166.442117,1176.300653,
54,phase2,38,pair_039,0.899947,1166.458471,1176.317007,
55,phase2,38,pair_039,0.916638,1166.475162,1176.333697,
56,phase2,38,pair_039,0.933272,1166.491796,1176.350332,
57,phase2,38,pair_039,0.950232,1166.508757,1176.367292,
58,phase2,38,pair_039,0.966894,1166.525418,1176.383953,
59,phase2,38,pair_039,0.983266,1166.54179,1176.400325,
60,phase2,38,pair_039,0.999925,1166.558449,1176.416985,
61,phase2,38,pair_039,1.01694,1166.575464,1176.434,
62,phase2,38,pair_039,1.033553,1166.592077,1176.450612,
63,phase2,38,pair_039,1.049988,1166.608513,1176.467048,
64,phase2,38,pair_039,1.066514,1166.625039,1176.483574,
65,phase2,38,pair_039,1.083606,1166.64213,1176.500666,
66,phase2,38,pair_039,1.100237,1166.658761,1176.517297,
67,phase2,38,pair_039,1.116616,1166.675141,1176.533676,
68,phase2,38,pair_039,1.133212,1166.691736,1176.550272,
69,phase2,38,pair_039,1.15027,1166.708795,1176.56733,
70,phase2,38,pair_039,1.166903,1166.725428,1176.583963,
71,phase2,38,pair_039,1.183311,1166.741836,1176.600371,
72,phase2,38,pair_039,1.200187,1166.758714,1176.617247,
73,phase2,38,pair_039,1.216601,1166.775125,1176.633661,
74,phase2,38,pair_039,1.233575,1166.792099,1176.650635,
75,phase2,38,pair_039,1.249953,1166.808478,1176.667013,
76,phase2,38,pair_039,1.266652,1166.825176,1176.683711,
77,phase2,38,pair_039,1.283273,1166.841797,1176.700333,
78,phase2,38,pair_039,1.300235,1166.858759,1176.717295,
79,phase2,38,pair_039,1.316614,1166.875138,1176.733674,
80,phase2,38,pair_039,1.333316,1166.89184,1176.750375,
81,phase2,38,pair_039,1.349974,1166.908499,1176.767034,
82,phase2,38,pair_039,1.366913,1166.925437,1176.783973,
83,phase2,38,pair_039,1.383264,1166.941788,1176.800324,
84,phase2,38,pair_039,1.39993,1166.958453,1176.816989,
85,phase2,38,pair_039,1.416511,1166.975035,1176.83357,
86,phase2,38,pair_039,1.433575,1166.9921,1176.850635,
87,phase2,38,pair_039,1.450217,1167.008741,1176.867277,
88,phase2,38,pair_039,1.466667,1167.02519,1176.883726,
89,phase2,38,pair_039,1.483238,1167.041762,1176.900298,
90,phase2,38,pair_039,1.499908,1167.058432,1176.916967,
0,phase2,38,pair_039,0.0,1167.075418,1176.93395,iti_onset_dur_1.244
1,phase2,38,pair_039,0.016429,1167.091844,1176.95038,
2,phase2,38,pair_039,0.032992,1167.108406,1176.966942,
3,phase2,38,pair_039,0.050025,1167.125439,1176.983976,
4,phase2,38,pair_039,0.066654,1167.142068,1177.000605,
5,phase2,38,pair_039,0.083045,1167.158459,1177.016995,
6,phase2,38,pair_039,0.099666,1167.175081,1177.033617,
7,phase2,38,pair_039,0.116332,1167.191747,1177.050283,
8,phase2,38,pair_039,0.132953,1167.208367,1177.066904,
9,phase2,38,pair_039,0.149643,1167.225058,1177.083594,
10,phase2,38,pair_039,0.166362,1167.241777,1177.100313,
11,phase2,38,pair_039,0.182984,1167.258398,1177.116934,
12,phase2,38,pair_039,0.199614,1167.275028,1177.133565,
13,phase2,38,pair_039,0.216315,1167.29173,1177.150266,
14,phase2,38,pair_039,0.232944,1167.308362,1177.166895,
15,phase2,38,pair_039,0.249733,1167.325149,1177.183683,
16,phase2,38,pair_039,0.266394,1167.341809,1177.200345,
17,phase2,38,pair_039,0.283159,1167.358574,1177.217109,
18,phase2,38,pair_039,0.299774,1167.375192,1177.233725,
19,phase2,38,pair_039,0.316405,1167.391823,1177.250355,
20,phase2,38,pair_039,0.333091,1167.408512,1177.267041,
21,phase2,38,pair_039,0.34973,1167.42515,1177.283681,
22,phase2,38,pair_039,0.366384,1167.441802,1177.300334,
23,phase2,38,pair_039,0.383069,1167.458488,1177.31702,
24,phase2,38,pair_039,0.399761,1167.475178,1177.333711,
25,phase2,38,pair_039,0.416409,1167.491827,1177.350359,
26,phase2,38,pair_039,0.433049,1167.508465,1177.366999,
27,phase2,38,pair_039,0.449701,1167.525117,1177.383651,
28,phase2,38,pair_039,0.466382,1167.5418,1177.400333,
29,phase2,38,pair_039,0.483103,1167.558522,1177.417054,
30,phase2,38,pair_039,0.49975,1167.575171,1177.433701,
31,phase2,38,pair_039,0.516411,1167.59183,1177.450361,
32,phase2,38,pair_039,0.533055,1167.608473,1177.467005,
33,phase2,38,pair_039,0.549746,1167.625164,1177.483696,
34,phase2,38,pair_039,0.566404,1167.641824,1177.500354,
35,phase2,38,pair_039,0.583067,1167.658486,1177.517018,
36,phase2,38,pair_039,0.599746,1167.675164,1177.533696,
37,phase2,38,pair_039,0.616417,1167.691835,1177.550367,
38,phase2,38,pair_039,0.633058,1167.708478,1177.567009,
39,phase2,38,pair_039,0.649885,1167.725302,1177.583836,
40,phase2,38,pair_039,0.666399,1167.74182,1177.60035,
41,phase2,38,pair_039,0.683063,1167.758483,1177.617014,
42,phase2,38,pair_039,0.699792,1167.775213,1177.633743,
43,phase2,38,pair_039,0.716396,1167.791814,1177.650346,
44,phase2,38,pair_039,0.73304,1167.808459,1177.666991,
45,phase2,38,pair_039,0.749835,1167.825257,1177.683785,
46,phase2,38,pair_039,0.766505,1167.841925,1177.700456,
47,phase2,38,pair_039,0.783087,1167.858503,1177.717038,
48,phase2,38,pair_039,0.800101,1167.875516,1177.734051,
49,phase2,38,pair_039,0.816414,1167.891829,1177.750365,
50,phase2,38,pair_039,0.833118,1167.908532,1177.767068,
51,phase2,38,pair_039,0.850029,1167.925444,1177.78398,
52,phase2,38,pair_039,0.866763,1167.942178,1177.800714,
53,phase2,38,pair_039,0.883101,1167.958515,1177.817051,
54,phase2,38,pair_039,0.899757,1167.975171,1177.833707,
55,phase2,38,pair_039,0.916446,1167.991861,1177.850397,
56,phase2,38,pair_039,0.933399,1168.008813,1177.86735,
57,phase2,38,pair_039,0.949728,1168.025142,1177.883678,
58,phase2,38,pair_039,0.966433,1168.041847,1177.900383,
59,phase2,38,pair_039,0.983191,1168.058609,1177.917142,
60,phase2,38,pair_039,1.000087,1168.075501,1177.934038,
61,phase2,38,pair_039,1.016461,1168.091876,1177.950412,
62,phase2,38,pair_039,1.033062,1168.108476,1177.967013,
63,phase2,38,pair_039,1.049836,1168.125264,1177.983786,
64,phase2,38,pair_039,1.066755,1168.142169,1178.000706,
65,phase2,38,pair_039,1.083103,1168.158517,1178.017053,
66,phase2,38,pair_039,1.099765,1168.175179,1178.033716,
67,phase2,38,pair_039,1.116523,1168.191937,1178.050474,
68,phase2,38,pair_039,1.133445,1168.208861,1178.067395,
69,phase2,38,pair_039,1.149675,1168.225093,1178.083625,
70,phase2,38,pair_039,1.166426,1168.24184,1178.100376,
71,phase2,38,pair_039,1.183091,1168.258505,1178.117041,
72,phase2,38,pair_039,1.200081,1168.2755,1178.134032,
73,phase2,38,pair_039,1.216702,1168.292116,1178.150652,
74,phase2,38,pair_039,1.2331,1168.308514,1178.16705,
0,phase2,38,pair_039,0.0,1168.325201,1178.183731,single_opt_onset_seq4_opt2_采果
1,phase2,38,pair_039,0.016678,1168.341874,1178.200409,
2,phase2,38,pair_039,0.033637,1168.358834,1178.217369,
3,phase2,38,pair_039,0.049978,1168.375174,1178.23371,
4,phase2,38,pair_039,0.066668,1168.391864,1178.2504,
5,phase2,38,pair_039,0.083622,1168.408818,1178.267354,
6,phase2,38,pair_039,0.100309,1168.425504,1178.28404,
7,phase2,38,pair_039,0.116657,1168.441857,1178.300388,
8,phase2,38,pair_039,0.133316,1168.458512,1178.317048,
9,phase2,38,pair_039,0.150053,1168.475251,1178.333784,
10,phase2,38,pair_039,0.166943,1168.492139,1178.350674,
11,phase2,38,pair_039,0.18331,1168.508506,1178.367041,
12,phase2,38,pair_039,0.19993,1168.525126,1178.383661,
13,phase2,38,pair_039,0.216912,1168.542108,1178.400643,
14,phase2,38,pair_039,0.233323,1168.558521,1178.417054,
15,phase2,38,pair_039,0.249965,1168.575164,1178.433697,
16,phase2,38,pair_039,0.266621,1168.591817,1178.450352,
17,phase2,38,pair_039,0.283302,1168.608498,1178.467033,
18,phase2,38,pair_039,0.299976,1168.625172,1178.483707,
19,phase2,38,pair_039,0.316608,1168.641803,1178.500339,
20,phase2,38,pair_039,0.333321,1168.658518,1178.517053,
21,phase2,38,pair_039,0.34999,1168.675186,1178.533722,
22,phase2,38,pair_039,0.366635,1168.691831,1178.550366,
23,phase2,38,pair_039,0.383613,1168.70881,1178.567344,
24,phase2,38,pair_039,0.399982,1168.725178,1178.583713,
25,phase2,38,pair_039,0.416678,1168.741875,1178.600409,
26,phase2,38,pair_039,0.433618,1168.758814,1178.617349,
27,phase2,38,pair_039,0.450273,1168.775469,1178.634004,
28,phase2,38,pair_039,0.466639,1168.791835,1178.650371,
29,phase2,38,pair_039,0.483362,1168.808558,1178.667093,
30,phase2,38,pair_039,0.499965,1168.825161,1178.683697,
31,phase2,38,pair_039,0.516956,1168.842152,1178.700688,
32,phase2,38,pair_039,0.533291,1168.858487,1178.717022,
33,phase2,38,pair_039,0.549976,1168.875171,1178.733707,
34,phase2,38,pair_039,0.566687,1168.891882,1178.750418,
35,phase2,38,pair_039,0.583618,1168.908813,1178.767349,
36,phase2,38,pair_039,0.599965,1168.925161,1178.783696,
37,phase2,38,pair_039,0.616637,1168.941833,1178.800368,
38,phase2,38,pair_039,0.633342,1168.958538,1178.817073,
39,phase2,38,pair_039,0.649892,1168.975088,1178.833624,
40,phase2,38,pair_039,0.666911,1168.992106,1178.850642,
41,phase2,38,pair_039,0.683283,1169.008478,1178.867014,
42,phase2,38,pair_039,0.699963,1169.025158,1178.883694,
43,phase2,38,pair_039,0.71661,1169.041806,1178.900341,
44,phase2,38,pair_039,0.733302,1169.058498,1178.917033,
45,phase2,38,pair_039,0.749907,1169.075103,1178.933639,
46,phase2,38,pair_039,0.766635,1169.091832,1178.950367,
47,phase2,38,pair_039,0.783546,1169.108741,1178.967277,
48,phase2,38,pair_039,0.800256,1169.125452,1178.983988,
49,phase2,38,pair_039,0.816629,1169.141824,1179.00036,
50,phase2,38,pair_039,0.833293,1169.158488,1179.017024,
51,phase2,38,pair_039,0.849953,1169.175148,1179.033684,
52,phase2,38,pair_039,0.86694,1169.192136,1179.050671,
53,phase2,38,pair_039,0.883275,1169.20847,1179.067006,
54,phase2,38,pair_039,0.899949,1169.225147,1179.08368,
55,phase2,38,pair_039,0.916504,1169.241699,1179.100235,
56,phase2,38,pair_039,0.933595,1169.258791,1179.117326,
57,phase2,38,pair_039,0.949938,1169.275133,1179.133669,
58,phase2,38,pair_039,0.966631,1169.291827,1179.150363,
59,phase2,38,pair_039,0.983356,1169.308551,1179.167087,
60,phase2,38,pair_039,0.999926,1169.325122,1179.183657,
61,phase2,38,pair_039,1.016907,1169.342102,1179.200638,
62,phase2,38,pair_039,1.033269,1169.358464,1179.217,
63,phase2,38,pair_039,1.04995,1169.375146,1179.233681,
64,phase2,38,pair_039,1.066588,1169.391783,1179.250319,
65,phase2,38,pair_039,1.083292,1169.408487,1179.267023,
66,phase2,38,pair_039,1.099873,1169.425068,1179.283604,
67,phase2,38,pair_039,1.116614,1169.441809,1179.300345,
68,phase2,38,pair_039,1.133549,1169.458744,1179.31728,
69,phase2,38,pair_039,1.150241,1169.475436,1179.333972,
70,phase2,38,pair_039,1.166613,1169.491809,1179.350344,
71,phase2,38,pair_039,1.183289,1169.508487,1179.36702,
72,phase2,38,pair_039,1.199947,1169.525144,1179.383678,
73,phase2,38,pair_039,1.216917,1169.542112,1179.400648,
74,phase2,38,pair_039,1.233274,1169.558471,1179.417005,
75,phase2,38,pair_039,1.249993,1169.575189,1179.433724,
76,phase2,38,pair_039,1.266653,1169.591849,1179.450385,
77,phase2,38,pair_039,1.283579,1169.608775,1179.467311,
78,phase2,38,pair_039,1.299936,1169.625131,1179.483667,
79,phase2,38,pair_039,1.316599,1169.641794,1179.50033,
80,phase2,38,pair_039,1.33322,1169.658416,1179.516952,
81,phase2,38,pair_039,1.349921,1169.675116,1179.533652,
82,phase2,38,pair_039,1.366606,1169.691801,1179.550337,
83,phase2,38,pair_039,1.383275,1169.70847,1179.567006,
84,phase2,38,pair_039,1.399917,1169.725113,1179.583649,
85,phase2,38,pair_039,1.416578,1169.741774,1179.60031,
86,phase2,38,pair_039,1.433564,1169.75876,1179.617295,
87,phase2,38,pair_039,1.449948,1169.775143,1179.633679,
88,phase2,38,pair_039,1.466621,1169.791816,1179.650352,
89,phase2,38,pair_039,1.48357,1169.808765,1179.667301,
90,phase2,38,pair_039,1.500245,1169.825447,1179.683976,
0,phase2,38,pair_039,0.0,1169.841827,1179.700359,iti_onset_dur_0.600
1,phase2,38,pair_039,0.016653,1169.858475,1179.717012,
2,phase2,38,pair_039,0.033585,1169.875408,1179.733944,
3,phase2,38,pair_039,0.050264,1169.892087,1179.750623,
4,phase2,38,pair_039,0.066624,1169.908446,1179.766983,
5,phase2,38,pair_039,0.08333,1169.925152,1179.783688,
6,phase2,38,pair_039,0.099965,1169.941787,1179.800323,
7,phase2,38,pair_039,0.116938,1169.95876,1179.817296,
8,phase2,38,pair_039,0.133289,1169.975112,1179.833648,
9,phase2,38,pair_039,0.150029,1169.991851,1179.850387,
10,phase2,38,pair_039,0.166645,1170.008467,1179.867004,
11,phase2,38,pair_039,0.183223,1170.025045,1179.883581,
12,phase2,38,pair_039,0.19996,1170.041782,1179.900318,
13,phase2,38,pair_039,0.216613,1170.058435,1179.916971,
14,phase2,38,pair_039,0.233272,1170.075094,1179.933631,
15,phase2,38,pair_039,0.249926,1170.091749,1179.950285,
16,phase2,38,pair_039,0.266614,1170.108436,1179.966972,
17,phase2,38,pair_039,0.283318,1170.12514,1179.983677,
18,phase2,38,pair_039,0.299935,1170.141757,1180.000293,
19,phase2,38,pair_039,0.316629,1170.158452,1180.016988,
20,phase2,38,pair_039,0.33358,1170.175402,1180.033938,
21,phase2,38,pair_039,0.349947,1170.191769,1180.050306,
22,phase2,38,pair_039,0.366651,1170.208473,1180.067009,
23,phase2,38,pair_039,0.383606,1170.225428,1180.083965,
24,phase2,38,pair_039,0.400257,1170.242079,1180.100615,
25,phase2,38,pair_039,0.416585,1170.258408,1180.116944,
26,phase2,38,pair_039,0.433287,1170.275109,1180.133645,
27,phase2,38,pair_039,0.44995,1170.291772,1180.150309,
28,phase2,38,pair_039,0.466917,1170.308739,1180.167275,
29,phase2,38,pair_039,0.483325,1170.325147,1180.183684,
30,phase2,38,pair_039,0.499968,1170.34179,1180.200327,
31,phase2,38,pair_039,0.516606,1170.358429,1180.216965,
32,phase2,38,pair_039,0.533589,1170.375411,1180.233947,
33,phase2,38,pair_039,0.549911,1170.391733,1180.250269,
34,phase2,38,pair_039,0.566594,1170.408416,1180.266953,
35,phase2,38,pair_039,0.583235,1170.425057,1180.283593,
36,phase2,38,pair_039,0.59985,1170.441672,1180.300208,
0,phase2,38,pair_039,0.0,1171.508844,1181.367371,final_choice_onset
1,phase2,38,pair_039,0.01638,1171.525221,1181.383751,
2,phase2,38,pair_039,0.033028,1171.541867,1181.400399,
3,phase2,38,pair_039,0.049695,1171.558534,1181.417066,
4,phase2,38,pair_039,0.066681,1171.575519,1181.434052,
5,phase2,38,pair_039,0.083003,1171.591842,1181.450374,
6,phase2,38,pair_039,0.09968,1171.608518,1181.467051,
7,phase2,38,pair_039,0.116328,1171.625167,1181.4837,
8,phase2,38,pair_039,0.132993,1171.641832,1181.500365,
9,phase2,38,pair_039,0.150001,1171.658839,1181.517372,
10,phase2,38,pair_039,0.166338,1171.675177,1181.53371,
11,phase2,38,pair_039,0.183017,1171.691855,1181.550388,
12,phase2,38,pair_039,0.199662,1171.7085,1181.567033,
13,phase2,38,pair_039,0.216676,1171.725514,1181.584047,
14,phase2,38,pair_039,0.233001,1171.741839,1181.600373,
15,phase2,38,pair_039,0.249688,1171.758526,1181.617059,
16,phase2,38,pair_039,0.266379,1171.775217,1181.63375,
17,phase2,38,pair_039,0.283001,1171.79184,1181.650372,
18,phase2,38,pair_039,0.299634,1171.808472,1181.667005,
19,phase2,38,pair_039,0.316334,1171.825179,1181.683705,
20,phase2,38,pair_039,0.333031,1171.841869,1181.700402,
21,phase2,38,pair_039,0.349661,1171.858499,1181.717032,
22,phase2,38,pair_039,0.366648,1171.875489,1181.73402,
23,phase2,38,pair_039,0.383012,1171.89185,1181.750383,
24,phase2,38,pair_039,0.399712,1171.908551,1181.767084,
25,phase2,38,pair_039,0.416277,1171.925115,1181.783648,
26,phase2,38,pair_039,0.432951,1171.941789,1181.800322,
27,phase2,38,pair_039,0.449654,1171.958495,1181.817026,
28,phase2,38,pair_039,0.466343,1171.975185,1181.833714,
29,phase2,38,pair_039,0.483333,1171.992172,1181.850705,
30,phase2,38,pair_039,0.49998,1172.008818,1181.867351,
31,phase2,38,pair_039,0.516349,1172.025188,1181.883721,
32,phase2,38,pair_039,0.533063,1172.041902,1181.900435,
33,phase2,38,pair_039,0.549666,1172.058505,1181.917037,
34,phase2,38,pair_039,0.566667,1172.075505,1181.934038,
35,phase2,38,pair_039,0.583017,1172.091856,1181.950389,
36,phase2,38,pair_039,0.599658,1172.108497,1181.96703,
37,phase2,38,pair_039,0.616351,1172.12519,1181.983722,
38,phase2,38,pair_039,0.632966,1172.141804,1182.000337,
39,phase2,38,pair_039,0.649654,1172.158492,1182.017025,
40,phase2,38,pair_039,0.666319,1172.175158,1182.033691,
41,phase2,38,pair_039,0.683249,1172.192087,1182.05062,
42,phase2,38,pair_039,0.699678,1172.208516,1182.067049,
43,phase2,38,pair_039,0.716277,1172.225115,1182.083648,
44,phase2,38,pair_039,0.732996,1172.241835,1182.100367,
45,phase2,38,pair_039,0.749652,1172.258492,1182.117023,
46,phase2,38,pair_039,0.766631,1172.275469,1182.134002,
47,phase2,38,pair_039,0.782894,1172.291732,1182.150265,
48,phase2,38,pair_039,0.799637,1172.308475,1182.167008,
49,phase2,38,pair_039,0.816368,1172.325206,1182.183739,
50,phase2,38,pair_039,0.833306,1172.342144,1182.200677,
51,phase2,38,pair_039,0.849954,1172.358792,1182.217326,
52,phase2,38,pair_039,0.866323,1172.375162,1182.233695,
53,phase2,38,pair_039,0.882951,1172.39179,1182.250323,
54,phase2,38,pair_039,0.89972,1172.408558,1182.267091,
55,phase2,38,pair_039,0.916259,1172.425098,1182.283631,
56,phase2,38,pair_039,0.932993,1172.441831,1182.300364,
57,phase2,38,pair_039,0.949652,1172.458493,1182.317024,
58,phase2,38,pair_039,0.966373,1172.475212,1182.333745,
59,phase2,38,pair_039,0.983293,1172.492131,1182.350664,
60,phase2,38,pair_039,0.999655,1172.508493,1182.367026,
61,phase2,38,pair_039,1.016311,1172.525149,1182.383682,
62,phase2,38,pair_039,1.033251,1172.54209,1182.400623,
63,phase2,38,pair_039,1.049631,1172.558469,1182.417002,
64,phase2,38,pair_039,1.066302,1172.57514,1182.433673,
65,phase2,38,pair_039,1.08295,1172.591789,1182.450322,
66,phase2,38,pair_039,1.099635,1172.608475,1182.467006,
67,phase2,38,pair_039,1.116328,1172.62517,1182.4837,
68,phase2,38,pair_039,1.132984,1172.641822,1182.500355,
69,phase2,38,pair_039,1.14966,1172.658498,1182.517031,
70,phase2,38,pair_039,1.166301,1172.675138,1182.533672,
71,phase2,38,pair_039,1.18296,1172.691798,1182.550332,
72,phase2,38,pair_039,1.199956,1172.708794,1182.567327,
73,phase2,38,pair_039,1.216294,1172.725132,1182.583665,
74,phase2,38,pair_039,1.232928,1172.741767,1182.6003,
75,phase2,38,pair_039,1.249951,1172.758789,1182.617322,
76,phase2,38,pair_039,1.266576,1172.775414,1182.633947,
77,phase2,38,pair_039,1.282937,1172.791783,1182.650309,
78,phase2,38,pair_039,1.299632,1172.80847,1182.667003,
79,phase2,38,pair_039,1.31631,1172.825148,1182.683681,
80,phase2,38,pair_039,1.333265,1172.842103,1182.700636,
81,phase2,38,pair_039,1.349607,1172.858445,1182.716979,
82,phase2,38,pair_039,1.366278,1172.875116,1182.73365,
83,phase2,38,pair_039,1.383051,1172.891889,1182.750422,
84,phase2,38,pair_039,1.399622,1172.908462,1182.766993,
85,phase2,38,pair_039,1.416299,1172.925138,1182.78367,
86,phase2,38,pair_039,1.432978,1172.941817,1182.80035,
87,phase2,38,pair_039,1.449719,1172.958557,1182.817091,
88,phase2,38,pair_039,1.466274,1172.975113,1182.833646,
89,phase2,38,pair_039,1.483252,1172.99209,1182.850623,
90,phase2,38,pair_039,1.499625,1173.008463,1182.866996,
91,phase2,38,pair_039,1.516361,1173.025199,1182.883732,
92,phase2,38,pair_039,1.532965,1173.041803,1182.900336,
93,phase2,38,pair_039,1.549919,1173.058757,1182.91729,
94,phase2,38,pair_039,1.566281,1173.07512,1182.933653,
95,phase2,38,pair_039,1.58298,1173.091819,1182.950352,
96,phase2,38,pair_039,1.599602,1173.108441,1182.966974,
97,phase2,38,pair_039,1.616552,1173.12539,1182.983923,
98,phase2,38,pair_039,1.632952,1173.14179,1183.000323,
99,phase2,38,pair_039,1.649627,1173.158465,1183.016998,
100,phase2,38,pair_039,1.666348,1173.175186,1183.033719,
101,phase2,38,pair_039,1.683258,1173.192096,1183.050629,
102,phase2,38,pair_039,1.699611,1173.20845,1183.066982,
103,phase2,38,pair_039,1.716311,1173.225149,1183.083682,
104,phase2,38,pair_039,1.733018,1173.241856,1183.100389,
105,phase2,38,pair_039,1.749943,1173.258781,1183.117314,
106,phase2,38,pair_039,1.766269,1173.275107,1183.13364,
107,phase2,38,pair_039,1.782993,1173.291831,1183.150364,
108,phase2,38,pair_039,1.799608,1173.308446,1183.166979,
109,phase2,38,pair_039,1.816286,1173.325123,1183.183657,
110,phase2,38,pair_039,1.83293,1173.341768,1183.200301,
111,phase2,38,pair_039,1.849642,1173.358483,1183.217014,
112,phase2,38,pair_039,1.866568,1173.375407,1183.233939,
113,phase2,38,pair_039,1.882922,1173.391761,1183.250294,
114,phase2,38,pair_039,1.8996,1173.408441,1183.266971,
115,phase2,38,pair_039,1.916303,1173.425142,1183.283675,
116,phase2,38,pair_039,1.932941,1173.441779,1183.300312,
117,phase2,38,pair_039,1.949939,1173.458778,1183.317311,
118,phase2,38,pair_039,1.966283,1173.475128,1183.333655,
119,phase2,38,pair_039,1.982933,1173.491771,1183.350304,
120,phase2,38,pair_039,1.999586,1173.508424,1183.366957,
121,phase2,38,pair_039,2.016282,1173.525123,1183.383654,
122,phase2,38,pair_039,2.032944,1173.541782,1183.400315,
123,phase2,38,pair_039,2.049601,1173.558439,1183.416973,
124,phase2,38,pair_039,2.066296,1173.575134,1183.433667,
125,phase2,38,pair_039,2.082889,1173.591727,1183.45026,
126,phase2,38,pair_039,2.099597,1173.608436,1183.466968,
127,phase2,38,pair_039,2.116277,1173.625117,1183.483648,
128,phase2,38,pair_039,2.13296,1173.641798,1183.500332,
129,phase2,38,pair_039,2.14958,1173.658418,1183.516951,
130,phase2,38,pair_039,2.166569,1173.675407,1183.533941,
131,phase2,38,pair_039,2.18295,1173.691789,1183.550322,
132,phase2,38,pair_039,2.199573,1173.708413,1183.566945,
133,phase2,38,pair_039,2.216219,1173.725057,1183.58359,
134,phase2,38,pair_039,2.232928,1173.741766,1183.600299,
135,phase2,38,pair_039,2.249598,1173.758436,1183.616969,
136,phase2,38,pair_039,2.266315,1173.775157,1183.633686,
137,phase2,38,pair_039,2.28292,1173.791758,1183.650292,
138,phase2,38,pair_039,2.299589,1173.808427,1183.666961,
139,phase2,38,pair_039,2.316252,1173.825092,1183.683623,
140,phase2,38,pair_039,2.332946,1173.841784,1183.700317,
141,phase2,38,pair_039,2.349654,1173.858493,1183.717026,
142,phase2,38,pair_039,2.366239,1173.875077,1183.73361,
143,phase2,38,pair_039,2.382866,1173.891704,1183.750237,
144,phase2,38,pair_039,2.399609,1173.908447,1183.766981,
145,phase2,38,pair_039,2.416276,1173.925114,1183.783647,
146,phase2,38,pair_039,2.43292,1173.941758,1183.800291,
147,phase2,38,pair_039,2.449591,1173.958429,1183.816962,
148,phase2,38,pair_039,2.466239,1173.975077,1183.833611,
149,phase2,38,pair_039,2.482927,1173.991766,1183.850299,
150,phase2,38,pair_039,2.499593,1174.008431,1183.866964,
151,phase2,38,pair_039,2.516232,1174.02507,1183.883603,
152,phase2,38,pair_039,2.532922,1174.04176,1183.900293,
153,phase2,38,pair_039,2.54959,1174.058428,1183.916961,
154,phase2,38,pair_039,2.566326,1174.075164,1183.933697,
155,phase2,38,pair_039,2.58293,1174.091768,1183.950301,
156,phase2,38,pair_039,2.599586,1174.108424,1183.966957,
157,phase2,38,pair_039,2.616234,1174.125073,1183.983606,
158,phase2,38,pair_039,2.632911,1174.141749,1184.000282,
159,phase2,38,pair_039,2.649594,1174.158432,1184.016966,
160,phase2,38,pair_039,2.666251,1174.175089,1184.033622,
161,phase2,38,pair_039,2.682949,1174.191787,1184.05032,
162,phase2,38,pair_039,2.699591,1174.208429,1184.066962,
163,phase2,38,pair_039,2.716549,1174.225388,1184.083921,
164,phase2,38,pair_039,2.732909,1174.241747,1184.10028,
165,phase2,38,pair_039,2.749561,1174.258399,1184.116932,
166,phase2,38,pair_039,2.766292,1174.275131,1184.133664,
167,phase2,38,pair_039,2.782899,1174.291737,1184.15027,
168,phase2,38,pair_039,2.79956,1174.308398,1184.166931,
169,phase2,38,pair_039,2.816299,1174.325137,1184.183671,
170,phase2,38,pair_039,2.832957,1174.341795,1184.200328,
171,phase2,38,pair_039,2.849621,1174.358459,1184.216992,
172,phase2,38,pair_039,2.866237,1174.375075,1184.233608,
173,phase2,38,pair_039,2.882889,1174.391729,1184.25026,
174,phase2,38,pair_039,2.899845,1174.408684,1184.267216,
175,phase2,38,pair_039,2.916529,1174.425367,1184.283901,
176,phase2,38,pair_039,2.932912,1174.441751,1184.300284,
177,phase2,38,pair_039,2.94958,1174.458418,1184.316951,
178,phase2,38,pair_039,2.966231,1174.47507,1184.333603,
179,phase2,38,pair_039,2.9829,1174.491738,1184.350272,
180,phase2,38,pair_039,2.999574,1174.508412,1184.366945,
181,phase2,38,pair_039,3.0162,1174.525039,1184.383572,
182,phase2,38,pair_039,3.032927,1174.541765,1184.400299,
183,phase2,38,pair_039,3.049571,1174.558409,1184.416943,
184,phase2,38,pair_039,3.066215,1174.575053,1184.433586,
185,phase2,38,pair_039,3.082887,1174.591725,1184.450258,
186,phase2,38,pair_039,3.099597,1174.608435,1184.466968,
187,phase2,38,pair_039,3.116288,1174.625127,1184.48366,
188,phase2,38,pair_039,3.132902,1174.64174,1184.500273,
189,phase2,38,pair_039,3.149524,1174.658362,1184.516895,
190,phase2,38,pair_039,3.166245,1174.675083,1184.533616,
191,phase2,38,pair_039,3.182882,1174.69172,1184.550253,
192,phase2,38,pair_039,3.199543,1174.708381,1184.566914,
193,phase2,38,pair_039,3.216221,1174.725059,1184.583592,
194,phase2,38,pair_039,3.232968,1174.741806,1184.60034,
195,phase2,38,pair_039,3.249822,1174.75866,1184.617193,
196,phase2,38,pair_039,3.266498,1174.775335,1184.633869,
197,phase2,38,pair_039,3.282901,1174.791739,1184.650272,
198,phase2,38,pair_039,3.299581,1174.808419,1184.666952,
199,phase2,38,pair_039,3.316214,1174.825052,1184.683585,
200,phase2,38,pair_039,3.332955,1174.841793,1184.700326,
201,phase2,38,pair_039,3.349582,1174.85842,1184.716953,
202,phase2,38,pair_039,3.366221,1174.875059,1184.733592,
203,phase2,38,pair_039,3.38316,1174.891998,1184.750532,
204,phase2,38,pair_039,3.399538,1174.908376,1184.766909,
205,phase2,38,pair_039,3.416223,1174.925061,1184.783595,
206,phase2,38,pair_039,3.432906,1174.941744,1184.800278,
207,phase2,38,pair_039,3.449571,1174.958409,1184.816942,
208,phase2,38,pair_039,3.466209,1174.975047,1184.83358,
209,phase2,38,pair_039,3.482887,1174.991725,1184.850258,
210,phase2,38,pair_039,3.499559,1175.008397,1184.86693,
211,phase2,38,pair_039,3.516215,1175.025053,1184.883586,
212,phase2,38,pair_039,3.532872,1175.04171,1184.900243,
213,phase2,38,pair_039,3.549547,1175.058385,1184.916918,
214,phase2,38,pair_039,3.566211,1175.075049,1184.933583,
215,phase2,38,pair_039,3.582928,1175.091766,1184.9503,
216,phase2,38,pair_039,3.599547,1175.108385,1184.966918,
217,phase2,38,pair_039,3.616188,1175.125026,1184.98356,
218,phase2,38,pair_039,3.632877,1175.141715,1185.000248,
219,phase2,38,pair_039,3.649557,1175.158395,1185.016928,
220,phase2,38,pair_039,3.666197,1175.175035,1185.033568,
221,phase2,38,pair_039,3.68299,1175.191828,1185.050362,
222,phase2,38,pair_039,3.699645,1175.208483,1185.067016,
223,phase2,38,pair_039,3.716352,1175.22519,1185.083723,
224,phase2,38,pair_039,3.733317,1175.242155,1185.100688,
225,phase2,38,pair_039,3.749674,1175.258512,1185.117045,
226,phase2,38,pair_039,3.766322,1175.27516,1185.133693,
227,phase2,38,pair_039,3.783002,1175.291841,1185.150373,
228,phase2,38,pair_039,3.799978,1175.308816,1185.16735,
229,phase2,38,pair_039,3.816306,1175.325144,1185.183677,
230,phase2,38,pair_039,3.833001,1175.341842,1185.200372,
231,phase2,38,pair_039,3.849695,1175.358533,1185.217066,
232,phase2,38,pair_039,3.866327,1175.375165,1185.233699,
233,phase2,38,pair_039,3.88295,1175.391788,1185.250321,
234,phase2,38,pair_039,3.899664,1175.408504,1185.267035,
235,phase2,38,pair_039,3.916344,1175.425182,1185.283715,
236,phase2,38,pair_039,3.932983,1175.441822,1185.300354,
237,phase2,38,pair_039,3.949648,1175.458486,1185.317019,
238,phase2,38,pair_039,3.966346,1175.475184,1185.333717,
239,phase2,38,pair_039,3.983029,1175.491869,1185.350401,
240,phase2,38,pair_039,3.999635,1175.508473,1185.367007,
241,phase2,38,pair_039,4.016634,1175.525472,1185.384005,
242,phase2,38,pair_039,4.032988,1175.541827,1185.40036,
243,phase2,38,pair_039,4.049653,1175.558492,1185.417025,
244,phase2,38,pair_039,4.066323,1175.575164,1185.433695,
245,phase2,38,pair_039,4.083303,1175.592141,1185.450674,
246,phase2,38,pair_039,4.099641,1175.608478,1185.467012,
247,phase2,38,pair_039,4.116317,1175.625155,1185.483688,
248,phase2,38,pair_039,4.132964,1175.641802,1185.500335,
249,phase2,38,pair_039,4.149963,1175.658801,1185.517334,
250,phase2,38,pair_039,4.166327,1175.675167,1185.533698,
251,phase2,38,pair_039,4.182965,1175.691803,1185.550336,
252,phase2,38,pair_039,4.199677,1175.708518,1185.567049,
253,phase2,38,pair_039,4.216624,1175.725462,1185.583995,
254,phase2,38,pair_039,4.232973,1175.741811,1185.600344,
255,phase2,38,pair_039,4.249612,1175.75845,1185.616983,
256,phase2,38,pair_039,4.266319,1175.775164,1185.63369,
257,phase2,38,pair_039,4.282949,1175.791788,1185.650321,
258,phase2,38,pair_039,4.299938,1175.808776,1185.667309,
259,phase2,38,pair_039,4.316322,1175.825162,1185.683693,
260,phase2,38,pair_039,4.332966,1175.841803,1185.700337,
261,phase2,38,pair_039,4.349637,1175.858476,1185.717008,
262,phase2,38,pair_039,4.366602,1175.87544,1185.733973,
263,phase2,38,pair_039,4.383003,1175.891842,1185.750375,
264,phase2,38,pair_039,4.399875,1175.908713,1185.767246,
265,phase2,38,pair_039,4.416636,1175.925474,1185.784007,
266,phase2,38,pair_039,4.433281,1175.942119,1185.800652,
267,phase2,38,pair_039,4.44965,1175.958488,1185.817021,
268,phase2,38,pair_039,4.466315,1175.975156,1185.833687,
269,phase2,38,pair_039,4.482951,1175.991789,1185.850322,
270,phase2,38,pair_039,4.499946,1176.008784,1185.867317,
271,phase2,38,pair_039,4.516325,1176.025163,1185.883696,
272,phase2,38,pair_039,4.532957,1176.041796,1185.900329,
273,phase2,38,pair_039,4.549708,1176.058547,1185.91708,
274,phase2,38,pair_039,4.566625,1176.075467,1185.933996,
275,phase2,38,pair_039,4.582921,1176.09176,1185.950292,
276,phase2,38,pair_039,4.599654,1176.108492,1185.967025,
277,phase2,38,pair_039,4.616277,1176.125115,1185.983648,
278,phase2,38,pair_039,4.63293,1176.141768,1186.000302,
279,phase2,38,pair_039,4.649671,1176.158509,1186.017042,
280,phase2,38,pair_039,4.666278,1176.175116,1186.033649,
281,phase2,38,pair_039,4.682968,1176.191807,1186.05034,
282,phase2,38,pair_039,4.699606,1176.208444,1186.066977,
283,phase2,38,pair_039,4.716331,1176.225171,1186.083702,
284,phase2,38,pair_039,4.732929,1176.241767,1186.1003,
285,phase2,38,pair_039,4.74963,1176.258468,1186.117001,
286,phase2,38,pair_039,4.766277,1176.275117,1186.133649,
287,phase2,38,pair_039,4.78297,1176.29181,1186.150341,
288,phase2,38,pair_039,4.799655,1176.308495,1186.167027,
289,phase2,38,pair_039,4.816323,1176.325161,1186.183695,
290,phase2,38,pair_039,4.83297,1176.341808,1186.200342,
291,phase2,38,pair_039,4.849946,1176.358784,1186.217318,
292,phase2,38,pair_039,4.866265,1176.375104,1186.233637,
293,phase2,38,pair_039,4.883204,1176.392043,1186.250576,
294,phase2,38,pair_039,4.899601,1176.40844,1186.266973,
295,phase2,38,pair_039,4.9166,1176.425438,1186.283971,
296,phase2,38,pair_039,4.932952,1176.44179,1186.300323,
297,phase2,38,pair_039,4.949634,1176.458472,1186.317006,
298,phase2,38,pair_039,4.96629,1176.475128,1186.333661,
299,phase2,38,pair_039,4.983286,1176.492124,1186.350657,
300,phase2,38,pair_039,4.999585,1176.508424,1186.366957,
301,phase2,38,pair_039,5.016285,1176.525123,1186.383656,
302,phase2,38,pair_039,5.032935,1176.541773,1186.400306,
303,phase2,38,pair_039,5.049602,1176.55844,1186.416973,
304,phase2,38,pair_039,5.066305,1176.575144,1186.433677,
305,phase2,38,pair_039,5.082958,1176.591797,1186.45033,
306,phase2,38,pair_039,5.09967,1176.608508,1186.467041,
307,phase2,38,pair_039,5.116266,1176.625104,1186.483637,
308,phase2,38,pair_039,5.132947,1176.641785,1186.500318,
309,phase2,38,pair_039,5.149616,1176.658454,1186.516987,
310,phase2,38,pair_039,5.166266,1176.675105,1186.533638,
311,phase2,38,pair_039,5.182953,1176.691793,1186.550324,
312,phase2,38,pair_039,5.199575,1176.708413,1186.566947,
313,phase2,38,pair_039,5.216278,1176.725116,1186.583649,
314,phase2,38,pair_039,5.232954,1176.741792,1186.600325,
315,phase2,38,pair_039,5.249919,1176.758757,1186.61729,
316,phase2,38,pair_039,5.266217,1176.775055,1186.633588,
317,phase2,38,pair_039,5.282939,1176.791777,1186.65031,
318,phase2,38,pair_039,5.299675,1176.808513,1186.667046,
319,phase2,38,pair_039,5.31652,1176.825358,1186.683891,
320,phase2,38,pair_039,5.333249,1176.842087,1186.70062,
321,phase2,38,pair_039,5.349553,1176.858391,1186.716925,
322,phase2,38,pair_039,5.36627,1176.87511,1186.733642,
323,phase2,38,pair_039,5.382911,1176.891749,1186.750283,
324,phase2,38,pair_039,5.399566,1176.908404,1186.766937,
325,phase2,38,pair_039,5.416282,1176.925123,1186.783654,
326,phase2,38,pair_039,5.432956,1176.941795,1186.800328,
327,phase2,38,pair_039,5.449909,1176.958747,1186.81728,
328,phase2,38,pair_039,5.466236,1176.975074,1186.833607,
329,phase2,38,pair_039,5.48293,1176.991769,1186.850301,
330,phase2,38,pair_039,5.499552,1177.00839,1186.866923,
331,phase2,38,pair_039,5.516262,1177.025101,1186.883633,
332,phase2,38,pair_039,5.532928,1177.041766,1186.900299,
333,phase2,38,pair_039,5.54961,1177.058448,1186.916981,
334,phase2,38,pair_039,5.566277,1177.075119,1186.933649,
335,phase2,38,pair_039,5.583172,1177.09201,1186.950544,
336,phase2,38,pair_039,5.599579,1177.108418,1186.96695,
337,phase2,38,pair_039,5.616233,1177.125071,1186.983604,
338,phase2,38,pair_039,5.632932,1177.14177,1187.000303,
339,phase2,38,pair_039,5.649568,1177.158406,1187.016939,
340,phase2,38,pair_039,5.666253,1177.175091,1187.033624,
341,phase2,38,pair_039,5.682939,1177.191778,1187.05031,
342,phase2,38,pair_039,5.699592,1177.20843,1187.066964,
343,phase2,38,pair_039,5.716277,1177.225115,1187.083648,
344,phase2,38,pair_039,5.733172,1177.24201,1187.100544,
345,phase2,38,pair_039,5.7499,1177.258738,1187.117271,
346,phase2,38,pair_039,5.766269,1177.275108,1187.13364,
347,phase2,38,pair_039,5.782928,1177.291766,1187.150299,
348,phase2,38,pair_039,5.799867,1177.308705,1187.167238,
349,phase2,38,pair_039,5.816251,1177.325089,1187.183623,
350,phase2,38,pair_039,5.832926,1177.341764,1187.200298,
351,phase2,38,pair_039,5.849629,1177.358468,1187.217001,
352,phase2,38,pair_039,5.866327,1177.375165,1187.233698,
353,phase2,38,pair_039,5.883251,1177.392089,1187.250622,
354,phase2,38,pair_039,5.899567,1177.408405,1187.266938,
355,phase2,38,pair_039,5.916269,1177.425111,1187.28364,
356,phase2,38,pair_039,5.932906,1177.441746,1187.300278,
357,phase2,38,pair_039,5.949567,1177.458405,1187.316938,
358,phase2,38,pair_039,5.966242,1177.475081,1187.333614,
359,phase2,38,pair_039,5.982875,1177.491712,1187.350246,
360,phase2,38,pair_039,5.999589,1177.508427,1187.366961,
361,phase2,38,pair_039,6.016255,1177.525094,1187.383627,
362,phase2,38,pair_039,6.03292,1177.54176,1187.400292,
363,phase2,38,pair_039,6.04959,1177.55843,1187.416962,
364,phase2,38,pair_039,6.066265,1177.57511,1187.433637,
365,phase2,38,pair_039,6.082907,1177.591745,1187.450279,
366,phase2,38,pair_039,6.099581,1177.608419,1187.466953,
367,phase2,38,pair_039,6.116222,1177.62506,1187.483593,
368,phase2,38,pair_039,6.132978,1177.641816,1187.500349,
369,phase2,38,pair_039,6.149551,1177.658389,1187.516923,
370,phase2,38,pair_039,6.166262,1177.675106,1187.533633,
371,phase2,38,pair_039,6.182897,1177.691735,1187.550268,
372,phase2,38,pair_039,6.199571,1177.708409,1187.566942,
373,phase2,38,pair_039,6.216227,1177.725065,1187.583599,
374,phase2,38,pair_039,6.2329,1177.741738,1187.600272,
375,phase2,38,pair_039,6.249578,1177.758417,1187.61695,
376,phase2,38,pair_039,6.266198,1177.775036,1187.63357,
377,phase2,38,pair_039,6.282909,1177.791747,1187.65028,
378,phase2,38,pair_039,6.299552,1177.80839,1187.666923,
379,phase2,38,pair_039,6.316233,1177.825071,1187.683604,
380,phase2,38,pair_039,6.332961,1177.8418,1187.700333,
381,phase2,38,pair_039,6.349803,1177.858642,1187.717175,
382,phase2,38,pair_039,6.366253,1177.875093,1187.733624,
383,phase2,38,pair_039,6.382895,1177.891733,1187.750266,
384,phase2,38,pair_039,6.399596,1177.908434,1187.766967,
385,phase2,38,pair_039,6.416192,1177.925032,1187.783564,
386,phase2,38,pair_039,6.433214,1177.942052,1187.800585,
387,phase2,38,pair_039,6.449569,1177.958407,1187.81694,
388,phase2,38,pair_039,6.466254,1177.975092,1187.833625,
389,phase2,38,pair_039,6.482902,1177.99174,1187.850273,
390,phase2,38,pair_039,6.499554,1178.008392,1187.866926,
391,phase2,38,pair_039,6.516231,1178.025069,1187.883603,
392,phase2,38,pair_039,6.532882,1178.04172,1187.900253,
393,phase2,38,pair_039,6.549559,1178.058399,1187.916931,
394,phase2,38,pair_039,6.566297,1178.075138,1187.933668,
395,phase2,38,pair_039,6.582864,1178.091702,1187.950235,
396,phase2,38,pair_039,6.599545,1178.108383,1187.966916,
397,phase2,38,pair_039,6.616196,1178.125033,1187.983567,
398,phase2,38,pair_039,6.633172,1178.142011,1188.000544,
399,phase2,38,pair_039,6.649547,1178.158385,1188.016919,
400,phase2,38,pair_039,6.666227,1178.175065,1188.033598,
401,phase2,38,pair_039,6.682894,1178.191732,1188.050265,
402,phase2,38,pair_039,6.699556,1178.208394,1188.066928,
403,phase2,38,pair_039,6.716229,1178.225067,1188.083601,
404,phase2,38,pair_039,6.732875,1178.241713,1188.100246,
405,phase2,38,pair_039,6.74959,1178.258428,1188.116961,
406,phase2,38,pair_039,6.766211,1178.275049,1188.133583,
407,phase2,38,pair_039,6.782863,1178.291701,1188.150234,
408,phase2,38,pair_039,6.799557,1178.308395,1188.166929,
409,phase2,38,pair_039,6.816233,1178.325071,1188.183604,
410,phase2,38,pair_039,6.832877,1178.341715,1188.200248,
411,phase2,38,pair_039,6.849587,1178.358425,1188.216958,
412,phase2,38,pair_039,6.866241,1178.375079,1188.233612,
413,phase2,38,pair_039,6.882876,1178.391714,1188.250247,
414,phase2,38,pair_039,6.899542,1178.40838,1188.266914,
415,phase2,38,pair_039,6.916246,1178.425084,1188.283617,
416,phase2,38,pair_039,6.932864,1178.441702,1188.300235,
417,phase2,38,pair_039,6.949557,1178.458395,1188.316929,
418,phase2,38,pair_039,6.966204,1178.475042,1188.333576,
419,phase2,38,pair_039,6.982871,1178.491709,1188.350242,
420,phase2,38,pair_039,6.999541,1178.508379,1188.366912,
421,phase2,38,pair_039,7.016208,1178.525046,1188.383579,
422,phase2,38,pair_039,7.032873,1178.541711,1188.400244,
423,phase2,38,pair_039,7.049609,1178.558447,1188.41698,
424,phase2,38,pair_039,7.066174,1178.575012,1188.433545,
425,phase2,38,pair_039,7.082873,1178.591711,1188.450245,
426,phase2,38,pair_039,7.09954,1178.608378,1188.466911,
427,phase2,38,pair_039,7.116195,1178.625033,1188.483566,
428,phase2,38,pair_039,7.132866,1178.641704,1188.500237,
429,phase2,38,pair_039,7.149538,1178.658376,1188.51691,
430,phase2,38,pair_039,7.166469,1178.675307,1188.53384,
431,phase2,38,pair_039,7.18284,1178.691678,1188.550212,
432,phase2,38,pair_039,7.199529,1178.708367,1188.5669,
433,phase2,38,pair_039,7.216182,1178.72502,1188.583553,
434,phase2,38,pair_039,7.232931,1178.74177,1188.600303,
435,phase2,38,pair_039,7.249529,1178.758367,1188.6169,
436,phase2,38,pair_039,7.266168,1178.775006,1188.633539,
437,phase2,38,pair_039,7.282861,1178.791699,1188.650232,
438,phase2,38,pair_039,7.299609,1178.808447,1188.66698,
439,phase2,38,pair_039,7.316246,1178.825086,1188.683617,
440,phase2,38,pair_039,7.332862,1178.8417,1188.700233,
441,phase2,38,pair_039,7.349513,1178.858351,1188.716884,
442,phase2,38,pair_039,7.366179,1178.875017,1188.73355,
443,phase2,38,pair_039,7.382812,1178.891651,1188.750184,
444,phase2,38,pair_039,7.399831,1178.908669,1188.767202,
445,phase2,38,pair_039,7.416149,1178.924987,1188.78352,
446,phase2,38,pair_039,7.433164,1178.942002,1188.800535,
447,phase2,38,pair_039,7.449518,1178.958356,1188.816889,
448,phase2,38,pair_039,7.466174,1178.975012,1188.833545,
449,phase2,38,pair_039,7.482859,1178.991697,1188.850231,
450,phase2,38,pair_039,7.499521,1179.00836,1188.866893,
451,phase2,38,pair_039,7.516198,1179.025039,1188.883569,
452,phase2,38,pair_039,7.532847,1179.041686,1188.900218,
453,phase2,38,pair_039,7.549531,1179.05837,1188.916902,
454,phase2,38,pair_039,7.56619,1179.075028,1188.933561,
455,phase2,38,pair_039,7.582857,1179.091695,1188.950228,
456,phase2,38,pair_039,7.599589,1179.108428,1188.966961,
457,phase2,38,pair_039,7.616251,1179.125089,1188.983622,
458,phase2,38,pair_039,7.632966,1179.141804,1189.000337,
459,phase2,38,pair_039,7.649962,1179.1588,1189.017333,
460,phase2,38,pair_039,7.666605,1179.175443,1189.033976,
461,phase2,38,pair_039,7.682928,1179.191766,1189.050299,
462,phase2,38,pair_039,7.699627,1179.208465,1189.066999,
463,phase2,38,pair_039,7.7163,1179.225138,1189.083671,
464,phase2,38,pair_039,7.733294,1179.242132,1189.100666,
465,phase2,38,pair_039,7.749601,1179.258439,1189.116972,
466,phase2,38,pair_039,7.76626,1179.275098,1189.133631,
467,phase2,38,pair_039,7.783214,1179.292052,1189.150585,
468,phase2,38,pair_039,7.7996,1179.308438,1189.166971,
469,phase2,38,pair_039,7.816314,1179.325155,1189.183685,
470,phase2,38,pair_039,7.832981,1179.341819,1189.200353,
471,phase2,38,pair_039,7.849668,1179.358508,1189.21704,
472,phase2,38,pair_039,7.866293,1179.375131,1189.233664,
473,phase2,38,pair_039,7.882984,1179.391824,1189.250355,
474,phase2,38,pair_039,7.899582,1179.408421,1189.266954,
475,phase2,38,pair_039,7.916325,1179.425164,1189.283696,
476,phase2,38,pair_039,7.932948,1179.441787,1189.30032,
477,phase2,38,pair_039,7.949929,1179.458767,1189.3173,
478,phase2,38,pair_039,7.966272,1179.475109,1189.333643,
479,phase2,38,pair_039,7.982954,1179.491792,1189.350325,
480,phase2,38,pair_039,7.999968,1179.508806,1189.367339,
481,phase2,38,pair_039,8.016587,1179.525425,1189.383959,
482,phase2,38,pair_039,8.032964,1179.541802,1189.400335,
483,phase2,38,pair_039,8.049614,1179.558457,1189.416985,
484,phase2,38,pair_039,8.066232,1179.57507,1189.433603,
485,phase2,38,pair_039,8.082949,1179.591787,1189.450321,
486,phase2,38,pair_039,8.099644,1179.608483,1189.467016,
487,phase2,38,pair_039,8.116292,1179.62513,1189.483663,
488,phase2,38,pair_039,8.132923,1179.641761,1189.500294,
489,phase2,38,pair_039,8.149939,1179.658778,1189.517311,
490,phase2,38,pair_039,8.166272,1179.675109,1189.533643,
491,phase2,38,pair_039,8.182947,1179.691785,1189.550319,
492,phase2,38,pair_039,8.199621,1179.708459,1189.566992,
493,phase2,38,pair_039,8.216595,1179.725433,1189.583967,
494,phase2,38,pair_039,8.232945,1179.741783,1189.600317,
495,phase2,38,pair_039,8.249622,1179.75846,1189.616993,
496,phase2,38,pair_039,8.266265,1179.775104,1189.633637,
497,phase2,38,pair_039,8.282922,1179.79176,1189.650294,
498,phase2,38,pair_039,8.299621,1179.808459,1189.666992,
499,phase2,38,pair_039,8.31626,1179.825098,1189.683631,
500,phase2,38,pair_039,8.333211,1179.842049,1189.700582,
501,phase2,38,pair_039,8.349616,1179.858455,1189.716988,
502,phase2,38,pair_039,8.366277,1179.875115,1189.733648,
503,phase2,38,pair_039,8.382912,1179.89175,1189.750283,
504,phase2,38,pair_039,8.3996,1179.908438,1189.766971,
505,phase2,38,pair_039,8.416264,1179.925104,1189.783635,
506,phase2,38,pair_039,8.433053,1179.941891,1189.800424,
507,phase2,38,pair_039,8.449623,1179.958461,1189.816995,
508,phase2,38,pair_039,8.466272,1179.97511,1189.833644,
509,phase2,38,pair_039,8.483241,1179.992079,1189.850612,
510,phase2,38,pair_039,8.499893,1180.008731,1189.867264,
511,phase2,38,pair_039,8.516263,1180.025101,1189.883634,
512,phase2,38,pair_039,8.532945,1180.041783,1189.900316,
513,phase2,38,pair_039,8.549648,1180.058486,1189.917019,
514,phase2,38,pair_039,8.566597,1180.075437,1189.933968,
515,phase2,38,pair_039,8.582916,1180.091754,1189.950287,
516,phase2,38,pair_039,8.5996,1180.108438,1189.966972,
517,phase2,38,pair_039,8.616491,1180.125331,1189.983862,
518,phase2,38,pair_039,8.632919,1180.141759,1190.00029,
519,phase2,38,pair_039,8.649584,1180.158422,1190.016955,
520,phase2,38,pair_039,8.666269,1180.175107,1190.03364,
521,phase2,38,pair_039,8.682996,1180.191834,1190.050368,
522,phase2,38,pair_039,8.699581,1180.208421,1190.066953,
523,phase2,38,pair_039,8.716285,1180.225126,1190.083657,
524,phase2,38,pair_039,8.732926,1180.241764,1190.100298,
525,phase2,38,pair_039,8.749656,1180.258494,1190.117028,
526,phase2,38,pair_039,8.766255,1180.275094,1190.133627,
527,phase2,38,pair_039,8.782931,1180.291769,1190.150302,
528,phase2,38,pair_039,8.799552,1180.30839,1190.166923,
529,phase2,38,pair_039,8.816298,1180.325136,1190.18367,
530,phase2,38,pair_039,8.833196,1180.342033,1190.200567,
531,phase2,38,pair_039,8.849608,1180.358446,1190.21698,
532,phase2,38,pair_039,8.866267,1180.375105,1190.233638,
533,phase2,38,pair_039,8.882939,1180.391777,1190.250311,
534,phase2,38,pair_039,8.899643,1180.408481,1190.267015,
535,phase2,38,pair_039,8.916562,1180.4254,1190.283934,
536,phase2,38,pair_039,8.932925,1180.441763,1190.300297,
537,phase2,38,pair_039,8.94962,1180.458458,1190.316991,
538,phase2,38,pair_039,8.966528,1180.475368,1190.3339,
539,phase2,38,pair_039,8.983234,1180.492072,1190.350606,
540,phase2,38,pair_039,8.999585,1180.508424,1190.366957,
541,phase2,38,pair_039,9.016258,1180.525098,1190.383629,
542,phase2,38,pair_039,9.032909,1180.541748,1190.400281,
543,phase2,38,pair_039,9.049578,1180.558417,1190.416949,
544,phase2,38,pair_039,9.066208,1180.575046,1190.433579,
545,phase2,38,pair_039,9.082911,1180.591749,1190.450282,
546,phase2,38,pair_039,9.099568,1180.608406,1190.46694,
547,phase2,38,pair_039,9.116238,1180.625076,1190.483609,
548,phase2,38,pair_039,9.13291,1180.641748,1190.500281,
549,phase2,38,pair_039,9.149581,1180.658419,1190.516953,
550,phase2,38,pair_039,9.166223,1180.675061,1190.533594,
551,phase2,38,pair_039,9.182865,1180.691704,1190.550237,
552,phase2,38,pair_039,9.199605,1180.708444,1190.566976,
553,phase2,38,pair_039,9.216234,1180.725072,1190.583606,
554,phase2,38,pair_039,9.232944,1180.741782,1190.600315,
555,phase2,38,pair_039,9.249614,1180.758452,1190.616985,
556,phase2,38,pair_039,9.266213,1180.775051,1190.633584,
557,phase2,38,pair_039,9.282902,1180.791742,1190.650273,
558,phase2,38,pair_039,9.299646,1180.808484,1190.667017,
559,phase2,38,pair_039,9.316259,1180.825097,1190.68363,
560,phase2,38,pair_039,9.332909,1180.841748,1190.700281,
561,phase2,38,pair_039,9.349532,1180.85837,1190.716903,
562,phase2,38,pair_039,9.366272,1180.875113,1190.733644,
563,phase2,38,pair_039,9.382911,1180.891749,1190.750283,
564,phase2,38,pair_039,9.399575,1180.908414,1190.766947,
565,phase2,38,pair_039,9.416245,1180.925083,1190.783616,
566,phase2,38,pair_039,9.432917,1180.941755,1190.800288,
567,phase2,38,pair_039,9.449637,1180.958475,1190.817008,
568,phase2,38,pair_039,9.46658,1180.975419,1190.833952,
569,phase2,38,pair_039,9.482905,1180.991743,1190.850276,
570,phase2,38,pair_039,9.49956,1181.008419,1190.866931,
571,phase2,38,pair_039,9.516311,1181.025149,1190.883682,
572,phase2,38,pair_039,9.532905,1181.041743,1190.900276,
573,phase2,38,pair_039,9.549589,1181.058427,1190.91696,
574,phase2,38,pair_039,9.566179,1181.075017,1190.933551,
575,phase2,38,pair_039,9.58297,1181.092026,1190.950342,
576,phase2,38,pair_039,9.599853,1181.10869,1190.967225,
577,phase2,38,pair_039,9.616221,1181.125059,1190.983592,
578,phase2,38,pair_039,9.632902,1181.141741,1191.000274,
579,phase2,38,pair_039,9.649607,1181.158446,1191.016979,
580,phase2,38,pair_039,9.666532,1181.175371,1191.033904,
581,phase2,38,pair_039,9.682899,1181.191737,1191.05027,
582,phase2,38,pair_039,9.699584,1181.208423,1191.066956,
583,phase2,38,pair_039,9.71621,1181.225049,1191.083582,
584,phase2,38,pair_039,9.733192,1181.242031,1191.100563,
585,phase2,38,pair_039,9.749535,1181.258373,1191.116906,
586,phase2,38,pair_039,9.766193,1181.275031,1191.133564,
587,phase2,38,pair_039,9.78296,1181.291798,1191.150331,
588,phase2,38,pair_039,9.79962,1181.30846,1191.166991,
589,phase2,38,pair_039,9.816208,1181.325046,1191.183579,
590,phase2,38,pair_039,9.832891,1181.341729,1191.200262,
591,phase2,38,pair_039,9.849569,1181.358408,1191.21694,
592,phase2,38,pair_039,9.866204,1181.375043,1191.233576,
593,phase2,38,pair_039,9.882891,1181.391729,1191.250262,
594,phase2,38,pair_039,9.899495,1181.408333,1191.266866,
595,phase2,38,pair_039,9.916226,1181.425065,1191.283598,
596,phase2,38,pair_039,9.932982,1181.441822,1191.300354,
597,phase2,38,pair_039,9.949532,1181.45837,1191.316903,
598,phase2,38,pair_039,9.966243,1181.475081,1191.333614,
599,phase2,38,pair_039,9.98288,1181.491718,1191.350251,
600,phase2,38,pair_039,9.99957,1181.508408,1191.366941,
601,phase2,38,pair_039,-1171.509099,1181.508468,9.858273,timeout
0,phase3,38,pair_039,0.0,1183.325154,1193.183683,stimulus_onset
1,phase3,38,pair_039,0.016637,1183.341788,1193.20032,
2,phase3,38,pair_039,0.033315,1183.358467,1193.216999,
3,phase3,38,pair_039,0.04997,1183.375121,1193.233653,
4,phase3,38,pair_039,0.066639,1183.39179,1193.250322,
5,phase3,38,pair_039,0.083292,1183.408443,1193.266975,
6,phase3,38,pair_039,0.100016,1183.425168,1193.2837,
7,phase3,38,pair_039,0.116953,1183.442104,1193.300637,
8,phase3,38,pair_039,0.133303,1183.458457,1193.316986,
9,phase3,38,pair_039,0.149908,1183.475059,1193.333591,
10,phase3,38,pair_039,0.16663,1183.49178,1193.350313,
11,phase3,38,pair_039,0.183317,1183.508472,1193.367,
12,phase3,38,pair_039,0.199969,1183.52512,1193.383652,
13,phase3,38,pair_039,0.216634,1183.541785,1193.400317,
14,phase3,38,pair_039,0.233297,1183.558448,1193.41698,
15,phase3,38,pair_039,0.249953,1183.575106,1193.433636,
16,phase3,38,pair_039,0.266928,1183.592079,1193.450611,
17,phase3,38,pair_039,0.283302,1183.608457,1193.466985,
18,phase3,38,pair_039,0.299907,1183.625058,1193.48359,
19,phase3,38,pair_039,0.316613,1183.641764,1193.500296,
20,phase3,38,pair_039,0.333564,1183.658715,1193.517248,
21,phase3,38,pair_039,0.349946,1183.675097,1193.533629,
22,phase3,38,pair_039,0.366619,1183.69177,1193.550302,
23,phase3,38,pair_039,0.383257,1183.708408,1193.56694,
24,phase3,38,pair_039,0.399929,1183.72508,1193.583612,
25,phase3,38,pair_039,0.416586,1183.741736,1193.600269,
26,phase3,38,pair_039,0.433262,1183.758413,1193.616945,
27,phase3,38,pair_039,0.449996,1183.775147,1193.633679,
28,phase3,38,pair_039,0.466603,1183.791754,1193.650286,
29,phase3,38,pair_039,0.483302,1183.808453,1193.666985,
30,phase3,38,pair_039,0.499937,1183.825088,1193.683621,
31,phase3,38,pair_039,0.51666,1183.84181,1193.700343,
32,phase3,38,pair_039,0.533254,1183.858405,1193.716938,
33,phase3,38,pair_039,0.549944,1183.875095,1193.733627,
34,phase3,38,pair_039,0.566557,1183.891708,1193.75024,
35,phase3,38,pair_039,0.583319,1183.90847,1193.767003,
36,phase3,38,pair_039,0.599926,1183.92508,1193.783609,
37,phase3,38,pair_039,0.616616,1183.941767,1193.800299,
38,phase3,38,pair_039,0.633291,1183.958442,1193.816974,
39,phase3,38,pair_039,0.64993,1183.975081,1193.833614,
40,phase3,38,pair_039,0.666936,1183.992087,1193.850619,
41,phase3,38,pair_039,0.683277,1184.00843,1193.866961,
42,phase3,38,pair_039,0.699917,1184.025068,1193.8836,
43,phase3,38,pair_039,0.716595,1184.041746,1193.900278,
44,phase3,38,pair_039,0.733254,1184.058404,1193.916937,
45,phase3,38,pair_039,0.749861,1184.075012,1193.933544,
46,phase3,38,pair_039,0.766609,1184.09176,1193.950293,
47,phase3,38,pair_039,0.783294,1184.108445,1193.966977,
48,phase3,38,pair_039,0.799951,1184.125104,1193.983634,
49,phase3,38,pair_039,0.816953,1184.142104,1194.000637,
50,phase3,38,pair_039,0.833259,1184.15841,1194.016942,
51,phase3,38,pair_039,0.849951,1184.175107,1194.033634,
52,phase3,38,pair_039,0.866844,1184.191995,1194.050527,
53,phase3,38,pair_039,0.88324,1184.208392,1194.066923,
54,phase3,38,pair_039,0.899878,1184.225029,1194.083561,
55,phase3,38,pair_039,0.916584,1184.241735,1194.100267,
56,phase3,38,pair_039,0.933318,1184.258469,1194.117002,
57,phase3,38,pair_039,0.949923,1184.275074,1194.133606,
58,phase3,38,pair_039,0.966567,1184.291718,1194.150251,
59,phase3,38,pair_039,0.983263,1184.308416,1194.166946,
60,phase3,38,pair_039,0.999959,1184.32511,1194.183642,
61,phase3,38,pair_039,1.016595,1184.341745,1194.200278,
62,phase3,38,pair_039,1.033262,1184.358413,1194.216946,
63,phase3,38,pair_039,1.049984,1184.375137,1194.233667,
64,phase3,38,pair_039,1.066566,1184.391717,1194.250249,
65,phase3,38,pair_039,1.083608,1184.40876,1194.267291,
66,phase3,38,pair_039,1.099913,1184.425063,1194.283596,
67,phase3,38,pair_039,1.116564,1184.441715,1194.300247,
68,phase3,38,pair_039,1.133292,1184.458444,1194.316976,
69,phase3,38,pair_039,1.150263,1184.475414,1194.333946,
70,phase3,38,pair_039,1.166606,1184.491759,1194.350289,
71,phase3,38,pair_039,1.183239,1184.50839,1194.366922,
72,phase3,38,pair_039,1.199923,1184.525075,1194.383607,
73,phase3,38,pair_039,1.216538,1184.541689,1194.400221,
74,phase3,38,pair_039,1.233274,1184.558425,1194.416957,
75,phase3,38,pair_039,1.249912,1184.575064,1194.433596,
76,phase3,38,pair_039,1.266592,1184.591745,1194.450275,
77,phase3,38,pair_039,1.283237,1184.608388,1194.46692,
78,phase3,38,pair_039,1.299914,1184.625065,1194.483597,
79,phase3,38,pair_039,1.316595,1184.641745,1194.500278,
80,phase3,38,pair_039,1.33324,1184.658391,1194.516924,
81,phase3,38,pair_039,1.350029,1184.675181,1194.533713,
82,phase3,38,pair_039,1.366604,1184.691755,1194.550287,
83,phase3,38,pair_039,1.383271,1184.708424,1194.566955,
84,phase3,38,pair_039,1.399944,1184.725095,1194.583628,
85,phase3,38,pair_039,1.416578,1184.741729,1194.600262,
86,phase3,38,pair_039,1.433588,1184.758739,1194.617272,
87,phase3,38,pair_039,1.449937,1184.775088,1194.63362,
88,phase3,38,pair_039,1.466589,1184.79174,1194.650273,
89,phase3,38,pair_039,1.48333,1184.808482,1194.667014,
90,phase3,38,pair_039,1.499847,1184.824998,1194.68353,
91,phase3,38,pair_039,1.516548,1184.841699,1194.700231,
92,phase3,38,pair_039,1.533284,1184.858437,1194.716967,
93,phase3,38,pair_039,1.549975,1184.875126,1194.733658,
94,phase3,38,pair_039,1.566566,1184.891717,1194.750249,
95,phase3,38,pair_039,1.583231,1184.908382,1194.766915,
96,phase3,38,pair_039,1.599917,1184.925068,1194.7836,
97,phase3,38,pair_039,1.616844,1184.941995,1194.800528,
98,phase3,38,pair_039,1.633245,1184.958396,1194.816928,
99,phase3,38,pair_039,1.649848,1184.974999,1194.833531,
100,phase3,38,pair_039,1.66659,1184.991743,1194.850274,
101,phase3,38,pair_039,1.683265,1185.008416,1194.866948,
102,phase3,38,pair_039,1.700011,1185.025163,1194.883695,
103,phase3,38,pair_039,1.716571,1185.041723,1194.900254,
104,phase3,38,pair_039,1.733263,1185.058417,1194.916947,
105,phase3,38,pair_039,1.749919,1185.07507,1194.933603,
106,phase3,38,pair_039,1.766628,1185.091779,1194.950311,
107,phase3,38,pair_039,1.78321,1185.108374,1194.966893,
108,phase3,38,pair_039,1.799837,1185.124989,1194.983521,
109,phase3,38,pair_039,1.816584,1185.141737,1195.000267,
110,phase3,38,pair_039,1.833287,1185.158438,1195.01697,
111,phase3,38,pair_039,1.849877,1185.175028,1195.03356,
112,phase3,38,pair_039,1.866537,1185.191687,1195.05022,
113,phase3,38,pair_039,1.883233,1185.208402,1195.066917,
114,phase3,38,pair_039,1.89989,1185.225041,1195.083573,
115,phase3,38,pair_039,1.916884,1185.242035,1195.100567,
116,phase3,38,pair_039,1.93321,1185.258361,1195.116893,
117,phase3,38,pair_039,1.949903,1185.275054,1195.133586,
118,phase3,38,pair_039,1.966586,1185.291737,1195.150269,
119,phase3,38,pair_039,1.983231,1185.308385,1195.166915,
120,phase3,38,pair_039,1.999864,1185.325015,1195.183547,
121,phase3,38,pair_039,2.01656,1185.341711,1195.200244,
122,phase3,38,pair_039,2.033286,1185.358439,1195.216969,
123,phase3,38,pair_039,2.049929,1185.37508,1195.233612,
124,phase3,38,pair_039,2.066606,1185.391758,1195.250289,
125,phase3,38,pair_039,2.083234,1185.408385,1195.266918,
126,phase3,38,pair_039,2.099943,1185.425094,1195.283626,
127,phase3,38,pair_039,2.116504,1185.441655,1195.300187,
128,phase3,38,pair_039,2.133228,1185.458379,1195.316911,
129,phase3,38,pair_039,2.14987,1185.475021,1195.333554,
130,phase3,38,pair_039,2.166525,1185.491678,1195.350208,
131,phase3,38,pair_039,2.183262,1185.508413,1195.366945,
132,phase3,38,pair_039,2.199869,1185.52502,1195.383552,
133,phase3,38,pair_039,2.216536,1185.541687,1195.40022,
134,phase3,38,pair_039,2.233243,1185.558396,1195.416927,
135,phase3,38,pair_039,2.24982,1185.574971,1195.433504,
136,phase3,38,pair_039,2.266495,1185.591646,1195.450178,
137,phase3,38,pair_039,2.283259,1185.60841,1195.466942,
138,phase3,38,pair_039,2.299899,1185.625052,1195.483582,
139,phase3,38,pair_039,2.316549,1185.6417,1195.500232,
140,phase3,38,pair_039,2.333203,1185.658353,1195.516886,
141,phase3,38,pair_039,2.349893,1185.675044,1195.533576,
142,phase3,38,pair_039,2.366553,1185.691704,1195.550236,
143,phase3,38,pair_039,2.383298,1185.708449,1195.566981,
144,phase3,38,pair_039,2.399962,1185.725113,1195.583645,
145,phase3,38,pair_039,2.416528,1185.741679,1195.600211,
146,phase3,38,pair_039,2.433207,1185.758358,1195.616891,
147,phase3,38,pair_039,2.449878,1185.775029,1195.633562,
148,phase3,38,pair_039,2.466592,1185.791743,1195.650276,
149,phase3,38,pair_039,2.483171,1185.808322,1195.666854,
150,phase3,38,pair_039,2.49987,1185.825021,1195.683553,
151,phase3,38,pair_039,2.516544,1185.841695,1195.700227,
152,phase3,38,pair_039,2.533266,1185.85842,1195.716949,
153,phase3,38,pair_039,2.549806,1185.874957,1195.733489,
154,phase3,38,pair_039,2.566529,1185.89168,1195.750212,
155,phase3,38,pair_039,2.583221,1185.908373,1195.766905,
156,phase3,38,pair_039,2.599884,1185.925035,1195.783567,
157,phase3,38,pair_039,2.616544,1185.941697,1195.800227,
158,phase3,38,pair_039,2.633139,1185.958291,1195.816823,
159,phase3,38,pair_039,2.649844,1185.974996,1195.833528,
160,phase3,38,pair_039,2.666529,1185.99168,1195.850212,
161,phase3,38,pair_039,2.683196,1186.008347,1195.866879,
162,phase3,38,pair_039,2.699883,1186.025034,1195.883566,
163,phase3,38,pair_039,2.716466,1186.041617,1195.90015,
164,phase3,38,pair_039,2.7332,1186.058351,1195.916883,
165,phase3,38,pair_039,2.749837,1186.074988,1195.93352,
166,phase3,38,pair_039,2.766504,1186.091656,1195.950188,
167,phase3,38,pair_039,2.783198,1186.108349,1195.966881,
168,phase3,38,pair_039,2.916804,1186.241954,1196.100487,
169,phase3,38,pair_039,2.933205,1186.258356,1196.116888,
170,phase3,38,pair_039,2.949924,1186.275075,1196.133608,
171,phase3,38,pair_039,2.96651,1186.291661,1196.150193,
172,phase3,38,pair_039,2.983174,1186.308325,1196.166858,
173,phase3,38,pair_039,2.999797,1186.324948,1196.183481,
174,phase3,38,pair_039,3.016463,1186.341614,1196.200146,
175,phase3,38,pair_039,3.033202,1186.358353,1196.216885,
176,phase3,38,pair_039,3.049861,1186.375013,1196.233545,
177,phase3,38,pair_039,3.066598,1186.391751,1196.250281,
178,phase3,38,pair_039,3.083124,1186.408275,1196.266807,
179,phase3,38,pair_039,3.099854,1186.425005,1196.283537,
180,phase3,38,pair_039,3.116482,1186.441633,1196.300165,
181,phase3,38,pair_039,3.133238,1186.458391,1196.316921,
182,phase3,38,pair_039,3.149856,1186.475007,1196.333539,
183,phase3,38,pair_039,3.166448,1186.491599,1196.350131,
184,phase3,38,pair_039,3.183194,1186.508345,1196.366877,
185,phase3,38,pair_039,3.199844,1186.524995,1196.383527,
186,phase3,38,pair_039,3.216522,1186.541673,1196.400205,
187,phase3,38,pair_039,3.233173,1186.558324,1196.416857,
188,phase3,38,pair_039,3.249806,1186.574957,1196.433489,
189,phase3,38,pair_039,3.266543,1186.591694,1196.450226,
190,phase3,38,pair_039,3.283183,1186.608334,1196.466866,
191,phase3,38,pair_039,3.299842,1186.624993,1196.483525,
192,phase3,38,pair_039,3.316492,1186.641643,1196.500175,
193,phase3,38,pair_039,3.333477,1186.658628,1196.517161,
194,phase3,38,pair_039,3.349826,1186.674977,1196.533509,
195,phase3,38,pair_039,3.366491,1186.691642,1196.550174,
196,phase3,38,pair_039,3.38317,1186.708321,1196.566853,
197,phase3,38,pair_039,3.399828,1186.724979,1196.583511,
198,phase3,38,pair_039,3.416489,1186.74164,1196.600172,
199,phase3,38,pair_039,3.433226,1186.758377,1196.616909,
200,phase3,38,pair_039,3.449818,1186.77497,1196.633502,
201,phase3,38,pair_039,3.466502,1186.791653,1196.650185,
202,phase3,38,pair_039,3.483174,1186.808326,1196.666858,
203,phase3,38,pair_039,3.499836,1186.824987,1196.683519,
204,phase3,38,pair_039,3.516481,1186.841632,1196.700164,
205,phase3,38,pair_039,3.533156,1186.858307,1196.71684,
206,phase3,38,pair_039,3.549825,1186.874976,1196.733509,
207,phase3,38,pair_039,3.566564,1186.891715,1196.750247,
208,phase3,38,pair_039,3.583153,1186.908304,1196.766836,
209,phase3,38,pair_039,3.599776,1186.924927,1196.783459,
210,phase3,38,pair_039,3.616794,1186.941945,1196.800477,
211,phase3,38,pair_039,3.633163,1186.958314,1196.816846,
212,phase3,38,pair_039,3.649808,1186.974959,1196.833491,
213,phase3,38,pair_039,3.666612,1186.991762,1196.850295,
214,phase3,38,pair_039,3.683535,1187.008685,1196.867218,
215,phase3,38,pair_039,3.699953,1187.025104,1196.883636,
216,phase3,38,pair_039,3.716602,1187.041753,1196.900286,
217,phase3,38,pair_039,3.733287,1187.058438,1196.91697,
218,phase3,38,pair_039,3.749875,1187.075026,1196.933558,
219,phase3,38,pair_039,3.766929,1187.09208,1196.950613,
220,phase3,38,pair_039,3.783275,1187.108426,1196.966958,
221,phase3,38,pair_039,3.799899,1187.12505,1196.983583,
222,phase3,38,pair_039,3.816601,1187.141752,1197.000284,
223,phase3,38,pair_039,3.833523,1187.158674,1197.017206,
224,phase3,38,pair_039,3.899972,1187.225124,1197.083655,
225,phase3,38,pair_039,3.91673,1187.241881,1197.100413,
226,phase3,38,pair_039,3.936168,1187.26132,1197.119852,
227,phase3,38,pair_039,3.951069,1187.27622,1197.134752,
228,phase3,38,pair_039,3.966587,1187.291738,1197.15027,
229,phase3,38,pair_039,3.983572,1187.308723,1197.167255,
230,phase3,38,pair_039,3.999946,1187.325097,1197.183629,
231,phase3,38,pair_039,4.016581,1187.341733,1197.200265,
232,phase3,38,pair_039,4.03359,1187.358742,1197.217274,
233,phase3,38,pair_039,4.050234,1187.375385,1197.233917,
234,phase3,38,pair_039,4.066588,1187.39174,1197.250271,
235,phase3,38,pair_039,4.083277,1187.408428,1197.26696,
236,phase3,38,pair_039,4.099873,1187.425027,1197.283556,
237,phase3,38,pair_039,4.11659,1187.441745,1197.300273,
238,phase3,38,pair_039,4.133296,1187.458448,1197.316979,
239,phase3,38,pair_039,4.14995,1187.475103,1197.333633,
240,phase3,38,pair_039,4.166578,1187.491729,1197.350261,
241,phase3,38,pair_039,4.183586,1187.508739,1197.367269,
242,phase3,38,pair_039,4.199858,1187.52501,1197.383542,
243,phase3,38,pair_039,4.216602,1187.541754,1197.400286,
244,phase3,38,pair_039,4.233251,1187.558402,1197.416935,
245,phase3,38,pair_039,4.250233,1187.575386,1197.433917,
246,phase3,38,pair_039,4.266596,1187.591747,1197.450279,
247,phase3,38,pair_039,4.283216,1187.608368,1197.4669,
248,phase3,38,pair_039,4.299923,1187.625074,1197.483606,
249,phase3,38,pair_039,4.316552,1187.641703,1197.500235,
250,phase3,38,pair_039,4.333242,1187.658394,1197.516926,
251,phase3,38,pair_039,4.349906,1187.675058,1197.53359,
252,phase3,38,pair_039,4.366567,1187.69172,1197.55025,
253,phase3,38,pair_039,4.383309,1187.708461,1197.566992,
254,phase3,38,pair_039,4.400235,1187.725387,1197.583918,
255,phase3,38,pair_039,4.416552,1187.741704,1197.600235,
256,phase3,38,pair_039,4.433246,1187.758398,1197.61693,
257,phase3,38,pair_039,4.450002,1187.775154,1197.633686,
258,phase3,38,pair_039,4.466608,1187.791761,1197.650292,
259,phase3,38,pair_039,4.483238,1187.808391,1197.666921,
260,phase3,38,pair_039,4.499907,1187.825058,1197.68359,
261,phase3,38,pair_039,4.516646,1187.841799,1197.700329,
262,phase3,38,pair_039,4.533234,1187.858386,1197.716917,
263,phase3,38,pair_039,4.549914,1187.875065,1197.733597,
264,phase3,38,pair_039,4.56659,1187.891741,1197.750273,
265,phase3,38,pair_039,4.583239,1187.90839,1197.766922,
266,phase3,38,pair_039,4.600227,1187.925378,1197.78391,
267,phase3,38,pair_039,4.616583,1187.941734,1197.800266,
268,phase3,38,pair_039,4.633231,1187.958382,1197.816915,
269,phase3,38,pair_039,4.649934,1187.975086,1197.833618,
270,phase3,38,pair_039,4.666876,1187.992027,1197.85056,
271,phase3,38,pair_039,4.783467,1188.108618,1197.967151,
272,phase3,38,pair_039,4.799898,1188.125049,1197.983581,
273,phase3,38,pair_039,4.816539,1188.141691,1198.000222,
274,phase3,38,pair_039,4.833136,1188.158288,1198.016819,
275,phase3,38,pair_039,4.849964,1188.175116,1198.033648,
276,phase3,38,pair_039,4.866713,1188.191865,1198.050397,
277,phase3,38,pair_039,4.883193,1188.208344,1198.066876,
278,phase3,38,pair_039,4.899871,1188.225022,1198.083554,
279,phase3,38,pair_039,4.916581,1188.241733,1198.100265,
280,phase3,38,pair_039,4.933236,1188.258387,1198.116919,
281,phase3,38,pair_039,4.949897,1188.27505,1198.13358,
282,phase3,38,pair_039,4.966588,1188.291739,1198.150271,
283,phase3,38,pair_039,4.983242,1188.308393,1198.166926,
284,phase3,38,pair_039,4.999962,1188.325113,1198.183645,
285,phase3,38,pair_039,5.016931,1188.342082,1198.200614,
286,phase3,38,pair_039,5.03323,1188.358381,1198.216914,
287,phase3,38,pair_039,5.049913,1188.375066,1198.233596,
288,phase3,38,pair_039,5.06662,1188.391772,1198.250303,
289,phase3,38,pair_039,5.083233,1188.408385,1198.266917,
290,phase3,38,pair_039,5.099824,1188.424975,1198.283507,
291,phase3,38,pair_039,5.116552,1188.441704,1198.300236,
292,phase3,38,pair_039,5.133272,1188.458424,1198.316956,
293,phase3,38,pair_039,5.150227,1188.475378,1198.33391,
294,phase3,38,pair_039,5.166534,1188.491686,1198.350218,
295,phase3,38,pair_039,5.183242,1188.508393,1198.366925,
296,phase3,38,pair_039,5.199908,1188.52506,1198.383592,
297,phase3,38,pair_039,5.216598,1188.541749,1198.400281,
298,phase3,38,pair_039,5.233241,1188.558393,1198.416924,
299,phase3,38,pair_039,5.24982,1188.574971,1198.433503,
300,phase3,38,pair_039,5.266537,1188.591691,1198.45022,
301,phase3,38,pair_039,5.283224,1188.608375,1198.466907,
302,phase3,38,pair_039,5.299881,1188.625033,1198.483564,
303,phase3,38,pair_039,5.316517,1188.641668,1198.5002,
304,phase3,38,pair_039,5.333211,1188.658387,1198.516895,
305,phase3,38,pair_039,5.349993,1188.675144,1198.533676,
306,phase3,38,pair_039,5.36656,1188.691711,1198.550243,
307,phase3,38,pair_039,5.383243,1188.708394,1198.566926,
308,phase3,38,pair_039,5.399886,1188.725037,1198.58357,
309,phase3,38,pair_039,5.416529,1188.74168,1198.600212,
310,phase3,38,pair_039,5.433532,1188.758684,1198.617216,
311,phase3,38,pair_039,5.449892,1188.775044,1198.633576,
312,phase3,38,pair_039,5.466513,1188.791664,1198.650196,
313,phase3,38,pair_039,5.483277,1188.808428,1198.66696,
314,phase3,38,pair_039,5.499864,1188.825016,1198.683548,
315,phase3,38,pair_039,5.516536,1188.841688,1198.70022,
316,phase3,38,pair_039,5.533179,1188.85833,1198.716862,
317,phase3,38,pair_039,5.549912,1188.875063,1198.733595,
318,phase3,38,pair_039,5.566487,1188.891639,1198.750171,
319,phase3,38,pair_039,5.583204,1188.908355,1198.766888,
320,phase3,38,pair_039,5.599879,1188.92503,1198.783562,
321,phase3,38,pair_039,5.616508,1188.941659,1198.800191,
322,phase3,38,pair_039,5.63327,1188.958421,1198.816953,
323,phase3,38,pair_039,5.649852,1188.975007,1198.833536,
324,phase3,38,pair_039,5.666535,1188.991686,1198.850218,
325,phase3,38,pair_039,5.683222,1189.008373,1198.866905,
326,phase3,38,pair_039,5.700118,1189.025269,1198.883802,
327,phase3,38,pair_039,5.716529,1189.04168,1198.900213,
328,phase3,38,pair_039,5.733188,1189.058339,1198.916871,
329,phase3,38,pair_039,5.749867,1189.075018,1198.93355,
330,phase3,38,pair_039,5.766531,1189.091682,1198.950215,
331,phase3,38,pair_039,5.78318,1189.108331,1198.966863,
332,phase3,38,pair_039,5.799865,1189.125017,1198.983549,
333,phase3,38,pair_039,5.81651,1189.141665,1199.000193,
334,phase3,38,pair_039,5.833204,1189.158355,1199.016887,
335,phase3,38,pair_039,5.96658,1189.291732,1199.150264,
336,phase3,38,pair_039,5.98318,1189.308331,1199.166863,
337,phase3,38,pair_039,5.999843,1189.324995,1199.183527,
338,phase3,38,pair_039,6.016526,1189.341677,1199.200209,
339,phase3,38,pair_039,6.033224,1189.358378,1199.216907,
340,phase3,38,pair_039,6.049853,1189.375004,1199.233536,
341,phase3,38,pair_039,6.066538,1189.391689,1199.250221,
342,phase3,38,pair_039,6.083207,1189.408358,1199.26689,
343,phase3,38,pair_039,6.099881,1189.425032,1199.283564,
344,phase3,38,pair_039,6.11662,1189.441772,1199.300303,
345,phase3,38,pair_039,6.133208,1189.458359,1199.316891,
346,phase3,38,pair_039,6.149834,1189.474985,1199.333517,
347,phase3,38,pair_039,6.166446,1189.491598,1199.35013,
348,phase3,38,pair_039,6.183176,1189.508327,1199.366859,
349,phase3,38,pair_039,6.199848,1189.524999,1199.383531,
350,phase3,38,pair_039,6.216527,1189.541678,1199.40021,
351,phase3,38,pair_039,6.233203,1189.558355,1199.416886,
352,phase3,38,pair_039,6.249861,1189.575015,1199.433544,
353,phase3,38,pair_039,6.266505,1189.591656,1199.450188,
354,phase3,38,pair_039,6.283185,1189.608336,1199.466868,
355,phase3,38,pair_039,6.299856,1189.625007,1199.483539,
356,phase3,38,pair_039,6.316508,1189.64166,1199.500192,
357,phase3,38,pair_039,6.333164,1189.658316,1199.516847,
358,phase3,38,pair_039,6.349829,1189.67498,1199.533512,
359,phase3,38,pair_039,6.366495,1189.691647,1199.550178,
360,phase3,38,pair_039,6.383168,1189.70832,1199.566851,
361,phase3,38,pair_039,6.399839,1189.72499,1199.583522,
362,phase3,38,pair_039,6.416519,1189.741671,1199.600202,
363,phase3,38,pair_039,6.433478,1189.75863,1199.617161,
364,phase3,38,pair_039,6.449796,1189.774948,1199.633479,
365,phase3,38,pair_039,-1183.325411,1189.775158,9.858273,response
