frame_idx,phase,trial_id,stim_pair_id,elapsed_time,global_time,flip_time,event_marker
0,phase1,15,pair_016,0.0,1478.673107,1488.531637,stimulus_onset
1,phase1,15,pair_016,0.016634,1478.689738,1488.548271,
2,phase1,15,pair_016,0.033312,1478.706416,1488.564949,
3,phase1,15,pair_016,0.049974,1478.723078,1488.581612,
4,phase1,15,pair_016,0.066975,1478.740079,1488.598613,
5,phase1,15,pair_016,0.083315,1478.756419,1488.614952,
6,phase1,15,pair_016,0.099933,1478.773041,1488.63157,
7,phase1,15,pair_016,0.116625,1478.789733,1488.648263,
8,phase1,15,pair_016,0.133294,1478.806401,1488.664931,
9,phase1,15,pair_016,0.149977,1478.823081,1488.681614,
10,phase1,15,pair_016,0.166657,1478.839761,1488.698294,
11,phase1,15,pair_016,0.183576,1478.856684,1488.715214,
12,phase1,15,pair_016,0.200291,1478.873395,1488.731928,
13,phase1,15,pair_016,0.216608,1478.889712,1488.748245,
14,phase1,15,pair_016,0.233314,1478.90642,1488.764951,
15,phase1,15,pair_016,0.250019,1478.923123,1488.781656,
16,phase1,15,pair_016,0.266935,1478.940038,1488.798572,
17,phase1,15,pair_016,0.283556,1478.956662,1488.815194,
18,phase1,15,pair_016,0.299972,1478.973076,1488.831609,
19,phase1,15,pair_016,0.316646,1478.98975,1488.848284,
20,phase1,15,pair_016,0.333311,1479.006414,1488.864948,
21,phase1,15,pair_016,0.350063,1479.023167,1488.8817,
22,phase1,15,pair_016,0.366648,1479.039753,1488.898286,
23,phase1,15,pair_016,0.383306,1479.05641,1488.914944,
24,phase1,15,pair_016,0.399954,1479.07306,1488.931591,
25,phase1,15,pair_016,0.416595,1479.089701,1488.948233,
26,phase1,15,pair_016,0.433329,1479.106437,1488.964967,
27,phase1,15,pair_016,0.4499,1479.123004,1488.981538,
28,phase1,15,pair_016,0.466919,1479.140023,1488.998557,
29,phase1,15,pair_016,0.483599,1479.156703,1489.015237,
30,phase1,15,pair_016,0.499939,1479.173043,1489.031577,
31,phase1,15,pair_016,0.516613,1479.189717,1489.04825,
32,phase1,15,pair_016,0.533281,1479.206385,1489.064919,
33,phase1,15,pair_016,0.550268,1479.223371,1489.081905,
34,phase1,15,pair_016,0.566634,1479.239738,1489.098271,
35,phase1,15,pair_016,0.583301,1479.256407,1489.114938,
36,phase1,15,pair_016,0.600005,1479.273109,1489.131642,
37,phase1,15,pair_016,0.616927,1479.290031,1489.148564,
38,phase1,15,pair_016,0.633282,1479.306386,1489.16492,
39,phase1,15,pair_016,0.649916,1479.323019,1489.181553,
40,phase1,15,pair_016,0.66663,1479.339737,1489.198267,
41,phase1,15,pair_016,0.683265,1479.356369,1489.214903,
42,phase1,15,pair_016,0.700257,1479.373363,1489.231894,
43,phase1,15,pair_016,0.716622,1479.389728,1489.24826,
44,phase1,15,pair_016,0.733277,1479.40638,1489.264914,
45,phase1,15,pair_016,0.750241,1479.423344,1489.281878,
46,phase1,15,pair_016,0.766597,1479.439701,1489.298234,
47,phase1,15,pair_016,0.783259,1479.456363,1489.314896,
48,phase1,15,pair_016,0.799939,1479.473043,1489.331576,
49,phase1,15,pair_016,0.816909,1479.490012,1489.348546,
50,phase1,15,pair_016,0.83359,1479.506694,1489.365228,
51,phase1,15,pair_016,0.849931,1479.523035,1489.381569,
52,phase1,15,pair_016,0.866665,1479.539771,1489.398303,
53,phase1,15,pair_016,0.883262,1479.556366,1489.4149,
54,phase1,15,pair_016,0.900272,1479.573376,1489.43191,
55,phase1,15,pair_016,0.916575,1479.589678,1489.448212,
56,phase1,15,pair_016,0.933301,1479.606404,1489.464938,
57,phase1,15,pair_016,0.949995,1479.623099,1489.481633,
58,phase1,15,pair_016,0.966929,1479.640032,1489.498566,
59,phase1,15,pair_016,0.983275,1479.656378,1489.514912,
60,phase1,15,pair_016,0.99997,1479.673074,1489.531607,
61,phase1,15,pair_016,1.01687,1479.689974,1489.548507,
62,phase1,15,pair_016,1.033218,1479.706322,1489.564855,
63,phase1,15,pair_016,1.049994,1479.723098,1489.581631,
64,phase1,15,pair_016,1.066612,1479.739715,1489.598249,
65,phase1,15,pair_016,1.083334,1479.75644,1489.614972,
66,phase1,15,pair_016,1.100278,1479.773382,1489.631915,
67,phase1,15,pair_016,1.116609,1479.789713,1489.648247,
68,phase1,15,pair_016,1.13329,1479.806396,1489.664927,
69,phase1,15,pair_016,1.149972,1479.823085,1489.681609,
70,phase1,15,pair_016,1.166603,1479.839707,1489.69824,
71,phase1,15,pair_016,1.183529,1479.856633,1489.715167,
72,phase1,15,pair_016,1.199942,1479.873046,1489.731579,
73,phase1,15,pair_016,1.216577,1479.88968,1489.748214,
74,phase1,15,pair_016,1.23325,1479.906359,1489.764887,
75,phase1,15,pair_016,1.24992,1479.923026,1489.781557,
76,phase1,15,pair_016,1.26654,1479.939645,1489.798177,
77,phase1,15,pair_016,1.283242,1479.956346,1489.814879,
78,phase1,15,pair_016,1.299896,1479.973004,1489.831533,
79,phase1,15,pair_016,1.316552,1479.989656,1489.848189,
80,phase1,15,pair_016,1.333254,1480.006359,1489.864891,
81,phase1,15,pair_016,1.349949,1480.023055,1489.881586,
82,phase1,15,pair_016,1.366606,1480.03971,1489.898243,
83,phase1,15,pair_016,1.383582,1480.056686,1489.91522,
84,phase1,15,pair_016,1.399934,1480.073038,1489.931572,
85,phase1,15,pair_016,1.416541,1480.089645,1489.948178,
86,phase1,15,pair_016,1.433261,1480.106365,1489.964898,
87,phase1,15,pair_016,1.44986,1480.122964,1489.981497,
88,phase1,15,pair_016,1.466883,1480.139986,1489.99852,
89,phase1,15,pair_016,1.483264,1480.156368,1490.014901,
90,phase1,15,pair_016,1.499969,1480.173073,1490.031606,
91,phase1,15,pair_016,1.516593,1480.189697,1490.04823,
92,phase1,15,pair_016,1.533547,1480.206651,1490.065185,
93,phase1,15,pair_016,1.549918,1480.223022,1490.081555,
94,phase1,15,pair_016,1.566577,1480.239681,1490.098214,
95,phase1,15,pair_016,1.58356,1480.256666,1490.115197,
96,phase1,15,pair_016,1.600226,1480.273329,1490.131863,
97,phase1,15,pair_016,1.616591,1480.289695,1490.148228,
98,phase1,15,pair_016,1.633236,1480.30634,1490.164874,
99,phase1,15,pair_016,1.649914,1480.323017,1490.181551,
100,phase1,15,pair_016,1.666885,1480.339991,1490.198523,
101,phase1,15,pair_016,1.683232,1480.356336,1490.21487,
102,phase1,15,pair_016,1.69996,1480.373066,1490.231598,
103,phase1,15,pair_016,1.716581,1480.389686,1490.248219,
104,phase1,15,pair_016,1.733558,1480.406662,1490.265196,
105,phase1,15,pair_016,1.749916,1480.42302,1490.281553,
106,phase1,15,pair_016,1.766599,1480.439703,1490.298236,
107,phase1,15,pair_016,1.783243,1480.456348,1490.31488,
108,phase1,15,pair_016,1.80022,1480.473324,1490.331857,
109,phase1,15,pair_016,1.816861,1480.489965,1490.348499,
110,phase1,15,pair_016,1.8333,1480.506405,1490.364937,
111,phase1,15,pair_016,1.849913,1480.523019,1490.381551,
112,phase1,15,pair_016,1.866906,1480.54001,1490.398544,
113,phase1,15,pair_016,1.883238,1480.556341,1490.414875,
114,phase1,15,pair_016,1.899946,1480.57305,1490.431584,
115,phase1,15,pair_016,1.916523,1480.589627,1490.448161,
116,phase1,15,pair_016,1.933558,1480.606662,1490.465195,
117,phase1,15,pair_016,1.950192,1480.623296,1490.481829,
118,phase1,15,pair_016,1.966565,1480.639669,1490.498203,
119,phase1,15,pair_016,1.983529,1480.656632,1490.515166,
120,phase1,15,pair_016,1.999891,1480.672995,1490.531528,
121,phase1,15,pair_016,2.016892,1480.689998,1490.548529,
122,phase1,15,pair_016,2.033216,1480.70632,1490.564853,
123,phase1,15,pair_016,2.049928,1480.723033,1490.581566,
124,phase1,15,pair_016,2.066572,1480.739676,1490.59821,
125,phase1,15,pair_016,2.083529,1480.756633,1490.615166,
126,phase1,15,pair_016,2.099904,1480.773008,1490.631541,
127,phase1,15,pair_016,2.116559,1480.789663,1490.648197,
128,phase1,15,pair_016,2.133247,1480.806353,1490.664885,
129,phase1,15,pair_016,2.149876,1480.822979,1490.681513,
130,phase1,15,pair_016,2.166582,1480.839686,1490.698219,
131,phase1,15,pair_016,2.183269,1480.856373,1490.714906,
132,phase1,15,pair_016,2.199877,1480.872981,1490.731515,
133,phase1,15,pair_016,2.21654,1480.889644,1490.748177,
134,phase1,15,pair_016,2.233528,1480.906632,1490.765166,
135,phase1,15,pair_016,2.249913,1480.923017,1490.78155,
136,phase1,15,pair_016,2.26658,1480.939684,1490.798217,
137,phase1,15,pair_016,2.283526,1480.95663,1490.815163,
138,phase1,15,pair_016,2.300176,1480.97328,1490.831813,
139,phase1,15,pair_016,2.316582,1480.989686,1490.84822,
140,phase1,15,pair_016,2.333257,1481.006361,1490.864894,
141,phase1,15,pair_016,2.350171,1481.023275,1490.881808,
142,phase1,15,pair_016,2.366835,1481.039938,1490.898472,
143,phase1,15,pair_016,2.383258,1481.056361,1490.914895,
144,phase1,15,pair_016,2.399967,1481.07307,1490.931604,
145,phase1,15,pair_016,2.416528,1481.08984,1490.948166,
146,phase1,15,pair_016,2.433535,1481.106638,1490.965172,
147,phase1,15,pair_016,2.449845,1481.122949,1490.981483,
148,phase1,15,pair_016,2.466555,1481.139659,1490.998193,
149,phase1,15,pair_016,2.483282,1481.156386,1491.014919,
150,phase1,15,pair_016,2.500199,1481.173303,1491.031836,
151,phase1,15,pair_016,2.516547,1481.189651,1491.048184,
152,phase1,15,pair_016,2.533472,1481.206576,1491.06511,
153,phase1,15,pair_016,2.549923,1481.223027,1491.081561,
154,phase1,15,pair_016,2.56686,1481.239964,1491.098497,
155,phase1,15,pair_016,2.583202,1481.256305,1491.114839,
156,phase1,15,pair_016,2.599908,1481.273011,1491.131545,
157,phase1,15,pair_016,2.616821,1481.289924,1491.148458,
158,phase1,15,pair_016,2.633214,1481.306318,1491.164852,
159,phase1,15,pair_016,2.649883,1481.322987,1491.181521,
160,phase1,15,pair_016,2.666568,1481.339671,1491.198205,
161,phase1,15,pair_016,2.683492,1481.356599,1491.215129,
162,phase1,15,pair_016,2.700164,1481.373267,1491.231801,
163,phase1,15,pair_016,2.716833,1481.389936,1491.24847,
164,phase1,15,pair_016,2.733228,1481.406331,1491.264865,
165,phase1,15,pair_016,2.749819,1481.422922,1491.281456,
166,phase1,15,pair_016,2.766836,1481.43994,1491.298473,
167,phase1,15,pair_016,2.783498,1481.456602,1491.315135,
168,phase1,15,pair_016,2.799893,1481.472997,1491.33153,
169,phase1,15,pair_016,2.816544,1481.489648,1491.348182,
170,phase1,15,pair_016,2.833181,1481.506285,1491.364819,
171,phase1,15,pair_016,2.850166,1481.52327,1491.381804,
172,phase1,15,pair_016,2.86656,1481.539664,1491.398197,
173,phase1,15,pair_016,2.883213,1481.556317,1491.414851,
174,phase1,15,pair_016,2.899925,1481.573029,1491.431563,
175,phase1,15,pair_016,2.916849,1481.589953,1491.448486,
176,phase1,15,pair_016,2.933198,1481.606302,1491.464836,
177,phase1,15,pair_016,2.949866,1481.62297,1491.481504,
178,phase1,15,pair_016,2.966591,1481.639695,1491.498228,
179,phase1,15,pair_016,2.983184,1481.656287,1491.514821,
180,phase1,15,pair_016,3.000157,1481.67326,1491.531794,
181,phase1,15,pair_016,3.016568,1481.689672,1491.548206,
182,phase1,15,pair_016,3.033242,1481.706345,1491.564879,
183,phase1,15,pair_016,3.049873,1481.722976,1491.58151,
184,phase1,15,pair_016,3.066534,1481.739638,1491.598172,
185,phase1,15,pair_016,3.083244,1481.756347,1491.614881,
186,phase1,15,pair_016,3.099852,1481.772956,1491.63149,
187,phase1,15,pair_016,3.116501,1481.789605,1491.648139,
188,phase1,15,pair_016,3.133491,1481.806595,1491.665129,
189,phase1,15,pair_016,3.149865,1481.822968,1491.681502,
190,phase1,15,pair_016,3.166527,1481.83963,1491.698164,
191,phase1,15,pair_016,3.18318,1481.856283,1491.714817,
192,phase1,15,pair_016,3.199852,1481.872956,1491.731489,
193,phase1,15,pair_016,3.216498,1481.889602,1491.748136,
194,phase1,15,pair_016,3.233243,1481.906347,1491.764881,
195,phase1,15,pair_016,3.249908,1481.923012,1491.781546,
196,phase1,15,pair_016,3.266843,1481.939947,1491.798481,
197,phase1,15,pair_016,3.283221,1481.956325,1491.814858,
198,phase1,15,pair_016,3.299868,1481.972972,1491.831505,
199,phase1,15,pair_016,3.316812,1481.989916,1491.84845,
200,phase1,15,pair_016,3.33318,1482.006283,1491.864817,
201,phase1,15,pair_016,3.349859,1482.022963,1491.881497,
202,phase1,15,pair_016,3.366511,1482.039615,1491.898149,
203,phase1,15,pair_016,3.383167,1482.056271,1491.914805,
204,phase1,15,pair_016,3.399842,1482.072946,1491.931479,
205,phase1,15,pair_016,3.416513,1482.089617,1491.94815,
206,phase1,15,pair_016,3.433189,1482.106292,1491.964826,
207,phase1,15,pair_016,3.449833,1482.122936,1491.98147,
208,phase1,15,pair_016,3.466515,1482.139619,1491.998153,
209,phase1,15,pair_016,3.483173,1482.156277,1492.01481,
210,phase1,15,pair_016,3.499846,1482.17295,1492.031483,
211,phase1,15,pair_016,3.516562,1482.189666,1492.048199,
212,phase1,15,pair_016,3.533167,1482.20627,1492.064804,
213,phase1,15,pair_016,3.550142,1482.223246,1492.081779,
214,phase1,15,pair_016,3.566555,1482.239659,1492.098192,
215,phase1,15,pair_016,3.583397,1482.2565,1492.115034,
216,phase1,15,pair_016,3.599839,1482.272943,1492.131477,
217,phase1,15,pair_016,3.616805,1482.289909,1492.148442,
218,phase1,15,pair_016,3.633189,1482.306292,1492.164826,
219,phase1,15,pair_016,3.649854,1482.322957,1492.181491,
220,phase1,15,pair_016,3.66656,1482.339663,1492.198197,
221,phase1,15,pair_016,3.683485,1482.356589,1492.215123,
222,phase1,15,pair_016,3.699846,1482.372949,1492.231483,
223,phase1,15,pair_016,3.716509,1482.389613,1492.248146,
224,phase1,15,pair_016,3.733244,1482.406347,1492.264881,
225,phase1,15,pair_016,3.749826,1482.42293,1492.281464,
226,phase1,15,pair_016,3.766506,1482.439609,1492.298143,
227,phase1,15,pair_016,3.783602,1482.456706,1492.31524,
228,phase1,15,pair_016,3.799949,1482.473053,1492.331587,
229,phase1,15,pair_016,3.816563,1482.489667,1492.3482,
230,phase1,15,pair_016,3.833314,1482.50642,1492.364952,
231,phase1,15,pair_016,3.849929,1482.523033,1492.381566,
232,phase1,15,pair_016,3.866917,1482.540023,1492.398554,
233,phase1,15,pair_016,3.883297,1482.5564,1492.414934,
234,phase1,15,pair_016,3.899982,1482.573086,1492.43162,
235,phase1,15,pair_016,3.916621,1482.589725,1492.448259,
236,phase1,15,pair_016,3.933578,1482.606681,1492.465215,
237,phase1,15,pair_016,3.949957,1482.62306,1492.481594,
238,phase1,15,pair_016,3.966603,1482.639707,1492.498241,
239,phase1,15,pair_016,3.983263,1482.656367,1492.514901,
240,phase1,15,pair_016,4.000271,1482.673377,1492.531909,
241,phase1,15,pair_016,4.016615,1482.689719,1492.548253,
242,phase1,15,pair_016,4.033287,1482.706392,1492.564924,
243,phase1,15,pair_016,4.050233,1482.723337,1492.58187,
244,phase1,15,pair_016,4.066929,1482.740032,1492.598566,
245,phase1,15,pair_016,4.083291,1482.756394,1492.614928,
246,phase1,15,pair_016,4.099954,1482.773059,1492.631591,
247,phase1,15,pair_016,4.116649,1482.789752,1492.648286,
248,phase1,15,pair_016,4.133271,1482.806375,1492.664909,
249,phase1,15,pair_016,4.149934,1482.823037,1492.681571,
250,phase1,15,pair_016,4.166589,1482.839693,1492.698226,
251,phase1,15,pair_016,4.183516,1482.85662,1492.715154,
252,phase1,15,pair_016,4.200221,1482.873324,1492.731858,
253,phase1,15,pair_016,4.216578,1482.889683,1492.748215,
254,phase1,15,pair_016,4.233259,1482.906363,1492.764896,
255,phase1,15,pair_016,4.249993,1482.923096,1492.78163,
256,phase1,15,pair_016,4.266938,1482.940042,1492.798576,
257,phase1,15,pair_016,4.283548,1482.956652,1492.815186,
258,phase1,15,pair_016,4.299905,1482.973008,1492.831542,
259,phase1,15,pair_016,4.316594,1482.989697,1492.848231,
260,phase1,15,pair_016,4.333278,1483.006383,1492.864916,
261,phase1,15,pair_016,4.349876,1483.02298,1492.881514,
262,phase1,15,pair_016,4.366614,1483.039718,1492.898251,
263,phase1,15,pair_016,4.383292,1483.056395,1492.914929,
264,phase1,15,pair_016,4.400192,1483.073296,1492.931829,
265,phase1,15,pair_016,4.41689,1483.089994,1492.948528,
266,phase1,15,pair_016,4.433246,1483.10635,1492.964883,
267,phase1,15,pair_016,4.449934,1483.123037,1492.981571,
268,phase1,15,pair_016,4.466606,1483.139711,1492.998243,
269,phase1,15,pair_016,4.483272,1483.156375,1493.014909,
270,phase1,15,pair_016,4.499924,1483.173027,1493.031561,
271,phase1,15,pair_016,4.516577,1483.189681,1493.048215,
272,phase1,15,pair_016,4.533294,1483.206398,1493.064931,
273,phase1,15,pair_016,4.550244,1483.223347,1493.081881,
274,phase1,15,pair_016,4.566589,1483.239693,1493.098227,
275,phase1,15,pair_016,4.583225,1483.256329,1493.114863,
276,phase1,15,pair_016,4.599906,1483.27301,1493.131543,
277,phase1,15,pair_016,4.616861,1483.289964,1493.148498,
278,phase1,15,pair_016,4.633272,1483.306375,1493.164909,
279,phase1,15,pair_016,4.649933,1483.323038,1493.181571,
280,phase1,15,pair_016,4.666579,1483.339683,1493.198217,
281,phase1,15,pair_016,4.683248,1483.356358,1493.214885,
282,phase1,15,pair_016,4.699928,1483.373031,1493.231565,
283,phase1,15,pair_016,4.71661,1483.389716,1493.248247,
284,phase1,15,pair_016,4.733246,1483.40635,1493.264884,
285,phase1,15,pair_016,4.749922,1483.423026,1493.281559,
286,phase1,15,pair_016,4.766612,1483.439716,1493.29825,
287,phase1,15,pair_016,4.783254,1483.456358,1493.314892,
288,phase1,15,pair_016,4.799915,1483.473019,1493.331552,
289,phase1,15,pair_016,4.816905,1483.490008,1493.348542,
290,phase1,15,pair_016,4.83354,1483.506643,1493.365177,
291,phase1,15,pair_016,4.84992,1483.523023,1493.381557,
292,phase1,15,pair_016,4.866619,1483.539723,1493.398256,
293,phase1,15,pair_016,4.883484,1483.556589,1493.415121,
294,phase1,15,pair_016,4.900219,1483.573325,1493.431856,
295,phase1,15,pair_016,4.916565,1483.589669,1493.448203,
296,phase1,15,pair_016,4.933238,1483.606341,1493.464875,
297,phase1,15,pair_016,4.949908,1483.623012,1493.481546,
298,phase1,15,pair_016,4.966888,1483.639992,1493.498525,
299,phase1,15,pair_016,4.983254,1483.656357,1493.514891,
300,phase1,15,pair_016,4.999873,1483.672977,1493.531511,
301,phase1,15,pair_016,5.016623,1483.689727,1493.548261,
302,phase1,15,pair_016,5.033239,1483.706344,1493.564876,
303,phase1,15,pair_016,5.049926,1483.72303,1493.581563,
304,phase1,15,pair_016,5.066593,1483.739699,1493.59823,
305,phase1,15,pair_016,5.0833,1483.756403,1493.614937,
306,phase1,15,pair_016,5.100256,1483.773359,1493.631893,
307,phase1,15,pair_016,5.116566,1483.789669,1493.648203,
308,phase1,15,pair_016,5.133268,1483.806372,1493.664906,
309,phase1,15,pair_016,5.149941,1483.823045,1493.681578,
310,phase1,15,pair_016,5.166575,1483.839678,1493.698212,
311,phase1,15,pair_016,5.183534,1483.856638,1493.715172,
312,phase1,15,pair_016,5.199912,1483.873016,1493.73155,
313,phase1,15,pair_016,5.216568,1483.889671,1493.748205,
314,phase1,15,pair_016,5.233218,1483.906322,1493.764856,
315,phase1,15,pair_016,5.250242,1483.923346,1493.78188,
316,phase1,15,pair_016,5.26657,1483.939673,1493.798207,
317,phase1,15,pair_016,5.283291,1483.956396,1493.814928,
318,phase1,15,pair_016,5.29989,1483.972993,1493.831527,
319,phase1,15,pair_016,5.316877,1483.98998,1493.848514,
320,phase1,15,pair_016,5.333185,1484.006288,1493.864822,
321,phase1,15,pair_016,5.349887,1484.022992,1493.881524,
322,phase1,15,pair_016,5.366546,1484.039649,1493.898183,
323,phase1,15,pair_016,5.383214,1484.056319,1493.914852,
324,phase1,15,pair_016,5.39991,1484.073015,1493.931548,
325,phase1,15,pair_016,5.416561,1484.089664,1493.948198,
326,phase1,15,pair_016,5.433219,1484.106324,1493.964856,
327,phase1,15,pair_016,5.449846,1484.12295,1493.981484,
328,phase1,15,pair_016,5.466867,1484.139972,1493.998504,
329,phase1,15,pair_016,5.48322,1484.156323,1494.014857,
330,phase1,15,pair_016,5.499906,1484.17301,1494.031544,
331,phase1,15,pair_016,5.516547,1484.18965,1494.048184,
332,phase1,15,pair_016,5.533228,1484.206331,1494.064865,
333,phase1,15,pair_016,5.549899,1484.223002,1494.081536,
334,phase1,15,pair_016,5.566589,1484.239692,1494.098226,
335,phase1,15,pair_016,5.583545,1484.256649,1494.115183,
336,phase1,15,pair_016,5.600184,1484.273287,1494.131821,
337,phase1,15,pair_016,5.616554,1484.289658,1494.148191,
338,phase1,15,pair_016,5.63323,1484.306334,1494.164868,
339,phase1,15,pair_016,5.649914,1484.323018,1494.181551,
340,phase1,15,pair_016,5.666859,1484.339963,1494.198497,
341,phase1,15,pair_016,5.683217,1484.356321,1494.214855,
342,phase1,15,pair_016,5.699946,1484.373049,1494.231583,
343,phase1,15,pair_016,5.716544,1484.389648,1494.248181,
344,phase1,15,pair_016,5.733547,1484.406652,1494.265184,
345,phase1,15,pair_016,5.749839,1484.422942,1494.281476,
346,phase1,15,pair_016,5.766567,1484.439671,1494.298205,
347,phase1,15,pair_016,5.78316,1484.456263,1494.314797,
348,phase1,15,pair_016,5.799859,1484.472963,1494.331497,
349,phase1,15,pair_016,5.816846,1484.489949,1494.348483,
350,phase1,15,pair_016,5.833237,1484.50634,1494.364874,
351,phase1,15,pair_016,5.84987,1484.522973,1494.381507,
352,phase1,15,pair_016,5.866527,1484.53963,1494.398164,
353,phase1,15,pair_016,5.883504,1484.556607,1494.415141,
354,phase1,15,pair_016,5.899833,1484.572936,1494.43147,
355,phase1,15,pair_016,5.916605,1484.589708,1494.448242,
356,phase1,15,pair_016,5.933538,1484.606643,1494.465176,
357,phase1,15,pair_016,5.950161,1484.623265,1494.481798,
358,phase1,15,pair_016,5.966536,1484.63964,1494.498174,
359,phase1,15,pair_016,5.983236,1484.65634,1494.514874,
360,phase1,15,pair_016,6.000141,1484.673245,1494.531778,
361,phase1,15,pair_016,6.016832,1484.689936,1494.548469,
362,phase1,15,pair_016,6.033213,1484.706319,1494.56485,
363,phase1,15,pair_016,6.049846,1484.72295,1494.581483,
364,phase1,15,pair_016,6.066531,1484.739635,1494.598168,
365,phase1,15,pair_016,6.083244,1484.756349,1494.614882,
366,phase1,15,pair_016,6.099885,1484.772992,1494.631522,
367,phase1,15,pair_016,6.116599,1484.789702,1494.648236,
368,phase1,15,pair_016,6.133446,1484.806549,1494.665083,
369,phase1,15,pair_016,6.150212,1484.823317,1494.68185,
370,phase1,15,pair_016,6.166501,1484.839605,1494.698139,
371,phase1,15,pair_016,6.183225,1484.856328,1494.714862,
372,phase1,15,pair_016,6.199925,1484.873028,1494.731562,
373,phase1,15,pair_016,6.216521,1484.889624,1494.748158,
374,phase1,15,pair_016,6.233178,1484.906282,1494.764816,
375,phase1,15,pair_016,6.249881,1484.922985,1494.781519,
376,phase1,15,pair_016,6.266789,1484.939893,1494.798427,
377,phase1,15,pair_016,6.2835,1484.956603,1494.815137,
378,phase1,15,pair_016,6.300153,1484.973257,1494.83179,
379,phase1,15,pair_016,6.316573,1484.989677,1494.848211,
380,phase1,15,pair_016,6.33324,1485.006344,1494.864878,
381,phase1,15,pair_016,6.349871,1485.022975,1494.881509,
382,phase1,15,pair_016,6.366837,1485.03994,1494.898474,
383,phase1,15,pair_016,6.383218,1485.056322,1494.914855,
384,phase1,15,pair_016,6.399844,1485.072948,1494.931482,
385,phase1,15,pair_016,6.41658,1485.089683,1494.948217,
386,phase1,15,pair_016,6.43349,1485.106594,1494.965128,
387,phase1,15,pair_016,6.449777,1485.12288,1494.981414,
388,phase1,15,pair_016,6.466578,1485.139682,1494.998216,
389,phase1,15,pair_016,6.483443,1485.156546,1495.01508,
390,phase1,15,pair_016,6.499831,1485.172935,1495.031469,
391,phase1,15,pair_016,6.516535,1485.189639,1495.048172,
392,phase1,15,pair_016,6.533179,1485.206283,1495.064817,
393,phase1,15,pair_016,6.549837,1485.222941,1495.081475,
394,phase1,15,pair_016,6.566841,1485.239945,1495.098478,
395,phase1,15,pair_016,6.58318,1485.256284,1495.114818,
396,phase1,15,pair_016,6.599887,1485.272991,1495.131525,
397,phase1,15,pair_016,6.616508,1485.289611,1495.148145,
398,phase1,15,pair_016,6.633175,1485.306279,1495.164813,
399,phase1,15,pair_016,6.650146,1485.32325,1495.181784,
400,phase1,15,pair_016,6.666492,1485.339596,1495.19813,
401,phase1,15,pair_016,6.683204,1485.356308,1495.214842,
402,phase1,15,pair_016,6.700134,1485.373237,1495.231771,
403,phase1,15,pair_016,6.716799,1485.389903,1495.248437,
404,phase1,15,pair_016,6.733216,1485.406319,1495.264853,
405,phase1,15,pair_016,6.749841,1485.422945,1495.281479,
406,phase1,15,pair_016,6.766824,1485.439928,1495.298462,
407,phase1,15,pair_016,6.78317,1485.456273,1495.314807,
408,phase1,15,pair_016,6.799839,1485.472943,1495.331477,
409,phase1,15,pair_016,6.816555,1485.489658,1495.348192,
410,phase1,15,pair_016,6.833178,1485.506282,1495.364815,
411,phase1,15,pair_016,6.85014,1485.523243,1495.381777,
412,phase1,15,pair_016,6.866523,1485.539627,1495.398161,
413,phase1,15,pair_016,6.883169,1485.556273,1495.414806,
414,phase1,15,pair_016,6.899886,1485.57299,1495.431523,
415,phase1,15,pair_016,6.916818,1485.589921,1495.448455,
416,phase1,15,pair_016,6.933154,1485.606257,1495.464791,
417,phase1,15,pair_016,6.949907,1485.62301,1495.481544,
418,phase1,15,pair_016,6.966488,1485.639592,1495.498125,
419,phase1,15,pair_016,6.98317,1485.656273,1495.514807,
420,phase1,15,pair_016,6.999833,1485.672937,1495.531471,
421,phase1,15,pair_016,7.016496,1485.6896,1495.548133,
422,phase1,15,pair_016,7.033161,1485.706265,1495.564799,
423,phase1,15,pair_016,7.049836,1485.72294,1495.581474,
424,phase1,15,pair_016,7.066808,1485.739911,1495.598445,
425,phase1,15,pair_016,7.083163,1485.756266,1495.6148,
426,phase1,15,pair_016,7.099838,1485.772942,1495.631475,
427,phase1,15,pair_016,7.116489,1485.789593,1495.648127,
428,phase1,15,pair_016,7.13345,1485.806553,1495.665087,
429,phase1,15,pair_016,7.14986,1485.822963,1495.681497,
430,phase1,15,pair_016,7.166495,1485.839598,1495.698132,
431,phase1,15,pair_016,7.183145,1485.856248,1495.714782,
432,phase1,15,pair_016,7.200131,1485.873235,1495.731768,
433,phase1,15,pair_016,7.216468,1485.889572,1495.748105,
434,phase1,15,pair_016,7.233214,1485.906318,1495.764852,
435,phase1,15,pair_016,7.250116,1485.92322,1495.781754,
436,phase1,15,pair_016,7.266808,1485.939912,1495.798445,
437,phase1,15,pair_016,7.283159,1485.956262,1495.814796,
438,phase1,15,pair_016,7.299756,1485.972859,1495.831393,
439,phase1,15,pair_016,7.316564,1485.989667,1495.848201,
440,phase1,15,pair_016,7.333134,1486.006237,1495.864771,
441,phase1,15,pair_016,7.349763,1486.022869,1495.8814,
442,phase1,15,pair_016,7.366429,1486.039532,1495.898066,
443,phase1,15,pair_016,7.383443,1486.056547,1495.91508,
444,phase1,15,pair_016,7.40014,1486.073244,1495.931778,
445,phase1,15,pair_016,7.416533,1486.089637,1495.94817,
446,phase1,15,pair_016,7.433172,1486.106276,1495.96481,
447,phase1,15,pair_016,7.449838,1486.122942,1495.981476,
448,phase1,15,pair_016,7.466495,1486.139598,1495.998132,
449,phase1,15,pair_016,7.483163,1486.156267,1496.014801,
450,phase1,15,pair_016,7.499777,1486.172881,1496.031414,
451,phase1,15,pair_016,7.516452,1486.189556,1496.048089,
452,phase1,15,pair_016,7.53316,1486.206264,1496.064797,
453,phase1,15,pair_016,7.550128,1486.223232,1496.081765,
454,phase1,15,pair_016,7.566469,1486.239572,1496.098106,
455,phase1,15,pair_016,7.583096,1486.256199,1496.114733,
456,phase1,15,pair_016,7.599824,1486.272927,1496.131461,
457,phase1,15,pair_016,7.616779,1486.289882,1496.148416,
458,phase1,15,pair_016,7.633152,1486.306256,1496.164789,
459,phase1,15,pair_016,7.650098,1486.323202,1496.181735,
460,phase1,15,pair_016,7.666766,1486.33987,1496.198404,
461,phase1,15,pair_016,7.683451,1486.356555,1496.215088,
462,phase1,15,pair_016,7.699819,1486.372923,1496.231456,
463,phase1,15,pair_016,7.716893,1486.389996,1496.24853,
464,phase1,15,pair_016,7.733242,1486.406346,1496.26488,
465,phase1,15,pair_016,7.749925,1486.423031,1496.281562,
466,phase1,15,pair_016,7.766642,1486.439746,1496.298279,
467,phase1,15,pair_016,7.783559,1486.456663,1496.315196,
468,phase1,15,pair_016,7.799918,1486.473022,1496.331556,
469,phase1,15,pair_016,7.816576,1486.48968,1496.348213,
470,phase1,15,pair_016,7.833278,1486.506382,1496.364915,
471,phase1,15,pair_016,7.850217,1486.523321,1496.381854,
472,phase1,15,pair_016,7.866575,1486.539679,1496.398213,
473,phase1,15,pair_016,7.883263,1486.556367,1496.4149,
474,phase1,15,pair_016,7.899949,1486.573053,1496.431586,
475,phase1,15,pair_016,7.916522,1486.589626,1496.448159,
476,phase1,15,pair_016,7.93355,1486.606654,1496.465187,
477,phase1,15,pair_016,7.949909,1486.623013,1496.481546,
478,phase1,15,pair_016,7.966576,1486.639679,1496.498213,
479,phase1,15,pair_016,7.98352,1486.656624,1496.515157,
480,phase1,15,pair_016,8.000224,1486.673328,1496.531862,
481,phase1,15,pair_016,8.016566,1486.68967,1496.548203,
482,phase1,15,pair_016,8.033244,1486.706348,1496.564881,
483,phase1,15,pair_016,8.049936,1486.723061,1496.581574,
484,phase1,15,pair_016,8.066882,1486.739986,1496.598519,
485,phase1,15,pair_016,8.083248,1486.756352,1496.614885,
486,phase1,15,pair_016,8.099845,1486.772949,1496.631482,
487,phase1,15,pair_016,8.116589,1486.789692,1496.648226,
488,phase1,15,pair_016,8.133549,1486.806653,1496.665186,
489,phase1,15,pair_016,8.149901,1486.823005,1496.681538,
490,phase1,15,pair_016,8.16659,1486.839694,1496.698227,
491,phase1,15,pair_016,8.183299,1486.856402,1496.714936,
492,phase1,15,pair_016,8.200216,1486.87332,1496.731854,
493,phase1,15,pair_016,8.216581,1486.889687,1496.748218,
494,phase1,15,pair_016,8.233255,1486.906359,1496.764892,
495,phase1,15,pair_016,8.250128,1486.923232,1496.781765,
496,phase1,15,pair_016,8.266559,1486.939663,1496.798196,
497,phase1,15,pair_016,8.283252,1486.956356,1496.81489,
498,phase1,15,pair_016,8.299906,1486.97301,1496.831543,
499,phase1,15,pair_016,8.316611,1486.989715,1496.848248,
500,phase1,15,pair_016,8.333251,1487.006355,1496.864888,
501,phase1,15,pair_016,8.350197,1487.023301,1496.881834,
502,phase1,15,pair_016,8.366577,1487.03968,1496.898214,
503,phase1,15,pair_016,8.383262,1487.056366,1496.914899,
504,phase1,15,pair_016,8.400242,1487.073346,1496.93188,
505,phase1,15,pair_016,8.416523,1487.089626,1496.94816,
506,phase1,15,pair_016,8.433236,1487.10634,1496.964873,
507,phase1,15,pair_016,8.449852,1487.122955,1496.981489,
508,phase1,15,pair_016,8.466605,1487.139709,1496.998243,
509,phase1,15,pair_016,8.483538,1487.156641,1497.015175,
510,phase1,15,pair_016,8.499886,1487.172992,1497.031524,
511,phase1,15,pair_016,8.516532,1487.189636,1497.04817,
512,phase1,15,pair_016,8.533246,1487.206351,1497.064883,
513,phase1,15,pair_016,8.550171,1487.223274,1497.081808,
514,phase1,15,pair_016,8.566584,1487.239693,1497.098222,
515,phase1,15,pair_016,8.583238,1487.256343,1497.114875,
516,phase1,15,pair_016,8.599915,1487.273019,1497.131552,
517,phase1,15,pair_016,8.616892,1487.289995,1497.148529,
518,phase1,15,pair_016,8.633177,1487.306281,1497.164815,
519,phase1,15,pair_016,8.649887,1487.322991,1497.181524,
520,phase1,15,pair_016,8.66662,1487.339724,1497.198257,
521,phase1,15,pair_016,8.683208,1487.356312,1497.214845,
522,phase1,15,pair_016,8.700198,1487.373302,1497.231836,
523,phase1,15,pair_016,8.716559,1487.389663,1497.248197,
524,phase1,15,pair_016,8.733264,1487.406367,1497.264901,
525,phase1,15,pair_016,8.749851,1487.422955,1497.281489,
526,phase1,15,pair_016,8.766854,1487.439958,1497.298491,
527,phase1,15,pair_016,8.783225,1487.456328,1497.314862,
528,phase1,15,pair_016,8.800219,1487.473324,1497.331857,
529,phase1,15,pair_016,8.816553,1487.489656,1497.34819,
530,phase1,15,pair_016,8.833523,1487.506627,1497.365161,
531,phase1,15,pair_016,8.849876,1487.52298,1497.381514,
532,phase1,15,pair_016,8.866527,1487.53963,1497.398164,
533,phase1,15,pair_016,8.883227,1487.55633,1497.414864,
534,phase1,15,pair_016,8.900191,1487.573294,1497.431828,
535,phase1,15,pair_016,8.916555,1487.589658,1497.448192,
536,phase1,15,pair_016,8.933207,1487.60631,1497.464844,
537,phase1,15,pair_016,8.949928,1487.623032,1497.481565,
538,phase1,15,pair_016,8.966674,1487.639777,1497.498311,
539,phase1,15,pair_016,8.983177,1487.65628,1497.514814,
540,phase1,15,pair_016,8.999871,1487.672974,1497.531508,
541,phase1,15,pair_016,9.016567,1487.68967,1497.548204,
542,phase1,15,pair_016,9.033549,1487.706654,1497.565187,
543,phase1,15,pair_016,9.049843,1487.722947,1497.58148,
544,phase1,15,pair_016,9.06656,1487.739663,1497.598197,
545,phase1,15,pair_016,9.083454,1487.756558,1497.615092,
546,phase1,15,pair_016,9.099871,1487.772975,1497.631508,
547,phase1,15,pair_016,9.116564,1487.789668,1497.648201,
548,phase1,15,pair_016,9.133218,1487.806321,1497.664855,
549,phase1,15,pair_016,9.149937,1487.823041,1497.681575,
550,phase1,15,pair_016,9.166521,1487.839625,1497.698159,
551,phase1,15,pair_016,9.183506,1487.856609,1497.715143,
552,phase1,15,pair_016,9.199876,1487.872979,1497.731513,
553,phase1,15,pair_016,9.216553,1487.889657,1497.74819,
554,phase1,15,pair_016,9.233206,1487.906309,1497.764843,
555,phase1,15,pair_016,9.250173,1487.923277,1497.781811,
556,phase1,15,pair_016,9.266559,1487.939662,1497.798196,
557,phase1,15,pair_016,9.283455,1487.956558,1497.815092,
558,phase1,15,pair_016,9.299868,1487.972972,1497.831505,
559,phase1,15,pair_016,9.316454,1487.989557,1497.848091,
560,phase1,15,pair_016,9.333215,1488.006318,1497.864852,
561,phase1,15,pair_016,9.349915,1488.023022,1497.881552,
562,phase1,15,pair_016,9.366538,1488.039642,1497.898175,
563,phase1,15,pair_016,9.383515,1488.056619,1497.915153,
564,phase1,15,pair_016,9.399868,1488.072972,1497.931505,
565,phase1,15,pair_016,9.416518,1488.089622,1497.948155,
566,phase1,15,pair_016,9.433203,1488.106307,1497.964841,
567,phase1,15,pair_016,9.449841,1488.122944,1497.981478,
568,phase1,15,pair_016,9.466823,1488.139927,1497.998461,
569,phase1,15,pair_016,9.483188,1488.156292,1498.014826,
570,phase1,15,pair_016,9.499862,1488.172966,1498.0315,
571,phase1,15,pair_016,9.51652,1488.189624,1498.048157,
572,phase1,15,pair_016,9.533138,1488.206242,1498.064775,
573,phase1,15,pair_016,9.549867,1488.22297,1498.081504,
574,phase1,15,pair_016,9.566592,1488.239695,1498.098229,
575,phase1,15,pair_016,9.583511,1488.256615,1498.115149,
576,phase1,15,pair_016,9.599787,1488.272891,1498.131424,
577,phase1,15,pair_016,9.616518,1488.289622,1498.148156,
578,phase1,15,pair_016,9.633247,1488.306352,1498.164884,
579,phase1,15,pair_016,9.649875,1488.322979,1498.181512,
580,phase1,15,pair_016,9.666848,1488.339951,1498.198485,
581,phase1,15,pair_016,9.683166,1488.356272,1498.214804,
582,phase1,15,pair_016,9.699832,1488.372936,1498.23147,
583,phase1,15,pair_016,9.716489,1488.389592,1498.248126,
584,phase1,15,pair_016,9.733512,1488.406616,1498.26515,
585,phase1,15,pair_016,9.749849,1488.422953,1498.281486,
586,phase1,15,pair_016,9.766508,1488.439611,1498.298145,
587,phase1,15,pair_016,9.783218,1488.456323,1498.314855,
588,phase1,15,pair_016,9.800187,1488.473291,1498.331825,
589,phase1,15,pair_016,9.81651,1488.489614,1498.348147,
590,phase1,15,pair_016,9.833149,1488.506252,1498.364786,
591,phase1,15,pair_016,9.849879,1488.523001,1498.381516,
592,phase1,15,pair_016,9.866816,1488.53992,1498.398453,
593,phase1,15,pair_016,9.883484,1488.556588,1498.415122,
594,phase1,15,pair_016,9.899858,1488.572962,1498.431495,
595,phase1,15,pair_016,9.916504,1488.58961,1498.448142,
596,phase1,15,pair_016,9.933172,1488.606276,1498.464809,
597,phase1,15,pair_016,9.949832,1488.622936,1498.481469,
598,phase1,15,pair_016,9.966505,1488.639612,1498.498143,
599,phase1,15,pair_016,9.983103,1488.656207,1498.514741,
600,phase1,15,pair_016,9.999831,1488.672935,1498.531469,
601,phase1,15,pair_016,10.016807,1488.689911,1498.548445,
602,phase1,15,pair_016,10.03317,1488.706273,1498.564807,
603,phase1,15,pair_016,10.049804,1488.722908,1498.581442,
604,phase1,15,pair_016,10.066506,1488.73961,1498.598144,
605,phase1,15,pair_016,10.083488,1488.756591,1498.615125,
606,phase1,15,pair_016,10.100094,1488.773199,1498.631732,
607,phase1,15,pair_016,10.116492,1488.789595,1498.648129,
608,phase1,15,pair_016,10.1331,1488.806203,1498.664737,
609,phase1,15,pair_016,10.14982,1488.822927,1498.681457,
610,phase1,15,pair_016,10.166517,1488.83962,1498.698154,
611,phase1,15,pair_016,10.183167,1488.85627,1498.714804,
612,phase1,15,pair_016,10.199762,1488.872866,1498.731399,
613,phase1,15,pair_016,10.216509,1488.889613,1498.748147,
614,phase1,15,pair_016,10.233175,1488.906279,1498.764813,
615,phase1,15,pair_016,10.2498,1488.922903,1498.781437,
616,phase1,15,pair_016,10.266483,1488.939587,1498.798121,
617,phase1,15,pair_016,10.283142,1488.956245,1498.814779,
618,phase1,15,pair_016,10.29985,1488.972953,1498.831487,
619,phase1,15,pair_016,10.31654,1488.989644,1498.848177,
620,phase1,15,pair_016,10.333163,1489.006266,1498.8648,
621,phase1,15,pair_016,10.350176,1489.023281,1498.881813,
622,phase1,15,pair_016,10.366435,1489.039538,1498.898072,
623,phase1,15,pair_016,10.383189,1489.056292,1498.914826,
624,phase1,15,pair_016,10.399851,1489.072955,1498.931488,
625,phase1,15,pair_016,10.416478,1489.089581,1498.948115,
626,phase1,15,pair_016,10.433464,1489.106587,1498.965101,
627,phase1,15,pair_016,10.449789,1489.122893,1498.981427,
628,phase1,15,pair_016,10.466494,1489.139597,1498.998131,
629,phase1,15,pair_016,-1478.673365,1489.356309,9.858273,response
0,phase2,15,pair_016,0.0,1490.506374,1500.364902,single_opt_onset_seq1_opt3_春季
1,phase2,15,pair_016,0.016942,1490.523312,1500.381844,
2,phase2,15,pair_016,0.033576,1490.539943,1500.398478,
3,phase2,15,pair_016,0.049966,1490.556334,1500.414868,
4,phase2,15,pair_016,0.066653,1490.57302,1500.431555,
5,phase2,15,pair_016,0.083627,1490.589994,1500.448529,
6,phase2,15,pair_016,0.100248,1490.606615,1500.46515,
7,phase2,15,pair_016,0.116622,1490.622988,1500.481524,
8,phase2,15,pair_016,0.13326,1490.639627,1500.498162,
9,phase2,15,pair_016,0.150246,1490.656612,1500.515148,
10,phase2,15,pair_016,0.166925,1490.673291,1500.531826,
11,phase2,15,pair_016,0.183274,1490.68964,1500.548176,
12,phase2,15,pair_016,0.199901,1490.706267,1500.564803,
13,phase2,15,pair_016,0.216574,1490.72294,1500.581476,
14,phase2,15,pair_016,0.233569,1490.739935,1500.598471,
15,phase2,15,pair_016,0.249957,1490.756326,1500.614859,
16,phase2,15,pair_016,0.266586,1490.772952,1500.631488,
17,phase2,15,pair_016,0.283535,1490.789901,1500.648437,
18,phase2,15,pair_016,0.300279,1490.806645,1500.665181,
19,phase2,15,pair_016,0.316597,1490.822963,1500.681499,
20,phase2,15,pair_016,0.333254,1490.83962,1500.698156,
21,phase2,15,pair_016,0.349998,1490.856364,1500.7149,
22,phase2,15,pair_016,0.366619,1490.872986,1500.731521,
23,phase2,15,pair_016,0.383253,1490.889619,1500.748154,
24,phase2,15,pair_016,0.399944,1490.90631,1500.764845,
25,phase2,15,pair_016,0.416643,1490.923011,1500.781545,
26,phase2,15,pair_016,0.433203,1490.939569,1500.798105,
27,phase2,15,pair_016,0.450246,1490.956616,1500.815148,
28,phase2,15,pair_016,0.466593,1490.972968,1500.831495,
29,phase2,15,pair_016,0.483302,1490.989668,1500.848204,
30,phase2,15,pair_016,0.499975,1491.006343,1500.864877,
31,phase2,15,pair_016,0.516915,1491.023281,1500.881816,
32,phase2,15,pair_016,0.533274,1491.03964,1500.898176,
33,phase2,15,pair_016,0.54994,1491.056306,1500.914841,
34,phase2,15,pair_016,0.566582,1491.072948,1500.931484,
35,phase2,15,pair_016,0.583228,1491.089819,1500.94813,
36,phase2,15,pair_016,0.599898,1491.106264,1500.9648,
37,phase2,15,pair_016,0.616526,1491.122892,1500.981428,
38,phase2,15,pair_016,0.633221,1491.139589,1500.998123,
39,phase2,15,pair_016,0.649867,1491.156233,1501.014769,
40,phase2,15,pair_016,0.666644,1491.173014,1501.031545,
41,phase2,15,pair_016,0.683262,1491.189642,1501.048164,
42,phase2,15,pair_016,0.700019,1491.2064,1501.064921,
43,phase2,15,pair_016,0.71659,1491.222965,1501.081492,
44,phase2,15,pair_016,0.733257,1491.23963,1501.098159,
45,phase2,15,pair_016,0.749921,1491.256297,1501.114823,
46,phase2,15,pair_016,0.766714,1491.273096,1501.131615,
47,phase2,15,pair_016,0.783307,1491.289684,1501.148209,
48,phase2,15,pair_016,0.799956,1491.306329,1501.164857,
49,phase2,15,pair_016,0.816602,1491.322976,1501.181504,
50,phase2,15,pair_016,0.833237,1491.339607,1501.198139,
51,phase2,15,pair_016,0.850142,1491.35653,1501.215044,
52,phase2,15,pair_016,0.866715,1491.373084,1501.231617,
53,phase2,15,pair_016,0.883378,1491.389747,1501.24828,
54,phase2,15,pair_016,0.899919,1491.406286,1501.264821,
55,phase2,15,pair_016,0.91657,1491.422937,1501.281472,
56,phase2,15,pair_016,0.933217,1491.439583,1501.298119,
57,phase2,15,pair_016,0.949932,1491.456298,1501.314834,
58,phase2,15,pair_016,0.966627,1491.472993,1501.331529,
59,phase2,15,pair_016,0.983237,1491.489605,1501.348139,
60,phase2,15,pair_016,0.999932,1491.506298,1501.364834,
61,phase2,15,pair_016,1.016571,1491.522938,1501.381473,
62,phase2,15,pair_016,1.033267,1491.539634,1501.398169,
63,phase2,15,pair_016,1.049903,1491.556269,1501.414804,
64,phase2,15,pair_016,1.066557,1491.572925,1501.431459,
65,phase2,15,pair_016,1.083173,1491.58954,1501.448075,
66,phase2,15,pair_016,1.099906,1491.606273,1501.464808,
67,phase2,15,pair_016,1.116576,1491.622943,1501.481478,
68,phase2,15,pair_016,1.133243,1491.639609,1501.498144,
69,phase2,15,pair_016,1.149912,1491.656279,1501.514814,
70,phase2,15,pair_016,1.166576,1491.672944,1501.531477,
71,phase2,15,pair_016,1.183229,1491.689595,1501.548131,
72,phase2,15,pair_016,1.200064,1491.70643,1501.564966,
73,phase2,15,pair_016,1.216603,1491.722971,1501.581505,
74,phase2,15,pair_016,1.233239,1491.739605,1501.59814,
75,phase2,15,pair_016,1.249943,1491.756309,1501.614844,
76,phase2,15,pair_016,1.266516,1491.772883,1501.631418,
77,phase2,15,pair_016,1.283238,1491.789604,1501.648139,
78,phase2,15,pair_016,1.299907,1491.806274,1501.664809,
79,phase2,15,pair_016,1.316616,1491.822983,1501.681518,
80,phase2,15,pair_016,1.333241,1491.839607,1501.698142,
81,phase2,15,pair_016,1.349894,1491.85626,1501.714796,
82,phase2,15,pair_016,1.366571,1491.872937,1501.731472,
83,phase2,15,pair_016,1.383224,1491.889591,1501.748126,
84,phase2,15,pair_016,1.399924,1491.90629,1501.764826,
85,phase2,15,pair_016,1.416571,1491.922937,1501.781473,
86,phase2,15,pair_016,1.433223,1491.939589,1501.798124,
87,phase2,15,pair_016,1.449905,1491.956271,1501.814807,
88,phase2,15,pair_016,1.466524,1491.97289,1501.831426,
89,phase2,15,pair_016,1.483231,1491.989597,1501.848133,
90,phase2,15,pair_016,1.500048,1492.006414,1501.86495,
0,phase2,15,pair_016,0.0,1492.022937,1501.881468,iti_onset_dur_1.368
1,phase2,15,pair_016,0.016646,1492.039578,1501.898114,
2,phase2,15,pair_016,0.033324,1492.056256,1501.914792,
3,phase2,15,pair_016,0.049983,1492.072915,1501.931451,
4,phase2,15,pair_016,0.066663,1492.089595,1501.948131,
5,phase2,15,pair_016,0.083321,1492.106253,1501.964789,
6,phase2,15,pair_016,0.099936,1492.122873,1501.981404,
7,phase2,15,pair_016,0.116618,1492.139557,1501.998086,
8,phase2,15,pair_016,0.1333,1492.156236,1502.014768,
9,phase2,15,pair_016,0.149925,1492.172859,1502.031393,
10,phase2,15,pair_016,0.166633,1492.189566,1502.048101,
11,phase2,15,pair_016,0.183284,1492.206226,1502.064752,
12,phase2,15,pair_016,0.199955,1492.222892,1502.081423,
13,phase2,15,pair_016,0.216612,1492.239548,1502.09808,
14,phase2,15,pair_016,0.23327,1492.256205,1502.114738,
15,phase2,15,pair_016,0.249953,1492.272887,1502.131421,
16,phase2,15,pair_016,0.266652,1492.289592,1502.14812,
17,phase2,15,pair_016,0.283276,1492.30621,1502.164744,
18,phase2,15,pair_016,0.299981,1492.322914,1502.181449,
19,phase2,15,pair_016,0.316635,1492.339567,1502.198103,
20,phase2,15,pair_016,0.333321,1492.356254,1502.214789,
21,phase2,15,pair_016,0.349955,1492.372887,1502.231423,
22,phase2,15,pair_016,0.366635,1492.389571,1502.248103,
23,phase2,15,pair_016,0.383229,1492.406161,1502.264697,
24,phase2,15,pair_016,0.399989,1492.422921,1502.281457,
25,phase2,15,pair_016,0.416649,1492.439581,1502.298117,
26,phase2,15,pair_016,0.433289,1492.456229,1502.314757,
27,phase2,15,pair_016,0.449904,1492.472836,1502.331372,
28,phase2,15,pair_016,0.466591,1492.489529,1502.348059,
29,phase2,15,pair_016,0.483314,1492.506253,1502.364782,
30,phase2,15,pair_016,0.499964,1492.522899,1502.381432,
31,phase2,15,pair_016,0.516632,1492.539564,1502.3981,
32,phase2,15,pair_016,0.533303,1492.556235,1502.414771,
33,phase2,15,pair_016,0.549964,1492.572896,1502.431432,
34,phase2,15,pair_016,0.566642,1492.589574,1502.44811,
35,phase2,15,pair_016,0.583279,1492.606212,1502.464747,
36,phase2,15,pair_016,0.599969,1492.622902,1502.481437,
37,phase2,15,pair_016,0.616606,1492.639538,1502.498074,
38,phase2,15,pair_016,0.633282,1492.656214,1502.51475,
39,phase2,15,pair_016,0.649967,1492.672899,1502.531435,
40,phase2,15,pair_016,0.666609,1492.689541,1502.548077,
41,phase2,15,pair_016,0.6833,1492.706232,1502.564768,
42,phase2,15,pair_016,0.699943,1492.722875,1502.581411,
43,phase2,15,pair_016,0.716616,1492.739548,1502.598084,
44,phase2,15,pair_016,0.733257,1492.756189,1502.614725,
45,phase2,15,pair_016,0.749945,1492.772877,1502.631413,
46,phase2,15,pair_016,0.766626,1492.789557,1502.648094,
47,phase2,15,pair_016,0.783276,1492.806211,1502.664744,
48,phase2,15,pair_016,0.799934,1492.822866,1502.681402,
49,phase2,15,pair_016,0.816604,1492.839536,1502.698072,
50,phase2,15,pair_016,0.83327,1492.856202,1502.714738,
51,phase2,15,pair_016,0.849909,1492.872841,1502.731377,
52,phase2,15,pair_016,0.866612,1492.889543,1502.74808,
53,phase2,15,pair_016,0.883296,1492.906229,1502.764764,
54,phase2,15,pair_016,0.899952,1492.922884,1502.78142,
55,phase2,15,pair_016,0.916602,1492.939534,1502.79807,
56,phase2,15,pair_016,0.933275,1492.956207,1502.814743,
57,phase2,15,pair_016,0.949935,1492.972866,1502.831403,
58,phase2,15,pair_016,0.966597,1492.989529,1502.848065,
59,phase2,15,pair_016,0.983264,1493.006196,1502.864732,
60,phase2,15,pair_016,0.999928,1493.02286,1502.881396,
61,phase2,15,pair_016,1.016624,1493.039556,1502.898092,
62,phase2,15,pair_016,1.033293,1493.056225,1502.914761,
63,phase2,15,pair_016,1.049934,1493.072866,1502.931402,
64,phase2,15,pair_016,1.066604,1493.089535,1502.948072,
65,phase2,15,pair_016,1.083247,1493.106187,1502.964715,
66,phase2,15,pair_016,1.099953,1493.122885,1502.981421,
67,phase2,15,pair_016,1.116613,1493.139552,1502.998081,
68,phase2,15,pair_016,1.133268,1493.1562,1503.014736,
69,phase2,15,pair_016,1.149907,1493.172839,1503.031375,
70,phase2,15,pair_016,1.166577,1493.189512,1503.048045,
71,phase2,15,pair_016,1.18325,1493.206185,1503.064718,
72,phase2,15,pair_016,1.199872,1493.222805,1503.08134,
73,phase2,15,pair_016,1.21655,1493.239483,1503.098018,
74,phase2,15,pair_016,1.233238,1493.256172,1503.114706,
75,phase2,15,pair_016,1.249953,1493.272886,1503.131421,
76,phase2,15,pair_016,1.266622,1493.289556,1503.14809,
77,phase2,15,pair_016,1.283273,1493.306205,1503.164741,
78,phase2,15,pair_016,1.299985,1493.322916,1503.181453,
79,phase2,15,pair_016,1.316597,1493.339529,1503.198065,
80,phase2,15,pair_016,1.333258,1493.35619,1503.214726,
81,phase2,15,pair_016,1.349904,1493.372836,1503.231372,
82,phase2,15,pair_016,1.366584,1493.389516,1503.248052,
0,phase2,15,pair_016,0.0,1493.406189,1503.26471,single_opt_onset_seq2_opt4_干燥
1,phase2,15,pair_016,0.016683,1493.422857,1503.281392,
2,phase2,15,pair_016,0.033379,1493.439553,1503.298089,
3,phase2,15,pair_016,0.050348,1493.456522,1503.315058,
4,phase2,15,pair_016,0.066739,1493.472913,1503.331449,
5,phase2,15,pair_016,0.083385,1493.489559,1503.348094,
6,phase2,15,pair_016,0.100298,1493.506472,1503.365007,
7,phase2,15,pair_016,0.116679,1493.522854,1503.381388,
8,phase2,15,pair_016,0.133381,1493.539555,1503.39809,
9,phase2,15,pair_016,0.150082,1493.556256,1503.414792,
10,phase2,15,pair_016,0.166747,1493.572921,1503.431457,
11,phase2,15,pair_016,0.183355,1493.589529,1503.448065,
12,phase2,15,pair_016,0.200025,1493.606199,1503.464734,
13,phase2,15,pair_016,0.216755,1493.622929,1503.481465,
14,phase2,15,pair_016,0.233349,1493.639523,1503.498059,
15,phase2,15,pair_016,0.250027,1493.656201,1503.514736,
16,phase2,15,pair_016,0.267011,1493.673185,1503.53172,
17,phase2,15,pair_016,0.283405,1493.689579,1503.548114,
18,phase2,15,pair_016,0.300034,1493.706208,1503.564744,
19,phase2,15,pair_016,0.316643,1493.722816,1503.581352,
20,phase2,15,pair_016,0.333669,1493.739842,1503.598378,
21,phase2,15,pair_016,0.350018,1493.756192,1503.614728,
22,phase2,15,pair_016,0.36673,1493.772904,1503.631439,
23,phase2,15,pair_016,0.383684,1493.789858,1503.648394,
24,phase2,15,pair_016,0.400332,1493.806506,1503.665042,
25,phase2,15,pair_016,0.416695,1493.822869,1503.681405,
26,phase2,15,pair_016,0.433358,1493.839532,1503.698067,
27,phase2,15,pair_016,0.450027,1493.8562,1503.714736,
28,phase2,15,pair_016,0.467004,1493.873178,1503.731713,
29,phase2,15,pair_016,0.483362,1493.889535,1503.748071,
30,phase2,15,pair_016,0.500021,1493.906195,1503.764731,
31,phase2,15,pair_016,0.516958,1493.923136,1503.781667,
32,phase2,15,pair_016,0.533675,1493.939849,1503.798384,
33,phase2,15,pair_016,0.550037,1493.956211,1503.814746,
34,phase2,15,pair_016,0.566693,1493.972867,1503.831402,
35,phase2,15,pair_016,0.583327,1493.989501,1503.848037,
36,phase2,15,pair_016,0.600009,1494.006183,1503.864719,
37,phase2,15,pair_016,0.616747,1494.022921,1503.881456,
38,phase2,15,pair_016,0.633354,1494.039528,1503.898064,
39,phase2,15,pair_016,0.650088,1494.056263,1503.914798,
40,phase2,15,pair_016,0.666687,1494.072861,1503.931396,
41,phase2,15,pair_016,0.683587,1494.089761,1503.948297,
42,phase2,15,pair_016,0.699981,1494.106155,1503.96469,
43,phase2,15,pair_016,0.716614,1494.122788,1503.981324,
44,phase2,15,pair_016,0.733352,1494.139526,1503.998061,
45,phase2,15,pair_016,0.749992,1494.156166,1504.014702,
46,phase2,15,pair_016,0.766697,1494.172871,1504.031407,
47,phase2,15,pair_016,0.783344,1494.189518,1504.048054,
48,phase2,15,pair_016,0.80003,1494.206204,1504.06474,
49,phase2,15,pair_016,0.81698,1494.223153,1504.081689,
50,phase2,15,pair_016,0.833332,1494.239506,1504.098041,
51,phase2,15,pair_016,0.850452,1494.25663,1504.115161,
52,phase2,15,pair_016,0.866733,1494.272906,1504.131442,
53,phase2,15,pair_016,0.883442,1494.289617,1504.148152,
54,phase2,15,pair_016,0.900122,1494.306296,1504.164832,
55,phase2,15,pair_016,0.917075,1494.323249,1504.181784,
56,phase2,15,pair_016,0.933459,1494.339637,1504.198168,
57,phase2,15,pair_016,0.950104,1494.356278,1504.214813,
58,phase2,15,pair_016,0.966809,1494.372986,1504.231518,
59,phase2,15,pair_016,0.983442,1494.389616,1504.248152,
60,phase2,15,pair_016,1.000155,1494.40633,1504.264865,
61,phase2,15,pair_016,1.016723,1494.422896,1504.281432,
62,phase2,15,pair_016,1.033395,1494.439569,1504.298105,
63,phase2,15,pair_016,1.050107,1494.456281,1504.314817,
64,phase2,15,pair_016,1.066789,1494.472963,1504.331499,
65,phase2,15,pair_016,1.083439,1494.489613,1504.348148,
66,phase2,15,pair_016,1.100056,1494.50623,1504.364765,
67,phase2,15,pair_016,1.11676,1494.522934,1504.38147,
68,phase2,15,pair_016,1.133419,1494.539593,1504.398129,
69,phase2,15,pair_016,1.150085,1494.556259,1504.414795,
70,phase2,15,pair_016,1.166754,1494.572928,1504.431463,
71,phase2,15,pair_016,1.183378,1494.589554,1504.448088,
72,phase2,15,pair_016,1.200439,1494.606613,1504.465148,
73,phase2,15,pair_016,1.216748,1494.622924,1504.481458,
74,phase2,15,pair_016,1.233417,1494.63959,1504.498126,
75,phase2,15,pair_016,1.250091,1494.656268,1504.514801,
76,phase2,15,pair_016,1.266739,1494.672914,1504.531449,
77,phase2,15,pair_016,1.283403,1494.689577,1504.548113,
78,phase2,15,pair_016,1.300067,1494.706242,1504.564777,
79,phase2,15,pair_016,1.316727,1494.722901,1504.581437,
80,phase2,15,pair_016,1.333773,1494.73995,1504.598483,
81,phase2,15,pair_016,1.350097,1494.756271,1504.614807,
82,phase2,15,pair_016,1.366779,1494.772953,1504.631489,
83,phase2,15,pair_016,1.383472,1494.789646,1504.648181,
84,phase2,15,pair_016,1.400441,1494.806615,1504.66515,
85,phase2,15,pair_016,1.416765,1494.822939,1504.681475,
86,phase2,15,pair_016,1.433443,1494.839616,1504.698152,
87,phase2,15,pair_016,1.45038,1494.856554,1504.715089,
88,phase2,15,pair_016,1.466752,1494.872926,1504.731462,
89,phase2,15,pair_016,1.48343,1494.889604,1504.74814,
90,phase2,15,pair_016,1.500106,1494.906281,1504.764815,
0,phase2,15,pair_016,0.0,1494.922939,1504.781472,iti_onset_dur_0.985
1,phase2,15,pair_016,0.016657,1494.939593,1504.798129,
2,phase2,15,pair_016,0.033327,1494.956265,1504.814799,
3,phase2,15,pair_016,0.049962,1494.972898,1504.831434,
4,phase2,15,pair_016,0.066637,1494.989573,1504.848109,
5,phase2,15,pair_016,0.083297,1495.006233,1504.864769,
6,phase2,15,pair_016,0.099984,1495.022919,1504.881456,
7,phase2,15,pair_016,0.116668,1495.039603,1504.898139,
8,phase2,15,pair_016,0.133329,1495.056265,1504.914801,
9,phase2,15,pair_016,0.150332,1495.073268,1504.931804,
10,phase2,15,pair_016,0.166931,1495.089867,1504.948403,
11,phase2,15,pair_016,0.183315,1495.106251,1504.964787,
12,phase2,15,pair_016,0.200025,1495.122968,1504.981497,
13,phase2,15,pair_016,0.21669,1495.139625,1504.998162,
14,phase2,15,pair_016,0.233254,1495.1562,1505.014726,
15,phase2,15,pair_016,0.249995,1495.17293,1505.031467,
16,phase2,15,pair_016,0.266674,1495.18961,1505.048146,
17,phase2,15,pair_016,0.283333,1495.206269,1505.064805,
18,phase2,15,pair_016,0.299957,1495.222892,1505.081428,
19,phase2,15,pair_016,0.316672,1495.239607,1505.098144,
20,phase2,15,pair_016,0.333338,1495.256274,1505.11481,
21,phase2,15,pair_016,0.35003,1495.272971,1505.131502,
22,phase2,15,pair_016,0.366652,1495.289587,1505.148124,
23,phase2,15,pair_016,0.383631,1495.306567,1505.165103,
24,phase2,15,pair_016,0.399924,1495.322859,1505.181395,
25,phase2,15,pair_016,0.4167,1495.339635,1505.198172,
26,phase2,15,pair_016,0.433606,1495.356542,1505.215078,
27,phase2,15,pair_016,0.450296,1495.373233,1505.231768,
28,phase2,15,pair_016,0.466653,1495.389591,1505.248124,
29,phase2,15,pair_016,0.483353,1495.406292,1505.264825,
30,phase2,15,pair_016,0.499961,1495.422896,1505.281433,
31,phase2,15,pair_016,0.516946,1495.439883,1505.298418,
32,phase2,15,pair_016,0.533318,1495.456254,1505.31479,
33,phase2,15,pair_016,0.550015,1495.472951,1505.331487,
34,phase2,15,pair_016,0.5667,1495.489635,1505.348172,
35,phase2,15,pair_016,0.583292,1495.506228,1505.364763,
36,phase2,15,pair_016,0.599941,1495.522877,1505.381413,
37,phase2,15,pair_016,0.616631,1495.539566,1505.398103,
38,phase2,15,pair_016,0.633294,1495.556262,1505.414766,
39,phase2,15,pair_016,0.649936,1495.572872,1505.431408,
40,phase2,15,pair_016,0.66661,1495.589545,1505.448081,
41,phase2,15,pair_016,0.683317,1495.606252,1505.464789,
42,phase2,15,pair_016,0.700013,1495.622948,1505.481485,
43,phase2,15,pair_016,0.716616,1495.639552,1505.498088,
44,phase2,15,pair_016,0.733298,1495.65624,1505.51477,
45,phase2,15,pair_016,0.749984,1495.672919,1505.531455,
46,phase2,15,pair_016,0.766633,1495.689569,1505.548105,
47,phase2,15,pair_016,0.783295,1495.706235,1505.564767,
48,phase2,15,pair_016,0.800278,1495.723214,1505.58175,
49,phase2,15,pair_016,0.816641,1495.73958,1505.598113,
50,phase2,15,pair_016,0.833272,1495.756207,1505.614744,
51,phase2,15,pair_016,0.849911,1495.772846,1505.631383,
52,phase2,15,pair_016,0.866657,1495.789593,1505.648129,
53,phase2,15,pair_016,0.883311,1495.806247,1505.664783,
54,phase2,15,pair_016,0.90002,1495.822956,1505.681492,
55,phase2,15,pair_016,0.916645,1495.83958,1505.698116,
56,phase2,15,pair_016,0.933287,1495.856234,1505.714759,
57,phase2,15,pair_016,0.949959,1495.872894,1505.731431,
58,phase2,15,pair_016,0.966597,1495.889533,1505.748069,
59,phase2,15,pair_016,0.983266,1495.906202,1505.764738,
0,phase2,15,pair_016,0.0,1495.922922,1505.781453,single_opt_onset_seq3_opt2_日落
1,phase2,15,pair_016,0.016688,1495.939606,1505.798141,
2,phase2,15,pair_016,0.033316,1495.956233,1505.814769,
3,phase2,15,pair_016,0.050025,1495.972942,1505.831477,
4,phase2,15,pair_016,0.066979,1495.989896,1505.848432,
5,phase2,15,pair_016,0.083342,1496.006259,1505.864795,
6,phase2,15,pair_016,0.100037,1496.022955,1505.88149,
7,phase2,15,pair_016,0.116642,1496.039559,1505.898095,
8,phase2,15,pair_016,0.133329,1496.056248,1505.914781,
9,phase2,15,pair_016,0.149988,1496.072905,1505.931441,
10,phase2,15,pair_016,0.166692,1496.089609,1505.948145,
11,phase2,15,pair_016,0.183385,1496.106302,1505.964837,
12,phase2,15,pair_016,0.199971,1496.122895,1505.981424,
13,phase2,15,pair_016,0.216953,1496.13987,1505.998406,
14,phase2,15,pair_016,0.2333,1496.156217,1506.014753,
15,phase2,15,pair_016,0.249952,1496.172869,1506.031405,
16,phase2,15,pair_016,0.266547,1496.189464,1506.048,
17,phase2,15,pair_016,0.283301,1496.206218,1506.064754,
18,phase2,15,pair_016,0.299968,1496.222885,1506.081421,
19,phase2,15,pair_016,0.316616,1496.239533,1506.098068,
20,phase2,15,pair_016,0.333295,1496.256212,1506.114748,
21,phase2,15,pair_016,0.350289,1496.27321,1506.131742,
22,phase2,15,pair_016,0.366639,1496.289558,1506.148092,
23,phase2,15,pair_016,0.383353,1496.30627,1506.164806,
24,phase2,15,pair_016,0.399991,1496.322908,1506.181443,
25,phase2,15,pair_016,0.416956,1496.339873,1506.198409,
26,phase2,15,pair_016,0.43333,1496.356248,1506.214783,
27,phase2,15,pair_016,0.449991,1496.372908,1506.231444,
28,phase2,15,pair_016,0.466713,1496.389632,1506.248166,
29,phase2,15,pair_016,0.483638,1496.406555,1506.265091,
30,phase2,15,pair_016,0.499942,1496.422859,1506.281395,
31,phase2,15,pair_016,0.516655,1496.439571,1506.298107,
32,phase2,15,pair_016,0.533291,1496.456208,1506.314744,
33,phase2,15,pair_016,0.55032,1496.473237,1506.331773,
34,phase2,15,pair_016,0.566924,1496.489841,1506.348377,
35,phase2,15,pair_016,0.583294,1496.50621,1506.364747,
36,phase2,15,pair_016,0.599933,1496.52285,1506.381386,
37,phase2,15,pair_016,0.616642,1496.539559,1506.398095,
38,phase2,15,pair_016,0.633275,1496.556191,1506.414727,
39,phase2,15,pair_016,0.64992,1496.572837,1506.431373,
40,phase2,15,pair_016,0.666605,1496.589522,1506.448057,
41,phase2,15,pair_016,0.683294,1496.606211,1506.464746,
42,phase2,15,pair_016,0.699917,1496.622834,1506.48137,
43,phase2,15,pair_016,0.716616,1496.639533,1506.498068,
44,phase2,15,pair_016,0.733269,1496.656186,1506.514722,
45,phase2,15,pair_016,0.750229,1496.673146,1506.531682,
46,phase2,15,pair_016,0.766933,1496.689854,1506.548386,
47,phase2,15,pair_016,0.783281,1496.706197,1506.564733,
48,phase2,15,pair_016,0.799963,1496.722882,1506.581416,
49,phase2,15,pair_016,0.816887,1496.739804,1506.59834,
50,phase2,15,pair_016,0.833593,1496.75651,1506.615046,
51,phase2,15,pair_016,0.850235,1496.773152,1506.631688,
52,phase2,15,pair_016,0.866664,1496.789581,1506.648116,
53,phase2,15,pair_016,0.883312,1496.806229,1506.664764,
54,phase2,15,pair_016,0.899931,1496.822848,1506.681384,
55,phase2,15,pair_016,0.9169,1496.839817,1506.698352,
56,phase2,15,pair_016,0.933286,1496.856203,1506.714739,
57,phase2,15,pair_016,0.949947,1496.872864,1506.7314,
58,phase2,15,pair_016,0.966588,1496.889505,1506.748041,
59,phase2,15,pair_016,0.983297,1496.906218,1506.76475,
60,phase2,15,pair_016,0.999984,1496.922901,1506.781437,
61,phase2,15,pair_016,1.016632,1496.939549,1506.798085,
62,phase2,15,pair_016,1.033271,1496.956188,1506.814724,
63,phase2,15,pair_016,1.049927,1496.972844,1506.83138,
64,phase2,15,pair_016,1.066652,1496.989578,1506.848105,
65,phase2,15,pair_016,1.083531,1497.006447,1506.864983,
66,phase2,15,pair_016,1.100248,1497.023165,1506.881701,
67,phase2,15,pair_016,1.116913,1497.03983,1506.898366,
68,phase2,15,pair_016,1.133333,1497.056249,1506.914785,
69,phase2,15,pair_016,1.149963,1497.07288,1506.931416,
70,phase2,15,pair_016,1.166605,1497.089521,1506.948057,
71,phase2,15,pair_016,1.183612,1497.106529,1506.965064,
72,phase2,15,pair_016,1.199952,1497.122869,1506.981404,
73,phase2,15,pair_016,1.216682,1497.139599,1506.998135,
74,phase2,15,pair_016,1.233542,1497.156459,1507.014995,
75,phase2,15,pair_016,1.25025,1497.173166,1507.031703,
76,phase2,15,pair_016,1.266563,1497.18948,1507.048016,
77,phase2,15,pair_016,1.28326,1497.206177,1507.064713,
78,phase2,15,pair_016,1.299928,1497.222844,1507.08138,
79,phase2,15,pair_016,1.316579,1497.239496,1507.098032,
80,phase2,15,pair_016,1.333568,1497.256485,1507.115021,
81,phase2,15,pair_016,1.349943,1497.27286,1507.131396,
82,phase2,15,pair_016,1.366611,1497.289528,1507.148064,
83,phase2,15,pair_016,1.383254,1497.306171,1507.164707,
84,phase2,15,pair_016,1.40023,1497.323147,1507.181683,
85,phase2,15,pair_016,1.416664,1497.33958,1507.198116,
86,phase2,15,pair_016,1.433252,1497.356169,1507.214705,
87,phase2,15,pair_016,1.450235,1497.373152,1507.231688,
88,phase2,15,pair_016,1.466567,1497.389485,1507.248019,
89,phase2,15,pair_016,1.483516,1497.406434,1507.264969,
90,phase2,15,pair_016,1.500142,1497.423064,1507.281594,
0,phase2,15,pair_016,0.0,1497.439516,1507.298049,iti_onset_dur_0.874
1,phase2,15,pair_016,0.016979,1497.456492,1507.315028,
2,phase2,15,pair_016,0.033368,1497.472881,1507.331417,
3,phase2,15,pair_016,0.049984,1497.489497,1507.348033,
4,phase2,15,pair_016,0.06667,1497.506183,1507.364719,
5,phase2,15,pair_016,0.083316,1497.522829,1507.381366,
6,phase2,15,pair_016,0.100026,1497.539539,1507.398075,
7,phase2,15,pair_016,0.116642,1497.556155,1507.414691,
8,phase2,15,pair_016,0.133403,1497.572916,1507.431452,
9,phase2,15,pair_016,0.149991,1497.589504,1507.44804,
10,phase2,15,pair_016,0.16663,1497.606143,1507.464679,
11,phase2,15,pair_016,0.183363,1497.622876,1507.481413,
12,phase2,15,pair_016,0.200028,1497.639541,1507.498077,
13,phase2,15,pair_016,0.217005,1497.656518,1507.515055,
14,phase2,15,pair_016,0.233613,1497.673126,1507.531663,
15,phase2,15,pair_016,0.250054,1497.689568,1507.548103,
16,phase2,15,pair_016,0.266611,1497.706124,1507.564661,
17,phase2,15,pair_016,0.283645,1497.723158,1507.581694,
18,phase2,15,pair_016,0.300272,1497.739785,1507.598321,
19,phase2,15,pair_016,0.316679,1497.756193,1507.614729,
20,phase2,15,pair_016,0.333365,1497.772879,1507.631415,
21,phase2,15,pair_016,0.34998,1497.789494,1507.648029,
22,phase2,15,pair_016,0.366948,1497.806461,1507.664997,
23,phase2,15,pair_016,0.383345,1497.822858,1507.681394,
24,phase2,15,pair_016,0.40004,1497.839552,1507.698089,
25,phase2,15,pair_016,0.416651,1497.856164,1507.7147,
26,phase2,15,pair_016,0.433627,1497.87314,1507.731676,
27,phase2,15,pair_016,0.449951,1497.889464,1507.748,
28,phase2,15,pair_016,0.466649,1497.906161,1507.764698,
29,phase2,15,pair_016,0.483583,1497.923096,1507.781633,
30,phase2,15,pair_016,0.499954,1497.939466,1507.798003,
31,phase2,15,pair_016,0.516686,1497.956199,1507.814735,
32,phase2,15,pair_016,0.533305,1497.972818,1507.831354,
33,phase2,15,pair_016,0.550047,1497.98956,1507.848097,
34,phase2,15,pair_016,0.566626,1498.006139,1507.864675,
35,phase2,15,pair_016,0.583595,1498.023108,1507.881644,
36,phase2,15,pair_016,0.600021,1498.039534,1507.898071,
37,phase2,15,pair_016,0.616642,1498.056155,1507.914691,
38,phase2,15,pair_016,0.633296,1498.07281,1507.931346,
39,phase2,15,pair_016,0.64995,1498.089463,1507.947999,
40,phase2,15,pair_016,0.666691,1498.106205,1507.964741,
41,phase2,15,pair_016,0.683314,1498.122827,1507.981364,
42,phase2,15,pair_016,0.700303,1498.139816,1507.998352,
43,phase2,15,pair_016,0.716628,1498.156141,1508.014677,
44,phase2,15,pair_016,0.73332,1498.172833,1508.03137,
45,phase2,15,pair_016,0.750388,1498.189901,1508.048438,
46,phase2,15,pair_016,0.766741,1498.206254,1508.064791,
47,phase2,15,pair_016,0.783428,1498.222947,1508.081478,
48,phase2,15,pair_016,0.80041,1498.239923,1508.09846,
49,phase2,15,pair_016,0.81708,1498.256596,1508.11513,
50,phase2,15,pair_016,0.833353,1498.272866,1508.131402,
51,phase2,15,pair_016,0.850074,1498.289588,1508.148124,
52,phase2,15,pair_016,0.86677,1498.306283,1508.16482,
0,phase2,15,pair_016,0.0,1498.32295,1508.181478,single_opt_onset_seq4_opt1_烈日
1,phase2,15,pair_016,0.016663,1498.33961,1508.198141,
2,phase2,15,pair_016,0.033314,1498.356257,1508.214792,
3,phase2,15,pair_016,0.050029,1498.372975,1508.231507,
4,phase2,15,pair_016,0.066778,1498.389721,1508.248256,
5,phase2,15,pair_016,0.083352,1498.406298,1508.26483,
6,phase2,15,pair_016,0.099944,1498.422886,1508.281422,
7,phase2,15,pair_016,0.116693,1498.439636,1508.298171,
8,phase2,15,pair_016,0.133298,1498.45624,1508.314776,
9,phase2,15,pair_016,0.149981,1498.472924,1508.331459,
10,phase2,15,pair_016,0.166664,1498.489606,1508.348142,
11,phase2,15,pair_016,0.183367,1498.50631,1508.364845,
12,phase2,15,pair_016,0.199952,1498.522893,1508.38143,
13,phase2,15,pair_016,0.216944,1498.539886,1508.398422,
14,phase2,15,pair_016,0.233325,1498.556268,1508.414803,
15,phase2,15,pair_016,0.249961,1498.572903,1508.431439,
16,phase2,15,pair_016,0.266958,1498.5899,1508.448436,
17,phase2,15,pair_016,0.283584,1498.606527,1508.465062,
18,phase2,15,pair_016,0.299989,1498.622937,1508.481467,
19,phase2,15,pair_016,0.316665,1498.639609,1508.498143,
20,phase2,15,pair_016,0.333295,1498.656237,1508.514773,
21,phase2,15,pair_016,0.350286,1498.673229,1508.531764,
22,phase2,15,pair_016,0.366664,1498.689606,1508.548142,
23,phase2,15,pair_016,0.383309,1498.706251,1508.564787,
24,phase2,15,pair_016,0.399934,1498.722876,1508.581412,
25,phase2,15,pair_016,0.416955,1498.739901,1508.598433,
26,phase2,15,pair_016,0.433296,1498.756239,1508.614774,
27,phase2,15,pair_016,0.449984,1498.772926,1508.631462,
28,phase2,15,pair_016,0.466696,1498.789638,1508.648174,
29,phase2,15,pair_016,0.483296,1498.806238,1508.664774,
30,phase2,15,pair_016,0.499954,1498.822901,1508.681432,
31,phase2,15,pair_016,0.516621,1498.839563,1508.698099,
32,phase2,15,pair_016,0.5333,1498.856245,1508.714778,
33,phase2,15,pair_016,0.550301,1498.873243,1508.731779,
34,phase2,15,pair_016,0.566618,1498.88956,1508.748096,
35,phase2,15,pair_016,0.583309,1498.906251,1508.764787,
36,phase2,15,pair_016,0.600008,1498.922951,1508.781486,
37,phase2,15,pair_016,0.616624,1498.939567,1508.798102,
38,phase2,15,pair_016,0.633588,1498.95653,1508.815066,
39,phase2,15,pair_016,0.649981,1498.972923,1508.831459,
40,phase2,15,pair_016,0.66667,1498.989611,1508.848148,
41,phase2,15,pair_016,0.683317,1499.006262,1508.864795,
42,phase2,15,pair_016,0.700258,1499.0232,1508.881736,
43,phase2,15,pair_016,0.716634,1499.039576,1508.898112,
44,phase2,15,pair_016,0.733286,1499.056432,1508.914764,
45,phase2,15,pair_016,0.750284,1499.073226,1508.931762,
46,phase2,15,pair_016,0.766935,1499.089877,1508.948413,
47,phase2,15,pair_016,0.7833,1499.106243,1508.964778,
48,phase2,15,pair_016,0.799988,1499.12293,1508.981466,
49,phase2,15,pair_016,0.816625,1499.139567,1508.998103,
50,phase2,15,pair_016,0.833616,1499.156566,1509.015094,
51,phase2,15,pair_016,0.849953,1499.172895,1509.031431,
52,phase2,15,pair_016,0.866625,1499.18957,1509.048103,
53,phase2,15,pair_016,0.883305,1499.206247,1509.064783,
54,phase2,15,pair_016,0.900276,1499.223218,1509.081754,
55,phase2,15,pair_016,0.91691,1499.239852,1509.098388,
56,phase2,15,pair_016,0.933296,1499.256239,1509.114774,
57,phase2,15,pair_016,0.949952,1499.272894,1509.13143,
58,phase2,15,pair_016,0.966559,1499.289501,1509.148037,
59,phase2,15,pair_016,0.983293,1499.306235,1509.164771,
60,phase2,15,pair_016,0.999948,1499.32289,1509.181426,
61,phase2,15,pair_016,1.016606,1499.339549,1509.198084,
62,phase2,15,pair_016,1.033274,1499.356216,1509.214752,
63,phase2,15,pair_016,1.049938,1499.372882,1509.231416,
64,phase2,15,pair_016,1.066616,1499.389558,1509.248094,
65,phase2,15,pair_016,1.083333,1499.406275,1509.264811,
66,phase2,15,pair_016,1.100225,1499.423167,1509.281703,
67,phase2,15,pair_016,1.116929,1499.439872,1509.298407,
68,phase2,15,pair_016,1.133276,1499.456218,1509.314754,
69,phase2,15,pair_016,1.149983,1499.472925,1509.331461,
70,phase2,15,pair_016,1.166944,1499.489886,1509.348422,
71,phase2,15,pair_016,1.183584,1499.506526,1509.365062,
72,phase2,15,pair_016,1.199911,1499.522853,1509.381389,
73,phase2,15,pair_016,1.216659,1499.539602,1509.398138,
74,phase2,15,pair_016,1.233307,1499.556249,1509.414785,
75,phase2,15,pair_016,1.250259,1499.573201,1509.431737,
76,phase2,15,pair_016,1.266614,1499.589556,1509.448092,
77,phase2,15,pair_016,1.283324,1499.606269,1509.464802,
78,phase2,15,pair_016,1.299994,1499.622937,1509.481472,
79,phase2,15,pair_016,1.316933,1499.639875,1509.498411,
80,phase2,15,pair_016,1.333288,1499.65623,1509.514766,
81,phase2,15,pair_016,1.349921,1499.672863,1509.531399,
82,phase2,15,pair_016,1.366615,1499.689557,1509.548093,
83,phase2,15,pair_016,1.383224,1499.706166,1509.564702,
84,phase2,15,pair_016,1.400238,1499.72318,1509.581716,
85,phase2,15,pair_016,1.416625,1499.739567,1509.598103,
86,phase2,15,pair_016,1.433347,1499.756289,1509.614825,
87,phase2,15,pair_016,1.449954,1499.772896,1509.631432,
88,phase2,15,pair_016,1.466601,1499.789543,1509.648079,
89,phase2,15,pair_016,1.483268,1499.80621,1509.664746,
90,phase2,15,pair_016,1.499959,1499.822901,1509.681437,
0,phase2,15,pair_016,0.0,1499.839554,1509.698088,iti_onset_dur_1.408
1,phase2,15,pair_016,0.016622,1499.856174,1509.71471,
2,phase2,15,pair_016,0.033344,1499.872895,1509.731432,
3,phase2,15,pair_016,0.049995,1499.889547,1509.748083,
4,phase2,15,pair_016,0.066698,1499.906264,1509.764786,
5,phase2,15,pair_016,0.08363,1499.923183,1509.781718,
6,phase2,15,pair_016,0.099975,1499.939527,1509.798063,
7,phase2,15,pair_016,0.116906,1499.956464,1509.814994,
8,phase2,15,pair_016,0.133326,1499.972877,1509.831413,
9,phase2,15,pair_016,0.149946,1499.989497,1509.848034,
10,phase2,15,pair_016,0.166658,1500.00621,1509.864745,
11,phase2,15,pair_016,0.18336,1500.022912,1509.881448,
12,phase2,15,pair_016,0.199957,1500.039508,1509.898045,
13,phase2,15,pair_016,0.216636,1500.056189,1509.914724,
14,phase2,15,pair_016,0.233252,1500.072803,1509.93134,
15,phase2,15,pair_016,0.24998,1500.089532,1509.948068,
16,phase2,15,pair_016,0.266693,1500.106246,1509.964781,
17,phase2,15,pair_016,0.283289,1500.12284,1509.981377,
18,phase2,15,pair_016,0.299942,1500.139494,1509.99803,
19,phase2,15,pair_016,0.316624,1500.156176,1510.014712,
20,phase2,15,pair_016,0.333289,1500.172841,1510.031377,
21,phase2,15,pair_016,0.350291,1500.189842,1510.048379,
22,phase2,15,pair_016,0.366968,1500.206519,1510.065056,
23,phase2,15,pair_016,0.383305,1500.222856,1510.081392,
24,phase2,15,pair_016,0.399999,1500.23955,1510.098087,
25,phase2,15,pair_016,0.416609,1500.256167,1510.114697,
26,phase2,15,pair_016,0.433288,1500.272839,1510.131376,
27,phase2,15,pair_016,0.449959,1500.289512,1510.148047,
28,phase2,15,pair_016,0.466676,1500.306228,1510.164763,
29,phase2,15,pair_016,0.483297,1500.322848,1510.181385,
30,phase2,15,pair_016,0.500277,1500.339828,1510.198365,
31,phase2,15,pair_016,0.516584,1500.356136,1510.214672,
32,phase2,15,pair_016,0.533367,1500.372918,1510.231455,
33,phase2,15,pair_016,0.55004,1500.389592,1510.248128,
34,phase2,15,pair_016,0.566628,1500.406179,1510.264716,
35,phase2,15,pair_016,0.583239,1500.42279,1510.281327,
36,phase2,15,pair_016,0.599995,1500.439546,1510.298083,
37,phase2,15,pair_016,0.616728,1500.456279,1510.314816,
38,phase2,15,pair_016,0.633629,1500.473181,1510.331717,
39,phase2,15,pair_016,0.650266,1500.489818,1510.348354,
40,phase2,15,pair_016,0.666666,1500.506218,1510.364754,
41,phase2,15,pair_016,0.683273,1500.522824,1510.38136,
42,phase2,15,pair_016,0.699959,1500.53951,1510.398047,
43,phase2,15,pair_016,0.716673,1500.556226,1510.414761,
44,phase2,15,pair_016,0.733241,1500.572793,1510.431329,
45,phase2,15,pair_016,0.749966,1500.589517,1510.448054,
46,phase2,15,pair_016,0.766606,1500.606158,1510.464694,
47,phase2,15,pair_016,0.783242,1500.622797,1510.48133,
48,phase2,15,pair_016,0.799967,1500.639522,1510.498055,
49,phase2,15,pair_016,0.816558,1500.65611,1510.514646,
50,phase2,15,pair_016,0.83336,1500.672912,1510.531448,
51,phase2,15,pair_016,0.850258,1500.689809,1510.548346,
52,phase2,15,pair_016,0.866612,1500.706164,1510.5647,
53,phase2,15,pair_016,0.883218,1500.72277,1510.581306,
54,phase2,15,pair_016,0.900034,1500.739585,1510.598122,
55,phase2,15,pair_016,0.916934,1500.756485,1510.615022,
56,phase2,15,pair_016,0.933285,1500.772837,1510.631373,
57,phase2,15,pair_016,0.949953,1500.789505,1510.648041,
58,phase2,15,pair_016,0.96661,1500.806161,1510.664698,
59,phase2,15,pair_016,0.983288,1500.822839,1510.681376,
60,phase2,15,pair_016,1.000242,1500.839793,1510.698329,
61,phase2,15,pair_016,1.016634,1500.856186,1510.714722,
62,phase2,15,pair_016,1.033275,1500.872827,1510.731363,
63,phase2,15,pair_016,1.049931,1500.889483,1510.748019,
64,phase2,15,pair_016,1.066929,1500.906481,1510.765017,
65,phase2,15,pair_016,1.083292,1500.922843,1510.78138,
66,phase2,15,pair_016,1.099995,1500.939546,1510.798083,
67,phase2,15,pair_016,1.116918,1500.956469,1510.815005,
68,phase2,15,pair_016,1.133595,1500.973147,1510.831683,
69,phase2,15,pair_016,1.150008,1500.989562,1510.848096,
70,phase2,15,pair_016,1.166855,1501.006406,1510.864943,
71,phase2,15,pair_016,1.183331,1501.022882,1510.881419,
72,phase2,15,pair_016,1.200245,1501.039797,1510.898333,
73,phase2,15,pair_016,1.216635,1501.056186,1510.914723,
74,phase2,15,pair_016,1.233261,1501.072813,1510.931349,
75,phase2,15,pair_016,1.249951,1501.089503,1510.948039,
76,phase2,15,pair_016,1.266931,1501.106483,1510.965019,
77,phase2,15,pair_016,1.283312,1501.122863,1510.981399,
78,phase2,15,pair_016,1.299962,1501.139514,1510.99805,
79,phase2,15,pair_016,1.316696,1501.156248,1511.014784,
80,phase2,15,pair_016,1.33324,1501.172792,1511.031328,
81,phase2,15,pair_016,1.349922,1501.189473,1511.048009,
82,phase2,15,pair_016,1.36663,1501.206181,1511.064718,
83,phase2,15,pair_016,1.383297,1501.222849,1511.081385,
84,phase2,15,pair_016,1.400239,1501.239791,1511.098327,
0,phase2,15,pair_016,0.0,1502.122719,1511.981246,final_choice_onset
1,phase2,15,pair_016,0.016892,1502.139607,1511.998138,
2,phase2,15,pair_016,0.033536,1502.15625,1512.014782,
3,phase2,15,pair_016,0.05019,1502.172904,1512.031436,
4,phase2,15,pair_016,0.066869,1502.189585,1512.048115,
5,phase2,15,pair_016,0.083562,1502.206275,1512.064808,
6,phase2,15,pair_016,0.100194,1502.222907,1512.08144,
7,phase2,15,pair_016,0.116873,1502.239586,1512.098119,
8,phase2,15,pair_016,0.13355,1502.256264,1512.114797,
9,phase2,15,pair_016,0.150188,1502.272902,1512.131435,
10,phase2,15,pair_016,0.166828,1502.289541,1512.148074,
11,phase2,15,pair_016,0.183842,1502.306555,1512.165088,
12,phase2,15,pair_016,0.200507,1502.32322,1512.181753,
13,phase2,15,pair_016,0.216823,1502.339536,1512.198069,
14,phase2,15,pair_016,0.233542,1502.356255,1512.214788,
15,phase2,15,pair_016,0.250189,1502.372902,1512.231435,
16,phase2,15,pair_016,0.266862,1502.389575,1512.248108,
17,phase2,15,pair_016,0.283515,1502.406228,1512.264761,
18,phase2,15,pair_016,0.300157,1502.42287,1512.281403,
19,phase2,15,pair_016,0.316842,1502.439556,1512.298089,
20,phase2,15,pair_016,0.333523,1502.456236,1512.314769,
21,phase2,15,pair_016,0.350201,1502.472914,1512.331447,
22,phase2,15,pair_016,0.36686,1502.489573,1512.348106,
23,phase2,15,pair_016,0.383559,1502.506272,1512.364805,
24,phase2,15,pair_016,0.400534,1502.523247,1512.38178,
25,phase2,15,pair_016,0.416895,1502.539612,1512.398141,
26,phase2,15,pair_016,0.433538,1502.556251,1512.414785,
27,phase2,15,pair_016,0.450226,1502.572939,1512.431472,
28,phase2,15,pair_016,0.466858,1502.589571,1512.448104,
29,phase2,15,pair_016,0.483813,1502.606526,1512.46506,
30,phase2,15,pair_016,0.50014,1502.622853,1512.481386,
31,phase2,15,pair_016,0.516846,1502.639562,1512.498093,
32,phase2,15,pair_016,0.533832,1502.656545,1512.515078,
33,phase2,15,pair_016,0.550471,1502.673185,1512.531718,
34,phase2,15,pair_016,0.566836,1502.689549,1512.548082,
35,phase2,15,pair_016,0.583531,1502.706247,1512.564778,
36,phase2,15,pair_016,0.600157,1502.722871,1512.581404,
37,phase2,15,pair_016,0.617172,1502.739885,1512.598418,
38,phase2,15,pair_016,0.633501,1502.756214,1512.614747,
39,phase2,15,pair_016,0.65019,1502.772903,1512.631436,
40,phase2,15,pair_016,0.666795,1502.789509,1512.648041,
41,phase2,15,pair_016,0.683835,1502.806548,1512.665081,
42,phase2,15,pair_016,0.70018,1502.822894,1512.681426,
43,phase2,15,pair_016,0.716845,1502.839561,1512.698092,
44,phase2,15,pair_016,0.733486,1502.856199,1512.714732,
45,phase2,15,pair_016,0.750483,1502.873196,1512.731729,
46,phase2,15,pair_016,0.766826,1502.88954,1512.748072,
47,phase2,15,pair_016,0.783506,1502.906219,1512.764752,
48,phase2,15,pair_016,0.80017,1502.922887,1512.781416,
49,phase2,15,pair_016,0.817164,1502.939877,1512.79841,
50,phase2,15,pair_016,0.833796,1502.956509,1512.815043,
51,phase2,15,pair_016,0.850162,1502.972875,1512.831408,
52,phase2,15,pair_016,0.866852,1502.989566,1512.848099,
53,phase2,15,pair_016,0.883826,1503.006539,1512.865072,
54,phase2,15,pair_016,0.900487,1503.0232,1512.881733,
55,phase2,15,pair_016,0.916857,1503.03957,1512.898103,
56,phase2,15,pair_016,0.933527,1503.05624,1512.914773,
57,phase2,15,pair_016,0.950472,1503.073186,1512.931718,
58,phase2,15,pair_016,0.967145,1503.089859,1512.948392,
59,phase2,15,pair_016,0.983519,1503.106232,1512.964765,
60,phase2,15,pair_016,1.000157,1503.12287,1512.981403,
61,phase2,15,pair_016,1.017157,1503.13987,1512.998403,
62,phase2,15,pair_016,1.033817,1503.156537,1513.015063,
63,phase2,15,pair_016,1.050173,1503.172886,1513.031419,
64,phase2,15,pair_016,1.067105,1503.189821,1513.048352,
65,phase2,15,pair_016,1.083563,1503.206277,1513.06481,
66,phase2,15,pair_016,1.100168,1503.222883,1513.081414,
67,phase2,15,pair_016,1.116855,1503.239569,1513.098102,
68,phase2,15,pair_016,1.133526,1503.256242,1513.114772,
69,phase2,15,pair_016,1.150107,1503.27282,1513.131353,
70,phase2,15,pair_016,1.166807,1503.289521,1513.148054,
71,phase2,15,pair_016,1.183491,1503.306204,1513.164737,
72,phase2,15,pair_016,1.200174,1503.322887,1513.18142,
73,phase2,15,pair_016,1.216833,1503.339547,1513.19808,
74,phase2,15,pair_016,1.233443,1503.356156,1513.214689,
75,phase2,15,pair_016,1.250482,1503.373195,1513.231728,
76,phase2,15,pair_016,1.266833,1503.389546,1513.248079,
77,phase2,15,pair_016,1.28349,1503.406204,1513.264737,
78,phase2,15,pair_016,1.300159,1503.422874,1513.281406,
79,phase2,15,pair_016,1.316812,1503.439525,1513.298058,
80,phase2,15,pair_016,1.333476,1503.456189,1513.314722,
81,phase2,15,pair_016,1.350153,1503.472868,1513.3314,
82,phase2,15,pair_016,1.366815,1503.489528,1513.348062,
83,phase2,15,pair_016,1.383461,1503.506188,1513.364707,
84,phase2,15,pair_016,1.400182,1503.522895,1513.381428,
85,phase2,15,pair_016,1.416825,1503.539538,1513.398071,
86,phase2,15,pair_016,1.433495,1503.556213,1513.414741,
87,phase2,15,pair_016,1.450481,1503.573194,1513.431727,
88,phase2,15,pair_016,1.466803,1503.589516,1513.448049,
89,phase2,15,pair_016,1.483485,1503.606199,1513.464732,
90,phase2,15,pair_016,1.500121,1503.622834,1513.481367,
91,phase2,15,pair_016,1.517133,1503.639846,1513.498379,
92,phase2,15,pair_016,1.533414,1503.656128,1513.514661,
93,phase2,15,pair_016,1.5501,1503.672814,1513.531346,
94,phase2,15,pair_016,1.566832,1503.689546,1513.548079,
95,phase2,15,pair_016,1.583467,1503.70618,1513.564713,
96,phase2,15,pair_016,1.600432,1503.723148,1513.581678,
97,phase2,15,pair_016,1.616845,1503.739558,1513.598091,
98,phase2,15,pair_016,1.633469,1503.756182,1513.614715,
99,phase2,15,pair_016,1.650499,1503.773212,1513.631745,
100,phase2,15,pair_016,1.667105,1503.789818,1513.648351,
101,phase2,15,pair_016,1.683475,1503.806203,1513.664721,
102,phase2,15,pair_016,1.700175,1503.822889,1513.681421,
103,phase2,15,pair_016,1.71717,1503.839883,1513.698416,
104,phase2,15,pair_016,1.733782,1503.856495,1513.715028,
105,phase2,15,pair_016,1.750149,1503.872863,1513.731396,
106,phase2,15,pair_016,1.766774,1503.889487,1513.74802,
107,phase2,15,pair_016,1.783451,1503.906164,1513.764697,
108,phase2,15,pair_016,1.800113,1503.922826,1513.781359,
109,phase2,15,pair_016,1.81678,1503.939494,1513.798027,
110,phase2,15,pair_016,1.833408,1503.956126,1513.814654,
111,phase2,15,pair_016,1.850164,1503.972886,1513.83141,
112,phase2,15,pair_016,1.86678,1503.989502,1513.848027,
113,phase2,15,pair_016,1.883433,1504.006156,1513.864679,
114,phase2,15,pair_016,1.900144,1504.022865,1513.88139,
115,phase2,15,pair_016,1.916757,1504.039476,1513.898003,
116,phase2,15,pair_016,1.933419,1504.056137,1513.914666,
117,phase2,15,pair_016,1.950142,1504.072858,1513.931388,
118,phase2,15,pair_016,1.96682,1504.089535,1513.948066,
119,phase2,15,pair_016,1.983432,1504.10615,1513.964679,
120,phase2,15,pair_016,2.000068,1504.122785,1513.981314,
121,phase2,15,pair_016,2.016784,1504.139501,1513.99803,
122,phase2,15,pair_016,2.033434,1504.15615,1514.01468,
123,phase2,15,pair_016,2.050127,1504.172843,1514.031374,
124,phase2,15,pair_016,2.066771,1504.189486,1514.048018,
125,phase2,15,pair_016,2.083427,1504.206142,1514.064674,
126,phase2,15,pair_016,2.100122,1504.222846,1514.081369,
127,phase2,15,pair_016,2.116774,1504.239488,1514.09802,
128,phase2,15,pair_016,2.133386,1504.256099,1514.114632,
129,phase2,15,pair_016,2.150148,1504.272862,1514.131394,
130,phase2,15,pair_016,2.166806,1504.28952,1514.148052,
131,phase2,15,pair_016,2.183454,1504.306168,1514.164701,
132,phase2,15,pair_016,2.200111,1504.322824,1514.181357,
133,phase2,15,pair_016,2.216733,1504.339447,1514.197979,
134,phase2,15,pair_016,2.233454,1504.35617,1514.2147,
135,phase2,15,pair_016,2.250088,1504.372801,1514.231334,
136,phase2,15,pair_016,2.266764,1504.389478,1514.24801,
137,phase2,15,pair_016,2.283459,1504.406173,1514.264706,
138,phase2,15,pair_016,2.30009,1504.422804,1514.281337,
139,phase2,15,pair_016,2.316763,1504.439476,1514.298009,
140,phase2,15,pair_016,2.333447,1504.456161,1514.314694,
141,phase2,15,pair_016,2.350111,1504.472824,1514.331357,
142,phase2,15,pair_016,2.36677,1504.489483,1514.348016,
143,phase2,15,pair_016,2.383436,1504.50615,1514.364682,
144,phase2,15,pair_016,2.400083,1504.522797,1514.381329,
145,phase2,15,pair_016,2.416779,1504.539492,1514.398025,
146,phase2,15,pair_016,2.433421,1504.556137,1514.414668,
147,phase2,15,pair_016,2.450225,1504.572968,1514.431471,
148,phase2,15,pair_016,2.466727,1504.58944,1514.447973,
149,phase2,15,pair_016,2.48344,1504.606154,1514.464686,
150,phase2,15,pair_016,2.50005,1504.622768,1514.481297,
151,phase2,15,pair_016,2.516814,1504.639529,1514.49806,
152,phase2,15,pair_016,2.533462,1504.656176,1514.514708,
153,phase2,15,pair_016,2.550097,1504.67281,1514.531343,
154,phase2,15,pair_016,2.567107,1504.689821,1514.548354,
155,phase2,15,pair_016,2.583448,1504.706162,1514.564694,
156,phase2,15,pair_016,2.600129,1504.722842,1514.581375,
157,phase2,15,pair_016,2.616776,1504.73949,1514.598023,
158,phase2,15,pair_016,2.633761,1504.756474,1514.615007,
159,phase2,15,pair_016,2.650138,1504.772852,1514.631385,
160,phase2,15,pair_016,2.666702,1504.789415,1514.647948,
161,phase2,15,pair_016,2.683454,1504.806167,1514.6647,
162,phase2,15,pair_016,2.700068,1504.822781,1514.681314,
163,phase2,15,pair_016,2.716774,1504.839487,1514.69802,
164,phase2,15,pair_016,2.733451,1504.856165,1514.714697,
165,phase2,15,pair_016,2.750112,1504.872825,1514.731358,
166,phase2,15,pair_016,2.766778,1504.889492,1514.748025,
167,phase2,15,pair_016,2.783758,1504.906472,1514.765005,
168,phase2,15,pair_016,2.800086,1504.9228,1514.781333,
169,phase2,15,pair_016,2.816697,1504.939411,1514.797943,
170,phase2,15,pair_016,2.83338,1504.956099,1514.814626,
171,phase2,15,pair_016,2.850083,1504.972798,1514.831329,
172,phase2,15,pair_016,2.866757,1504.989472,1514.848003,
173,phase2,15,pair_016,2.883397,1505.006111,1514.864643,
174,phase2,15,pair_016,2.900091,1505.022805,1514.881337,
175,phase2,15,pair_016,2.916707,1505.039421,1514.897953,
176,phase2,15,pair_016,2.933404,1505.056117,1514.91465,
177,phase2,15,pair_016,2.950062,1505.072775,1514.931308,
178,phase2,15,pair_016,2.966721,1505.089435,1514.947967,
179,phase2,15,pair_016,2.983399,1505.106113,1514.964645,
180,phase2,15,pair_016,3.000072,1505.122786,1514.981319,
181,phase2,15,pair_016,3.016716,1505.139429,1514.997962,
182,phase2,15,pair_016,3.03337,1505.156083,1515.014616,
183,phase2,15,pair_016,3.050029,1505.172742,1515.031275,
184,phase2,15,pair_016,3.06671,1505.189423,1515.047956,
185,phase2,15,pair_016,3.083384,1505.206098,1515.064631,
186,phase2,15,pair_016,3.100053,1505.222766,1515.081299,
187,phase2,15,pair_016,3.116693,1505.239407,1515.09794,
188,phase2,15,pair_016,3.133385,1505.256098,1515.114631,
189,phase2,15,pair_016,3.150053,1505.272766,1515.131299,
190,phase2,15,pair_016,3.166717,1505.28943,1515.147963,
191,phase2,15,pair_016,3.183421,1505.306135,1515.164667,
192,phase2,15,pair_016,3.200117,1505.322831,1515.181364,
193,phase2,15,pair_016,3.216791,1505.339505,1515.198037,
194,phase2,15,pair_016,3.233443,1505.356156,1515.214689,
195,phase2,15,pair_016,3.250423,1505.373137,1515.23167,
196,phase2,15,pair_016,3.266738,1505.389451,1515.247984,
197,phase2,15,pair_016,3.283473,1505.406186,1515.264719,
198,phase2,15,pair_016,3.300086,1505.422799,1515.281332,
199,phase2,15,pair_016,3.31707,1505.439783,1515.298316,
200,phase2,15,pair_016,3.333703,1505.456416,1515.314949,
201,phase2,15,pair_016,3.350111,1505.472825,1515.331358,
202,phase2,15,pair_016,3.366758,1505.489471,1515.348004,
203,phase2,15,pair_016,3.383421,1505.506139,1515.364668,
204,phase2,15,pair_016,3.40039,1505.523103,1515.381636,
205,phase2,15,pair_016,3.416775,1505.539488,1515.398021,
206,phase2,15,pair_016,3.433485,1505.556199,1515.414732,
207,phase2,15,pair_016,3.450092,1505.572806,1515.431339,
208,phase2,15,pair_016,3.466711,1505.589425,1515.447958,
209,phase2,15,pair_016,3.48338,1505.606094,1515.464627,
210,phase2,15,pair_016,3.500012,1505.622725,1515.481258,
211,phase2,15,pair_016,3.516709,1505.639423,1515.497956,
212,phase2,15,pair_016,3.533765,1505.656479,1515.515012,
213,phase2,15,pair_016,3.550362,1505.673075,1515.531608,
214,phase2,15,pair_016,3.56676,1505.689479,1515.548006,
215,phase2,15,pair_016,3.583395,1505.706108,1515.564641,
216,phase2,15,pair_016,3.60005,1505.722764,1515.581296,
217,phase2,15,pair_016,3.61703,1505.739743,1515.598276,
218,phase2,15,pair_016,3.633421,1505.756134,1515.614667,
219,phase2,15,pair_016,3.650029,1505.772743,1515.631276,
220,phase2,15,pair_016,3.666746,1505.78946,1515.647992,
221,phase2,15,pair_016,3.683737,1505.806451,1515.664983,
222,phase2,15,pair_016,3.700079,1505.822792,1515.681325,
223,phase2,15,pair_016,3.716686,1505.839399,1515.697932,
224,phase2,15,pair_016,3.733729,1505.856442,1515.714975,
225,phase2,15,pair_016,3.750372,1505.873085,1515.731618,
226,phase2,15,pair_016,3.766722,1505.889435,1515.747969,
227,phase2,15,pair_016,3.78342,1505.906133,1515.764666,
228,phase2,15,pair_016,3.800416,1505.923129,1515.781662,
229,phase2,15,pair_016,3.816686,1505.9394,1515.797932,
230,phase2,15,pair_016,3.833422,1505.956135,1515.814668,
231,phase2,15,pair_016,3.850006,1505.972719,1515.831252,
232,phase2,15,pair_016,3.867009,1505.989723,1515.848255,
233,phase2,15,pair_016,3.883736,1506.006449,1515.864982,
234,phase2,15,pair_016,3.900034,1506.022747,1515.88128,
235,phase2,15,pair_016,3.916724,1506.039438,1515.897971,
236,phase2,15,pair_016,3.933497,1506.056211,1515.914744,
237,phase2,15,pair_016,3.950198,1506.072912,1515.931445,
238,phase2,15,pair_016,3.966851,1506.089564,1515.948097,
239,phase2,15,pair_016,3.983859,1506.106572,1515.965105,
240,phase2,15,pair_016,4.000108,1506.122822,1515.981355,
241,phase2,15,pair_016,4.016855,1506.139571,1515.998101,
242,phase2,15,pair_016,4.0335,1506.156213,1516.014746,
243,phase2,15,pair_016,4.050166,1506.172879,1516.031412,
244,phase2,15,pair_016,4.067169,1506.189883,1516.048416,
245,phase2,15,pair_016,4.083469,1506.206182,1516.064715,
246,phase2,15,pair_016,4.100175,1506.22289,1516.081421,
247,phase2,15,pair_016,4.116849,1506.239562,1516.098095,
248,phase2,15,pair_016,4.133828,1506.256542,1516.115075,
249,phase2,15,pair_016,4.150174,1506.272887,1516.13142,
250,phase2,15,pair_016,4.166846,1506.28956,1516.148093,
251,phase2,15,pair_016,4.183509,1506.306224,1516.164755,
252,phase2,15,pair_016,4.200498,1506.323211,1516.181744,
253,phase2,15,pair_016,4.216828,1506.339543,1516.198075,
254,phase2,15,pair_016,4.233518,1506.356233,1516.214764,
255,phase2,15,pair_016,4.250195,1506.372909,1516.231441,
256,phase2,15,pair_016,4.267145,1506.389858,1516.248391,
257,phase2,15,pair_016,4.283428,1506.406151,1516.264674,
258,phase2,15,pair_016,4.300109,1506.422822,1516.281355,
259,phase2,15,pair_016,4.317092,1506.439805,1516.298338,
260,phase2,15,pair_016,4.333482,1506.456199,1516.314728,
261,phase2,15,pair_016,4.350124,1506.472837,1516.331371,
262,phase2,15,pair_016,4.36686,1506.489573,1516.348106,
263,phase2,15,pair_016,4.383486,1506.506199,1516.364732,
264,phase2,15,pair_016,4.400151,1506.522866,1516.381397,
265,phase2,15,pair_016,4.416841,1506.539554,1516.398087,
266,phase2,15,pair_016,4.433498,1506.556213,1516.414744,
267,phase2,15,pair_016,4.450204,1506.572918,1516.431451,
268,phase2,15,pair_016,4.466823,1506.589537,1516.448069,
269,phase2,15,pair_016,4.483615,1506.606328,1516.464861,
270,phase2,15,pair_016,4.500114,1506.622828,1516.481361,
271,phase2,15,pair_016,4.516826,1506.639543,1516.498072,
272,phase2,15,pair_016,4.533508,1506.656221,1516.514754,
273,phase2,15,pair_016,4.550427,1506.67314,1516.531673,
274,phase2,15,pair_016,4.566828,1506.689545,1516.548074,
275,phase2,15,pair_016,4.583495,1506.706208,1516.564741,
276,phase2,15,pair_016,4.600141,1506.722854,1516.581387,
277,phase2,15,pair_016,4.616791,1506.739505,1516.598038,
278,phase2,15,pair_016,4.633454,1506.756171,1516.614701,
279,phase2,15,pair_016,4.650148,1506.772861,1516.631394,
280,phase2,15,pair_016,4.666812,1506.789525,1516.648058,
281,phase2,15,pair_016,-1502.122974,1507.306611,9.858273,response
0,phase3,15,pair_016,0.0,1508.572867,1518.431394,stimulus_onset
1,phase3,15,pair_016,0.016668,1508.589531,1518.448062,
2,phase3,15,pair_016,0.033291,1508.606156,1518.464685,
3,phase3,15,pair_016,0.050218,1508.62308,1518.481612,
4,phase3,15,pair_016,0.066669,1508.639533,1518.498063,
5,phase3,15,pair_016,0.083275,1508.656138,1518.51467,
6,phase3,15,pair_016,0.100245,1508.673108,1518.53164,
7,phase3,15,pair_016,0.116605,1508.689468,1518.548,
8,phase3,15,pair_016,0.13327,1508.706132,1518.564664,
9,phase3,15,pair_016,0.149941,1508.722803,1518.581335,
10,phase3,15,pair_016,0.166566,1508.739428,1518.597961,
11,phase3,15,pair_016,0.183252,1508.756114,1518.614647,
12,phase3,15,pair_016,0.199944,1508.772807,1518.631339,
13,phase3,15,pair_016,0.216658,1508.78952,1518.648052,
14,phase3,15,pair_016,0.233585,1508.806447,1518.664979,
15,phase3,15,pair_016,0.249935,1508.822797,1518.68133,
16,phase3,15,pair_016,0.266579,1508.839442,1518.697974,
17,phase3,15,pair_016,0.283299,1508.856162,1518.714693,
18,phase3,15,pair_016,0.299916,1508.872795,1518.73131,
19,phase3,15,pair_016,0.316587,1508.889451,1518.747981,
20,phase3,15,pair_016,0.333559,1508.906422,1518.764954,
21,phase3,15,pair_016,0.349951,1508.922813,1518.781345,
22,phase3,15,pair_016,0.366674,1508.939538,1518.798068,
23,phase3,15,pair_016,0.383555,1508.956418,1518.814949,
24,phase3,15,pair_016,0.400219,1508.973081,1518.831613,
25,phase3,15,pair_016,0.416611,1508.989473,1518.848005,
26,phase3,15,pair_016,0.433277,1509.006139,1518.864671,
27,phase3,15,pair_016,0.449919,1509.022781,1518.881313,
28,phase3,15,pair_016,0.466867,1509.03973,1518.898262,
29,phase3,15,pair_016,0.483331,1509.056428,1518.914726,
30,phase3,15,pair_016,0.499931,1509.072792,1518.931325,
31,phase3,15,pair_016,0.516601,1509.089463,1518.947995,
32,phase3,15,pair_016,0.533562,1509.106425,1518.964957,
33,phase3,15,pair_016,0.549888,1509.12275,1518.981282,
34,phase3,15,pair_016,0.566596,1509.139458,1518.99799,
35,phase3,15,pair_016,0.58321,1509.156072,1519.014604,
36,phase3,15,pair_016,0.599863,1509.172725,1519.031257,
37,phase3,15,pair_016,0.616567,1509.189429,1519.047961,
38,phase3,15,pair_016,0.633251,1509.206113,1519.064645,
39,phase3,15,pair_016,0.649996,1509.222859,1519.081391,
40,phase3,15,pair_016,0.666608,1509.23947,1519.098002,
41,phase3,15,pair_016,0.68319,1509.256053,1519.114584,
42,phase3,15,pair_016,0.699925,1509.272787,1519.131319,
43,phase3,15,pair_016,0.716518,1509.289381,1519.147913,
44,phase3,15,pair_016,0.733227,1509.30609,1519.164621,
45,phase3,15,pair_016,0.750256,1509.323118,1519.18165,
46,phase3,15,pair_016,0.766561,1509.339424,1519.197956,
47,phase3,15,pair_016,0.783219,1509.356084,1519.214614,
48,phase3,15,pair_016,0.800226,1509.373088,1519.23162,
49,phase3,15,pair_016,0.816518,1509.389381,1519.247913,
50,phase3,15,pair_016,0.833184,1509.406046,1519.264578,
51,phase3,15,pair_016,0.849885,1509.422748,1519.28128,
52,phase3,15,pair_016,0.866577,1509.439439,1519.297971,
53,phase3,15,pair_016,0.883538,1509.4564,1519.314932,
54,phase3,15,pair_016,0.900159,1509.473021,1519.331554,
55,phase3,15,pair_016,0.916633,1509.489495,1519.348028,
56,phase3,15,pair_016,0.933222,1509.506084,1519.364616,
57,phase3,15,pair_016,0.950173,1509.523035,1519.381567,
58,phase3,15,pair_016,0.966597,1509.53946,1519.397992,
59,phase3,15,pair_016,0.983243,1509.556105,1519.414637,
60,phase3,15,pair_016,0.999982,1509.572844,1519.431377,
61,phase3,15,pair_016,1.016907,1509.589769,1519.448301,
62,phase3,15,pair_016,1.033308,1509.606171,1519.464703,
63,phase3,15,pair_016,1.049869,1509.622732,1519.481264,
64,phase3,15,pair_016,1.066569,1509.639431,1519.497963,
65,phase3,15,pair_016,1.083169,1509.656031,1519.514563,
66,phase3,15,pair_016,1.100188,1509.67305,1519.531582,
67,phase3,15,pair_016,1.116559,1509.689421,1519.547953,
68,phase3,15,pair_016,1.133527,1509.706389,1519.564922,
69,phase3,15,pair_016,1.149897,1509.722759,1519.581291,
70,phase3,15,pair_016,1.166499,1509.739361,1519.597893,
71,phase3,15,pair_016,1.183237,1509.756099,1519.614631,
72,phase3,15,pair_016,1.199921,1509.772784,1519.631316,
73,phase3,15,pair_016,1.216903,1509.789765,1519.648297,
74,phase3,15,pair_016,1.23321,1509.806089,1519.664605,
75,phase3,15,pair_016,1.24993,1509.822793,1519.681325,
76,phase3,15,pair_016,1.266573,1509.839435,1519.697967,
77,phase3,15,pair_016,1.283548,1509.856411,1519.714943,
78,phase3,15,pair_016,1.3002,1509.873062,1519.731594,
79,phase3,15,pair_016,1.316548,1509.889411,1519.747943,
80,phase3,15,pair_016,1.333504,1509.906366,1519.764898,
81,phase3,15,pair_016,1.349909,1509.922771,1519.781304,
82,phase3,15,pair_016,1.36655,1509.939413,1519.797945,
83,phase3,15,pair_016,1.383283,1509.956145,1519.814678,
84,phase3,15,pair_016,1.399911,1509.972774,1519.831306,
85,phase3,15,pair_016,1.416666,1509.989529,1519.848061,
86,phase3,15,pair_016,1.433314,1510.006176,1519.864708,
87,phase3,15,pair_016,1.450026,1510.022891,1519.88142,
88,phase3,15,pair_016,1.59992,1510.172783,1520.031315,
89,phase3,15,pair_016,1.61664,1510.189502,1520.048035,
90,phase3,15,pair_016,1.633328,1510.20619,1520.064722,
91,phase3,15,pair_016,1.650004,1510.222868,1520.081399,
92,phase3,15,pair_016,1.666646,1510.239512,1520.098041,
93,phase3,15,pair_016,1.683266,1510.256129,1520.114661,
94,phase3,15,pair_016,1.700022,1510.272884,1520.131416,
95,phase3,15,pair_016,1.716669,1510.289531,1520.148063,
96,phase3,15,pair_016,1.733336,1510.306198,1520.16473,
97,phase3,15,pair_016,1.749949,1510.322811,1520.181344,
98,phase3,15,pair_016,1.766619,1510.339481,1520.198013,
99,phase3,15,pair_016,1.783349,1510.356211,1520.214743,
100,phase3,15,pair_016,1.800023,1510.372886,1520.231418,
101,phase3,15,pair_016,1.817005,1510.38987,1520.248399,
102,phase3,15,pair_016,1.833316,1510.406202,1520.26471,
103,phase3,15,pair_016,1.849998,1510.42286,1520.281392,
104,phase3,15,pair_016,1.866735,1510.439599,1520.298129,
105,phase3,15,pair_016,1.883643,1510.456506,1520.315038,
106,phase3,15,pair_016,1.899924,1510.472789,1520.331319,
107,phase3,15,pair_016,1.916624,1510.489486,1520.348019,
108,phase3,15,pair_016,1.933331,1510.506193,1520.364726,
109,phase3,15,pair_016,1.950312,1510.523174,1520.381706,
110,phase3,15,pair_016,1.96695,1510.539811,1520.398344,
111,phase3,15,pair_016,1.983255,1510.556117,1520.414649,
112,phase3,15,pair_016,2.000039,1510.572901,1520.431433,
113,phase3,15,pair_016,2.016962,1510.589826,1520.448356,
114,phase3,15,pair_016,2.033617,1510.606479,1520.465011,
115,phase3,15,pair_016,2.04994,1510.622802,1520.481334,
116,phase3,15,pair_016,2.066674,1510.639537,1520.498069,
117,phase3,15,pair_016,2.083324,1510.656187,1520.514718,
118,phase3,15,pair_016,2.100291,1510.673153,1520.531685,
119,phase3,15,pair_016,2.116672,1510.689535,1520.548067,
120,phase3,15,pair_016,2.133503,1510.706365,1520.564898,
121,phase3,15,pair_016,2.14996,1510.722822,1520.581354,
122,phase3,15,pair_016,2.166599,1510.739461,1520.597993,
123,phase3,15,pair_016,2.183313,1510.756175,1520.614707,
124,phase3,15,pair_016,2.199992,1510.772856,1520.631387,
125,phase3,15,pair_016,2.216615,1510.789477,1520.648009,
126,phase3,15,pair_016,2.233648,1510.80651,1520.665042,
127,phase3,15,pair_016,2.249998,1510.822861,1520.681393,
128,phase3,15,pair_016,2.266646,1510.839508,1520.69804,
129,phase3,15,pair_016,2.283332,1510.856194,1520.714726,
130,phase3,15,pair_016,2.300074,1510.872946,1520.731468,
131,phase3,15,pair_016,2.316647,1510.889509,1520.748041,
132,phase3,15,pair_016,2.333306,1510.90617,1520.764701,
133,phase3,15,pair_016,2.349938,1510.922802,1520.781332,
134,phase3,15,pair_016,2.366622,1510.939484,1520.798016,
135,phase3,15,pair_016,2.38359,1510.956452,1520.814985,
136,phase3,15,pair_016,2.399942,1510.972804,1520.831336,
137,phase3,15,pair_016,2.416714,1510.989576,1520.848109,
138,phase3,15,pair_016,2.433257,1511.006119,1520.864651,
139,phase3,15,pair_016,2.450301,1511.023163,1520.881695,
140,phase3,15,pair_016,2.466639,1511.039501,1520.898034,
141,phase3,15,pair_016,2.483323,1511.056185,1520.914717,
142,phase3,15,pair_016,2.499972,1511.072834,1520.931366,
143,phase3,15,pair_016,2.51694,1511.089802,1520.948334,
144,phase3,15,pair_016,2.533307,1511.106169,1520.964701,
145,phase3,15,pair_016,2.549939,1511.122801,1520.981333,
146,phase3,15,pair_016,2.566626,1511.13949,1520.99802,
147,phase3,15,pair_016,2.583575,1511.156437,1521.014969,
148,phase3,15,pair_016,2.59995,1511.172819,1521.031345,
149,phase3,15,pair_016,2.616653,1511.189515,1521.048047,
150,phase3,15,pair_016,2.633298,1511.20616,1521.064693,
151,phase3,15,pair_016,2.650282,1511.223144,1521.081677,
152,phase3,15,pair_016,2.666625,1511.239488,1521.09802,
153,phase3,15,pair_016,2.683297,1511.256161,1521.114692,
154,phase3,15,pair_016,2.699973,1511.272836,1521.131368,
155,phase3,15,pair_016,2.716965,1511.289827,1521.148359,
156,phase3,15,pair_016,2.733301,1511.306163,1521.164695,
157,phase3,15,pair_016,2.74999,1511.322852,1521.181385,
158,phase3,15,pair_016,2.766638,1511.3395,1521.198033,
159,phase3,15,pair_016,2.783271,1511.356133,1521.214665,
160,phase3,15,pair_016,2.800249,1511.373111,1521.231643,
161,phase3,15,pair_016,2.816605,1511.38947,1521.247999,
162,phase3,15,pair_016,2.833323,1511.406185,1521.264717,
163,phase3,15,pair_016,2.850261,1511.423123,1521.281656,
164,phase3,15,pair_016,2.866923,1511.439785,1521.298317,
165,phase3,15,pair_016,2.883262,1511.456124,1521.314657,
166,phase3,15,pair_016,2.899985,1511.472848,1521.33138,
167,phase3,15,pair_016,2.916577,1511.489439,1521.347971,
168,phase3,15,pair_016,2.933582,1511.506444,1521.364977,
169,phase3,15,pair_016,2.949939,1511.522802,1521.381334,
170,phase3,15,pair_016,2.966682,1511.539546,1521.398076,
171,phase3,15,pair_016,2.983294,1511.556156,1521.414688,
172,phase3,15,pair_016,3.000258,1511.573121,1521.431653,
173,phase3,15,pair_016,3.016612,1511.589474,1521.448006,
174,phase3,15,pair_016,3.033311,1511.606173,1521.464705,
175,phase3,15,pair_016,3.050244,1511.623106,1521.481639,
176,phase3,15,pair_016,3.066603,1511.639466,1521.497998,
177,phase3,15,pair_016,3.083261,1511.656125,1521.514656,
178,phase3,15,pair_016,3.099963,1511.672826,1521.531358,
179,phase3,15,pair_016,3.116606,1511.689468,1521.548,
180,phase3,15,pair_016,3.133616,1511.706478,1521.56501,
181,phase3,15,pair_016,3.149951,1511.722813,1521.581345,
182,phase3,15,pair_016,3.166589,1511.739451,1521.597984,
183,phase3,15,pair_016,3.183247,1511.75611,1521.614642,
184,phase3,15,pair_016,3.199956,1511.772822,1521.63135,
185,phase3,15,pair_016,3.216603,1511.789465,1521.647997,
186,phase3,15,pair_016,3.233284,1511.806146,1521.664678,
187,phase3,15,pair_016,3.249946,1511.822808,1521.68134,
188,phase3,15,pair_016,3.266612,1511.839474,1521.698006,
189,phase3,15,pair_016,3.283599,1511.856461,1521.714994,
190,phase3,15,pair_016,3.299939,1511.872801,1521.731333,
191,phase3,15,pair_016,3.316621,1511.889484,1521.748015,
192,phase3,15,pair_016,3.33326,1511.906125,1521.764654,
193,phase3,15,pair_016,3.350298,1511.92316,1521.781693,
194,phase3,15,pair_016,3.366589,1511.939452,1521.797984,
195,phase3,15,pair_016,3.383285,1511.956149,1521.814679,
196,phase3,15,pair_016,3.399986,1511.972849,1521.83138,
197,phase3,15,pair_016,3.416921,1511.989783,1521.848316,
198,phase3,15,pair_016,3.43327,1512.006132,1521.864664,
199,phase3,15,pair_016,3.449932,1512.022794,1521.881327,
200,phase3,15,pair_016,3.466625,1512.03949,1521.898019,
201,phase3,15,pair_016,3.483272,1512.056134,1521.914666,
202,phase3,15,pair_016,3.50021,1512.073074,1521.931605,
203,phase3,15,pair_016,3.516656,1512.089518,1521.948051,
204,phase3,15,pair_016,3.533254,1512.106116,1521.964648,
205,phase3,15,pair_016,3.549911,1512.122773,1521.981305,
206,phase3,15,pair_016,3.566607,1512.139469,1521.998002,
207,phase3,15,pair_016,3.583276,1512.156138,1522.014671,
208,phase3,15,pair_016,3.599883,1512.172745,1522.031277,
209,phase3,15,pair_016,3.616584,1512.189447,1522.047978,
210,phase3,15,pair_016,3.63356,1512.206422,1522.064954,
211,phase3,15,pair_016,3.649927,1512.222789,1522.081321,
212,phase3,15,pair_016,3.666597,1512.23946,1522.097992,
213,phase3,15,pair_016,3.683244,1512.256106,1522.114639,
214,phase3,15,pair_016,3.700245,1512.273108,1522.13164,
215,phase3,15,pair_016,3.716579,1512.28944,1522.147973,
216,phase3,15,pair_016,3.733507,1512.306369,1522.164901,
217,phase3,15,pair_016,3.749911,1512.322773,1522.181305,
218,phase3,15,pair_016,3.766564,1512.339425,1522.197958,
219,phase3,15,pair_016,3.783258,1512.35612,1522.214652,
220,phase3,15,pair_016,3.883299,1512.456161,1522.314693,
221,phase3,15,pair_016,3.899953,1512.472815,1522.331347,
222,phase3,15,pair_016,3.916566,1512.489428,1522.34796,
223,phase3,15,pair_016,3.933254,1512.506141,1522.364649,
224,phase3,15,pair_016,3.949905,1512.522767,1522.381299,
225,phase3,15,pair_016,3.966606,1512.539469,1522.398001,
226,phase3,15,pair_016,3.983573,1512.556436,1522.414968,
227,phase3,15,pair_016,4.000006,1512.572868,1522.4314,
228,phase3,15,pair_016,4.016593,1512.589456,1522.447987,
229,phase3,15,pair_016,4.033578,1512.606441,1522.464973,
230,phase3,15,pair_016,4.050211,1512.623074,1522.481605,
231,phase3,15,pair_016,4.066662,1512.639524,1522.498056,
232,phase3,15,pair_016,4.083311,1512.656173,1522.514705,
233,phase3,15,pair_016,4.099849,1512.672711,1522.531243,
234,phase3,15,pair_016,4.116888,1512.68975,1522.548282,
235,phase3,15,pair_016,4.133251,1512.706113,1522.564645,
236,phase3,15,pair_016,4.149935,1512.722798,1522.58133,
237,phase3,15,pair_016,4.166507,1512.739369,1522.597901,
238,phase3,15,pair_016,4.18357,1512.756432,1522.614964,
239,phase3,15,pair_016,4.199939,1512.772802,1522.631334,
240,phase3,15,pair_016,4.216634,1512.789497,1522.648029,
241,phase3,15,pair_016,4.233514,1512.806376,1522.664908,
242,phase3,15,pair_016,4.250193,1512.823056,1522.681588,
243,phase3,15,pair_016,4.266597,1512.839459,1522.697991,
244,phase3,15,pair_016,4.283195,1512.856058,1522.714589,
245,phase3,15,pair_016,4.299895,1512.872758,1522.731289,
246,phase3,15,pair_016,4.316537,1512.8894,1522.747932,
247,phase3,15,pair_016,4.333169,1512.906034,1522.764564,
248,phase3,15,pair_016,4.349873,1512.922737,1522.781268,
249,phase3,15,pair_016,4.366553,1512.939416,1522.797947,
250,phase3,15,pair_016,4.383219,1512.956082,1522.814614,
251,phase3,15,pair_016,4.400201,1512.973064,1522.831596,
252,phase3,15,pair_016,4.41657,1512.989433,1522.847964,
253,phase3,15,pair_016,4.433242,1513.006104,1522.864636,
254,phase3,15,pair_016,4.449808,1513.02267,1522.881202,
255,phase3,15,pair_016,4.466844,1513.039707,1522.898239,
256,phase3,15,pair_016,4.483233,1513.056096,1522.914628,
257,phase3,15,pair_016,4.499954,1513.072817,1522.931348,
258,phase3,15,pair_016,4.516892,1513.089754,1522.948286,
259,phase3,15,pair_016,4.533252,1513.106115,1522.964647,
260,phase3,15,pair_016,4.549867,1513.122729,1522.981261,
261,phase3,15,pair_016,4.566563,1513.139426,1522.997957,
262,phase3,15,pair_016,4.583239,1513.156106,1523.014634,
263,phase3,15,pair_016,4.600218,1513.173081,1523.031613,
264,phase3,15,pair_016,4.699946,1513.27281,1523.13134,
265,phase3,15,pair_016,4.716542,1513.289405,1523.147937,
266,phase3,15,pair_016,4.733202,1513.306065,1523.164597,
267,phase3,15,pair_016,4.749817,1513.322682,1523.181211,
268,phase3,15,pair_016,4.766569,1513.339432,1523.197964,
269,phase3,15,pair_016,4.783221,1513.356086,1523.214615,
270,phase3,15,pair_016,4.800183,1513.373046,1523.231578,
271,phase3,15,pair_016,4.816856,1513.38972,1523.24825,
272,phase3,15,pair_016,4.83324,1513.406103,1523.264635,
273,phase3,15,pair_016,4.849892,1513.422755,1523.281287,
274,phase3,15,pair_016,4.866522,1513.439385,1523.297916,
275,phase3,15,pair_016,4.883253,1513.456116,1523.314648,
276,phase3,15,pair_016,4.899892,1513.472755,1523.331287,
277,phase3,15,pair_016,4.916488,1513.48935,1523.347883,
278,phase3,15,pair_016,4.933208,1513.506071,1523.364603,
279,phase3,15,pair_016,4.950185,1513.523048,1523.38158,
280,phase3,15,pair_016,4.966617,1513.539479,1523.398011,
281,phase3,15,pair_016,4.983159,1513.556022,1523.414554,
282,phase3,15,pair_016,5.000158,1513.57302,1523.431553,
283,phase3,15,pair_016,5.016539,1513.589401,1523.447933,
284,phase3,15,pair_016,5.033221,1513.606084,1523.464616,
285,phase3,15,pair_016,5.04984,1513.622703,1523.481235,
286,phase3,15,pair_016,5.066621,1513.639484,1523.498015,
287,phase3,15,pair_016,5.083216,1513.656079,1523.51461,
288,phase3,15,pair_016,5.099881,1513.672744,1523.531276,
289,phase3,15,pair_016,5.116547,1513.689409,1523.547941,
290,phase3,15,pair_016,5.133271,1513.706134,1523.564666,
291,phase3,15,pair_016,5.150176,1513.723039,1523.581571,
292,phase3,15,pair_016,5.166495,1513.739357,1523.597889,
293,phase3,15,pair_016,5.183217,1513.756079,1523.614611,
294,phase3,15,pair_016,5.199829,1513.772691,1523.631223,
295,phase3,15,pair_016,5.216458,1513.78932,1523.647852,
296,phase3,15,pair_016,5.233173,1513.806036,1523.664568,
297,phase3,15,pair_016,5.249877,1513.822739,1523.681271,
298,phase3,15,pair_016,5.266545,1513.839408,1523.69794,
299,phase3,15,pair_016,5.283541,1513.856403,1523.714936,
300,phase3,15,pair_016,5.300161,1513.873023,1523.731555,
301,phase3,15,pair_016,5.316543,1513.889405,1523.747937,
302,phase3,15,pair_016,5.333217,1513.90608,1523.764612,
303,phase3,15,pair_016,5.450009,1514.022871,1523.881403,
304,phase3,15,pair_016,5.466626,1514.039489,1523.898021,
305,phase3,15,pair_016,5.483609,1514.056471,1523.915003,
306,phase3,15,pair_016,5.499965,1514.072827,1523.931359,
307,phase3,15,pair_016,5.516685,1514.089548,1523.948079,
308,phase3,15,pair_016,5.533655,1514.106517,1523.965049,
309,phase3,15,pair_016,5.550263,1514.12313,1523.981657,
310,phase3,15,pair_016,5.566618,1514.139481,1523.998013,
311,phase3,15,pair_016,5.583334,1514.156197,1524.014729,
312,phase3,15,pair_016,5.599966,1514.172829,1524.031361,
313,phase3,15,pair_016,5.616929,1514.189792,1524.048324,
314,phase3,15,pair_016,5.633341,1514.206206,1524.064735,
315,phase3,15,pair_016,5.649932,1514.222795,1524.081327,
316,phase3,15,pair_016,5.666961,1514.239824,1524.098356,
317,phase3,15,pair_016,5.683579,1514.256443,1524.114974,
318,phase3,15,pair_016,5.699986,1514.272849,1524.13138,
319,phase3,15,pair_016,5.716624,1514.289487,1524.148018,
320,phase3,15,pair_016,5.733268,1514.306131,1524.164662,
321,phase3,15,pair_016,5.750293,1514.323155,1524.181687,
322,phase3,15,pair_016,5.766627,1514.33949,1524.198021,
323,phase3,15,pair_016,5.783368,1514.35623,1524.214762,
324,phase3,15,pair_016,5.799987,1514.372849,1524.231381,
325,phase3,15,pair_016,5.816969,1514.389832,1524.248364,
326,phase3,15,pair_016,5.833309,1514.406172,1524.264704,
327,phase3,15,pair_016,5.849921,1514.422784,1524.281316,
328,phase3,15,pair_016,5.866908,1514.43977,1524.298302,
329,phase3,15,pair_016,5.883262,1514.456125,1524.314657,
330,phase3,15,pair_016,5.899976,1514.472838,1524.33137,
331,phase3,15,pair_016,5.916574,1514.489437,1524.347969,
332,phase3,15,pair_016,5.933267,1514.506129,1524.364661,
333,phase3,15,pair_016,-1508.573122,1514.506191,9.858273,response
