frame_idx,phase,trial_id,stim_pair_id,elapsed_time,global_time,flip_time,event_marker
0,phase1,87,pair_088,0.0,1406.873548,1416.732076,stimulus_onset
1,phase1,87,pair_088,0.016599,1406.890142,1416.748674,
2,phase1,87,pair_088,0.033286,1406.906828,1416.765361,
3,phase1,87,pair_088,0.049951,1406.923493,1416.782026,
4,phase1,87,pair_088,0.066635,1406.940177,1416.79871,
5,phase1,87,pair_088,0.083287,1406.956829,1416.815362,
6,phase1,87,pair_088,0.09991,1406.973454,1416.831985,
7,phase1,87,pair_088,0.116606,1406.990149,1416.848682,
8,phase1,87,pair_088,0.133289,1407.006831,1416.865365,
9,phase1,87,pair_088,0.149918,1407.02346,1416.881994,
10,phase1,87,pair_088,0.166911,1407.040454,1416.898987,
11,phase1,87,pair_088,0.183262,1407.056804,1416.915337,
12,phase1,87,pair_088,0.199971,1407.073514,1416.932047,
13,phase1,87,pair_088,0.216597,1407.090138,1416.948672,
14,phase1,87,pair_088,0.233286,1407.106827,1416.965361,
15,phase1,87,pair_088,0.249936,1407.123478,1416.982012,
16,phase1,87,pair_088,0.266647,1407.140189,1416.998722,
17,phase1,87,pair_088,0.283301,1407.156843,1417.015377,
18,phase1,87,pair_088,0.300233,1407.173775,1417.032308,
19,phase1,87,pair_088,0.316562,1407.190103,1417.048637,
20,phase1,87,pair_088,0.333287,1407.206829,1417.065363,
21,phase1,87,pair_088,0.349922,1407.223464,1417.081997,
22,phase1,87,pair_088,0.366596,1407.240139,1417.098672,
23,phase1,87,pair_088,0.383271,1407.256813,1417.115347,
24,phase1,87,pair_088,0.399916,1407.273457,1417.131991,
25,phase1,87,pair_088,0.416577,1407.290119,1417.148653,
26,phase1,87,pair_088,0.433313,1407.306854,1417.165388,
27,phase1,87,pair_088,0.449937,1407.323479,1417.182013,
28,phase1,87,pair_088,0.466755,1407.340297,1417.198831,
29,phase1,87,pair_088,0.483682,1407.357224,1417.215757,
30,phase1,87,pair_088,0.500011,1407.373553,1417.232086,
31,phase1,87,pair_088,0.516703,1407.390245,1417.248779,
32,phase1,87,pair_088,0.533415,1407.406957,1417.265491,
33,phase1,87,pair_088,0.550011,1407.423553,1417.282087,
34,phase1,87,pair_088,0.566696,1407.440238,1417.298772,
35,phase1,87,pair_088,0.583367,1407.45691,1417.315443,
36,phase1,87,pair_088,0.60003,1407.473572,1417.332105,
37,phase1,87,pair_088,0.616693,1407.490235,1417.348768,
38,phase1,87,pair_088,0.633381,1407.506923,1417.365457,
39,phase1,87,pair_088,0.650043,1407.523589,1417.382119,
40,phase1,87,pair_088,0.666705,1407.540247,1417.398781,
41,phase1,87,pair_088,0.683361,1407.556907,1417.415436,
42,phase1,87,pair_088,0.700047,1407.573589,1417.432122,
43,phase1,87,pair_088,0.716703,1407.590249,1417.448779,
44,phase1,87,pair_088,0.733357,1407.606899,1417.465432,
45,phase1,87,pair_088,0.750043,1407.623585,1417.482119,
46,phase1,87,pair_088,0.767013,1407.640555,1417.499088,
47,phase1,87,pair_088,0.78333,1407.656872,1417.515406,
48,phase1,87,pair_088,0.800014,1407.673556,1417.53209,
49,phase1,87,pair_088,0.816709,1407.690253,1417.548784,
50,phase1,87,pair_088,0.83367,1407.707212,1417.565746,
51,phase1,87,pair_088,0.850001,1407.723543,1417.582077,
52,phase1,87,pair_088,0.86672,1407.740262,1417.598795,
53,phase1,87,pair_088,0.883386,1407.756928,1417.615462,
54,phase1,87,pair_088,0.900351,1407.773893,1417.632426,
55,phase1,87,pair_088,0.916665,1407.790207,1417.648741,
56,phase1,87,pair_088,0.933358,1407.806902,1417.665433,
57,phase1,87,pair_088,0.950008,1407.82355,1417.682084,
58,phase1,87,pair_088,0.96703,1407.840572,1417.699105,
59,phase1,87,pair_088,0.983653,1407.857195,1417.715728,
60,phase1,87,pair_088,1.000033,1407.873575,1417.732108,
61,phase1,87,pair_088,1.016681,1407.890223,1417.748757,
62,phase1,87,pair_088,1.033341,1407.906888,1417.765417,
63,phase1,87,pair_088,1.050306,1407.923852,1417.782382,
64,phase1,87,pair_088,1.066662,1407.940205,1417.798738,
65,phase1,87,pair_088,1.083346,1407.95689,1417.815421,
66,phase1,87,pair_088,1.099953,1407.973496,1417.832029,
67,phase1,87,pair_088,1.116987,1407.990532,1417.849063,
68,phase1,87,pair_088,1.133332,1408.006875,1417.865408,
69,phase1,87,pair_088,1.149988,1408.02353,1417.882063,
70,phase1,87,pair_088,1.166943,1408.040486,1417.899018,
71,phase1,87,pair_088,1.18364,1408.057182,1417.915716,
72,phase1,87,pair_088,1.200021,1408.073567,1417.932097,
73,phase1,87,pair_088,1.216633,1408.090175,1417.948709,
74,phase1,87,pair_088,1.233662,1408.107204,1417.965737,
75,phase1,87,pair_088,1.250294,1408.123837,1417.98237,
76,phase1,87,pair_088,1.266664,1408.140206,1417.99874,
77,phase1,87,pair_088,1.28334,1408.156884,1418.015416,
78,phase1,87,pair_088,1.299936,1408.173479,1418.032012,
79,phase1,87,pair_088,1.316981,1408.190523,1418.049056,
80,phase1,87,pair_088,1.333346,1408.206889,1418.065422,
81,phase1,87,pair_088,1.349992,1408.223534,1418.082068,
82,phase1,87,pair_088,1.366681,1408.240223,1418.098757,
83,phase1,87,pair_088,1.383351,1408.256893,1418.115426,
84,phase1,87,pair_088,1.400287,1408.273829,1418.132363,
85,phase1,87,pair_088,1.416666,1408.290208,1418.148742,
86,phase1,87,pair_088,1.433372,1408.306914,1418.165448,
87,phase1,87,pair_088,1.449998,1408.323541,1418.182073,
88,phase1,87,pair_088,1.46696,1408.340502,1418.199035,
89,phase1,87,pair_088,1.483323,1408.356865,1418.215398,
90,phase1,87,pair_088,1.500014,1408.373555,1418.232089,
91,phase1,87,pair_088,1.516974,1408.390515,1418.249049,
92,phase1,87,pair_088,1.533637,1408.407179,1418.265712,
93,phase1,87,pair_088,1.549975,1408.42352,1418.282051,
94,phase1,87,pair_088,1.566641,1408.440183,1418.298717,
95,phase1,87,pair_088,1.583588,1408.457136,1418.315663,
96,phase1,87,pair_088,1.600319,1408.473861,1418.332395,
97,phase1,87,pair_088,1.616659,1408.490201,1418.348735,
98,phase1,87,pair_088,1.633301,1408.506843,1418.365377,
99,phase1,87,pair_088,1.650054,1408.523596,1418.382129,
100,phase1,87,pair_088,1.666634,1408.540176,1418.39871,
101,phase1,87,pair_088,1.68332,1408.556862,1418.415396,
102,phase1,87,pair_088,1.699951,1408.573493,1418.432027,
103,phase1,87,pair_088,1.716708,1408.590252,1418.448784,
104,phase1,87,pair_088,1.733314,1408.606856,1418.46539,
105,phase1,87,pair_088,1.750279,1408.623821,1418.482355,
106,phase1,87,pair_088,1.766657,1408.640199,1418.498733,
107,phase1,87,pair_088,1.783347,1408.65689,1418.515422,
108,phase1,87,pair_088,1.799976,1408.673518,1418.532052,
109,phase1,87,pair_088,1.816914,1408.690456,1418.54899,
110,phase1,87,pair_088,1.833318,1408.70686,1418.565394,
111,phase1,87,pair_088,1.850018,1408.72356,1418.582093,
112,phase1,87,pair_088,1.866633,1408.740176,1418.598709,
113,phase1,87,pair_088,1.88361,1408.757152,1418.615686,
114,phase1,87,pair_088,1.899968,1408.77351,1418.632044,
115,phase1,87,pair_088,1.916661,1408.790202,1418.648736,
116,phase1,87,pair_088,1.933559,1408.807101,1418.665634,
117,phase1,87,pair_088,1.950251,1408.823793,1418.682327,
118,phase1,87,pair_088,1.966645,1408.840187,1418.698721,
119,phase1,87,pair_088,1.983345,1408.856888,1418.715421,
120,phase1,87,pair_088,1.999986,1408.873533,1418.732061,
121,phase1,87,pair_088,2.016618,1408.89016,1418.748694,
122,phase1,87,pair_088,2.033296,1408.906844,1418.765371,
123,phase1,87,pair_088,2.050006,1408.923548,1418.782082,
124,phase1,87,pair_088,2.066911,1408.940453,1418.798986,
125,phase1,87,pair_088,2.083289,1408.956831,1418.815365,
126,phase1,87,pair_088,2.100259,1408.973802,1418.832334,
127,phase1,87,pair_088,2.116641,1408.990183,1418.848717,
128,phase1,87,pair_088,2.133598,1409.00714,1418.865673,
129,phase1,87,pair_088,2.149972,1409.023514,1418.882047,
130,phase1,87,pair_088,2.16693,1409.040473,1418.899006,
131,phase1,87,pair_088,2.183329,1409.056872,1418.915405,
132,phase1,87,pair_088,2.200221,1409.073763,1418.932297,
133,phase1,87,pair_088,2.216947,1409.090489,1418.949023,
134,phase1,87,pair_088,2.233603,1409.107145,1418.965679,
135,phase1,87,pair_088,2.249991,1409.123532,1418.982066,
136,phase1,87,pair_088,2.266612,1409.140157,1418.998687,
137,phase1,87,pair_088,2.283284,1409.156825,1419.015359,
138,phase1,87,pair_088,2.299935,1409.173479,1419.03201,
139,phase1,87,pair_088,2.316616,1409.190158,1419.048692,
140,phase1,87,pair_088,2.333365,1409.206907,1419.065441,
141,phase1,87,pair_088,2.349913,1409.223455,1419.081989,
142,phase1,87,pair_088,2.366937,1409.240479,1419.099013,
143,phase1,87,pair_088,2.383276,1409.256819,1419.115352,
144,phase1,87,pair_088,2.399983,1409.273528,1419.132058,
145,phase1,87,pair_088,2.416886,1409.290428,1419.148962,
146,phase1,87,pair_088,2.433272,1409.306814,1419.165347,
147,phase1,87,pair_088,2.449961,1409.323503,1419.182037,
148,phase1,87,pair_088,2.466632,1409.340174,1419.198708,
149,phase1,87,pair_088,2.483274,1409.356819,1419.21535,
150,phase1,87,pair_088,2.499945,1409.373487,1419.23202,
151,phase1,87,pair_088,2.51691,1409.390452,1419.248986,
152,phase1,87,pair_088,2.533309,1409.406851,1419.265384,
153,phase1,87,pair_088,2.549914,1409.423455,1419.281989,
154,phase1,87,pair_088,2.566926,1409.440469,1419.299002,
155,phase1,87,pair_088,2.583585,1409.457127,1419.315661,
156,phase1,87,pair_088,2.599926,1409.473468,1419.332001,
157,phase1,87,pair_088,2.616612,1409.490154,1419.348687,
158,phase1,87,pair_088,2.633271,1409.506813,1419.365347,
159,phase1,87,pair_088,2.650246,1409.523788,1419.382321,
160,phase1,87,pair_088,2.666609,1409.540151,1419.398684,
161,phase1,87,pair_088,2.683273,1409.556814,1419.415348,
162,phase1,87,pair_088,2.700008,1409.57355,1419.432084,
163,phase1,87,pair_088,2.716914,1409.590456,1419.44899,
164,phase1,87,pair_088,2.73327,1409.606814,1419.465346,
165,phase1,87,pair_088,2.749974,1409.623516,1419.48205,
166,phase1,87,pair_088,2.766604,1409.640146,1419.49868,
167,phase1,87,pair_088,2.783598,1409.657141,1419.515674,
168,phase1,87,pair_088,2.799962,1409.673504,1419.532038,
169,phase1,87,pair_088,2.816685,1409.690228,1419.548761,
170,phase1,87,pair_088,2.833254,1409.706795,1419.565329,
171,phase1,87,pair_088,2.850272,1409.723815,1419.582348,
172,phase1,87,pair_088,2.866599,1409.740141,1419.598675,
173,phase1,87,pair_088,2.88331,1409.756852,1419.615386,
174,phase1,87,pair_088,2.90022,1409.773762,1419.632295,
175,phase1,87,pair_088,2.916582,1409.790124,1419.648657,
176,phase1,87,pair_088,2.933288,1409.80683,1419.665363,
177,phase1,87,pair_088,2.949912,1409.823454,1419.681988,
178,phase1,87,pair_088,2.96659,1409.840132,1419.698665,
179,phase1,87,pair_088,2.983578,1409.85712,1419.715654,
180,phase1,87,pair_088,3.000237,1409.873779,1419.732312,
181,phase1,87,pair_088,3.016572,1409.890113,1419.748647,
182,phase1,87,pair_088,3.033241,1409.906783,1419.765316,
183,phase1,87,pair_088,3.049937,1409.923479,1419.782012,
184,phase1,87,pair_088,3.066907,1409.940449,1419.798983,
185,phase1,87,pair_088,3.083268,1409.95681,1419.815343,
186,phase1,87,pair_088,3.099969,1409.973511,1419.832045,
187,phase1,87,pair_088,3.116589,1409.990131,1419.848665,
188,phase1,87,pair_088,3.13356,1410.007101,1419.865635,
189,phase1,87,pair_088,3.149937,1410.023482,1419.882012,
190,phase1,87,pair_088,3.166644,1410.040186,1419.898719,
191,phase1,87,pair_088,3.183616,1410.057157,1419.915691,
192,phase1,87,pair_088,3.200254,1410.073796,1419.93233,
193,phase1,87,pair_088,3.216585,1410.090127,1419.94866,
194,phase1,87,pair_088,3.233296,1410.106838,1419.965371,
195,phase1,87,pair_088,3.249907,1410.12345,1419.981983,
196,phase1,87,pair_088,3.266563,1410.140105,1419.998638,
197,phase1,87,pair_088,3.283272,1410.156814,1420.015347,
198,phase1,87,pair_088,3.29994,1410.173482,1420.032016,
199,phase1,87,pair_088,3.316611,1410.190153,1420.048687,
200,phase1,87,pair_088,3.333273,1410.206816,1420.065348,
201,phase1,87,pair_088,3.349938,1410.22348,1420.082013,
202,phase1,87,pair_088,3.366659,1410.240203,1420.098735,
203,phase1,87,pair_088,3.383354,1410.256896,1420.11543,
204,phase1,87,pair_088,3.399937,1410.273479,1420.132013,
205,phase1,87,pair_088,3.416888,1410.29043,1420.148964,
206,phase1,87,pair_088,3.433275,1410.306817,1420.16535,
207,phase1,87,pair_088,3.44993,1410.323472,1420.182005,
208,phase1,87,pair_088,3.466908,1410.34045,1420.198984,
209,phase1,87,pair_088,3.483197,1410.356739,1420.215272,
210,phase1,87,pair_088,3.49996,1410.373501,1420.232035,
211,phase1,87,pair_088,3.516597,1410.390139,1420.248673,
212,phase1,87,pair_088,3.533229,1410.406771,1420.265304,
213,phase1,87,pair_088,3.54992,1410.423463,1420.281996,
214,phase1,87,pair_088,3.566841,1410.440383,1420.298917,
215,phase1,87,pair_088,3.583322,1410.456864,1420.315398,
216,phase1,87,pair_088,3.599936,1410.473478,1420.332012,
217,phase1,87,pair_088,3.61655,1410.490092,1420.348626,
218,phase1,87,pair_088,3.633501,1410.507043,1420.365577,
219,phase1,87,pair_088,3.649993,1410.523535,1420.382068,
220,phase1,87,pair_088,3.666579,1410.540121,1420.398655,
221,phase1,87,pair_088,3.683252,1410.556794,1420.415328,
222,phase1,87,pair_088,3.699934,1410.573476,1420.43201,
223,phase1,87,pair_088,3.716625,1410.590167,1420.4487,
224,phase1,87,pair_088,3.73325,1410.606792,1420.465325,
225,phase1,87,pair_088,3.750238,1410.62378,1420.482313,
226,phase1,87,pair_088,3.766574,1410.640116,1420.498649,
227,phase1,87,pair_088,3.783313,1410.656855,1420.515388,
228,phase1,87,pair_088,3.799915,1410.673456,1420.53199,
229,phase1,87,pair_088,3.816566,1410.690108,1420.548642,
230,phase1,87,pair_088,3.833268,1410.70681,1420.565344,
231,phase1,87,pair_088,3.849946,1410.723488,1420.582022,
232,phase1,87,pair_088,3.866583,1410.740124,1420.598658,
233,phase1,87,pair_088,3.883241,1410.756782,1420.615316,
234,phase1,87,pair_088,3.899902,1410.773444,1420.631977,
235,phase1,87,pair_088,3.916603,1410.790144,1420.648678,
236,phase1,87,pair_088,3.933264,1410.806806,1420.66534,
237,phase1,87,pair_088,3.949888,1410.82343,1420.681964,
238,phase1,87,pair_088,3.966559,1410.840101,1420.698635,
239,phase1,87,pair_088,3.98325,1410.856792,1420.715325,
240,phase1,87,pair_088,3.999856,1410.8734,1420.731931,
241,phase1,87,pair_088,4.016561,1410.890103,1420.748636,
242,phase1,87,pair_088,4.033259,1410.906801,1420.765335,
243,phase1,87,pair_088,4.049915,1410.923458,1420.781991,
244,phase1,87,pair_088,4.066555,1410.940096,1420.79863,
245,phase1,87,pair_088,4.083227,1410.956768,1420.815302,
246,phase1,87,pair_088,4.099919,1410.973461,1420.831995,
247,phase1,87,pair_088,4.116667,1410.990209,1420.848743,
248,phase1,87,pair_088,4.133242,1411.006784,1420.865318,
249,phase1,87,pair_088,4.149916,1411.023458,1420.881992,
250,phase1,87,pair_088,4.166545,1411.040087,1420.898621,
251,phase1,87,pair_088,4.183214,1411.056756,1420.91529,
252,phase1,87,pair_088,4.199904,1411.073446,1420.93198,
253,phase1,87,pair_088,4.216564,1411.090304,1420.948639,
254,phase1,87,pair_088,4.233207,1411.106748,1420.965283,
255,phase1,87,pair_088,4.249902,1411.123446,1420.981977,
256,phase1,87,pair_088,4.266557,1411.140099,1420.998632,
257,phase1,87,pair_088,4.283272,1411.156814,1421.015348,
258,phase1,87,pair_088,4.299871,1411.173413,1421.031947,
259,phase1,87,pair_088,4.316576,1411.190118,1421.048652,
260,phase1,87,pair_088,4.333261,1411.206802,1421.065336,
261,phase1,87,pair_088,4.349947,1411.223489,1421.082022,
262,phase1,87,pair_088,4.366572,1411.240114,1421.098647,
263,phase1,87,pair_088,4.383212,1411.256754,1421.115288,
264,phase1,87,pair_088,4.400041,1411.273583,1421.132116,
265,phase1,87,pair_088,4.416985,1411.290527,1421.149061,
266,phase1,87,pair_088,4.433329,1411.306871,1421.165405,
267,phase1,87,pair_088,4.450005,1411.323551,1421.18208,
268,phase1,87,pair_088,4.466632,1411.340174,1421.198707,
269,phase1,87,pair_088,4.483322,1411.356864,1421.215397,
270,phase1,87,pair_088,4.500025,1411.373567,1421.232101,
271,phase1,87,pair_088,4.516664,1411.390206,1421.24874,
272,phase1,87,pair_088,4.533321,1411.406862,1421.265396,
273,phase1,87,pair_088,4.550345,1411.423886,1421.28242,
274,phase1,87,pair_088,4.56667,1411.440214,1421.298745,
275,phase1,87,pair_088,4.583317,1411.456859,1421.315393,
276,phase1,87,pair_088,4.599988,1411.47353,1421.332064,
277,phase1,87,pair_088,4.61697,1411.490512,1421.349046,
278,phase1,87,pair_088,4.633618,1411.50716,1421.365694,
279,phase1,87,pair_088,4.650007,1411.523549,1421.382083,
280,phase1,87,pair_088,4.666703,1411.540245,1421.398778,
281,phase1,87,pair_088,4.683332,1411.556876,1421.415407,
282,phase1,87,pair_088,4.700296,1411.573838,1421.432371,
283,phase1,87,pair_088,4.716665,1411.590209,1421.448741,
284,phase1,87,pair_088,4.733322,1411.606864,1421.465398,
285,phase1,87,pair_088,4.750072,1411.623615,1421.482148,
286,phase1,87,pair_088,4.766956,1411.640498,1421.499031,
287,phase1,87,pair_088,4.783316,1411.656858,1421.515391,
288,phase1,87,pair_088,4.799992,1411.673536,1421.532067,
289,phase1,87,pair_088,4.816648,1411.69019,1421.548723,
290,phase1,87,pair_088,4.833282,1411.706824,1421.565357,
291,phase1,87,pair_088,4.849939,1411.723481,1421.582014,
292,phase1,87,pair_088,4.866669,1411.740214,1421.598744,
293,phase1,87,pair_088,4.883327,1411.756868,1421.615402,
294,phase1,87,pair_088,4.900304,1411.773846,1421.63238,
295,phase1,87,pair_088,4.916685,1411.790229,1421.64876,
296,phase1,87,pair_088,4.933329,1411.806874,1421.665405,
297,phase1,87,pair_088,4.949944,1411.823485,1421.682019,
298,phase1,87,pair_088,4.966653,1411.840195,1421.698729,
299,phase1,87,pair_088,4.98362,1411.857162,1421.715696,
300,phase1,87,pair_088,4.999954,1411.873496,1421.73203,
301,phase1,87,pair_088,5.016652,1411.890195,1421.748727,
302,phase1,87,pair_088,5.033599,1411.90714,1421.765674,
303,phase1,87,pair_088,5.049953,1411.923494,1421.782028,
304,phase1,87,pair_088,5.066602,1411.940143,1421.798677,
305,phase1,87,pair_088,5.08328,1411.956826,1421.815356,
306,phase1,87,pair_088,5.09995,1411.973502,1421.832026,
307,phase1,87,pair_088,5.116669,1411.990215,1421.848745,
308,phase1,87,pair_088,5.133295,1412.006841,1421.865371,
309,phase1,87,pair_088,5.149993,1412.023536,1421.882068,
310,phase1,87,pair_088,5.166618,1412.040161,1421.898694,
311,phase1,87,pair_088,5.183632,1412.057175,1421.915708,
312,phase1,87,pair_088,5.199954,1412.073497,1421.93203,
313,phase1,87,pair_088,5.216661,1412.090203,1421.948736,
314,phase1,87,pair_088,5.233352,1412.106894,1421.965428,
315,phase1,87,pair_088,5.249921,1412.123463,1421.981997,
316,phase1,87,pair_088,5.266605,1412.140147,1421.998681,
317,phase1,87,pair_088,5.283309,1412.156851,1422.015385,
318,phase1,87,pair_088,5.300246,1412.173791,1422.032322,
319,phase1,87,pair_088,5.316633,1412.190176,1422.048709,
320,phase1,87,pair_088,5.333588,1412.20713,1422.065663,
321,phase1,87,pair_088,5.349983,1412.223525,1422.082059,
322,phase1,87,pair_088,5.366675,1412.240217,1422.098751,
323,phase1,87,pair_088,5.383272,1412.256814,1422.115347,
324,phase1,87,pair_088,5.400277,1412.273819,1422.132353,
325,phase1,87,pair_088,5.416639,1412.290183,1422.148715,
326,phase1,87,pair_088,5.433314,1412.306856,1422.16539,
327,phase1,87,pair_088,5.45028,1412.323822,1422.182356,
328,phase1,87,pair_088,5.466937,1412.340478,1422.199012,
329,phase1,87,pair_088,5.483308,1412.356849,1422.215383,
330,phase1,87,pair_088,5.500014,1412.373556,1422.23209,
331,phase1,87,pair_088,5.516959,1412.3905,1422.249034,
332,phase1,87,pair_088,5.533605,1412.407146,1422.26568,
333,phase1,87,pair_088,5.549928,1412.423474,1422.282004,
334,phase1,87,pair_088,5.566656,1412.440198,1422.298732,
335,phase1,87,pair_088,5.583362,1412.456905,1422.315437,
336,phase1,87,pair_088,5.600287,1412.473828,1422.332362,
337,phase1,87,pair_088,5.616612,1412.490153,1422.348687,
338,phase1,87,pair_088,5.633313,1412.506854,1422.365388,
339,phase1,87,pair_088,5.650022,1412.523564,1422.382098,
340,phase1,87,pair_088,5.666624,1412.540166,1422.3987,
341,phase1,87,pair_088,5.683294,1412.556836,1422.41537,
342,phase1,87,pair_088,5.699961,1412.573502,1422.432036,
343,phase1,87,pair_088,5.716701,1412.590243,1422.448777,
344,phase1,87,pair_088,5.733271,1412.606812,1422.465346,
345,phase1,87,pair_088,5.749988,1412.62353,1422.482063,
346,phase1,87,pair_088,5.766619,1412.640161,1422.498695,
347,phase1,87,pair_088,5.783246,1412.656788,1422.515322,
348,phase1,87,pair_088,5.799884,1412.67343,1422.531959,
349,phase1,87,pair_088,5.816567,1412.690114,1422.548643,
350,phase1,87,pair_088,5.833219,1412.706763,1422.565295,
351,phase1,87,pair_088,5.849889,1412.723435,1422.581964,
352,phase1,87,pair_088,5.866589,1412.740131,1422.598664,
353,phase1,87,pair_088,5.883226,1412.756769,1422.615301,
354,phase1,87,pair_088,5.899891,1412.773433,1422.631966,
355,phase1,87,pair_088,5.916549,1412.790094,1422.648625,
356,phase1,87,pair_088,5.933198,1412.80674,1422.665273,
357,phase1,87,pair_088,5.949875,1412.823419,1422.68195,
358,phase1,87,pair_088,5.96662,1412.840165,1422.698695,
359,phase1,87,pair_088,5.983257,1412.856799,1422.715332,
360,phase1,87,pair_088,5.999958,1412.8735,1422.732034,
361,phase1,87,pair_088,6.016602,1412.890144,1422.748677,
362,phase1,87,pair_088,6.033229,1412.906772,1422.765305,
363,phase1,87,pair_088,6.049924,1412.923466,1422.781999,
364,phase1,87,pair_088,6.066845,1412.940393,1422.798921,
365,phase1,87,pair_088,6.08361,1412.957152,1422.815685,
366,phase1,87,pair_088,6.099924,1412.973467,1422.831999,
367,phase1,87,pair_088,6.116555,1412.990096,1422.84863,
368,phase1,87,pair_088,6.133223,1413.006765,1422.865299,
369,phase1,87,pair_088,6.150278,1413.023819,1422.882353,
370,phase1,87,pair_088,6.166855,1413.040397,1422.898931,
371,phase1,87,pair_088,6.183283,1413.056825,1422.915359,
372,phase1,87,pair_088,6.199909,1413.073451,1422.931985,
373,phase1,87,pair_088,6.216895,1413.090437,1422.94897,
374,phase1,87,pair_088,6.233575,1413.107117,1422.96565,
375,phase1,87,pair_088,6.249946,1413.123488,1422.982021,
376,phase1,87,pair_088,6.266646,1413.140188,1422.998722,
377,phase1,87,pair_088,6.283244,1413.156787,1423.01532,
378,phase1,87,pair_088,6.300269,1413.173812,1423.032345,
379,phase1,87,pair_088,6.316578,1413.190121,1423.048654,
380,phase1,87,pair_088,6.333296,1413.206842,1423.065372,
381,phase1,87,pair_088,6.350194,1413.223736,1423.08227,
382,phase1,87,pair_088,6.366535,1413.240076,1423.09861,
383,phase1,87,pair_088,6.383266,1413.256808,1423.115342,
384,phase1,87,pair_088,6.399928,1413.27347,1423.132004,
385,phase1,87,pair_088,6.416573,1413.290115,1423.148648,
386,phase1,87,pair_088,6.433247,1413.306789,1423.165323,
387,phase1,87,pair_088,6.449933,1413.323477,1423.182008,
388,phase1,87,pair_088,6.466617,1413.340159,1423.198693,
389,phase1,87,pair_088,6.483267,1413.356809,1423.215343,
390,phase1,87,pair_088,6.499916,1413.37346,1423.231992,
391,phase1,87,pair_088,6.516897,1413.390439,1423.248972,
392,phase1,87,pair_088,6.533278,1413.40682,1423.265353,
393,phase1,87,pair_088,6.549923,1413.423466,1423.281998,
394,phase1,87,pair_088,6.566574,1413.440116,1423.29865,
395,phase1,87,pair_088,6.583514,1413.457056,1423.31559,
396,phase1,87,pair_088,6.599923,1413.473464,1423.331998,
397,phase1,87,pair_088,6.616575,1413.490117,1423.348651,
398,phase1,87,pair_088,6.633228,1413.50677,1423.365304,
399,phase1,87,pair_088,6.649951,1413.523493,1423.382026,
400,phase1,87,pair_088,6.666545,1413.540087,1423.398621,
401,phase1,87,pair_088,6.683283,1413.556832,1423.415359,
402,phase1,87,pair_088,6.69992,1413.573464,1423.431996,
403,phase1,87,pair_088,6.716574,1413.590116,1423.44865,
404,phase1,87,pair_088,6.733235,1413.606777,1423.465311,
405,phase1,87,pair_088,6.749904,1413.623446,1423.481979,
406,phase1,87,pair_088,6.766591,1413.640134,1423.498667,
407,phase1,87,pair_088,6.783568,1413.657109,1423.515643,
408,phase1,87,pair_088,6.799894,1413.673436,1423.531969,
409,phase1,87,pair_088,6.816576,1413.690118,1423.548651,
410,phase1,87,pair_088,6.833227,1413.706769,1423.565302,
411,phase1,87,pair_088,6.849914,1413.723456,1423.58199,
412,phase1,87,pair_088,6.866579,1413.740122,1423.598655,
413,phase1,87,pair_088,6.883206,1413.756748,1423.615281,
414,phase1,87,pair_088,6.899901,1413.773443,1423.631976,
415,phase1,87,pair_088,6.916595,1413.790137,1423.64867,
416,phase1,87,pair_088,6.933174,1413.806716,1423.66525,
417,phase1,87,pair_088,6.949879,1413.823421,1423.681955,
418,phase1,87,pair_088,6.966588,1413.84013,1423.698664,
419,phase1,87,pair_088,6.983234,1413.856776,1423.715309,
420,phase1,87,pair_088,6.999885,1413.873427,1423.73196,
421,phase1,87,pair_088,7.016558,1413.8901,1423.748634,
422,phase1,87,pair_088,7.033248,1413.90679,1423.765323,
423,phase1,87,pair_088,7.050229,1413.923771,1423.782305,
424,phase1,87,pair_088,7.066879,1413.940421,1423.798954,
425,phase1,87,pair_088,7.083181,1413.956723,1423.815256,
426,phase1,87,pair_088,7.099884,1413.973426,1423.83196,
427,phase1,87,pair_088,7.116848,1413.99039,1423.848923,
428,phase1,87,pair_088,7.133189,1414.006731,1423.865265,
429,phase1,87,pair_088,7.149893,1414.023435,1423.881969,
430,phase1,87,pair_088,7.166537,1414.040079,1423.898613,
431,phase1,87,pair_088,7.183288,1414.05683,1423.915363,
432,phase1,87,pair_088,7.200201,1414.073743,1423.932277,
433,phase1,87,pair_088,7.216571,1414.090113,1423.948647,
434,phase1,87,pair_088,7.233206,1414.106748,1423.965282,
435,phase1,87,pair_088,7.250177,1414.123719,1423.982252,
436,phase1,87,pair_088,7.266847,1414.140389,1423.998922,
437,phase1,87,pair_088,7.283212,1414.156754,1424.015288,
438,phase1,87,pair_088,7.29987,1414.173412,1424.031946,
439,phase1,87,pair_088,7.316576,1414.190118,1424.048651,
440,phase1,87,pair_088,7.333532,1414.207074,1424.065608,
441,phase1,87,pair_088,7.349868,1414.22341,1424.081943,
442,phase1,87,pair_088,7.366582,1414.240124,1424.098658,
443,phase1,87,pair_088,7.383279,1414.256821,1424.115354,
444,phase1,87,pair_088,7.399881,1414.273423,1424.131956,
445,phase1,87,pair_088,7.416577,1414.290119,1424.148653,
446,phase1,87,pair_088,7.433317,1414.306859,1424.165393,
447,phase1,87,pair_088,7.449891,1414.323433,1424.181967,
448,phase1,87,pair_088,7.466547,1414.340089,1424.198623,
449,phase1,87,pair_088,7.483243,1414.356785,1424.215318,
450,phase1,87,pair_088,7.499905,1414.373447,1424.231981,
451,phase1,87,pair_088,7.516636,1414.390178,1424.248711,
452,phase1,87,pair_088,7.533239,1414.406781,1424.265315,
453,phase1,87,pair_088,7.549908,1414.42345,1424.281984,
454,phase1,87,pair_088,7.566586,1414.440128,1424.298661,
455,phase1,87,pair_088,7.583216,1414.456758,1424.315292,
456,phase1,87,pair_088,7.599903,1414.473445,1424.331979,
457,phase1,87,pair_088,7.616869,1414.490411,1424.348945,
458,phase1,87,pair_088,7.633223,1414.506765,1424.365299,
459,phase1,87,pair_088,7.649928,1414.523472,1424.382004,
460,phase1,87,pair_088,7.666534,1414.540076,1424.39861,
461,phase1,87,pair_088,7.683209,1414.556751,1424.415284,
462,phase1,87,pair_088,7.699889,1414.573431,1424.431965,
463,phase1,87,pair_088,7.716555,1414.590097,1424.44863,
464,phase1,87,pair_088,7.733313,1414.606856,1424.465389,
465,phase1,87,pair_088,7.749849,1414.623391,1424.481924,
466,phase1,87,pair_088,7.766523,1414.640065,1424.498598,
467,phase1,87,pair_088,7.783235,1414.656777,1424.515311,
468,phase1,87,pair_088,7.799883,1414.673425,1424.531958,
469,phase1,87,pair_088,7.816578,1414.690119,1424.548653,
470,phase1,87,pair_088,7.833215,1414.706756,1424.56529,
471,phase1,87,pair_088,7.849826,1414.723368,1424.581902,
472,phase1,87,pair_088,7.866552,1414.740094,1424.598627,
473,phase1,87,pair_088,7.883557,1414.757098,1424.615632,
474,phase1,87,pair_088,7.899876,1414.773417,1424.631951,
475,phase1,87,pair_088,7.916589,1414.790131,1424.648664,
476,phase1,87,pair_088,-1406.873803,1415.006847,9.858273,response
0,phase2,87,pair_088,0.0,1416.190189,1426.04872,single_opt_onset_seq1_opt4_弱
1,phase2,87,pair_088,0.016608,1416.206793,1426.065328,
2,phase2,87,pair_088,0.033264,1416.223449,1426.081985,
3,phase2,87,pair_088,0.049962,1416.240147,1426.098682,
4,phase2,87,pair_088,0.06661,1416.256798,1426.11533,
5,phase2,87,pair_088,0.083293,1416.273478,1426.132014,
6,phase2,87,pair_088,0.099937,1416.290124,1426.148657,
7,phase2,87,pair_088,0.116626,1416.306811,1426.165346,
8,phase2,87,pair_088,0.133287,1416.323472,1426.182007,
9,phase2,87,pair_088,0.149929,1416.340113,1426.198649,
10,phase2,87,pair_088,0.166612,1416.356797,1426.215332,
11,phase2,87,pair_088,0.183237,1416.373421,1426.231957,
12,phase2,87,pair_088,0.199938,1416.390124,1426.248658,
13,phase2,87,pair_088,0.216607,1416.406793,1426.265327,
14,phase2,87,pair_088,0.233266,1416.423451,1426.281986,
15,phase2,87,pair_088,0.249936,1416.440121,1426.298656,
16,phase2,87,pair_088,0.266602,1416.456786,1426.315322,
17,phase2,87,pair_088,0.283256,1416.47344,1426.331977,
18,phase2,87,pair_088,0.299937,1416.490122,1426.348658,
19,phase2,87,pair_088,0.316608,1416.506793,1426.365328,
20,phase2,87,pair_088,0.333228,1416.523413,1426.381948,
21,phase2,87,pair_088,0.349927,1416.540111,1426.398647,
22,phase2,87,pair_088,0.366604,1416.556789,1426.415324,
23,phase2,87,pair_088,0.383271,1416.573455,1426.431991,
24,phase2,87,pair_088,0.399931,1416.590116,1426.448651,
25,phase2,87,pair_088,0.416583,1416.606767,1426.465303,
26,phase2,87,pair_088,0.433268,1416.623452,1426.481988,
27,phase2,87,pair_088,0.449943,1416.640127,1426.498664,
28,phase2,87,pair_088,0.466569,1416.656753,1426.515289,
29,phase2,87,pair_088,0.483216,1416.673399,1426.531936,
30,phase2,87,pair_088,0.499912,1416.690096,1426.548632,
31,phase2,87,pair_088,0.516569,1416.706753,1426.565289,
32,phase2,87,pair_088,0.533262,1416.723447,1426.581982,
33,phase2,87,pair_088,0.549929,1416.740113,1426.598649,
34,phase2,87,pair_088,0.56659,1416.756775,1426.61531,
35,phase2,87,pair_088,0.583273,1416.773458,1426.631993,
36,phase2,87,pair_088,0.59994,1416.790124,1426.64866,
37,phase2,87,pair_088,0.6166,1416.806785,1426.66532,
38,phase2,87,pair_088,0.633563,1416.823747,1426.682283,
39,phase2,87,pair_088,0.649945,1416.840129,1426.698665,
40,phase2,87,pair_088,0.666646,1416.85683,1426.715366,
41,phase2,87,pair_088,0.683295,1416.87348,1426.732015,
42,phase2,87,pair_088,0.699916,1416.8901,1426.748636,
43,phase2,87,pair_088,0.716595,1416.906781,1426.765315,
44,phase2,87,pair_088,0.733254,1416.923438,1426.781974,
45,phase2,87,pair_088,0.749934,1416.940121,1426.798654,
46,phase2,87,pair_088,0.76659,1416.956776,1426.81531,
47,phase2,87,pair_088,0.783306,1416.973491,1426.832026,
48,phase2,87,pair_088,0.799955,1416.99014,1426.848676,
49,phase2,87,pair_088,0.816888,1417.007073,1426.865608,
50,phase2,87,pair_088,0.833597,1417.023782,1426.882317,
51,phase2,87,pair_088,0.849914,1417.040099,1426.898634,
52,phase2,87,pair_088,0.866607,1417.056792,1426.915328,
53,phase2,87,pair_088,0.883276,1417.073465,1426.931997,
54,phase2,87,pair_088,0.899931,1417.090116,1426.948651,
55,phase2,87,pair_088,0.916556,1417.106741,1426.965276,
56,phase2,87,pair_088,0.933325,1417.12351,1426.982046,
57,phase2,87,pair_088,0.949931,1417.140116,1426.998651,
58,phase2,87,pair_088,0.966606,1417.15679,1427.015326,
59,phase2,87,pair_088,0.983524,1417.173708,1427.032244,
60,phase2,87,pair_088,0.9999,1417.190084,1427.04862,
61,phase2,87,pair_088,1.016586,1417.206772,1427.065306,
62,phase2,87,pair_088,1.033252,1417.223437,1427.081973,
63,phase2,87,pair_088,1.05025,1417.240436,1427.09897,
64,phase2,87,pair_088,1.066535,1417.256719,1427.115255,
65,phase2,87,pair_088,1.083267,1417.273452,1427.131987,
66,phase2,87,pair_088,1.099899,1417.290083,1427.148619,
67,phase2,87,pair_088,1.116557,1417.306741,1427.165277,
68,phase2,87,pair_088,1.133251,1417.323435,1427.181971,
69,phase2,87,pair_088,1.149897,1417.340081,1427.198617,
70,phase2,87,pair_088,1.166678,1417.356862,1427.215398,
71,phase2,87,pair_088,1.183226,1417.373412,1427.231946,
72,phase2,87,pair_088,1.199893,1417.390077,1427.248613,
73,phase2,87,pair_088,1.216572,1417.406756,1427.265292,
74,phase2,87,pair_088,1.233309,1417.423494,1427.282029,
75,phase2,87,pair_088,1.249879,1417.440067,1427.298599,
76,phase2,87,pair_088,1.266891,1417.457075,1427.315611,
77,phase2,87,pair_088,1.283253,1417.473439,1427.331973,
78,phase2,87,pair_088,1.299893,1417.490077,1427.348613,
79,phase2,87,pair_088,1.316898,1417.507083,1427.365618,
80,phase2,87,pair_088,1.333534,1417.523719,1427.382255,
81,phase2,87,pair_088,1.349909,1417.540093,1427.398629,
82,phase2,87,pair_088,1.3666,1417.556785,1427.41532,
83,phase2,87,pair_088,1.383204,1417.573388,1427.431924,
84,phase2,87,pair_088,1.400218,1417.590402,1427.448938,
85,phase2,87,pair_088,1.41656,1417.606744,1427.46528,
86,phase2,87,pair_088,1.433276,1417.623461,1427.481996,
87,phase2,87,pair_088,1.449936,1417.64012,1427.498656,
88,phase2,87,pair_088,1.466532,1417.656716,1427.515252,
89,phase2,87,pair_088,1.48322,1417.673404,1427.53194,
90,phase2,87,pair_088,1.499939,1417.690123,1427.548659,
0,phase2,87,pair_088,0.0,1417.706756,1427.565288,iti_onset_dur_1.773
1,phase2,87,pair_088,0.016619,1417.723371,1427.581907,
2,phase2,87,pair_088,0.033318,1417.74007,1427.598606,
3,phase2,87,pair_088,0.049975,1417.756727,1427.615263,
4,phase2,87,pair_088,0.066657,1417.773409,1427.631945,
5,phase2,87,pair_088,0.083308,1417.79006,1427.648596,
6,phase2,87,pair_088,0.099959,1417.806711,1427.665247,
7,phase2,87,pair_088,0.116622,1417.823374,1427.68191,
8,phase2,87,pair_088,0.133364,1417.840116,1427.698652,
9,phase2,87,pair_088,0.149989,1417.856741,1427.715277,
10,phase2,87,pair_088,0.166632,1417.873384,1427.73192,
11,phase2,87,pair_088,0.183311,1417.890063,1427.748599,
12,phase2,87,pair_088,0.200058,1417.90681,1427.765346,
13,phase2,87,pair_088,0.216698,1417.92345,1427.781986,
14,phase2,87,pair_088,0.233625,1417.940377,1427.798913,
15,phase2,87,pair_088,0.250005,1417.956757,1427.815293,
16,phase2,87,pair_088,0.266671,1417.973423,1427.831959,
17,phase2,87,pair_088,0.283281,1417.990033,1427.848569,
18,phase2,87,pair_088,0.300305,1418.007057,1427.865593,
19,phase2,87,pair_088,0.316626,1418.023378,1427.881914,
20,phase2,87,pair_088,0.333321,1418.040073,1427.898609,
21,phase2,87,pair_088,0.349973,1418.056724,1427.915261,
22,phase2,87,pair_088,0.366605,1418.073357,1427.931893,
23,phase2,87,pair_088,0.383307,1418.090059,1427.948595,
24,phase2,87,pair_088,0.400006,1418.106758,1427.965294,
25,phase2,87,pair_088,0.416933,1418.123685,1427.982221,
26,phase2,87,pair_088,0.43329,1418.140042,1427.998578,
27,phase2,87,pair_088,0.449977,1418.156729,1428.015266,
28,phase2,87,pair_088,0.466664,1418.173416,1428.031952,
29,phase2,87,pair_088,0.48329,1418.190042,1428.048578,
30,phase2,87,pair_088,0.500296,1418.207048,1428.065584,
31,phase2,87,pair_088,0.516621,1418.223373,1428.081909,
32,phase2,87,pair_088,0.533337,1418.240089,1428.098625,
33,phase2,87,pair_088,0.549961,1418.256712,1428.115249,
34,phase2,87,pair_088,0.566616,1418.273368,1428.131904,
35,phase2,87,pair_088,0.583308,1418.29006,1428.148596,
36,phase2,87,pair_088,0.599965,1418.306718,1428.165253,
37,phase2,87,pair_088,0.616632,1418.323383,1428.18192,
38,phase2,87,pair_088,0.633582,1418.340335,1428.19887,
39,phase2,87,pair_088,0.649967,1418.356718,1428.215255,
40,phase2,87,pair_088,0.666651,1418.373403,1428.231939,
41,phase2,87,pair_088,0.683301,1418.390053,1428.248589,
42,phase2,87,pair_088,0.700226,1418.406978,1428.265514,
43,phase2,87,pair_088,0.716586,1418.423338,1428.281874,
44,phase2,87,pair_088,0.733335,1418.440087,1428.298623,
45,phase2,87,pair_088,0.749987,1418.456739,1428.315275,
46,phase2,87,pair_088,0.766712,1418.473464,1428.332,
47,phase2,87,pair_088,0.783281,1418.490033,1428.348569,
48,phase2,87,pair_088,0.799976,1418.506728,1428.365265,
49,phase2,87,pair_088,0.816658,1418.523409,1428.381946,
50,phase2,87,pair_088,0.83329,1418.540042,1428.398578,
51,phase2,87,pair_088,0.84994,1418.556691,1428.415228,
52,phase2,87,pair_088,0.866607,1418.573359,1428.431896,
53,phase2,87,pair_088,0.883319,1418.590071,1428.448608,
54,phase2,87,pair_088,0.899953,1418.606704,1428.465241,
55,phase2,87,pair_088,0.916968,1418.62372,1428.482256,
56,phase2,87,pair_088,0.933298,1418.64005,1428.498586,
57,phase2,87,pair_088,0.949962,1418.656713,1428.51525,
58,phase2,87,pair_088,0.966643,1418.673395,1428.531931,
59,phase2,87,pair_088,0.983279,1418.690031,1428.548567,
60,phase2,87,pair_088,0.999965,1418.706716,1428.565253,
61,phase2,87,pair_088,1.016626,1418.723378,1428.581914,
62,phase2,87,pair_088,1.033354,1418.740106,1428.598642,
63,phase2,87,pair_088,1.04994,1418.756692,1428.615228,
64,phase2,87,pair_088,1.066638,1418.77339,1428.631926,
65,phase2,87,pair_088,1.083333,1418.790085,1428.648621,
66,phase2,87,pair_088,1.100224,1418.806977,1428.665512,
67,phase2,87,pair_088,1.11659,1418.823341,1428.681878,
68,phase2,87,pair_088,1.133291,1418.840043,1428.698579,
69,phase2,87,pair_088,1.149986,1418.856742,1428.715275,
70,phase2,87,pair_088,1.166649,1418.8734,1428.731937,
71,phase2,87,pair_088,1.183272,1418.890024,1428.74856,
72,phase2,87,pair_088,1.19993,1418.906681,1428.765218,
73,phase2,87,pair_088,1.216596,1418.923347,1428.781884,
74,phase2,87,pair_088,1.233318,1418.94007,1428.798606,
75,phase2,87,pair_088,1.249948,1418.956699,1428.815236,
76,phase2,87,pair_088,1.266631,1418.973383,1428.831919,
77,phase2,87,pair_088,1.283217,1418.989969,1428.848505,
78,phase2,87,pair_088,1.299986,1419.006739,1428.865275,
79,phase2,87,pair_088,1.316577,1419.023328,1428.881865,
80,phase2,87,pair_088,1.333607,1419.040359,1428.898895,
81,phase2,87,pair_088,1.349945,1419.056696,1428.915233,
82,phase2,87,pair_088,1.366613,1419.073365,1428.931901,
83,phase2,87,pair_088,1.383282,1419.090033,1428.94857,
84,phase2,87,pair_088,1.399939,1419.10669,1428.965227,
85,phase2,87,pair_088,1.416624,1419.123376,1428.981912,
86,phase2,87,pair_088,1.433315,1419.140066,1428.998603,
87,phase2,87,pair_088,1.450382,1419.157133,1429.01567,
88,phase2,87,pair_088,1.46669,1419.173442,1429.031978,
89,phase2,87,pair_088,1.483412,1419.190164,1429.0487,
90,phase2,87,pair_088,1.500091,1419.206843,1429.065379,
91,phase2,87,pair_088,1.516721,1419.223482,1429.082009,
92,phase2,87,pair_088,1.533442,1419.240195,1429.09873,
93,phase2,87,pair_088,1.550064,1419.256816,1429.115352,
94,phase2,87,pair_088,1.566774,1419.273526,1429.132063,
95,phase2,87,pair_088,1.583374,1419.290125,1429.148662,
96,phase2,87,pair_088,1.60007,1419.306821,1429.165358,
97,phase2,87,pair_088,1.616737,1419.323489,1429.182025,
98,phase2,87,pair_088,1.633428,1419.34018,1429.198716,
99,phase2,87,pair_088,1.650038,1419.35679,1429.215326,
100,phase2,87,pair_088,1.666726,1419.373478,1429.232014,
101,phase2,87,pair_088,1.683377,1419.390128,1429.248665,
102,phase2,87,pair_088,1.700025,1419.406777,1429.265313,
103,phase2,87,pair_088,1.716705,1419.423456,1429.281993,
104,phase2,87,pair_088,1.733678,1419.44043,1429.298966,
105,phase2,87,pair_088,1.750047,1419.456805,1429.315335,
106,phase2,87,pair_088,1.766684,1419.473436,1429.331972,
0,phase2,87,pair_088,0.0,1419.490167,1429.348699,single_opt_onset_seq2_opt2_小
1,phase2,87,pair_088,0.016938,1419.507102,1429.365637,
2,phase2,87,pair_088,0.033334,1419.523497,1429.382033,
3,phase2,87,pair_088,0.049982,1419.540145,1429.398681,
4,phase2,87,pair_088,0.066921,1419.557084,1429.415619,
5,phase2,87,pair_088,0.083617,1419.57378,1429.432316,
6,phase2,87,pair_088,0.099974,1419.590136,1429.448672,
7,phase2,87,pair_088,0.116649,1419.606812,1429.465348,
8,phase2,87,pair_088,0.133353,1419.623516,1429.482051,
9,phase2,87,pair_088,0.150288,1419.640451,1429.498987,
10,phase2,87,pair_088,0.166602,1419.656765,1429.515301,
11,phase2,87,pair_088,0.183287,1419.67345,1429.531986,
12,phase2,87,pair_088,0.200018,1419.69018,1429.548716,
13,phase2,87,pair_088,0.216959,1419.707121,1429.565657,
14,phase2,87,pair_088,0.233301,1419.723464,1429.582,
15,phase2,87,pair_088,0.249953,1419.740116,1429.598652,
16,phase2,87,pair_088,0.266652,1419.756817,1429.615351,
17,phase2,87,pair_088,0.283242,1419.773404,1429.63194,
18,phase2,87,pair_088,0.300247,1419.79041,1429.648946,
19,phase2,87,pair_088,0.316645,1419.806812,1429.665344,
20,phase2,87,pair_088,0.333291,1419.823453,1429.681989,
21,phase2,87,pair_088,0.35029,1419.840453,1429.698989,
22,phase2,87,pair_088,0.366925,1419.857088,1429.715623,
23,phase2,87,pair_088,0.383324,1419.873488,1429.732023,
24,phase2,87,pair_088,0.399928,1419.89009,1429.748626,
25,phase2,87,pair_088,0.416626,1419.906789,1429.765324,
26,phase2,87,pair_088,0.433587,1419.923749,1429.782285,
27,phase2,87,pair_088,0.449936,1419.940099,1429.798635,
28,phase2,87,pair_088,0.466661,1419.956827,1429.81536,
29,phase2,87,pair_088,0.483319,1419.973482,1429.832018,
30,phase2,87,pair_088,0.500276,1419.990439,1429.848975,
31,phase2,87,pair_088,0.516641,1420.006804,1429.86534,
32,phase2,87,pair_088,0.533219,1420.023382,1429.881918,
33,phase2,87,pair_088,0.549989,1420.040151,1429.898687,
34,phase2,87,pair_088,0.566949,1420.057111,1429.915647,
35,phase2,87,pair_088,0.583227,1420.073389,1429.931925,
36,phase2,87,pair_088,0.599948,1420.09011,1429.948646,
37,phase2,87,pair_088,0.616641,1420.106804,1429.96534,
38,phase2,87,pair_088,0.633273,1420.123435,1429.981971,
39,phase2,87,pair_088,0.64996,1420.140122,1429.998658,
40,phase2,87,pair_088,0.666604,1420.156767,1430.015303,
41,phase2,87,pair_088,0.683322,1420.173486,1430.032021,
42,phase2,87,pair_088,0.700242,1420.190404,1430.04894,
43,phase2,87,pair_088,0.716911,1420.207074,1430.06561,
44,phase2,87,pair_088,0.7333,1420.223463,1430.081999,
45,phase2,87,pair_088,0.749958,1420.240122,1430.098656,
46,phase2,87,pair_088,0.766655,1420.256821,1430.115353,
47,phase2,87,pair_088,0.783577,1420.27374,1430.132276,
48,phase2,87,pair_088,0.799972,1420.290138,1430.148671,
49,phase2,87,pair_088,0.816896,1420.307059,1430.165595,
50,phase2,87,pair_088,0.833266,1420.323433,1430.181965,
51,phase2,87,pair_088,0.850254,1420.340416,1430.198953,
52,phase2,87,pair_088,0.866612,1420.356778,1430.215311,
53,phase2,87,pair_088,0.88331,1420.373473,1430.232009,
54,phase2,87,pair_088,0.900195,1420.390357,1430.248893,
55,phase2,87,pair_088,0.916902,1420.407065,1430.265601,
56,phase2,87,pair_088,0.933263,1420.423426,1430.281962,
57,phase2,87,pair_088,0.949971,1420.440134,1430.29867,
58,phase2,87,pair_088,0.966629,1420.456792,1430.315328,
59,phase2,87,pair_088,0.9836,1420.473762,1430.332298,
60,phase2,87,pair_088,1.000229,1420.490391,1430.348928,
61,phase2,87,pair_088,1.016614,1420.506778,1430.365313,
62,phase2,87,pair_088,1.033282,1420.523445,1430.381981,
63,phase2,87,pair_088,1.050242,1420.540405,1430.398941,
64,phase2,87,pair_088,1.066881,1420.557043,1430.415579,
65,phase2,87,pair_088,1.08326,1420.573427,1430.431958,
66,phase2,87,pair_088,1.09992,1420.590083,1430.448619,
67,phase2,87,pair_088,1.116579,1420.606741,1430.465277,
68,phase2,87,pair_088,1.133539,1420.623702,1430.482237,
69,phase2,87,pair_088,1.149935,1420.640098,1430.498634,
70,phase2,87,pair_088,1.166589,1420.656751,1430.515287,
71,phase2,87,pair_088,1.18356,1420.673723,1430.532259,
72,phase2,87,pair_088,1.200238,1420.690401,1430.548937,
73,phase2,87,pair_088,1.216587,1420.70675,1430.565285,
74,phase2,87,pair_088,1.233296,1420.723459,1430.581995,
75,phase2,87,pair_088,1.249969,1420.740132,1430.598668,
76,phase2,87,pair_088,1.266575,1420.756738,1430.615274,
77,phase2,87,pair_088,1.28328,1420.773443,1430.631978,
78,phase2,87,pair_088,1.299901,1420.790064,1430.6486,
79,phase2,87,pair_088,1.316642,1420.806806,1430.66534,
80,phase2,87,pair_088,1.333237,1420.8234,1430.681936,
81,phase2,87,pair_088,1.349933,1420.840096,1430.698631,
82,phase2,87,pair_088,1.366615,1420.856777,1430.715313,
83,phase2,87,pair_088,1.38325,1420.873413,1430.731949,
84,phase2,87,pair_088,1.399887,1420.890049,1430.748585,
85,phase2,87,pair_088,1.416591,1420.906753,1430.765289,
86,phase2,87,pair_088,1.433277,1420.923443,1430.781976,
87,phase2,87,pair_088,1.449908,1420.94007,1430.798607,
88,phase2,87,pair_088,1.466581,1420.956743,1430.815279,
89,phase2,87,pair_088,1.483538,1420.9737,1430.832236,
90,phase2,87,pair_088,1.499933,1420.990096,1430.848632,
0,phase2,87,pair_088,0.0,1421.006723,1430.865257,iti_onset_dur_0.664
1,phase2,87,pair_088,0.016604,1421.023326,1430.881861,
2,phase2,87,pair_088,0.033645,1421.040365,1430.898902,
3,phase2,87,pair_088,0.050013,1421.056733,1430.915269,
4,phase2,87,pair_088,0.066755,1421.073476,1430.932012,
5,phase2,87,pair_088,0.083324,1421.09024,1430.948581,
6,phase2,87,pair_088,0.100278,1421.106999,1430.965535,
7,phase2,87,pair_088,0.116673,1421.123395,1430.98193,
8,phase2,87,pair_088,0.133365,1421.140086,1430.998622,
9,phase2,87,pair_088,0.150071,1421.156792,1431.015328,
10,phase2,87,pair_088,0.167018,1421.173739,1431.032275,
11,phase2,87,pair_088,0.183306,1421.190027,1431.048563,
12,phase2,87,pair_088,0.200055,1421.206775,1431.065312,
13,phase2,87,pair_088,0.216715,1421.223435,1431.081972,
14,phase2,87,pair_088,0.233334,1421.240055,1431.098591,
15,phase2,87,pair_088,0.250032,1421.256754,1431.115289,
16,phase2,87,pair_088,0.266663,1421.273384,1431.13192,
17,phase2,87,pair_088,0.283347,1421.290067,1431.148603,
18,phase2,87,pair_088,0.299961,1421.306682,1431.165218,
19,phase2,87,pair_088,0.316985,1421.323707,1431.182241,
20,phase2,87,pair_088,0.333333,1421.340053,1431.198589,
21,phase2,87,pair_088,0.350018,1421.356739,1431.215275,
22,phase2,87,pair_088,0.366676,1421.373403,1431.231933,
23,phase2,87,pair_088,0.38333,1421.390051,1431.248587,
24,phase2,87,pair_088,0.400061,1421.406783,1431.265317,
25,phase2,87,pair_088,0.416663,1421.423383,1431.281919,
26,phase2,87,pair_088,0.433332,1421.440052,1431.298589,
27,phase2,87,pair_088,0.4503,1421.457021,1431.315557,
28,phase2,87,pair_088,0.466682,1421.473406,1431.331939,
29,phase2,87,pair_088,0.483334,1421.490054,1431.348591,
30,phase2,87,pair_088,0.499987,1421.506707,1431.365244,
31,phase2,87,pair_088,0.51698,1421.5237,1431.382236,
32,phase2,87,pair_088,0.533318,1421.540039,1431.398575,
33,phase2,87,pair_088,0.550055,1421.556775,1431.415312,
34,phase2,87,pair_088,0.566673,1421.573394,1431.43193,
35,phase2,87,pair_088,0.583648,1421.590368,1431.448904,
36,phase2,87,pair_088,0.59999,1421.606711,1431.465247,
37,phase2,87,pair_088,0.616671,1421.623391,1431.481927,
38,phase2,87,pair_088,0.633336,1421.640057,1431.498593,
39,phase2,87,pair_088,0.649974,1421.656694,1431.51523,
0,phase2,87,pair_088,0.0,1421.673406,1431.531937,single_opt_onset_seq3_opt3_缩小
1,phase2,87,pair_088,0.01665,1421.690052,1431.548587,
2,phase2,87,pair_088,0.033315,1421.706717,1431.565252,
3,phase2,87,pair_088,0.050303,1421.723704,1431.58224,
4,phase2,87,pair_088,0.066625,1421.740027,1431.598562,
5,phase2,87,pair_088,0.083372,1421.756773,1431.615308,
6,phase2,87,pair_088,0.099982,1421.773383,1431.631919,
7,phase2,87,pair_088,0.116647,1421.790048,1431.648584,
8,phase2,87,pair_088,0.133331,1421.806735,1431.665268,
9,phase2,87,pair_088,0.15002,1421.823421,1431.681957,
10,phase2,87,pair_088,0.166674,1421.840076,1431.698611,
11,phase2,87,pair_088,0.183615,1421.857016,1431.715552,
12,phase2,87,pair_088,0.200292,1421.873693,1431.732229,
13,phase2,87,pair_088,0.216637,1421.890037,1431.748573,
14,phase2,87,pair_088,0.233294,1421.906696,1431.765231,
15,phase2,87,pair_088,0.250007,1421.923408,1431.781944,
16,phase2,87,pair_088,0.266952,1421.940353,1431.798889,
17,phase2,87,pair_088,0.28333,1421.956731,1431.815267,
18,phase2,87,pair_088,0.299997,1421.973397,1431.831933,
19,phase2,87,pair_088,0.316653,1421.990054,1431.84859,
20,phase2,87,pair_088,0.333609,1422.007011,1431.865546,
21,phase2,87,pair_088,0.349934,1422.023335,1431.881871,
22,phase2,87,pair_088,0.366619,1422.040019,1431.898555,
23,phase2,87,pair_088,0.383345,1422.056747,1431.915282,
24,phase2,87,pair_088,0.399946,1422.073347,1431.931883,
25,phase2,87,pair_088,0.416651,1422.090054,1431.948588,
26,phase2,87,pair_088,0.433345,1422.106747,1431.965282,
27,phase2,87,pair_088,0.449929,1422.12333,1431.981866,
28,phase2,87,pair_088,0.466623,1422.140024,1431.99856,
29,phase2,87,pair_088,0.483307,1422.156708,1432.015244,
30,phase2,87,pair_088,0.499993,1422.173394,1432.03193,
31,phase2,87,pair_088,0.516662,1422.190063,1432.048598,
32,phase2,87,pair_088,0.533295,1422.206699,1432.065232,
33,phase2,87,pair_088,0.549947,1422.223348,1432.081884,
34,phase2,87,pair_088,0.566674,1422.240075,1432.098611,
35,phase2,87,pair_088,0.583331,1422.256732,1432.115268,
36,phase2,87,pair_088,0.599955,1422.273356,1432.131892,
37,phase2,87,pair_088,0.616633,1422.290034,1432.14857,
38,phase2,87,pair_088,0.63332,1422.306721,1432.165257,
39,phase2,87,pair_088,0.650011,1422.323412,1432.181948,
40,phase2,87,pair_088,0.666916,1422.340317,1432.198853,
41,phase2,87,pair_088,0.683601,1422.357002,1432.215538,
42,phase2,87,pair_088,0.699948,1422.37335,1432.231885,
43,phase2,87,pair_088,0.716726,1422.390126,1432.248663,
44,phase2,87,pair_088,0.733377,1422.406778,1432.265314,
45,phase2,87,pair_088,0.749949,1422.423349,1432.281885,
46,phase2,87,pair_088,0.766664,1422.440065,1432.298601,
47,phase2,87,pair_088,0.783284,1422.456684,1432.315221,
48,phase2,87,pair_088,0.80002,1422.473421,1432.331957,
49,phase2,87,pair_088,0.816599,1422.49,1432.348536,
50,phase2,87,pair_088,0.833288,1422.506688,1432.365225,
51,phase2,87,pair_088,0.849991,1422.523393,1432.381928,
52,phase2,87,pair_088,0.866689,1422.54009,1432.398626,
53,phase2,87,pair_088,0.883306,1422.556707,1432.415243,
54,phase2,87,pair_088,0.89996,1422.573361,1432.431897,
55,phase2,87,pair_088,0.916674,1422.590075,1432.448611,
56,phase2,87,pair_088,0.933592,1422.606992,1432.465529,
57,phase2,87,pair_088,0.950294,1422.623694,1432.482231,
58,phase2,87,pair_088,0.966631,1422.640032,1432.498568,
59,phase2,87,pair_088,0.983341,1422.656743,1432.515278,
60,phase2,87,pair_088,0.999952,1422.673353,1432.531889,
61,phase2,87,pair_088,1.016956,1422.690357,1432.548893,
62,phase2,87,pair_088,1.033297,1422.706698,1432.565234,
63,phase2,87,pair_088,1.049961,1422.723362,1432.581898,
64,phase2,87,pair_088,1.066622,1422.740022,1432.598559,
65,phase2,87,pair_088,1.083306,1422.756707,1432.615243,
66,phase2,87,pair_088,1.099949,1422.77335,1432.631886,
67,phase2,87,pair_088,1.116678,1422.790079,1432.648615,
68,phase2,87,pair_088,1.133352,1422.806753,1432.665288,
69,phase2,87,pair_088,1.149969,1422.82337,1432.681906,
70,phase2,87,pair_088,1.166621,1422.840022,1432.698558,
71,phase2,87,pair_088,1.183306,1422.856707,1432.715243,
72,phase2,87,pair_088,1.199952,1422.873353,1432.731889,
73,phase2,87,pair_088,1.216571,1422.889971,1432.748508,
74,phase2,87,pair_088,1.233621,1422.907022,1432.765558,
75,phase2,87,pair_088,1.249957,1422.923358,1432.781894,
76,phase2,87,pair_088,1.266661,1422.940062,1432.798598,
77,phase2,87,pair_088,1.283258,1422.956659,1432.815195,
78,phase2,87,pair_088,1.299952,1422.973354,1432.831889,
79,phase2,87,pair_088,1.316609,1422.99001,1432.848546,
80,phase2,87,pair_088,1.333282,1423.006683,1432.865219,
81,phase2,87,pair_088,1.349941,1423.023342,1432.881878,
82,phase2,87,pair_088,1.36662,1423.040021,1432.898556,
83,phase2,87,pair_088,1.38328,1423.056682,1432.915217,
84,phase2,87,pair_088,1.39994,1423.073341,1432.931877,
85,phase2,87,pair_088,1.416723,1423.090124,1432.94866,
86,phase2,87,pair_088,1.433567,1423.107,1432.965504,
87,phase2,87,pair_088,1.450024,1423.123425,1432.981961,
88,phase2,87,pair_088,1.46671,1423.140112,1432.998647,
89,phase2,87,pair_088,1.483746,1423.157148,1433.015683,
90,phase2,87,pair_088,1.500053,1423.173457,1433.03199,
0,phase2,87,pair_088,0.0,1423.190109,1433.048643,iti_onset_dur_1.332
1,phase2,87,pair_088,0.01666,1423.206767,1433.065303,
2,phase2,87,pair_088,0.033309,1423.223416,1433.081952,
3,phase2,87,pair_088,0.050013,1423.24012,1433.098656,
4,phase2,87,pair_088,0.066668,1423.256775,1433.115311,
5,phase2,87,pair_088,0.083331,1423.273438,1433.131974,
6,phase2,87,pair_088,0.100012,1423.290118,1433.148655,
7,phase2,87,pair_088,0.116692,1423.306799,1433.165335,
8,phase2,87,pair_088,0.133283,1423.32339,1433.181926,
9,phase2,87,pair_088,0.149992,1423.340098,1433.198635,
10,phase2,87,pair_088,0.166647,1423.356753,1433.21529,
11,phase2,87,pair_088,0.18332,1423.373427,1433.231963,
12,phase2,87,pair_088,0.200003,1423.39011,1433.248646,
13,phase2,87,pair_088,0.216662,1423.406768,1433.265305,
14,phase2,87,pair_088,0.233325,1423.423432,1433.281968,
15,phase2,87,pair_088,0.249984,1423.44009,1433.298627,
16,phase2,87,pair_088,0.266674,1423.456781,1433.315317,
17,phase2,87,pair_088,0.283288,1423.473395,1433.331931,
18,phase2,87,pair_088,0.299978,1423.490085,1433.348621,
19,phase2,87,pair_088,0.316642,1423.50675,1433.365285,
20,phase2,87,pair_088,0.333317,1423.523424,1433.38196,
21,phase2,87,pair_088,0.349998,1423.540104,1433.398641,
22,phase2,87,pair_088,0.366651,1423.556757,1433.415294,
23,phase2,87,pair_088,0.383651,1423.573757,1433.432294,
24,phase2,87,pair_088,0.399949,1423.590056,1433.448592,
25,phase2,87,pair_088,0.416666,1423.606772,1433.465309,
26,phase2,87,pair_088,0.433327,1423.623434,1433.48197,
27,phase2,87,pair_088,0.450304,1423.640411,1433.498947,
28,phase2,87,pair_088,0.466646,1423.656753,1433.515289,
29,phase2,87,pair_088,0.483337,1423.673445,1433.53198,
30,phase2,87,pair_088,0.500028,1423.690135,1433.548671,
31,phase2,87,pair_088,0.516647,1423.706754,1433.56529,
32,phase2,87,pair_088,0.533314,1423.723421,1433.581957,
33,phase2,87,pair_088,0.549974,1423.740081,1433.598617,
34,phase2,87,pair_088,0.566668,1423.75678,1433.615311,
35,phase2,87,pair_088,0.583322,1423.773435,1433.631965,
36,phase2,87,pair_088,0.60028,1423.790386,1433.648923,
37,phase2,87,pair_088,0.616669,1423.806776,1433.665312,
38,phase2,87,pair_088,0.633338,1423.823445,1433.681981,
39,phase2,87,pair_088,0.650012,1423.840118,1433.698655,
40,phase2,87,pair_088,0.66695,1423.857057,1433.715593,
41,phase2,87,pair_088,0.683312,1423.873422,1433.731955,
42,phase2,87,pair_088,0.699981,1423.890087,1433.748624,
43,phase2,87,pair_088,0.716642,1423.90675,1433.765285,
44,phase2,87,pair_088,0.733628,1423.923734,1433.782271,
45,phase2,87,pair_088,0.749974,1423.940081,1433.798617,
46,phase2,87,pair_088,0.766683,1423.956789,1433.815326,
47,phase2,87,pair_088,0.783335,1423.973441,1433.831978,
48,phase2,87,pair_088,0.800311,1423.990417,1433.848954,
49,phase2,87,pair_088,0.816589,1424.006695,1433.865232,
50,phase2,87,pair_088,0.833327,1424.023438,1433.88197,
51,phase2,87,pair_088,0.850043,1424.040153,1433.898686,
52,phase2,87,pair_088,0.866626,1424.056732,1433.915269,
53,phase2,87,pair_088,0.883316,1424.073425,1433.931959,
54,phase2,87,pair_088,0.89996,1424.090066,1433.948603,
55,phase2,87,pair_088,0.916699,1424.106806,1433.965342,
56,phase2,87,pair_088,0.933251,1424.123357,1433.981894,
57,phase2,87,pair_088,0.949972,1424.140079,1433.998615,
58,phase2,87,pair_088,0.966635,1424.156747,1434.015278,
59,phase2,87,pair_088,0.983325,1424.173432,1434.031968,
60,phase2,87,pair_088,0.999963,1424.19007,1434.048606,
61,phase2,87,pair_088,1.016938,1424.207044,1434.065581,
62,phase2,87,pair_088,1.033252,1424.223361,1434.081895,
63,phase2,87,pair_088,1.04998,1424.240092,1434.098623,
64,phase2,87,pair_088,1.066638,1424.256749,1434.115281,
65,phase2,87,pair_088,1.083604,1424.273711,1434.132247,
66,phase2,87,pair_088,1.099968,1424.290079,1434.148611,
67,phase2,87,pair_088,1.116675,1424.306783,1434.165318,
68,phase2,87,pair_088,1.133333,1424.32344,1434.181976,
69,phase2,87,pair_088,1.150263,1424.34037,1434.198906,
70,phase2,87,pair_088,1.166613,1424.35672,1434.215256,
71,phase2,87,pair_088,1.183544,1424.373651,1434.232187,
72,phase2,87,pair_088,1.200017,1424.390126,1434.24866,
73,phase2,87,pair_088,1.216613,1424.406719,1434.265256,
74,phase2,87,pair_088,1.233252,1424.423359,1434.281895,
75,phase2,87,pair_088,1.249978,1424.440084,1434.298621,
76,phase2,87,pair_088,1.266908,1424.457014,1434.315551,
77,phase2,87,pair_088,1.283245,1424.473351,1434.331888,
78,phase2,87,pair_088,1.29995,1424.490057,1434.348593,
79,phase2,87,pair_088,1.316627,1424.506736,1434.36527,
0,phase2,87,pair_088,0.0,1424.523414,1434.381942,single_opt_onset_seq4_opt1_未曾
1,phase2,87,pair_088,0.016661,1424.540067,1434.398603,
2,phase2,87,pair_088,0.033612,1424.557019,1434.415555,
3,phase2,87,pair_088,0.050009,1424.573416,1434.431951,
4,phase2,87,pair_088,0.066599,1424.590007,1434.448541,
5,phase2,87,pair_088,0.083333,1424.60674,1434.465276,
6,phase2,87,pair_088,0.10029,1424.623696,1434.482232,
7,phase2,87,pair_088,0.116675,1424.640082,1434.498618,
8,phase2,87,pair_088,0.133382,1424.656791,1434.515324,
9,phase2,87,pair_088,0.150301,1424.673708,1434.532244,
10,phase2,87,pair_088,0.16697,1424.690377,1434.548913,
11,phase2,87,pair_088,0.183269,1424.706675,1434.565211,
12,phase2,87,pair_088,0.200033,1424.723443,1434.581975,
13,phase2,87,pair_088,0.216691,1424.740097,1434.598633,
14,phase2,87,pair_088,0.233317,1424.756723,1434.615259,
15,phase2,87,pair_088,0.250004,1424.773411,1434.631946,
16,phase2,87,pair_088,0.266897,1424.790303,1434.648839,
17,phase2,87,pair_088,0.283336,1424.806742,1434.665278,
18,phase2,87,pair_088,0.30031,1424.823717,1434.682253,
19,phase2,87,pair_088,0.316642,1424.840048,1434.698584,
20,phase2,87,pair_088,0.333322,1424.856729,1434.715265,
21,phase2,87,pair_088,0.350046,1424.873452,1434.731989,
22,phase2,87,pair_088,0.36662,1424.890028,1434.748563,
23,phase2,87,pair_088,0.383603,1424.907009,1434.765545,
24,phase2,87,pair_088,0.400024,1424.923431,1434.781966,
25,phase2,87,pair_088,0.416674,1424.940081,1434.798617,
26,phase2,87,pair_088,0.433261,1424.956668,1434.815204,
27,phase2,87,pair_088,0.450271,1424.973677,1434.832213,
28,phase2,87,pair_088,0.466641,1424.990052,1434.848583,
29,phase2,87,pair_088,0.483303,1425.006709,1434.865245,
30,phase2,87,pair_088,0.500257,1425.023663,1434.882199,
31,phase2,87,pair_088,0.516894,1425.0403,1434.898836,
32,phase2,87,pair_088,0.533286,1425.056692,1434.915228,
33,phase2,87,pair_088,0.549999,1425.073406,1434.931942,
34,phase2,87,pair_088,0.56662,1425.090028,1434.948562,
35,phase2,87,pair_088,0.583615,1425.107023,1434.965558,
36,phase2,87,pair_088,0.599977,1425.123383,1434.981919,
37,phase2,87,pair_088,0.616676,1425.140083,1434.998619,
38,phase2,87,pair_088,0.633566,1425.156973,1435.015509,
39,phase2,87,pair_088,0.650278,1425.173685,1435.032221,
40,phase2,87,pair_088,0.666605,1425.190012,1435.048547,
41,phase2,87,pair_088,0.68331,1425.206718,1435.065253,
42,phase2,87,pair_088,0.700249,1425.223655,1435.082191,
43,phase2,87,pair_088,0.716953,1425.24036,1435.098896,
44,phase2,87,pair_088,0.733285,1425.256692,1435.115228,
45,phase2,87,pair_088,0.749983,1425.273391,1435.131926,
46,phase2,87,pair_088,0.766912,1425.29032,1435.148855,
47,phase2,87,pair_088,0.78362,1425.307027,1435.165563,
48,phase2,87,pair_088,0.800261,1425.323668,1435.182204,
49,phase2,87,pair_088,0.816672,1425.340083,1435.198614,
50,phase2,87,pair_088,0.833292,1425.356699,1435.215234,
51,phase2,87,pair_088,0.849952,1425.373358,1435.231894,
52,phase2,87,pair_088,0.866901,1425.390308,1435.248844,
53,phase2,87,pair_088,0.883322,1425.406729,1435.265264,
54,phase2,87,pair_088,0.900008,1425.423415,1435.281951,
55,phase2,87,pair_088,0.91693,1425.440336,1435.298873,
56,phase2,87,pair_088,0.933536,1425.456943,1435.315479,
57,phase2,87,pair_088,0.949969,1425.473376,1435.331912,
58,phase2,87,pair_088,0.966685,1425.490092,1435.348628,
59,phase2,87,pair_088,0.983603,1425.507009,1435.365546,
60,phase2,87,pair_088,1.00027,1425.523676,1435.382212,
61,phase2,87,pair_088,1.016613,1425.540019,1435.398555,
62,phase2,87,pair_088,1.033558,1425.556964,1435.4155,
63,phase2,87,pair_088,1.050186,1425.573592,1435.432128,
64,phase2,87,pair_088,1.06694,1425.590346,1435.448882,
65,phase2,87,pair_088,1.083275,1425.606681,1435.465217,
66,phase2,87,pair_088,1.09995,1425.623357,1435.481892,
67,phase2,87,pair_088,1.116891,1425.640297,1435.498833,
68,phase2,87,pair_088,1.133623,1425.65703,1435.515566,
69,phase2,87,pair_088,1.149969,1425.673378,1435.531911,
70,phase2,87,pair_088,1.166615,1425.690021,1435.548557,
71,phase2,87,pair_088,1.183246,1425.706653,1435.565189,
72,phase2,87,pair_088,1.199949,1425.723355,1435.581891,
73,phase2,87,pair_088,1.216602,1425.740008,1435.598544,
74,phase2,87,pair_088,1.233336,1425.756743,1435.615278,
75,phase2,87,pair_088,1.249979,1425.773388,1435.631922,
76,phase2,87,pair_088,1.26659,1425.789997,1435.648533,
77,phase2,87,pair_088,1.28329,1425.806696,1435.665232,
78,phase2,87,pair_088,1.299985,1425.823391,1435.681927,
79,phase2,87,pair_088,1.316645,1425.840051,1435.698587,
80,phase2,87,pair_088,1.333272,1425.856678,1435.715214,
81,phase2,87,pair_088,1.349942,1425.873348,1435.731884,
82,phase2,87,pair_088,1.366591,1425.889997,1435.748534,
83,phase2,87,pair_088,1.383326,1425.906732,1435.765268,
84,phase2,87,pair_088,1.399908,1425.923314,1435.781851,
85,phase2,87,pair_088,1.416928,1425.940334,1435.79887,
86,phase2,87,pair_088,1.433313,1425.95672,1435.815256,
87,phase2,87,pair_088,1.449938,1425.973345,1435.831881,
88,phase2,87,pair_088,1.466601,1425.990008,1435.848544,
89,phase2,87,pair_088,1.483587,1426.006994,1435.86553,
90,phase2,87,pair_088,1.499937,1426.023343,1435.881879,
0,phase2,87,pair_088,0.0,1426.04008,1435.898613,iti_onset_dur_1.097
1,phase2,87,pair_088,0.016649,1426.056726,1435.915263,
2,phase2,87,pair_088,0.033584,1426.073661,1435.932197,
3,phase2,87,pair_088,0.049911,1426.089988,1435.948525,
4,phase2,87,pair_088,0.066611,1426.10669,1435.965224,
5,phase2,87,pair_088,0.083265,1426.123342,1435.981878,
6,phase2,87,pair_088,0.100236,1426.140313,1435.998849,
7,phase2,87,pair_088,0.116578,1426.156655,1436.015192,
8,phase2,87,pair_088,0.133274,1426.173351,1436.031887,
9,phase2,87,pair_088,0.149935,1426.190012,1436.048548,
10,phase2,87,pair_088,0.16688,1426.206957,1436.065493,
11,phase2,87,pair_088,0.183221,1426.223298,1436.081835,
12,phase2,87,pair_088,0.199928,1426.240005,1436.098541,
13,phase2,87,pair_088,0.216576,1426.256653,1436.115189,
14,phase2,87,pair_088,0.233228,1426.273305,1436.131842,
15,phase2,87,pair_088,0.249926,1426.290003,1436.148539,
16,phase2,87,pair_088,0.266621,1426.306698,1436.165234,
17,phase2,87,pair_088,0.283235,1426.323313,1436.181849,
18,phase2,87,pair_088,0.299917,1426.339994,1436.19853,
19,phase2,87,pair_088,0.316905,1426.356983,1436.215518,
20,phase2,87,pair_088,0.333271,1426.373348,1436.231885,
21,phase2,87,pair_088,0.350177,1426.390254,1436.24879,
22,phase2,87,pair_088,0.366891,1426.406968,1436.265505,
23,phase2,87,pair_088,0.383246,1426.423323,1436.281859,
24,phase2,87,pair_088,0.399933,1426.44001,1436.298546,
25,phase2,87,pair_088,0.416595,1426.456671,1436.315208,
26,phase2,87,pair_088,0.433256,1426.473333,1436.331869,
27,phase2,87,pair_088,0.44992,1426.489997,1436.348534,
28,phase2,87,pair_088,0.466599,1426.506676,1436.365213,
29,phase2,87,pair_088,0.483307,1426.523384,1436.38192,
30,phase2,87,pair_088,0.499937,1426.540013,1436.39855,
31,phase2,87,pair_088,0.516581,1426.556658,1436.415195,
32,phase2,87,pair_088,0.533247,1426.573324,1436.43186,
33,phase2,87,pair_088,0.54992,1426.589997,1436.448534,
34,phase2,87,pair_088,0.566579,1426.606656,1436.465192,
35,phase2,87,pair_088,0.583206,1426.623283,1436.48182,
36,phase2,87,pair_088,0.599904,1426.639981,1436.498517,
37,phase2,87,pair_088,0.616601,1426.656679,1436.515215,
38,phase2,87,pair_088,0.633287,1426.673365,1436.531901,
39,phase2,87,pair_088,0.649899,1426.689976,1436.548513,
40,phase2,87,pair_088,0.666571,1426.706648,1436.565184,
41,phase2,87,pair_088,0.683325,1426.723403,1436.581939,
42,phase2,87,pair_088,0.699959,1426.740038,1436.598572,
43,phase2,87,pair_088,0.716574,1426.756651,1436.615187,
44,phase2,87,pair_088,0.73325,1426.773329,1436.631863,
45,phase2,87,pair_088,0.749938,1426.790015,1436.648552,
46,phase2,87,pair_088,0.766634,1426.806711,1436.665247,
47,phase2,87,pair_088,0.783245,1426.823322,1436.681858,
48,phase2,87,pair_088,0.799908,1426.839985,1436.698522,
49,phase2,87,pair_088,0.81658,1426.856657,1436.715194,
50,phase2,87,pair_088,0.833286,1426.873364,1436.731899,
51,phase2,87,pair_088,0.849885,1426.889962,1436.748498,
52,phase2,87,pair_088,0.866904,1426.906981,1436.765518,
53,phase2,87,pair_088,0.883273,1426.92335,1436.781886,
54,phase2,87,pair_088,0.899945,1426.940022,1436.798559,
55,phase2,87,pair_088,0.916639,1426.956727,1436.815252,
56,phase2,87,pair_088,0.933548,1426.973625,1436.832161,
57,phase2,87,pair_088,0.949911,1426.989988,1436.848524,
58,phase2,87,pair_088,0.966566,1427.006643,1436.86518,
59,phase2,87,pair_088,0.983342,1427.02342,1436.881956,
60,phase2,87,pair_088,1.00002,1427.040097,1436.898633,
61,phase2,87,pair_088,1.016689,1427.056767,1436.915303,
62,phase2,87,pair_088,1.033676,1427.073753,1436.93229,
63,phase2,87,pair_088,1.050314,1427.090391,1436.948927,
64,phase2,87,pair_088,1.066626,1427.106703,1436.96524,
65,phase2,87,pair_088,1.083353,1427.123433,1436.981967,
0,phase2,87,pair_088,0.0,1428.006798,1437.865327,final_choice_onset
1,phase2,87,pair_088,0.016618,1428.023412,1437.881945,
2,phase2,87,pair_088,0.033258,1428.040051,1437.898584,
3,phase2,87,pair_088,0.049971,1428.056765,1437.915298,
4,phase2,87,pair_088,0.066618,1428.073412,1437.931945,
5,phase2,87,pair_088,0.083292,1428.090086,1437.948619,
6,phase2,87,pair_088,0.099975,1428.106769,1437.965302,
7,phase2,87,pair_088,0.116938,1428.123732,1437.982265,
8,phase2,87,pair_088,0.13329,1428.140084,1437.998617,
9,phase2,87,pair_088,0.149937,1428.156731,1438.015264,
10,phase2,87,pair_088,0.166888,1428.173682,1438.032215,
11,phase2,87,pair_088,0.183266,1428.190059,1438.048592,
12,phase2,87,pair_088,0.200232,1428.207026,1438.065559,
13,phase2,87,pair_088,0.216624,1428.223418,1438.081951,
14,phase2,87,pair_088,0.233287,1428.24008,1438.098613,
15,phase2,87,pair_088,0.249949,1428.256742,1438.115276,
16,phase2,87,pair_088,0.266902,1428.273696,1438.132229,
17,phase2,87,pair_088,0.283249,1428.290043,1438.148576,
18,phase2,87,pair_088,0.299954,1428.306748,1438.16528,
19,phase2,87,pair_088,0.316902,1428.323695,1438.182228,
20,phase2,87,pair_088,0.333555,1428.340349,1438.198882,
21,phase2,87,pair_088,0.349907,1428.356701,1438.215234,
22,phase2,87,pair_088,0.366646,1428.373443,1438.231973,
23,phase2,87,pair_088,0.383263,1428.390057,1438.24859,
24,phase2,87,pair_088,0.39994,1428.406735,1438.265266,
25,phase2,87,pair_088,0.416558,1428.423352,1438.281885,
26,phase2,87,pair_088,0.433265,1428.440058,1438.298592,
27,phase2,87,pair_088,0.44997,1428.456763,1438.315296,
28,phase2,87,pair_088,0.466536,1428.47333,1438.331863,
29,phase2,87,pair_088,0.483539,1428.490333,1438.348866,
30,phase2,87,pair_088,0.499921,1428.506715,1438.365248,
31,phase2,87,pair_088,0.516578,1428.523371,1438.381904,
32,phase2,87,pair_088,0.533564,1428.540357,1438.39889,
33,phase2,87,pair_088,0.550202,1428.556995,1438.415528,
34,phase2,87,pair_088,0.566588,1428.573382,1438.431915,
35,phase2,87,pair_088,0.583249,1428.590042,1438.448575,
36,phase2,87,pair_088,0.599915,1428.606709,1438.465242,
37,phase2,87,pair_088,0.616585,1428.623379,1438.481912,
38,phase2,87,pair_088,0.633248,1428.640041,1438.498574,
39,phase2,87,pair_088,0.649911,1428.656704,1438.515237,
40,phase2,87,pair_088,0.666924,1428.673721,1438.53225,
41,phase2,87,pair_088,0.683512,1428.690306,1438.548839,
42,phase2,87,pair_088,0.69991,1428.706706,1438.565237,
43,phase2,87,pair_088,0.716591,1428.723385,1438.581918,
44,phase2,87,pair_088,0.733237,1428.740031,1438.598564,
45,phase2,87,pair_088,0.750224,1428.757018,1438.615551,
46,phase2,87,pair_088,0.766528,1428.773322,1438.631855,
47,phase2,87,pair_088,0.783314,1428.790107,1438.648641,
48,phase2,87,pair_088,0.800173,1428.806966,1438.6655,
49,phase2,87,pair_088,0.816897,1428.823693,1438.682224,
50,phase2,87,pair_088,0.833245,1428.840038,1438.698571,
51,phase2,87,pair_088,0.849918,1428.856712,1438.715245,
52,phase2,87,pair_088,0.866633,1428.873428,1438.73196,
53,phase2,87,pair_088,0.883205,1428.889999,1438.748532,
54,phase2,87,pair_088,0.899906,1428.906701,1438.765233,
55,phase2,87,pair_088,0.916596,1428.923389,1438.781922,
56,phase2,87,pair_088,0.933501,1428.940296,1438.798827,
57,phase2,87,pair_088,0.949906,1428.956699,1438.815233,
58,phase2,87,pair_088,0.966881,1428.973674,1438.832207,
59,phase2,87,pair_088,0.983282,1428.990076,1438.848609,
60,phase2,87,pair_088,0.999898,1429.006692,1438.865225,
61,phase2,87,pair_088,1.016567,1429.023365,1438.881894,
62,phase2,87,pair_088,1.033535,1429.04033,1438.898862,
63,phase2,87,pair_088,1.049899,1429.056694,1438.915225,
64,phase2,87,pair_088,1.066575,1429.073371,1438.931902,
65,phase2,87,pair_088,1.083219,1429.090013,1438.948545,
66,phase2,87,pair_088,1.100209,1429.107004,1438.965535,
67,phase2,87,pair_088,1.116541,1429.123338,1438.981867,
68,phase2,87,pair_088,1.133222,1429.14002,1438.998548,
69,phase2,87,pair_088,1.149885,1429.156679,1439.015212,
70,phase2,87,pair_088,1.16653,1429.173323,1439.031856,
71,phase2,87,pair_088,1.183201,1429.189996,1439.048528,
72,phase2,87,pair_088,1.199873,1429.206666,1439.065199,
73,phase2,87,pair_088,1.216569,1429.223362,1439.081895,
74,phase2,87,pair_088,1.233561,1429.240355,1439.098888,
75,phase2,87,pair_088,1.2499,1429.256694,1439.115226,
76,phase2,87,pair_088,1.266806,1429.2736,1439.132133,
77,phase2,87,pair_088,1.28324,1429.290036,1439.148566,
78,phase2,87,pair_088,1.299869,1429.306662,1439.165196,
79,phase2,87,pair_088,1.316546,1429.32334,1439.181872,
80,phase2,87,pair_088,1.333296,1429.34009,1439.198623,
81,phase2,87,pair_088,1.349879,1429.356673,1439.215206,
82,phase2,87,pair_088,1.366854,1429.373648,1439.23218,
83,phase2,87,pair_088,1.383524,1429.390318,1439.248851,
84,phase2,87,pair_088,1.399889,1429.406683,1439.265216,
85,phase2,87,pair_088,1.416577,1429.423371,1439.281904,
86,phase2,87,pair_088,1.43322,1429.440014,1439.298547,
87,phase2,87,pair_088,1.450001,1429.456795,1439.315328,
88,phase2,87,pair_088,1.4666,1429.473396,1439.331927,
89,phase2,87,pair_088,1.483222,1429.490015,1439.348548,
90,phase2,87,pair_088,1.500211,1429.507005,1439.365538,
91,phase2,87,pair_088,1.51686,1429.523653,1439.382186,
92,phase2,87,pair_088,1.533235,1429.540029,1439.398562,
93,phase2,87,pair_088,1.55012,1429.556913,1439.415447,
94,phase2,87,pair_088,1.566578,1429.573372,1439.431905,
95,phase2,87,pair_088,1.583518,1429.590312,1439.448845,
96,phase2,87,pair_088,1.59987,1429.606664,1439.465197,
97,phase2,87,pair_088,1.616541,1429.623334,1439.481868,
98,phase2,87,pair_088,1.633481,1429.640275,1439.498808,
99,phase2,87,pair_088,1.650208,1429.657002,1439.515535,
100,phase2,87,pair_088,1.666537,1429.67333,1439.531864,
101,phase2,87,pair_088,1.683247,1429.690042,1439.548574,
102,phase2,87,pair_088,1.699873,1429.706666,1439.565199,
103,phase2,87,pair_088,1.716526,1429.723319,1439.581852,
104,phase2,87,pair_088,1.733206,1429.74,1439.598533,
105,phase2,87,pair_088,1.749866,1429.756659,1439.615193,
106,phase2,87,pair_088,1.766543,1429.773337,1439.631869,
107,phase2,87,pair_088,1.783208,1429.790002,1439.648535,
108,phase2,87,pair_088,1.800174,1429.806967,1439.6655,
109,phase2,87,pair_088,1.816558,1429.823351,1439.681885,
110,phase2,87,pair_088,1.833192,1429.839986,1439.698519,
111,phase2,87,pair_088,1.849848,1429.856641,1439.715174,
112,phase2,87,pair_088,1.86683,1429.873623,1439.732157,
113,phase2,87,pair_088,1.883183,1429.889977,1439.74851,
114,phase2,87,pair_088,1.899874,1429.906668,1439.765201,
115,phase2,87,pair_088,1.916599,1429.923393,1439.781926,
116,phase2,87,pair_088,1.933504,1429.940297,1439.798831,
117,phase2,87,pair_088,1.949885,1429.956678,1439.815211,
118,phase2,87,pair_088,1.966484,1429.973278,1439.831811,
119,phase2,87,pair_088,1.983463,1429.990256,1439.848789,
120,phase2,87,pair_088,1.999834,1430.006627,1439.865161,
121,phase2,87,pair_088,2.016551,1430.023345,1439.881878,
122,phase2,87,pair_088,2.033163,1430.039956,1439.898489,
123,phase2,87,pair_088,2.04986,1430.056653,1439.915186,
124,phase2,87,pair_088,2.066509,1430.073303,1439.931836,
125,phase2,87,pair_088,2.083144,1430.089938,1439.948471,
126,phase2,87,pair_088,2.099838,1430.106632,1439.965165,
127,phase2,87,pair_088,2.116608,1430.123401,1439.981935,
128,phase2,87,pair_088,2.133182,1430.139975,1439.998508,
129,phase2,87,pair_088,2.149868,1430.156661,1440.015195,
130,phase2,87,pair_088,2.166549,1430.173343,1440.031876,
131,phase2,87,pair_088,2.183186,1430.18998,1440.048513,
132,phase2,87,pair_088,2.199857,1430.20665,1440.065183,
133,phase2,87,pair_088,2.216533,1430.223326,1440.08186,
134,phase2,87,pair_088,2.23322,1430.240013,1440.098546,
135,phase2,87,pair_088,2.249902,1430.256695,1440.115228,
136,phase2,87,pair_088,2.266518,1430.273311,1440.131844,
137,phase2,87,pair_088,2.283496,1430.290289,1440.148823,
138,phase2,87,pair_088,2.299863,1430.306657,1440.16519,
139,phase2,87,pair_088,2.316537,1430.323331,1440.181864,
140,phase2,87,pair_088,2.333183,1430.339977,1440.19851,
141,phase2,87,pair_088,2.350176,1430.35697,1440.215503,
142,phase2,87,pair_088,2.366542,1430.373336,1440.231869,
143,phase2,87,pair_088,2.383234,1430.390028,1440.248561,
144,phase2,87,pair_088,2.399864,1430.406658,1440.265191,
145,phase2,87,pair_088,2.416507,1430.423301,1440.281834,
146,phase2,87,pair_088,2.433212,1430.440006,1440.298538,
147,phase2,87,pair_088,2.449857,1430.456651,1440.315184,
148,phase2,87,pair_088,2.466518,1430.473311,1440.331844,
149,phase2,87,pair_088,2.483512,1430.490306,1440.348839,
150,phase2,87,pair_088,2.499886,1430.506679,1440.365212,
151,phase2,87,pair_088,2.516551,1430.523344,1440.381878,
152,phase2,87,pair_088,2.533243,1430.540036,1440.398569,
153,phase2,87,pair_088,2.549857,1430.556651,1440.415184,
154,phase2,87,pair_088,2.566506,1430.573299,1440.431832,
155,phase2,87,pair_088,2.583215,1430.590009,1440.448542,
156,phase2,87,pair_088,2.599808,1430.606601,1440.465134,
157,phase2,87,pair_088,2.616527,1430.623321,1440.481853,
158,phase2,87,pair_088,2.633174,1430.639967,1440.498501,
159,phase2,87,pair_088,2.649838,1430.656632,1440.515165,
160,phase2,87,pair_088,2.666515,1430.673308,1440.531841,
161,phase2,87,pair_088,2.68319,1430.689984,1440.548517,
162,phase2,87,pair_088,2.699848,1430.706642,1440.565175,
163,phase2,87,pair_088,2.716527,1430.723321,1440.581853,
164,phase2,87,pair_088,2.733181,1430.739974,1440.598507,
165,phase2,87,pair_088,2.749839,1430.756633,1440.615166,
166,phase2,87,pair_088,2.766502,1430.773295,1440.631828,
167,phase2,87,pair_088,2.783182,1430.789975,1440.648508,
168,phase2,87,pair_088,2.799837,1430.80663,1440.665164,
169,phase2,87,pair_088,2.816576,1430.823369,1440.681903,
170,phase2,87,pair_088,2.833493,1430.840287,1440.69882,
171,phase2,87,pair_088,2.849861,1430.856655,1440.715188,
172,phase2,87,pair_088,2.866516,1430.873309,1440.731842,
173,phase2,87,pair_088,2.883157,1430.88995,1440.748484,
174,phase2,87,pair_088,2.900177,1430.90697,1440.765503,
175,phase2,87,pair_088,2.916548,1430.923341,1440.781874,
176,phase2,87,pair_088,2.933165,1430.939958,1440.798491,
177,phase2,87,pair_088,2.949953,1430.956746,1440.815279,
178,phase2,87,pair_088,2.966568,1430.973362,1440.831895,
179,phase2,87,pair_088,2.983278,1430.990072,1440.848605,
180,phase2,87,pair_088,2.999929,1431.006722,1440.865255,
181,phase2,87,pair_088,3.016922,1431.023715,1440.882248,
182,phase2,87,pair_088,3.033245,1431.040038,1440.898572,
183,phase2,87,pair_088,3.049945,1431.056739,1440.915272,
184,phase2,87,pair_088,3.066627,1431.07342,1440.931953,
185,phase2,87,pair_088,3.083569,1431.090557,1440.948896,
186,phase2,87,pair_088,3.099949,1431.106742,1440.965276,
187,phase2,87,pair_088,3.11659,1431.123384,1440.981917,
188,phase2,87,pair_088,3.133317,1431.140112,1440.998643,
189,phase2,87,pair_088,3.15025,1431.157044,1441.015577,
190,phase2,87,pair_088,3.166598,1431.173391,1441.031925,
191,phase2,87,pair_088,3.183284,1431.19008,1441.048611,
192,phase2,87,pair_088,3.199928,1431.206722,1441.065255,
193,phase2,87,pair_088,3.216931,1431.223724,1441.082258,
194,phase2,87,pair_088,3.233226,1431.240019,1441.098552,
195,phase2,87,pair_088,3.249997,1431.25679,1441.115323,
196,phase2,87,pair_088,3.266884,1431.273678,1441.132211,
197,phase2,87,pair_088,3.283263,1431.290057,1441.14859,
198,phase2,87,pair_088,3.299924,1431.306718,1441.165251,
199,phase2,87,pair_088,3.316636,1431.323431,1441.181963,
200,phase2,87,pair_088,3.333276,1431.34007,1441.198603,
201,phase2,87,pair_088,3.350287,1431.357081,1441.215614,
202,phase2,87,pair_088,3.366643,1431.373436,1441.231969,
203,phase2,87,pair_088,3.383255,1431.390049,1441.248582,
204,phase2,87,pair_088,3.399989,1431.406783,1441.265316,
205,phase2,87,pair_088,3.416548,1431.423341,1441.281874,
206,phase2,87,pair_088,3.433569,1431.440362,1441.298895,
207,phase2,87,pair_088,3.449953,1431.45675,1441.31528,
208,phase2,87,pair_088,3.466574,1431.473367,1441.3319,
209,phase2,87,pair_088,3.483274,1431.490067,1441.348601,
210,phase2,87,pair_088,3.500271,1431.507065,1441.365598,
211,phase2,87,pair_088,3.516587,1431.523405,1441.381914,
212,phase2,87,pair_088,3.533284,1431.540078,1441.398611,
213,phase2,87,pair_088,3.550256,1431.55705,1441.415583,
214,phase2,87,pair_088,3.566865,1431.573659,1441.432192,
215,phase2,87,pair_088,3.583254,1431.59005,1441.448581,
216,phase2,87,pair_088,3.599935,1431.606729,1441.465262,
217,phase2,87,pair_088,3.61659,1431.623384,1441.481917,
218,phase2,87,pair_088,3.633551,1431.640346,1441.498878,
219,phase2,87,pair_088,3.649935,1431.656729,1441.515262,
220,phase2,87,pair_088,3.666616,1431.673414,1441.531943,
221,phase2,87,pair_088,3.683518,1431.690312,1441.548845,
222,phase2,87,pair_088,3.700245,1431.707039,1441.565572,
223,phase2,87,pair_088,3.716522,1431.723315,1441.581848,
224,phase2,87,pair_088,3.733254,1431.740048,1441.598581,
225,phase2,87,pair_088,3.750012,1431.756806,1441.615339,
226,phase2,87,pair_088,3.766586,1431.773379,1441.631913,
227,phase2,87,pair_088,3.783256,1431.790049,1441.648583,
228,phase2,87,pair_088,3.799907,1431.806701,1441.665234,
229,phase2,87,pair_088,3.816622,1431.823415,1441.681949,
230,phase2,87,pair_088,3.833549,1431.840343,1441.698876,
231,phase2,87,pair_088,3.849906,1431.8567,1441.715233,
232,phase2,87,pair_088,3.8666,1431.873397,1441.731927,
233,phase2,87,pair_088,3.883248,1431.890042,1441.748575,
234,phase2,87,pair_088,3.899939,1431.906732,1441.765266,
235,phase2,87,pair_088,3.9169,1431.923693,1441.782226,
236,phase2,87,pair_088,3.933267,1431.940061,1441.798594,
237,phase2,87,pair_088,3.949934,1431.95673,1441.815261,
238,phase2,87,pair_088,3.966638,1431.97344,1441.831964,
239,phase2,87,pair_088,3.983549,1431.990343,1441.848876,
240,phase2,87,pair_088,3.999919,1432.006713,1441.865246,
241,phase2,87,pair_088,4.016576,1432.02337,1441.881903,
242,phase2,87,pair_088,4.033229,1432.040024,1441.898556,
243,phase2,87,pair_088,4.050236,1432.057033,1441.915563,
244,phase2,87,pair_088,4.066589,1432.073383,1441.931916,
245,phase2,87,pair_088,4.083285,1432.090078,1441.948611,
246,phase2,87,pair_088,4.099965,1432.106759,1441.965292,
247,phase2,87,pair_088,4.116921,1432.123716,1441.982248,
248,phase2,87,pair_088,4.133242,1432.140035,1441.998569,
249,phase2,87,pair_088,4.149932,1432.156727,1442.015258,
250,phase2,87,pair_088,4.166515,1432.173309,1442.031842,
251,phase2,87,pair_088,4.183223,1432.19004,1442.04855,
252,phase2,87,pair_088,4.200155,1432.206949,1442.065482,
253,phase2,87,pair_088,4.21656,1432.223356,1442.081887,
254,phase2,87,pair_088,4.23334,1432.240135,1442.098666,
255,phase2,87,pair_088,4.250188,1432.256981,1442.115514,
256,phase2,87,pair_088,4.26688,1432.273674,1442.132207,
257,phase2,87,pair_088,4.283196,1432.28999,1442.148523,
258,phase2,87,pair_088,4.29995,1432.306744,1442.165277,
259,phase2,87,pair_088,4.316557,1432.323351,1442.181884,
260,phase2,87,pair_088,4.333554,1432.340348,1442.198881,
261,phase2,87,pair_088,4.349903,1432.356697,1442.21523,
262,phase2,87,pair_088,4.366587,1432.37338,1442.231913,
263,phase2,87,pair_088,4.383505,1432.390299,1442.248832,
264,phase2,87,pair_088,4.400199,1432.406992,1442.265525,
265,phase2,87,pair_088,4.416522,1432.423315,1442.281849,
266,phase2,87,pair_088,4.433266,1432.44006,1442.298593,
267,phase2,87,pair_088,4.450157,1432.456952,1442.315484,
268,phase2,87,pair_088,4.46687,1432.473664,1442.332197,
269,phase2,87,pair_088,4.483507,1432.4903,1442.348834,
270,phase2,87,pair_088,4.499894,1432.506687,1442.36522,
271,phase2,87,pair_088,4.516568,1432.523362,1442.381895,
272,phase2,87,pair_088,4.533213,1432.540006,1442.39854,
273,phase2,87,pair_088,4.549868,1432.556661,1442.415195,
274,phase2,87,pair_088,4.566549,1432.573362,1442.431876,
275,phase2,87,pair_088,4.583519,1432.590313,1442.448846,
276,phase2,87,pair_088,4.599885,1432.606678,1442.465211,
277,phase2,87,pair_088,4.616852,1432.623645,1442.482178,
278,phase2,87,pair_088,4.633228,1432.640021,1442.498554,
279,phase2,87,pair_088,4.649895,1432.656688,1442.515221,
280,phase2,87,pair_088,4.666515,1432.673309,1442.531842,
281,phase2,87,pair_088,4.683524,1432.690317,1442.54885,
282,phase2,87,pair_088,4.699854,1432.706647,1442.565181,
283,phase2,87,pair_088,4.716855,1432.723649,1442.582182,
284,phase2,87,pair_088,4.733217,1432.74001,1442.598543,
285,phase2,87,pair_088,4.74985,1432.756643,1442.615177,
286,phase2,87,pair_088,4.76647,1432.773263,1442.631797,
287,phase2,87,pair_088,4.783257,1432.79005,1442.648583,
288,phase2,87,pair_088,4.800219,1432.807012,1442.665546,
289,phase2,87,pair_088,4.816859,1432.823652,1442.682186,
290,phase2,87,pair_088,4.833253,1432.840047,1442.69858,
291,phase2,87,pair_088,4.849846,1432.85664,1442.715173,
292,phase2,87,pair_088,4.866564,1432.873358,1442.731891,
293,phase2,87,pair_088,4.88319,1432.889984,1442.748517,
294,phase2,87,pair_088,4.899902,1432.906695,1442.765228,
295,phase2,87,pair_088,4.916622,1432.923416,1442.781949,
296,phase2,87,pair_088,4.933261,1432.940054,1442.798587,
297,phase2,87,pair_088,4.949887,1432.956681,1442.815214,
298,phase2,87,pair_088,4.966548,1432.973341,1442.831875,
299,phase2,87,pair_088,4.983291,1432.990085,1442.848618,
300,phase2,87,pair_088,4.99983,1433.006623,1442.865156,
301,phase2,87,pair_088,5.016458,1433.023252,1442.881785,
302,phase2,87,pair_088,5.033191,1433.039984,1442.898517,
303,phase2,87,pair_088,5.04987,1433.056663,1442.915197,
304,phase2,87,pair_088,5.066612,1433.073405,1442.931938,
305,phase2,87,pair_088,5.083182,1433.089976,1442.948509,
306,phase2,87,pair_088,5.100188,1433.106982,1442.965515,
307,phase2,87,pair_088,5.116555,1433.123348,1442.981881,
308,phase2,87,pair_088,5.133237,1433.14003,1442.998563,
309,phase2,87,pair_088,5.149838,1433.156631,1443.015164,
310,phase2,87,pair_088,5.166833,1433.173626,1443.032159,
311,phase2,87,pair_088,5.183182,1433.189975,1443.048508,
312,phase2,87,pair_088,5.199892,1433.206685,1443.065219,
313,phase2,87,pair_088,5.216475,1433.223269,1443.081802,
314,phase2,87,pair_088,5.233485,1433.240278,1443.098811,
315,phase2,87,pair_088,5.249883,1433.256683,1443.11521,
316,phase2,87,pair_088,5.266538,1433.273332,1443.131865,
317,phase2,87,pair_088,5.283495,1433.290288,1443.148822,
318,phase2,87,pair_088,5.299914,1433.306707,1443.16524,
319,phase2,87,pair_088,5.316558,1433.323351,1443.181885,
320,phase2,87,pair_088,5.333219,1433.340012,1443.198545,
321,phase2,87,pair_088,5.349863,1433.356657,1443.21519,
322,phase2,87,pair_088,5.366832,1433.373625,1443.232158,
323,phase2,87,pair_088,5.383154,1433.389948,1443.248481,
324,phase2,87,pair_088,5.39987,1433.406663,1443.265197,
325,phase2,87,pair_088,5.416536,1433.423329,1443.281862,
326,phase2,87,pair_088,5.43351,1433.440303,1443.298837,
327,phase2,87,pair_088,5.449915,1433.45673,1443.315242,
328,phase2,87,pair_088,5.466591,1433.473399,1443.331918,
329,phase2,87,pair_088,5.483202,1433.489995,1443.348528,
330,phase2,87,pair_088,5.500163,1433.506957,1443.36549,
331,phase2,87,pair_088,5.51683,1433.523623,1443.382157,
332,phase2,87,pair_088,5.533199,1433.539992,1443.398526,
333,phase2,87,pair_088,5.550146,1433.55694,1443.415473,
334,phase2,87,pair_088,5.566526,1433.573319,1443.431852,
335,phase2,87,pair_088,5.583497,1433.59029,1443.448823,
336,phase2,87,pair_088,5.599869,1433.606662,1443.465195,
337,phase2,87,pair_088,5.616558,1433.623359,1443.481885,
338,phase2,87,pair_088,5.633251,1433.640044,1443.498578,
339,phase2,87,pair_088,5.650178,1433.656974,1443.515505,
340,phase2,87,pair_088,5.666418,1433.673212,1443.531745,
341,phase2,87,pair_088,5.683257,1433.690051,1443.548584,
342,phase2,87,pair_088,5.699922,1433.706715,1443.565248,
343,phase2,87,pair_088,5.71651,1433.723303,1443.581837,
344,phase2,87,pair_088,5.733196,1433.739989,1443.598522,
345,phase2,87,pair_088,5.749826,1433.756619,1443.615152,
346,phase2,87,pair_088,5.766535,1433.773328,1443.631861,
347,phase2,87,pair_088,5.783188,1433.789981,1443.648515,
348,phase2,87,pair_088,5.79987,1433.806664,1443.665197,
349,phase2,87,pair_088,5.816461,1433.823254,1443.681787,
350,phase2,87,pair_088,5.833227,1433.84002,1443.698553,
351,phase2,87,pair_088,5.849799,1433.856592,1443.715125,
352,phase2,87,pair_088,5.866786,1433.873579,1443.732113,
353,phase2,87,pair_088,5.883161,1433.889955,1443.748488,
354,phase2,87,pair_088,5.899779,1433.906573,1443.765106,
355,phase2,87,pair_088,5.916831,1433.923624,1443.782157,
356,phase2,87,pair_088,5.933476,1433.940269,1443.798802,
357,phase2,87,pair_088,5.949836,1433.95663,1443.815163,
358,phase2,87,pair_088,5.96649,1433.973284,1443.831817,
359,phase2,87,pair_088,5.983239,1433.990033,1443.848566,
360,phase2,87,pair_088,6.000147,1434.00694,1443.865473,
361,phase2,87,pair_088,6.016517,1434.02331,1443.881844,
362,phase2,87,pair_088,6.033158,1434.039951,1443.898484,
363,phase2,87,pair_088,6.049887,1434.05668,1443.915213,
364,phase2,87,pair_088,6.066791,1434.073584,1443.932117,
365,phase2,87,pair_088,6.083188,1434.089982,1443.948515,
366,phase2,87,pair_088,6.099842,1434.106636,1443.965169,
367,phase2,87,pair_088,6.11649,1434.123283,1443.981816,
368,phase2,87,pair_088,6.133171,1434.139964,1443.998497,
369,phase2,87,pair_088,6.149845,1434.156639,1444.015172,
370,phase2,87,pair_088,6.166505,1434.173299,1444.031832,
371,phase2,87,pair_088,6.183272,1434.190066,1444.048599,
372,phase2,87,pair_088,6.199812,1434.206605,1444.065139,
373,phase2,87,pair_088,6.216456,1434.223249,1444.081782,
374,phase2,87,pair_088,6.233182,1434.239976,1444.098509,
375,phase2,87,pair_088,6.249897,1434.25669,1444.115223,
376,phase2,87,pair_088,6.266423,1434.273216,1444.131749,
377,phase2,87,pair_088,6.283093,1434.289887,1444.14842,
378,phase2,87,pair_088,6.299846,1434.306643,1444.165173,
379,phase2,87,pair_088,6.316538,1434.323331,1444.181864,
380,phase2,87,pair_088,6.333437,1434.340231,1444.198764,
381,phase2,87,pair_088,6.350137,1434.356931,1444.215464,
382,phase2,87,pair_088,6.366484,1434.373277,1444.23181,
383,phase2,87,pair_088,6.383212,1434.390005,1444.248538,
384,phase2,87,pair_088,6.399894,1434.406687,1444.26522,
385,phase2,87,pair_088,6.416776,1434.42357,1444.282103,
386,phase2,87,pair_088,6.433412,1434.440207,1444.298739,
387,phase2,87,pair_088,6.449778,1434.456572,1444.315105,
388,phase2,87,pair_088,6.466758,1434.473551,1444.332084,
389,phase2,87,pair_088,6.483172,1434.489965,1444.348498,
390,phase2,87,pair_088,6.499799,1434.506595,1444.365126,
391,phase2,87,pair_088,6.516514,1434.523308,1444.381841,
392,phase2,87,pair_088,6.533219,1434.540012,1444.398545,
393,phase2,87,pair_088,6.549828,1434.556621,1444.415154,
394,phase2,87,pair_088,6.566497,1434.573291,1444.431824,
395,phase2,87,pair_088,6.583149,1434.589943,1444.448476,
396,phase2,87,pair_088,6.599827,1434.60662,1444.465154,
397,phase2,87,pair_088,6.616832,1434.623625,1444.482158,
398,phase2,87,pair_088,6.633156,1434.639949,1444.498482,
399,phase2,87,pair_088,-1428.007054,1435.156657,9.858273,response
0,phase3,87,pair_088,0.0,1436.406731,1446.265258,stimulus_onset
1,phase3,87,pair_088,0.01661,1436.423336,1446.281868,
2,phase3,87,pair_088,0.033318,1436.440044,1446.298576,
3,phase3,87,pair_088,0.049943,1436.456669,1446.315201,
4,phase3,87,pair_088,0.066941,1436.473667,1446.332199,
5,phase3,87,pair_088,0.083263,1436.489989,1446.348522,
6,phase3,87,pair_088,0.099936,1436.506665,1446.365194,
7,phase3,87,pair_088,0.116567,1436.523293,1446.381825,
8,phase3,87,pair_088,0.13359,1436.540316,1446.398849,
9,phase3,87,pair_088,0.149957,1436.556686,1446.415215,
10,phase3,87,pair_088,0.166599,1436.573344,1446.431857,
11,phase3,87,pair_088,0.183302,1436.59003,1446.44856,
12,phase3,87,pair_088,0.199947,1436.606673,1446.465205,
13,phase3,87,pair_088,0.216923,1436.623649,1446.482181,
14,phase3,87,pair_088,0.233282,1436.640008,1446.49854,
15,phase3,87,pair_088,0.249978,1436.656703,1446.515236,
16,phase3,87,pair_088,0.266561,1436.673287,1446.531819,
17,phase3,87,pair_088,0.283574,1436.6903,1446.548832,
18,phase3,87,pair_088,0.29988,1436.706606,1446.565138,
19,phase3,87,pair_088,0.316637,1436.723363,1446.581895,
20,phase3,87,pair_088,0.333259,1436.739985,1446.598517,
21,phase3,87,pair_088,0.350234,1436.756963,1446.615493,
22,phase3,87,pair_088,0.366624,1436.77335,1446.631882,
23,phase3,87,pair_088,0.383307,1436.790033,1446.648565,
24,phase3,87,pair_088,0.400276,1436.807002,1446.665534,
25,phase3,87,pair_088,0.416557,1436.823283,1446.681815,
26,phase3,87,pair_088,0.433265,1436.839992,1446.698523,
27,phase3,87,pair_088,0.449954,1436.856679,1446.715212,
28,phase3,87,pair_088,0.466572,1436.873305,1446.73183,
29,phase3,87,pair_088,0.483236,1436.889964,1446.748494,
30,phase3,87,pair_088,0.499936,1436.906662,1446.765194,
31,phase3,87,pair_088,0.516645,1436.923372,1446.781903,
32,phase3,87,pair_088,0.533247,1436.939973,1446.798505,
33,phase3,87,pair_088,0.550257,1436.956982,1446.815515,
34,phase3,87,pair_088,0.566889,1436.973614,1446.832147,
35,phase3,87,pair_088,0.583287,1436.990013,1446.848545,
36,phase3,87,pair_088,0.599939,1437.006666,1446.865198,
37,phase3,87,pair_088,0.616583,1437.023315,1446.881841,
38,phase3,87,pair_088,0.633258,1437.039984,1446.898516,
39,phase3,87,pair_088,0.649917,1437.056643,1446.915175,
40,phase3,87,pair_088,0.666583,1437.073309,1446.931841,
41,phase3,87,pair_088,0.683225,1437.08995,1446.948483,
42,phase3,87,pair_088,0.699896,1437.106621,1446.965154,
43,phase3,87,pair_088,0.716563,1437.123289,1446.981821,
44,phase3,87,pair_088,0.733291,1437.140016,1446.998549,
45,phase3,87,pair_088,0.749915,1437.156641,1447.015173,
46,phase3,87,pair_088,0.76688,1437.173606,1447.032138,
47,phase3,87,pair_088,0.783269,1437.189995,1447.048527,
48,phase3,87,pair_088,0.79987,1437.206596,1447.065128,
49,phase3,87,pair_088,0.816622,1437.22337,1447.08188,
50,phase3,87,pair_088,0.833568,1437.240294,1447.098827,
51,phase3,87,pair_088,0.849985,1437.256711,1447.115243,
52,phase3,87,pair_088,0.866543,1437.273269,1447.131801,
53,phase3,87,pair_088,0.883173,1437.289899,1447.148431,
54,phase3,87,pair_088,0.899915,1437.306641,1447.165173,
55,phase3,87,pair_088,0.916589,1437.323314,1447.181847,
56,phase3,87,pair_088,0.933325,1437.340051,1447.198583,
57,phase3,87,pair_088,0.94997,1437.356696,1447.215229,
58,phase3,87,pair_088,0.966601,1437.373326,1447.231859,
59,phase3,87,pair_088,0.983202,1437.389928,1447.248461,
60,phase3,87,pair_088,0.9999,1437.406626,1447.265158,
61,phase3,87,pair_088,1.016505,1437.423231,1447.281763,
62,phase3,87,pair_088,1.033176,1437.439901,1447.298434,
63,phase3,87,pair_088,1.050172,1437.456898,1447.31543,
64,phase3,87,pair_088,1.066616,1437.473342,1447.331874,
65,phase3,87,pair_088,1.083333,1437.490059,1447.348592,
66,phase3,87,pair_088,1.099942,1437.506668,1447.3652,
67,phase3,87,pair_088,1.116878,1437.523604,1447.382136,
68,phase3,87,pair_088,1.133211,1437.539937,1447.398469,
69,phase3,87,pair_088,1.149965,1437.556693,1447.415223,
70,phase3,87,pair_088,1.166598,1437.573324,1447.431856,
71,phase3,87,pair_088,1.183243,1437.589969,1447.448501,
72,phase3,87,pair_088,1.199919,1437.606645,1447.465177,
73,phase3,87,pair_088,1.216634,1437.623359,1447.481892,
74,phase3,87,pair_088,1.233228,1437.639954,1447.498486,
75,phase3,87,pair_088,1.249856,1437.656582,1447.515114,
76,phase3,87,pair_088,1.266589,1437.673315,1447.531847,
77,phase3,87,pair_088,1.283217,1437.689943,1447.548475,
78,phase3,87,pair_088,1.299908,1437.706636,1447.565167,
79,phase3,87,pair_088,1.316557,1437.723283,1447.581815,
80,phase3,87,pair_088,1.333216,1437.739946,1447.598474,
81,phase3,87,pair_088,1.34993,1437.756656,1447.615188,
82,phase3,87,pair_088,1.366624,1437.77335,1447.631882,
83,phase3,87,pair_088,1.383162,1437.789888,1447.64842,
84,phase3,87,pair_088,1.400189,1437.806915,1447.665447,
85,phase3,87,pair_088,1.416555,1437.823281,1447.681813,
86,phase3,87,pair_088,1.43323,1437.839956,1447.698488,
87,phase3,87,pair_088,1.449875,1437.856604,1447.715134,
88,phase3,87,pair_088,1.466885,1437.873611,1447.732143,
89,phase3,87,pair_088,1.483219,1437.889945,1447.748477,
90,phase3,87,pair_088,1.499997,1437.906723,1447.765255,
91,phase3,87,pair_088,1.516563,1437.923288,1447.781821,
92,phase3,87,pair_088,1.533201,1437.939927,1447.798459,
93,phase3,87,pair_088,1.549903,1437.956629,1447.815161,
94,phase3,87,pair_088,1.566518,1437.973244,1447.831776,
95,phase3,87,pair_088,1.583512,1437.990238,1447.84877,
96,phase3,87,pair_088,1.599874,1438.0066,1447.865132,
97,phase3,87,pair_088,1.616545,1438.023271,1447.881803,
98,phase3,87,pair_088,1.633255,1438.039981,1447.898513,
99,phase3,87,pair_088,1.650216,1438.056941,1447.915474,
100,phase3,87,pair_088,1.666868,1438.073594,1447.932126,
101,phase3,87,pair_088,1.683204,1438.08993,1447.948462,
102,phase3,87,pair_088,1.699859,1438.106585,1447.965117,
103,phase3,87,pair_088,1.716643,1438.123368,1447.981901,
104,phase3,87,pair_088,1.733214,1438.13994,1447.998472,
105,phase3,87,pair_088,1.749896,1438.156622,1448.015154,
106,phase3,87,pair_088,1.766545,1438.173271,1448.031803,
107,phase3,87,pair_088,1.783264,1438.18999,1448.048522,
108,phase3,87,pair_088,1.799868,1438.206593,1448.065126,
109,phase3,87,pair_088,1.816554,1438.22328,1448.081812,
110,phase3,87,pair_088,1.833229,1438.239954,1448.098487,
111,phase3,87,pair_088,1.849874,1438.2566,1448.115132,
112,phase3,87,pair_088,1.86687,1438.273596,1448.132129,
113,phase3,87,pair_088,1.883514,1438.29024,1448.148773,
114,phase3,87,pair_088,1.899902,1438.306628,1448.16516,
115,phase3,87,pair_088,1.916543,1438.323269,1448.181801,
116,phase3,87,pair_088,1.933177,1438.339905,1448.198435,
117,phase3,87,pair_088,1.950176,1438.356902,1448.215434,
118,phase3,87,pair_088,1.966554,1438.37328,1448.231812,
119,phase3,87,pair_088,1.983274,1438.39,1448.248533,
120,phase3,87,pair_088,1.999813,1438.406538,1448.265071,
121,phase3,87,pair_088,2.016815,1438.423541,1448.282073,
122,phase3,87,pair_088,2.033249,1438.439974,1448.298507,
123,phase3,87,pair_088,2.049947,1438.456673,1448.315205,
124,phase3,87,pair_088,2.066798,1438.473524,1448.332056,
125,phase3,87,pair_088,2.083522,1438.490247,1448.34878,
126,phase3,87,pair_088,2.099852,1438.506578,1448.36511,
127,phase3,87,pair_088,2.116545,1438.523271,1448.381803,
128,phase3,87,pair_088,2.133473,1438.540199,1448.398731,
129,phase3,87,pair_088,2.14984,1438.556566,1448.415099,
130,phase3,87,pair_088,2.166559,1438.573284,1448.431817,
131,phase3,87,pair_088,2.183207,1438.589933,1448.448465,
132,phase3,87,pair_088,2.199865,1438.60659,1448.465123,
133,phase3,87,pair_088,2.216534,1438.62326,1448.481792,
134,phase3,87,pair_088,2.233491,1438.640217,1448.498749,
135,phase3,87,pair_088,2.249932,1438.65666,1448.51519,
136,phase3,87,pair_088,2.266526,1438.673251,1448.531784,
137,phase3,87,pair_088,2.283515,1438.690241,1448.548773,
138,phase3,87,pair_088,2.299831,1438.706557,1448.565089,
139,phase3,87,pair_088,2.316542,1438.723267,1448.5818,
140,phase3,87,pair_088,2.333211,1438.739936,1448.598469,
141,phase3,87,pair_088,2.349857,1438.756582,1448.615115,
142,phase3,87,pair_088,2.366499,1438.773225,1448.631757,
143,phase3,87,pair_088,2.383244,1438.78997,1448.648503,
144,phase3,87,pair_088,2.399915,1438.806641,1448.665173,
145,phase3,87,pair_088,2.416536,1438.823261,1448.681794,
146,phase3,87,pair_088,2.433516,1438.840242,1448.698774,
147,phase3,87,pair_088,2.449793,1438.856519,1448.715051,
148,phase3,87,pair_088,2.466509,1438.873235,1448.731768,
149,phase3,87,pair_088,2.483171,1438.889897,1448.74843,
150,phase3,87,pair_088,2.499851,1438.906577,1448.765109,
151,phase3,87,pair_088,2.516487,1438.923213,1448.781745,
152,phase3,87,pair_088,2.533192,1438.939917,1448.79845,
153,phase3,87,pair_088,2.549869,1438.956595,1448.815127,
154,phase3,87,pair_088,2.566851,1438.973577,1448.832109,
155,phase3,87,pair_088,2.583233,1438.989959,1448.848491,
156,phase3,87,pair_088,2.599855,1439.006581,1448.865113,
157,phase3,87,pair_088,2.616473,1439.023198,1448.881731,
158,phase3,87,pair_088,2.633187,1439.039912,1448.898445,
159,phase3,87,pair_088,2.649859,1439.056585,1448.915117,
160,phase3,87,pair_088,2.666501,1439.073227,1448.93176,
161,phase3,87,pair_088,2.683149,1439.089875,1448.948407,
162,phase3,87,pair_088,2.699848,1439.106574,1448.965106,
163,phase3,87,pair_088,2.716774,1439.1235,1448.982032,
164,phase3,87,pair_088,2.733164,1439.13989,1448.998422,
165,phase3,87,pair_088,2.749834,1439.15656,1449.015092,
166,phase3,87,pair_088,2.766423,1439.173148,1449.031681,
167,phase3,87,pair_088,2.78329,1439.19002,1449.048548,
168,phase3,87,pair_088,2.800008,1439.206734,1449.065266,
169,phase3,87,pair_088,2.816635,1439.223361,1449.081893,
170,phase3,87,pair_088,2.833284,1439.24001,1449.098542,
171,phase3,87,pair_088,2.849972,1439.2567,1449.11523,
172,phase3,87,pair_088,2.866833,1439.273559,1449.132091,
173,phase3,87,pair_088,3.000106,1439.406831,1449.265364,
174,phase3,87,pair_088,3.016918,1439.423644,1449.282176,
175,phase3,87,pair_088,3.033317,1439.440046,1449.298575,
176,phase3,87,pair_088,3.049979,1439.456705,1449.315237,
177,phase3,87,pair_088,3.066605,1439.473331,1449.331864,
178,phase3,87,pair_088,3.083638,1439.490364,1449.348896,
179,phase3,87,pair_088,3.100252,1439.506978,1449.36551,
180,phase3,87,pair_088,3.116608,1439.523334,1449.381866,
181,phase3,87,pair_088,3.13335,1439.540076,1449.398608,
182,phase3,87,pair_088,3.150319,1439.557047,1449.415577,
183,phase3,87,pair_088,3.166649,1439.573377,1449.431907,
184,phase3,87,pair_088,3.183304,1439.590029,1449.448562,
185,phase3,87,pair_088,3.200062,1439.6068,1449.46532,
186,phase3,87,pair_088,3.216636,1439.623362,1449.481894,
187,phase3,87,pair_088,3.233338,1439.640066,1449.498596,
188,phase3,87,pair_088,3.249961,1439.656687,1449.515219,
189,phase3,87,pair_088,3.266621,1439.673346,1449.531879,
190,phase3,87,pair_088,3.283219,1439.689946,1449.548477,
191,phase3,87,pair_088,3.300253,1439.706979,1449.565512,
192,phase3,87,pair_088,3.316622,1439.723348,1449.58188,
193,phase3,87,pair_088,3.333266,1439.739994,1449.598524,
194,phase3,87,pair_088,3.349951,1439.756679,1449.615209,
195,phase3,87,pair_088,3.366548,1439.773274,1449.631806,
196,phase3,87,pair_088,3.383296,1439.790021,1449.648554,
197,phase3,87,pair_088,3.399949,1439.806675,1449.665207,
198,phase3,87,pair_088,3.416685,1439.823411,1449.681944,
199,phase3,87,pair_088,3.433228,1439.839954,1449.698486,
200,phase3,87,pair_088,3.449956,1439.856682,1449.715214,
201,phase3,87,pair_088,3.466606,1439.873332,1449.731864,
202,phase3,87,pair_088,3.483229,1439.889955,1449.748488,
203,phase3,87,pair_088,3.499943,1439.906669,1449.765201,
204,phase3,87,pair_088,3.516902,1439.923628,1449.78216,
205,phase3,87,pair_088,3.533279,1439.940007,1449.798538,
206,phase3,87,pair_088,3.549943,1439.95667,1449.815201,
207,phase3,87,pair_088,3.566599,1439.973326,1449.831857,
208,phase3,87,pair_088,3.583583,1439.990309,1449.848841,
209,phase3,87,pair_088,3.5999,1440.006626,1449.865159,
210,phase3,87,pair_088,3.616598,1440.023324,1449.881856,
211,phase3,87,pair_088,3.633602,1440.040327,1449.89886,
212,phase3,87,pair_088,3.650247,1440.056973,1449.915505,
213,phase3,87,pair_088,3.666614,1440.07334,1449.931872,
214,phase3,87,pair_088,3.683353,1440.090079,1449.948611,
215,phase3,87,pair_088,3.700282,1440.107008,1449.96554,
216,phase3,87,pair_088,3.716884,1440.123609,1449.982142,
217,phase3,87,pair_088,3.733249,1440.139975,1449.998507,
218,phase3,87,pair_088,3.749931,1440.156657,1450.015189,
219,phase3,87,pair_088,3.766637,1440.173363,1450.031896,
220,phase3,87,pair_088,3.866593,1440.27332,1450.131851,
221,phase3,87,pair_088,3.88322,1440.289946,1450.148478,
222,phase3,87,pair_088,3.899977,1440.306704,1450.165235,
223,phase3,87,pair_088,3.916922,1440.323648,1450.18218,
224,phase3,87,pair_088,3.93352,1440.340246,1450.198778,
225,phase3,87,pair_088,3.949865,1440.356591,1450.215123,
226,phase3,87,pair_088,3.966595,1440.373322,1450.231854,
227,phase3,87,pair_088,3.983245,1440.389971,1450.248503,
228,phase3,87,pair_088,4.000233,1440.406959,1450.265491,
229,phase3,87,pair_088,4.016585,1440.423311,1450.281843,
230,phase3,87,pair_088,4.033269,1440.439995,1450.298527,
231,phase3,87,pair_088,4.049901,1440.456627,1450.315159,
232,phase3,87,pair_088,4.066906,1440.473632,1450.332165,
233,phase3,87,pair_088,4.083219,1440.489945,1450.348477,
234,phase3,87,pair_088,4.09998,1440.506722,1450.365238,
235,phase3,87,pair_088,4.116598,1440.523327,1450.381857,
236,phase3,87,pair_088,4.133584,1440.540311,1450.398843,
237,phase3,87,pair_088,4.149925,1440.556652,1450.415183,
238,phase3,87,pair_088,4.166574,1440.573301,1450.431833,
239,phase3,87,pair_088,4.183205,1440.589931,1450.448463,
240,phase3,87,pair_088,4.199859,1440.606585,1450.465117,
241,phase3,87,pair_088,4.216618,1440.623344,1450.481876,
242,phase3,87,pair_088,4.233238,1440.639964,1450.498496,
243,phase3,87,pair_088,4.249859,1440.656585,1450.515117,
244,phase3,87,pair_088,4.266855,1440.673581,1450.532113,
245,phase3,87,pair_088,4.283247,1440.689973,1450.548505,
246,phase3,87,pair_088,4.299911,1440.706639,1450.565169,
247,phase3,87,pair_088,4.316565,1440.723291,1450.581823,
248,phase3,87,pair_088,4.333245,1440.739972,1450.598504,
249,phase3,87,pair_088,4.350222,1440.756948,1450.61548,
250,phase3,87,pair_088,4.366566,1440.773292,1450.631824,
251,phase3,87,pair_088,4.383246,1440.789972,1450.648504,
252,phase3,87,pair_088,4.39992,1440.806646,1450.665178,
253,phase3,87,pair_088,4.416829,1440.823555,1450.682088,
254,phase3,87,pair_088,4.433232,1440.839958,1450.698491,
255,phase3,87,pair_088,4.449914,1440.85664,1450.715172,
256,phase3,87,pair_088,4.46683,1440.873556,1450.732089,
257,phase3,87,pair_088,4.483215,1440.889941,1450.748473,
258,phase3,87,pair_088,4.499881,1440.906607,1450.765139,
259,phase3,87,pair_088,4.516583,1440.923309,1450.781841,
260,phase3,87,pair_088,4.533489,1440.940215,1450.798747,
261,phase3,87,pair_088,4.549895,1440.956622,1450.815154,
262,phase3,87,pair_088,4.566805,1440.973531,1450.832063,
263,phase3,87,pair_088,4.583242,1440.989968,1450.8485,
264,phase3,87,pair_088,4.599972,1441.006698,1450.86523,
265,phase3,87,pair_088,4.616532,1441.023258,1450.88179,
266,phase3,87,pair_088,4.633496,1441.040222,1450.898754,
267,phase3,87,pair_088,4.649895,1441.05662,1450.915153,
268,phase3,87,pair_088,4.666572,1441.073298,1450.931831,
269,phase3,87,pair_088,4.683536,1441.090455,1450.948794,
270,phase3,87,pair_088,4.699964,1441.106712,1450.965222,
271,phase3,87,pair_088,4.716562,1441.12329,1450.98182,
272,phase3,87,pair_088,4.733238,1441.139963,1450.998496,
273,phase3,87,pair_088,4.749898,1441.156625,1451.015156,
274,phase3,87,pair_088,4.766518,1441.173244,1451.031776,
275,phase3,87,pair_088,4.783224,1441.189955,1451.048483,
276,phase3,87,pair_088,4.866609,1441.273334,1451.131867,
277,phase3,87,pair_088,4.88323,1441.289957,1451.148488,
278,phase3,87,pair_088,4.900212,1441.306938,1451.16547,
279,phase3,87,pair_088,4.916549,1441.323276,1451.181808,
280,phase3,87,pair_088,4.933271,1441.339997,1451.198529,
281,phase3,87,pair_088,4.949888,1441.356615,1451.215146,
282,phase3,87,pair_088,4.966564,1441.373292,1451.231822,
283,phase3,87,pair_088,4.983499,1441.390226,1451.248757,
284,phase3,87,pair_088,4.999955,1441.406681,1451.265213,
285,phase3,87,pair_088,5.016587,1441.423313,1451.281845,
286,phase3,87,pair_088,5.033202,1441.439928,1451.29846,
287,phase3,87,pair_088,5.050139,1441.456865,1451.315397,
288,phase3,87,pair_088,5.066582,1441.473308,1451.33184,
289,phase3,87,pair_088,5.083169,1441.489895,1451.348427,
290,phase3,87,pair_088,5.100191,1441.506918,1451.365449,
291,phase3,87,pair_088,5.116578,1441.523304,1451.381836,
292,phase3,87,pair_088,5.133244,1441.53997,1451.398502,
293,phase3,87,pair_088,5.149865,1441.556591,1451.415123,
294,phase3,87,pair_088,5.166536,1441.573263,1451.431794,
295,phase3,87,pair_088,5.18322,1441.589949,1451.448478,
296,phase3,87,pair_088,5.199907,1441.606633,1451.465165,
297,phase3,87,pair_088,5.216524,1441.623251,1451.481782,
298,phase3,87,pair_088,5.23327,1441.639996,1451.498528,
299,phase3,87,pair_088,5.250177,1441.656903,1451.515435,
300,phase3,87,pair_088,5.266569,1441.673298,1451.531827,
301,phase3,87,pair_088,5.283198,1441.689924,1451.548456,
302,phase3,87,pair_088,5.29985,1441.706576,1451.565108,
303,phase3,87,pair_088,5.316872,1441.723598,1451.58213,
304,phase3,87,pair_088,5.333208,1441.739934,1451.598466,
305,phase3,87,pair_088,5.349887,1441.756613,1451.615145,
306,phase3,87,pair_088,5.36654,1441.773267,1451.631798,
307,phase3,87,pair_088,5.383206,1441.789932,1451.648464,
308,phase3,87,pair_088,5.400159,1441.806885,1451.665417,
309,phase3,87,pair_088,5.416581,1441.823307,1451.681839,
310,phase3,87,pair_088,5.43319,1441.839916,1451.698448,
311,phase3,87,pair_088,5.449861,1441.85659,1451.715119,
312,phase3,87,pair_088,5.466824,1441.87355,1451.732082,
313,phase3,87,pair_088,5.48319,1441.889916,1451.748449,
314,phase3,87,pair_088,5.499826,1441.906552,1451.765084,
315,phase3,87,pair_088,5.516525,1441.923251,1451.781783,
316,phase3,87,pair_088,5.599841,1442.006567,1451.865099,
317,phase3,87,pair_088,5.616536,1442.023262,1451.881794,
318,phase3,87,pair_088,5.633173,1442.039899,1451.898431,
319,phase3,87,pair_088,5.649853,1442.056579,1451.915111,
320,phase3,87,pair_088,5.666507,1442.073236,1451.931765,
321,phase3,87,pair_088,5.683261,1442.089987,1451.948519,
322,phase3,87,pair_088,5.699843,1442.106569,1451.965101,
323,phase3,87,pair_088,5.716598,1442.123325,1451.981857,
324,phase3,87,pair_088,5.733502,1442.140229,1451.99876,
325,phase3,87,pair_088,5.749797,1442.156524,1452.015055,
326,phase3,87,pair_088,5.766509,1442.173235,1452.031767,
327,phase3,87,pair_088,5.783498,1442.190224,1452.048756,
328,phase3,87,pair_088,5.800136,1442.206862,1452.065394,
329,phase3,87,pair_088,5.816488,1442.223215,1452.081746,
330,phase3,87,pair_088,5.83322,1442.239946,1452.098478,
331,phase3,87,pair_088,5.849838,1442.256565,1452.115096,
332,phase3,87,pair_088,5.86652,1442.273246,1452.131778,
333,phase3,87,pair_088,5.883484,1442.290211,1452.148743,
334,phase3,87,pair_088,5.899827,1442.306553,1452.165085,
335,phase3,87,pair_088,5.916536,1442.323262,1452.181794,
336,phase3,87,pair_088,5.9335,1442.340227,1452.198759,
337,phase3,87,pair_088,5.950156,1442.356882,1452.215414,
338,phase3,87,pair_088,5.966452,1442.373178,1452.23171,
339,phase3,87,pair_088,5.983205,1442.389931,1452.248463,
340,phase3,87,pair_088,5.999852,1442.406578,1452.26511,
341,phase3,87,pair_088,6.016793,1442.42352,1452.282051,
342,phase3,87,pair_088,6.033248,1442.439974,1452.298506,
343,phase3,87,pair_088,6.049842,1442.456568,1452.3151,
344,phase3,87,pair_088,6.066513,1442.473239,1452.331771,
345,phase3,87,pair_088,6.083497,1442.490223,1452.348755,
346,phase3,87,pair_088,-1436.406986,1442.490284,9.858273,response
