frame_idx,phase,trial_id,stim_pair_id,elapsed_time,global_time,flip_time,event_marker
0,phase1,12,pair_013,0.0,162.198689,172.057218,stimulus_onset
1,phase1,12,pair_013,0.016651,162.215337,172.073869,
2,phase1,12,pair_013,0.033347,162.232032,172.090565,
3,phase1,12,pair_013,0.0503,162.248985,172.107518,
4,phase1,12,pair_013,0.066664,162.265349,172.123882,
5,phase1,12,pair_013,0.083333,162.282018,172.140552,
6,phase1,12,pair_013,0.099951,162.29864,172.157169,
7,phase1,12,pair_013,0.116611,162.315298,172.173829,
8,phase1,12,pair_013,0.133349,162.332034,172.190567,
9,phase1,12,pair_013,0.150023,162.348708,172.207241,
10,phase1,12,pair_013,0.166644,162.365329,172.223863,
11,phase1,12,pair_013,0.183664,162.382348,172.240882,
12,phase1,12,pair_013,0.200296,162.39898,172.257514,
13,phase1,12,pair_013,0.216657,162.415342,172.273875,
14,phase1,12,pair_013,0.233559,162.432244,172.290777,
15,phase1,12,pair_013,0.249958,162.448643,172.307176,
16,phase1,12,pair_013,0.26663,162.465314,172.323848,
17,phase1,12,pair_013,0.283294,162.481978,172.340512,
18,phase1,12,pair_013,0.299979,162.498664,172.357197,
19,phase1,12,pair_013,0.316616,162.515302,172.373834,
20,phase1,12,pair_013,0.333645,162.53233,172.390863,
21,phase1,12,pair_013,0.349936,162.548626,172.407154,
22,phase1,12,pair_013,0.366683,162.565371,172.423901,
23,phase1,12,pair_013,0.383579,162.582264,172.440797,
24,phase1,12,pair_013,0.399966,162.598651,172.457184,
25,phase1,12,pair_013,0.416615,162.615299,172.473833,
26,phase1,12,pair_013,0.433308,162.631992,172.490526,
27,phase1,12,pair_013,0.449973,162.648658,172.507191,
28,phase1,12,pair_013,0.466627,162.665312,172.523845,
29,phase1,12,pair_013,0.483605,162.682289,172.540823,
30,phase1,12,pair_013,0.499979,162.698664,172.557197,
31,phase1,12,pair_013,0.516642,162.715326,172.57386,
32,phase1,12,pair_013,0.533245,162.731929,172.590463,
33,phase1,12,pair_013,0.550273,162.748957,172.607491,
34,phase1,12,pair_013,0.566663,162.765347,172.623881,
35,phase1,12,pair_013,0.583372,162.782057,172.64059,
36,phase1,12,pair_013,0.599954,162.798639,172.657172,
37,phase1,12,pair_013,0.616956,162.81564,172.674174,
38,phase1,12,pair_013,0.633319,162.832003,172.690537,
39,phase1,12,pair_013,0.650212,162.848897,172.707431,
40,phase1,12,pair_013,0.666646,162.86533,172.723864,
41,phase1,12,pair_013,0.683608,162.882292,172.740826,
42,phase1,12,pair_013,0.699917,162.898606,172.757135,
43,phase1,12,pair_013,0.716599,162.915287,172.773818,
44,phase1,12,pair_013,0.733337,162.932023,172.790555,
45,phase1,12,pair_013,0.750285,162.94897,172.807503,
46,phase1,12,pair_013,0.766618,162.965302,172.823836,
47,phase1,12,pair_013,0.783294,162.981979,172.840512,
48,phase1,12,pair_013,0.799944,162.998629,172.857162,
49,phase1,12,pair_013,0.816624,163.015309,172.873842,
50,phase1,12,pair_013,0.833302,163.031986,172.89052,
51,phase1,12,pair_013,0.849984,163.048669,172.907202,
52,phase1,12,pair_013,0.866606,163.065291,172.923825,
53,phase1,12,pair_013,0.883275,163.08196,172.940493,
54,phase1,12,pair_013,0.900255,163.098939,172.957473,
55,phase1,12,pair_013,0.916687,163.115377,172.973905,
56,phase1,12,pair_013,0.933303,163.131987,172.990521,
57,phase1,12,pair_013,0.950306,163.148991,173.007524,
58,phase1,12,pair_013,0.966929,163.165613,173.024147,
59,phase1,12,pair_013,0.983319,163.182003,173.040537,
60,phase1,12,pair_013,0.99996,163.198645,173.057178,
61,phase1,12,pair_013,1.016936,163.21562,173.074154,
62,phase1,12,pair_013,1.033591,163.232275,173.090809,
63,phase1,12,pair_013,1.049972,163.248656,173.10719,
64,phase1,12,pair_013,1.066621,163.265305,173.123839,
65,phase1,12,pair_013,1.083282,163.281966,173.1405,
66,phase1,12,pair_013,1.100248,163.298933,173.157466,
67,phase1,12,pair_013,1.116614,163.315299,173.173832,
68,phase1,12,pair_013,1.133308,163.331993,173.190526,
69,phase1,12,pair_013,1.150227,163.348912,173.207446,
70,phase1,12,pair_013,1.166599,163.365284,173.223817,
71,phase1,12,pair_013,1.183559,163.382243,173.240777,
72,phase1,12,pair_013,1.199963,163.398647,173.257181,
73,phase1,12,pair_013,1.216615,163.4153,173.273833,
74,phase1,12,pair_013,1.233274,163.431959,173.290492,
75,phase1,12,pair_013,1.250236,163.448921,173.307454,
76,phase1,12,pair_013,1.266648,163.465332,173.323866,
77,phase1,12,pair_013,1.283279,163.481964,173.340497,
78,phase1,12,pair_013,1.299911,163.498596,173.357129,
79,phase1,12,pair_013,1.316914,163.515599,173.374132,
80,phase1,12,pair_013,1.333279,163.531964,173.390497,
81,phase1,12,pair_013,1.349954,163.548638,173.407172,
82,phase1,12,pair_013,1.366598,163.565282,173.423816,
83,phase1,12,pair_013,1.383575,163.582259,173.440793,
84,phase1,12,pair_013,1.400013,163.598697,173.457231,
85,phase1,12,pair_013,1.416621,163.615306,173.47384,
86,phase1,12,pair_013,1.433523,163.632207,173.490741,
87,phase1,12,pair_013,1.449903,163.648587,173.507121,
88,phase1,12,pair_013,1.466631,163.665316,173.52385,
89,phase1,12,pair_013,1.483217,163.681906,173.540435,
90,phase1,12,pair_013,1.499919,163.698604,173.557138,
91,phase1,12,pair_013,1.516926,163.71561,173.574144,
92,phase1,12,pair_013,1.53322,163.731904,173.590438,
93,phase1,12,pair_013,1.549925,163.748609,173.607143,
94,phase1,12,pair_013,1.566603,163.765287,173.623821,
95,phase1,12,pair_013,1.58334,163.782024,173.640558,
96,phase1,12,pair_013,1.600096,163.79878,173.657314,
97,phase1,12,pair_013,1.61699,163.815674,173.674208,
98,phase1,12,pair_013,1.633675,163.83236,173.690893,
99,phase1,12,pair_013,1.650056,163.84874,173.707274,
100,phase1,12,pair_013,1.666729,163.865413,173.723947,
101,phase1,12,pair_013,1.683376,163.88206,173.740594,
102,phase1,12,pair_013,1.700061,163.898745,173.757279,
103,phase1,12,pair_013,1.716717,163.915402,173.773935,
104,phase1,12,pair_013,1.733322,163.932007,173.790541,
105,phase1,12,pair_013,1.750347,163.949031,173.807565,
106,phase1,12,pair_013,1.767017,163.965702,173.824236,
107,phase1,12,pair_013,1.783379,163.982064,173.840597,
108,phase1,12,pair_013,1.800044,163.998732,173.857262,
109,phase1,12,pair_013,1.817033,164.015718,173.874252,
110,phase1,12,pair_013,1.833357,164.032042,173.890576,
111,phase1,12,pair_013,1.850046,164.048731,173.907264,
112,phase1,12,pair_013,1.86668,164.065364,173.923898,
113,phase1,12,pair_013,1.88333,164.082015,173.940549,
114,phase1,12,pair_013,1.900351,164.099035,173.957569,
115,phase1,12,pair_013,1.916713,164.115398,173.973932,
116,phase1,12,pair_013,1.933362,164.132046,173.99058,
117,phase1,12,pair_013,1.95031,164.148995,174.007529,
118,phase1,12,pair_013,1.967015,164.165699,174.024233,
119,phase1,12,pair_013,1.983375,164.182059,174.040593,
120,phase1,12,pair_013,2.000036,164.19872,174.057254,
121,phase1,12,pair_013,2.016693,164.215377,174.073911,
122,phase1,12,pair_013,2.033692,164.232376,174.09091,
123,phase1,12,pair_013,2.050301,164.248985,174.107519,
124,phase1,12,pair_013,2.066699,164.265387,174.123918,
125,phase1,12,pair_013,2.083407,164.282094,174.140625,
126,phase1,12,pair_013,2.100037,164.298721,174.157255,
127,phase1,12,pair_013,2.116988,164.315672,174.174206,
128,phase1,12,pair_013,2.133383,164.332067,174.190601,
129,phase1,12,pair_013,2.150078,164.348762,174.207296,
130,phase1,12,pair_013,2.166995,164.36568,174.224214,
131,phase1,12,pair_013,2.183615,164.382299,174.240833,
132,phase1,12,pair_013,2.200029,164.398716,174.257248,
133,phase1,12,pair_013,2.216728,164.415413,174.273947,
134,phase1,12,pair_013,2.23334,164.432024,174.290558,
135,phase1,12,pair_013,2.250331,164.449016,174.30755,
136,phase1,12,pair_013,2.26669,164.465374,174.323908,
137,phase1,12,pair_013,2.283379,164.482063,174.340597,
138,phase1,12,pair_013,2.299941,164.498625,174.357159,
139,phase1,12,pair_013,2.316998,164.515683,174.374217,
140,phase1,12,pair_013,2.333386,164.532073,174.390604,
141,phase1,12,pair_013,2.350032,164.548719,174.40725,
142,phase1,12,pair_013,2.366745,164.56543,174.423963,
143,phase1,12,pair_013,2.383685,164.582372,174.440903,
144,phase1,12,pair_013,2.400045,164.59873,174.457263,
145,phase1,12,pair_013,2.416702,164.615387,174.47392,
146,phase1,12,pair_013,2.433371,164.632056,174.490589,
147,phase1,12,pair_013,2.45034,164.649024,174.507558,
148,phase1,12,pair_013,2.466706,164.66539,174.523924,
149,phase1,12,pair_013,2.483359,164.682043,174.540577,
150,phase1,12,pair_013,2.500266,164.69895,174.557484,
151,phase1,12,pair_013,2.51662,164.715305,174.573839,
152,phase1,12,pair_013,2.533344,164.732028,174.590562,
153,phase1,12,pair_013,2.550049,164.748734,174.607267,
154,phase1,12,pair_013,2.566675,164.765359,174.623893,
155,phase1,12,pair_013,2.583326,164.782011,174.640545,
156,phase1,12,pair_013,2.600325,164.79901,174.657543,
157,phase1,12,pair_013,2.61669,164.815379,174.673908,
158,phase1,12,pair_013,2.633359,164.832043,174.690577,
159,phase1,12,pair_013,2.650007,164.848694,174.707225,
160,phase1,12,pair_013,2.666995,164.865679,174.724213,
161,phase1,12,pair_013,2.683344,164.882029,174.740562,
162,phase1,12,pair_013,2.700029,164.898715,174.757247,
163,phase1,12,pair_013,2.716674,164.915358,174.773892,
164,phase1,12,pair_013,2.73364,164.932326,174.790859,
165,phase1,12,pair_013,2.750018,164.948703,174.807236,
166,phase1,12,pair_013,2.766683,164.965368,174.823902,
167,phase1,12,pair_013,2.783393,164.982078,174.840612,
168,phase1,12,pair_013,2.80033,164.999015,174.857549,
169,phase1,12,pair_013,2.816948,165.015633,174.874166,
170,phase1,12,pair_013,2.833337,165.032022,174.890555,
171,phase1,12,pair_013,2.850076,165.048761,174.907294,
172,phase1,12,pair_013,2.866623,165.065307,174.923841,
173,phase1,12,pair_013,2.883641,165.082326,174.940859,
174,phase1,12,pair_013,2.899986,165.098671,174.957205,
175,phase1,12,pair_013,2.9167,165.115384,174.973918,
176,phase1,12,pair_013,2.933339,165.132026,174.990558,
177,phase1,12,pair_013,2.950302,165.148987,175.007521,
178,phase1,12,pair_013,2.966658,165.165344,175.023876,
179,phase1,12,pair_013,2.983346,165.18203,175.040564,
180,phase1,12,pair_013,3.00001,165.198694,175.057228,
181,phase1,12,pair_013,3.016959,165.215644,175.074177,
182,phase1,12,pair_013,3.033334,165.232019,175.090553,
183,phase1,12,pair_013,3.05002,165.248705,175.107238,
184,phase1,12,pair_013,3.066636,165.265321,175.123854,
185,phase1,12,pair_013,3.083308,165.281992,175.140526,
186,phase1,12,pair_013,3.099991,165.298676,175.15721,
187,phase1,12,pair_013,3.116662,165.315346,175.17388,
188,phase1,12,pair_013,3.133292,165.331976,175.19051,
189,phase1,12,pair_013,3.149972,165.348658,175.20719,
190,phase1,12,pair_013,3.16667,165.365354,175.223888,
191,phase1,12,pair_013,3.18332,165.382005,175.240538,
192,phase1,12,pair_013,3.199987,165.398686,175.257205,
193,phase1,12,pair_013,3.217012,165.415697,175.27423,
194,phase1,12,pair_013,3.233386,165.432071,175.290604,
195,phase1,12,pair_013,3.25003,165.448714,175.307248,
196,phase1,12,pair_013,3.266764,165.465465,175.323982,
197,phase1,12,pair_013,3.283647,165.482332,175.340865,
198,phase1,12,pair_013,3.299949,165.498633,175.357167,
199,phase1,12,pair_013,3.316636,165.515321,175.373854,
200,phase1,12,pair_013,3.333254,165.531938,175.390472,
201,phase1,12,pair_013,3.350007,165.548694,175.407225,
202,phase1,12,pair_013,3.366958,165.565642,175.424176,
203,phase1,12,pair_013,3.383329,165.582013,175.440547,
204,phase1,12,pair_013,3.400043,165.598727,175.457261,
205,phase1,12,pair_013,3.416642,165.615326,175.47386,
206,phase1,12,pair_013,3.433308,165.631992,175.490526,
207,phase1,12,pair_013,3.449969,165.648653,175.507187,
208,phase1,12,pair_013,3.466649,165.665334,175.523867,
209,phase1,12,pair_013,3.483304,165.681988,175.540522,
210,phase1,12,pair_013,3.499945,165.698629,175.557163,
211,phase1,12,pair_013,3.516643,165.715328,175.573861,
212,phase1,12,pair_013,3.533274,165.731959,175.590493,
213,phase1,12,pair_013,3.550328,165.749012,175.607546,
214,phase1,12,pair_013,3.56663,165.765314,175.623848,
215,phase1,12,pair_013,3.583335,165.78202,175.640553,
216,phase1,12,pair_013,3.599997,165.798681,175.657215,
217,phase1,12,pair_013,3.616653,165.815338,175.673872,
218,phase1,12,pair_013,3.633236,165.831921,175.690455,
219,phase1,12,pair_013,3.649949,165.848633,175.707167,
220,phase1,12,pair_013,3.666937,165.865621,175.724155,
221,phase1,12,pair_013,3.683277,165.881961,175.740495,
222,phase1,12,pair_013,3.699946,165.898633,175.757164,
223,phase1,12,pair_013,3.716624,165.915309,175.773842,
224,phase1,12,pair_013,3.733283,165.931967,175.790501,
225,phase1,12,pair_013,3.749962,165.948648,175.80718,
226,phase1,12,pair_013,3.766591,165.965275,175.823809,
227,phase1,12,pair_013,3.783607,165.982292,175.840826,
228,phase1,12,pair_013,3.799967,165.998651,175.857185,
229,phase1,12,pair_013,3.816657,166.015342,175.873875,
230,phase1,12,pair_013,3.833298,166.031982,175.890516,
231,phase1,12,pair_013,3.849988,166.048679,175.907206,
232,phase1,12,pair_013,-162.198946,166.265398,9.858273,response
0,phase2,12,pair_013,0.0,167.548613,177.40714,single_opt_onset_seq1_opt3_隐藏
1,phase2,12,pair_013,0.016656,167.565263,177.423796,
2,phase2,12,pair_013,0.033303,167.581909,177.440443,
3,phase2,12,pair_013,0.049998,167.598603,177.457138,
4,phase2,12,pair_013,0.066662,167.61527,177.473802,
5,phase2,12,pair_013,0.083276,167.631885,177.490416,
6,phase2,12,pair_013,0.100312,167.648918,177.507452,
7,phase2,12,pair_013,0.116664,167.665269,177.523804,
8,phase2,12,pair_013,0.133342,167.681946,177.540482,
9,phase2,12,pair_013,0.150104,167.698709,177.557244,
10,phase2,12,pair_013,0.166755,167.715359,177.573895,
11,phase2,12,pair_013,0.183393,167.731997,177.590533,
12,phase2,12,pair_013,0.20043,167.749035,177.60757,
13,phase2,12,pair_013,0.216768,167.765372,177.623908,
14,phase2,12,pair_013,0.233421,167.782029,177.640561,
15,phase2,12,pair_013,0.250371,167.798976,177.657511,
16,phase2,12,pair_013,0.267084,167.815688,177.674224,
17,phase2,12,pair_013,0.283439,167.832043,177.690579,
18,phase2,12,pair_013,0.30006,167.848664,177.7072,
19,phase2,12,pair_013,0.31679,167.865394,177.72393,
20,phase2,12,pair_013,0.333417,167.882025,177.740557,
21,phase2,12,pair_013,0.350106,167.89871,177.757246,
22,phase2,12,pair_013,0.366753,167.91536,177.773893,
23,phase2,12,pair_013,0.383472,167.932077,177.790612,
24,phase2,12,pair_013,0.400383,167.948987,177.807523,
25,phase2,12,pair_013,0.417066,167.96567,177.824206,
26,phase2,12,pair_013,0.433412,167.982016,177.840552,
27,phase2,12,pair_013,0.450095,167.998699,177.857235,
28,phase2,12,pair_013,0.466798,168.015403,177.873938,
29,phase2,12,pair_013,0.483435,168.032039,177.890575,
30,phase2,12,pair_013,0.500079,168.048683,177.907219,
31,phase2,12,pair_013,0.516755,168.06536,177.923895,
32,phase2,12,pair_013,0.533476,168.082083,177.940616,
33,phase2,12,pair_013,0.550081,168.098684,177.957221,
34,phase2,12,pair_013,0.566744,168.115348,177.973884,
35,phase2,12,pair_013,0.583376,168.13198,177.990516,
36,phase2,12,pair_013,0.600135,168.148741,178.007275,
37,phase2,12,pair_013,0.617079,168.165683,178.024219,
38,phase2,12,pair_013,0.633397,168.182001,178.040537,
39,phase2,12,pair_013,0.650116,168.19872,178.057256,
40,phase2,12,pair_013,0.666753,168.215357,178.073893,
41,phase2,12,pair_013,0.683403,168.232007,178.090543,
42,phase2,12,pair_013,0.70033,168.248934,178.10747,
43,phase2,12,pair_013,0.716731,168.265341,178.123871,
44,phase2,12,pair_013,0.733431,168.282042,178.140571,
45,phase2,12,pair_013,0.750068,168.298673,178.157208,
46,phase2,12,pair_013,0.767039,168.315643,178.174179,
47,phase2,12,pair_013,0.783397,168.332002,178.190537,
48,phase2,12,pair_013,0.800112,168.348717,178.207252,
49,phase2,12,pair_013,0.816722,168.365326,178.223862,
50,phase2,12,pair_013,0.833716,168.38232,178.240856,
51,phase2,12,pair_013,0.850057,168.398661,178.257197,
52,phase2,12,pair_013,0.866772,168.415377,178.273912,
53,phase2,12,pair_013,0.883723,168.432327,178.290862,
54,phase2,12,pair_013,0.900038,168.448642,178.307178,
55,phase2,12,pair_013,0.916747,168.465351,178.323887,
56,phase2,12,pair_013,0.933414,168.482019,178.340554,
57,phase2,12,pair_013,0.950057,168.498661,178.357197,
58,phase2,12,pair_013,0.966705,168.515309,178.373845,
59,phase2,12,pair_013,0.983417,168.532022,178.390557,
60,phase2,12,pair_013,1.000023,168.548629,178.407163,
61,phase2,12,pair_013,1.016702,168.565306,178.423842,
62,phase2,12,pair_013,1.033745,168.582349,178.440885,
63,phase2,12,pair_013,1.050064,168.598669,178.457204,
64,phase2,12,pair_013,1.066729,168.615333,178.473869,
65,phase2,12,pair_013,1.083393,168.631997,178.490533,
66,phase2,12,pair_013,1.100065,168.648669,178.507205,
67,phase2,12,pair_013,1.11669,168.665294,178.52383,
68,phase2,12,pair_013,1.133402,168.682006,178.540542,
69,phase2,12,pair_013,1.150016,168.69862,178.557156,
70,phase2,12,pair_013,1.166728,168.715332,178.573868,
71,phase2,12,pair_013,1.183692,168.732296,178.590832,
72,phase2,12,pair_013,1.200069,168.748673,178.607209,
73,phase2,12,pair_013,1.216777,168.765382,178.623917,
74,phase2,12,pair_013,1.233719,168.782323,178.640859,
75,phase2,12,pair_013,1.250052,168.798656,178.657192,
76,phase2,12,pair_013,1.266717,168.815323,178.673857,
77,phase2,12,pair_013,1.283414,168.832019,178.690554,
78,phase2,12,pair_013,1.300068,168.848673,178.707208,
79,phase2,12,pair_013,1.317045,168.865649,178.724185,
80,phase2,12,pair_013,1.333381,168.881985,178.740521,
81,phase2,12,pair_013,1.35007,168.898675,178.75721,
82,phase2,12,pair_013,1.366763,168.915367,178.773903,
83,phase2,12,pair_013,1.3837,168.932304,178.79084,
84,phase2,12,pair_013,1.400073,168.948676,178.807213,
85,phase2,12,pair_013,1.416711,168.965315,178.823851,
86,phase2,12,pair_013,1.433447,168.982051,178.840587,
87,phase2,12,pair_013,1.450366,168.99897,178.857506,
88,phase2,12,pair_013,1.466711,169.015315,178.873851,
89,phase2,12,pair_013,1.483355,169.03196,178.890495,
90,phase2,12,pair_013,1.500112,169.048716,178.907252,
0,phase2,12,pair_013,0.0,169.065596,178.924127,iti_onset_dur_1.445
1,phase2,12,pair_013,0.016681,169.082272,178.940808,
2,phase2,12,pair_013,0.033061,169.098657,178.957188,
3,phase2,12,pair_013,0.049735,169.115327,178.973863,
4,phase2,12,pair_013,0.066679,169.13227,178.990807,
5,phase2,12,pair_013,0.083017,169.148608,179.007144,
6,phase2,12,pair_013,0.099681,169.165272,179.023808,
7,phase2,12,pair_013,0.116423,169.182014,179.040551,
8,phase2,12,pair_013,0.133378,169.19897,179.057506,
9,phase2,12,pair_013,0.150008,169.215599,179.074135,
10,phase2,12,pair_013,0.16637,169.231962,179.090498,
11,phase2,12,pair_013,0.183012,169.248603,179.107139,
12,phase2,12,pair_013,0.19973,169.265322,179.123857,
13,phase2,12,pair_013,0.216689,169.28228,179.140816,
14,phase2,12,pair_013,0.233017,169.298608,179.157145,
15,phase2,12,pair_013,0.24975,169.315348,179.173877,
16,phase2,12,pair_013,0.266396,169.331987,179.190523,
17,phase2,12,pair_013,0.283044,169.348635,179.207172,
18,phase2,12,pair_013,0.299697,169.365288,179.223824,
19,phase2,12,pair_013,0.31634,169.381932,179.240468,
20,phase2,12,pair_013,0.333061,169.398654,179.257189,
21,phase2,12,pair_013,0.349711,169.415303,179.273838,
22,phase2,12,pair_013,0.366679,169.43227,179.290806,
23,phase2,12,pair_013,0.383026,169.448618,179.307154,
24,phase2,12,pair_013,0.399693,169.465284,179.32382,
25,phase2,12,pair_013,0.416347,169.481938,179.340474,
26,phase2,12,pair_013,0.433337,169.498928,179.357465,
27,phase2,12,pair_013,0.449699,169.515294,179.373826,
28,phase2,12,pair_013,0.46639,169.53198,179.390517,
29,phase2,12,pair_013,0.483022,169.548613,179.407149,
30,phase2,12,pair_013,0.499669,169.56526,179.423797,
31,phase2,12,pair_013,0.516407,169.581998,179.440534,
32,phase2,12,pair_013,0.53332,169.598912,179.457448,
33,phase2,12,pair_013,0.549671,169.615262,179.473798,
34,phase2,12,pair_013,0.566684,169.632276,179.490812,
35,phase2,12,pair_013,0.583047,169.648643,179.507174,
36,phase2,12,pair_013,0.599744,169.665338,179.523871,
37,phase2,12,pair_013,0.616376,169.681968,179.540504,
38,phase2,12,pair_013,0.633004,169.698595,179.557131,
39,phase2,12,pair_013,0.649678,169.715269,179.573805,
40,phase2,12,pair_013,0.666341,169.731932,179.590468,
41,phase2,12,pair_013,0.683026,169.74862,179.607153,
42,phase2,12,pair_013,0.699689,169.76528,179.623816,
43,phase2,12,pair_013,0.716338,169.781929,179.640466,
44,phase2,12,pair_013,0.733007,169.798599,179.657135,
45,phase2,12,pair_013,0.749681,169.815272,179.673808,
46,phase2,12,pair_013,0.766326,169.831917,179.690453,
47,phase2,12,pair_013,0.783032,169.848624,179.70716,
48,phase2,12,pair_013,0.79971,169.865301,179.723837,
49,phase2,12,pair_013,0.816345,169.881936,179.740472,
50,phase2,12,pair_013,0.832993,169.898584,179.75712,
51,phase2,12,pair_013,0.849663,169.915254,179.77379,
52,phase2,12,pair_013,0.866335,169.931926,179.790462,
53,phase2,12,pair_013,0.883018,169.948609,179.807145,
54,phase2,12,pair_013,0.899663,169.965254,179.823791,
55,phase2,12,pair_013,0.916327,169.981918,179.840455,
56,phase2,12,pair_013,0.932989,169.99858,179.857117,
57,phase2,12,pair_013,0.949666,170.015257,179.873793,
58,phase2,12,pair_013,0.966338,170.031929,179.890465,
59,phase2,12,pair_013,0.982951,170.048542,179.907079,
60,phase2,12,pair_013,0.999693,170.065284,179.92382,
61,phase2,12,pair_013,1.016392,170.081983,179.940519,
62,phase2,12,pair_013,1.03308,170.098671,179.957208,
63,phase2,12,pair_013,1.049686,170.115278,179.973813,
64,phase2,12,pair_013,1.066297,170.131889,179.990425,
65,phase2,12,pair_013,1.082993,170.148584,180.00712,
66,phase2,12,pair_013,1.099757,170.165348,180.023884,
67,phase2,12,pair_013,1.116695,170.182286,180.040823,
68,phase2,12,pair_013,1.132999,170.19859,180.057126,
69,phase2,12,pair_013,1.149655,170.215246,180.073782,
70,phase2,12,pair_013,1.166329,170.23192,180.090456,
71,phase2,12,pair_013,1.183012,170.248607,180.107139,
72,phase2,12,pair_013,1.199697,170.265294,180.123825,
73,phase2,12,pair_013,1.216326,170.281917,180.140453,
74,phase2,12,pair_013,1.233015,170.298606,180.157142,
75,phase2,12,pair_013,1.24968,170.315271,180.173808,
76,phase2,12,pair_013,1.266676,170.332267,180.190803,
77,phase2,12,pair_013,1.282975,170.348566,180.207103,
78,phase2,12,pair_013,1.299722,170.365312,180.223849,
79,phase2,12,pair_013,1.316344,170.381935,180.240472,
80,phase2,12,pair_013,1.333309,170.3989,180.257437,
81,phase2,12,pair_013,1.349644,170.415234,180.273771,
82,phase2,12,pair_013,1.366335,170.431925,180.290462,
83,phase2,12,pair_013,1.382987,170.448578,180.307114,
84,phase2,12,pair_013,1.399982,170.465573,180.32411,
85,phase2,12,pair_013,1.416328,170.481919,180.340456,
86,phase2,12,pair_013,1.432971,170.498562,180.357099,
0,phase2,12,pair_013,0.0,170.515266,180.373796,single_opt_onset_seq2_opt2_骨
1,phase2,12,pair_013,0.016642,170.531903,180.390438,
2,phase2,12,pair_013,0.033323,170.548584,180.407119,
3,phase2,12,pair_013,0.049987,170.565248,180.423783,
4,phase2,12,pair_013,0.066645,170.581905,180.440441,
5,phase2,12,pair_013,0.08332,170.598581,180.457116,
6,phase2,12,pair_013,0.099971,170.615232,180.473768,
7,phase2,12,pair_013,0.116653,170.631913,180.490449,
8,phase2,12,pair_013,0.133299,170.64856,180.507096,
9,phase2,12,pair_013,0.149976,170.665237,180.523772,
10,phase2,12,pair_013,0.166654,170.681915,180.54045,
11,phase2,12,pair_013,0.183322,170.698583,180.557119,
12,phase2,12,pair_013,0.199976,170.715236,180.573772,
13,phase2,12,pair_013,0.216654,170.731915,180.590451,
14,phase2,12,pair_013,0.233313,170.748573,180.607109,
15,phase2,12,pair_013,0.249963,170.765223,180.623759,
16,phase2,12,pair_013,0.266638,170.781898,180.640434,
17,phase2,12,pair_013,0.283271,170.798532,180.657067,
18,phase2,12,pair_013,0.300336,170.815596,180.674132,
19,phase2,12,pair_013,0.316657,170.831917,180.690453,
20,phase2,12,pair_013,0.333297,170.848557,180.707093,
21,phase2,12,pair_013,0.349968,170.865228,180.723764,
22,phase2,12,pair_013,0.366965,170.882226,180.740761,
23,phase2,12,pair_013,0.383362,170.898622,180.757158,
24,phase2,12,pair_013,0.400015,170.915275,180.773811,
25,phase2,12,pair_013,0.41664,170.9319,180.790436,
26,phase2,12,pair_013,0.433638,170.948898,180.807434,
27,phase2,12,pair_013,0.450018,170.965278,180.823814,
28,phase2,12,pair_013,0.466675,170.981935,180.840471,
29,phase2,12,pair_013,0.483327,170.998587,180.857123,
30,phase2,12,pair_013,0.500341,171.015601,180.874137,
31,phase2,12,pair_013,0.516949,171.032209,180.890745,
32,phase2,12,pair_013,0.533281,171.048545,180.907077,
33,phase2,12,pair_013,0.549994,171.065255,180.92379,
34,phase2,12,pair_013,0.56665,171.08191,180.940446,
35,phase2,12,pair_013,0.583341,171.09881,180.957137,
36,phase2,12,pair_013,0.599999,171.115259,180.973795,
37,phase2,12,pair_013,0.616649,171.131909,180.990445,
38,phase2,12,pair_013,0.633311,171.148571,181.007107,
39,phase2,12,pair_013,0.650263,171.165523,181.024059,
40,phase2,12,pair_013,0.666687,171.181947,181.040483,
41,phase2,12,pair_013,0.683321,171.198581,181.057117,
42,phase2,12,pair_013,0.700025,171.215285,181.073821,
43,phase2,12,pair_013,0.716969,171.232229,181.090765,
44,phase2,12,pair_013,0.733339,171.248599,181.107135,
45,phase2,12,pair_013,0.74997,171.26523,181.123766,
46,phase2,12,pair_013,0.766707,171.281967,181.140503,
47,phase2,12,pair_013,0.783626,171.298887,181.157422,
48,phase2,12,pair_013,0.800253,171.315513,181.174049,
49,phase2,12,pair_013,0.81659,171.33185,181.190386,
50,phase2,12,pair_013,0.833305,171.348565,181.207101,
51,phase2,12,pair_013,0.849957,171.365218,181.223753,
52,phase2,12,pair_013,0.866929,171.38219,181.240726,
53,phase2,12,pair_013,0.883311,171.398571,181.257107,
54,phase2,12,pair_013,0.899951,171.415211,181.273747,
55,phase2,12,pair_013,0.916575,171.431835,181.290371,
56,phase2,12,pair_013,0.933555,171.448815,181.307351,
57,phase2,12,pair_013,0.949986,171.465246,181.323782,
58,phase2,12,pair_013,0.966658,171.481918,181.340454,
59,phase2,12,pair_013,0.983597,171.498857,181.357393,
60,phase2,12,pair_013,1.000266,171.515526,181.374062,
61,phase2,12,pair_013,1.016638,171.531898,181.390434,
62,phase2,12,pair_013,1.033345,171.548605,181.407141,
63,phase2,12,pair_013,1.050017,171.565277,181.423813,
64,phase2,12,pair_013,1.066592,171.581853,181.440389,
65,phase2,12,pair_013,1.083295,171.598555,181.457091,
66,phase2,12,pair_013,1.100399,171.615659,181.474195,
67,phase2,12,pair_013,1.116735,171.631995,181.490531,
68,phase2,12,pair_013,1.13341,171.64867,181.507206,
69,phase2,12,pair_013,1.150112,171.665372,181.523908,
70,phase2,12,pair_013,1.166742,171.682002,181.540538,
71,phase2,12,pair_013,1.183415,171.698676,181.557212,
72,phase2,12,pair_013,1.200086,171.715346,181.573882,
73,phase2,12,pair_013,1.216787,171.732047,181.590583,
74,phase2,12,pair_013,1.233308,171.748569,181.607105,
75,phase2,12,pair_013,1.250082,171.765343,181.623879,
76,phase2,12,pair_013,1.266715,171.781977,181.640511,
77,phase2,12,pair_013,1.283453,171.798713,181.657249,
78,phase2,12,pair_013,1.300411,171.815672,181.674208,
79,phase2,12,pair_013,1.316753,171.832013,181.690549,
80,phase2,12,pair_013,1.333428,171.848688,181.707224,
81,phase2,12,pair_013,1.35005,171.86531,181.723846,
82,phase2,12,pair_013,1.366739,171.882001,181.740535,
83,phase2,12,pair_013,1.383707,171.898967,181.757503,
84,phase2,12,pair_013,1.400058,171.915326,181.773854,
85,phase2,12,pair_013,1.416732,171.931992,181.790528,
86,phase2,12,pair_013,1.433411,171.948671,181.807207,
87,phase2,12,pair_013,1.45037,171.965631,181.824167,
88,phase2,12,pair_013,1.46675,171.982011,181.840547,
89,phase2,12,pair_013,1.483406,171.998666,181.857202,
90,phase2,12,pair_013,1.500054,172.015314,181.87385,
0,phase2,12,pair_013,0.0,172.032307,181.89084,iti_onset_dur_1.230
1,phase2,12,pair_013,0.016334,172.048638,181.907174,
2,phase2,12,pair_013,0.032981,172.065285,181.923822,
3,phase2,12,pair_013,0.049986,172.08229,181.940827,
4,phase2,12,pair_013,0.066652,172.098957,181.957493,
5,phase2,12,pair_013,0.083021,172.115325,181.973861,
6,phase2,12,pair_013,0.099673,172.131977,181.990514,
7,phase2,12,pair_013,0.116634,172.148938,182.007475,
8,phase2,12,pair_013,0.132984,172.165287,182.023824,
9,phase2,12,pair_013,0.149659,172.181963,182.040499,
10,phase2,12,pair_013,0.166356,172.19866,182.057196,
11,phase2,12,pair_013,0.183027,172.215331,182.073867,
12,phase2,12,pair_013,0.199656,172.23196,182.090497,
13,phase2,12,pair_013,0.216634,172.248938,182.107474,
14,phase2,12,pair_013,0.233006,172.26531,182.123846,
15,phase2,12,pair_013,0.24971,172.282014,182.140551,
16,phase2,12,pair_013,0.266353,172.29866,182.157193,
17,phase2,12,pair_013,0.283312,172.315616,182.174152,
18,phase2,12,pair_013,0.299646,172.33195,182.190486,
19,phase2,12,pair_013,0.316386,172.34869,182.207226,
20,phase2,12,pair_013,0.333283,172.365587,182.224124,
21,phase2,12,pair_013,0.349973,172.382276,182.240813,
22,phase2,12,pair_013,0.366295,172.398599,182.257135,
23,phase2,12,pair_013,0.383033,172.415337,182.273874,
24,phase2,12,pair_013,0.399652,172.431956,182.290493,
25,phase2,12,pair_013,0.416612,172.448915,182.307452,
26,phase2,12,pair_013,0.432997,172.465301,182.323837,
27,phase2,12,pair_013,0.449688,172.481995,182.340529,
28,phase2,12,pair_013,0.466277,172.498581,182.357117,
29,phase2,12,pair_013,0.483334,172.515638,182.374174,
30,phase2,12,pair_013,0.499653,172.531959,182.390494,
31,phase2,12,pair_013,0.516351,172.548659,182.407191,
32,phase2,12,pair_013,0.533062,172.565367,182.423903,
33,phase2,12,pair_013,0.549974,172.582277,182.440814,
34,phase2,12,pair_013,0.566337,172.598641,182.457177,
35,phase2,12,pair_013,0.583004,172.615308,182.473844,
36,phase2,12,pair_013,0.599709,172.632021,182.49055,
37,phase2,12,pair_013,0.61631,172.648614,182.50715,
38,phase2,12,pair_013,0.633283,172.665586,182.524123,
39,phase2,12,pair_013,0.649675,172.68198,182.540515,
40,phase2,12,pair_013,0.666369,172.698673,182.557209,
41,phase2,12,pair_013,0.683324,172.715628,182.574165,
42,phase2,12,pair_013,0.699953,172.732257,182.590794,
43,phase2,12,pair_013,0.716334,172.748638,182.607174,
44,phase2,12,pair_013,0.732988,172.765292,182.623828,
45,phase2,12,pair_013,0.749654,172.781958,182.640494,
46,phase2,12,pair_013,0.766631,172.798935,182.657471,
47,phase2,12,pair_013,0.783001,172.815305,182.673841,
48,phase2,12,pair_013,0.799677,172.831981,182.690517,
49,phase2,12,pair_013,0.816303,172.848606,182.707143,
50,phase2,12,pair_013,0.833315,172.865619,182.724155,
51,phase2,12,pair_013,0.849653,172.88196,182.740494,
52,phase2,12,pair_013,0.86633,172.898638,182.75717,
53,phase2,12,pair_013,0.883015,172.915319,182.773855,
54,phase2,12,pair_013,0.899643,172.931947,182.790484,
55,phase2,12,pair_013,0.916326,172.94863,182.807166,
56,phase2,12,pair_013,0.932982,172.965286,182.823823,
57,phase2,12,pair_013,0.949697,172.982001,182.840537,
58,phase2,12,pair_013,0.966643,172.998947,182.857483,
59,phase2,12,pair_013,0.983282,173.015586,182.874122,
60,phase2,12,pair_013,0.999641,173.031955,182.890481,
61,phase2,12,pair_013,1.016359,173.048663,182.907199,
62,phase2,12,pair_013,1.032966,173.06527,182.923806,
63,phase2,12,pair_013,1.049951,173.082258,182.940791,
64,phase2,12,pair_013,1.06632,173.098624,182.95716,
65,phase2,12,pair_013,1.083011,173.115315,182.973851,
66,phase2,12,pair_013,1.099912,173.132216,182.990752,
67,phase2,12,pair_013,1.11631,173.148614,183.007151,
68,phase2,12,pair_013,1.132991,173.165295,183.023831,
69,phase2,12,pair_013,1.149618,173.181922,183.040458,
70,phase2,12,pair_013,1.166327,173.198631,183.057168,
71,phase2,12,pair_013,1.183283,173.215587,183.074124,
72,phase2,12,pair_013,1.199623,173.231927,183.090463,
73,phase2,12,pair_013,1.216608,173.248912,183.107449,
0,phase2,12,pair_013,0.0,173.2653,183.123833,single_opt_onset_seq3_opt4_夜
1,phase2,12,pair_013,0.016959,173.282256,183.140791,
2,phase2,12,pair_013,0.033324,173.298623,183.157157,
3,phase2,12,pair_013,0.050001,173.315298,183.173834,
4,phase2,12,pair_013,0.06663,173.331927,183.190463,
5,phase2,12,pair_013,0.08327,173.348566,183.207102,
6,phase2,12,pair_013,0.099998,173.365295,183.22383,
7,phase2,12,pair_013,0.116695,173.381993,183.240528,
8,phase2,12,pair_013,0.133581,173.398878,183.257414,
9,phase2,12,pair_013,0.14997,173.41527,183.273803,
10,phase2,12,pair_013,0.166655,173.431952,183.290488,
11,phase2,12,pair_013,0.183317,173.448615,183.30715,
12,phase2,12,pair_013,0.199927,173.465224,183.32376,
13,phase2,12,pair_013,0.216936,173.482233,183.340769,
14,phase2,12,pair_013,0.233595,173.498892,183.357428,
15,phase2,12,pair_013,0.249971,173.515268,183.373804,
16,phase2,12,pair_013,0.26668,173.531978,183.390513,
17,phase2,12,pair_013,0.283265,173.548562,183.407098,
18,phase2,12,pair_013,0.300291,173.565588,183.424124,
19,phase2,12,pair_013,0.316633,173.58193,183.440466,
20,phase2,12,pair_013,0.333312,173.598608,183.457144,
21,phase2,12,pair_013,0.350259,173.615556,183.474092,
22,phase2,12,pair_013,0.366962,173.63226,183.490795,
23,phase2,12,pair_013,0.383322,173.648624,183.507155,
24,phase2,12,pair_013,0.39995,173.665247,183.523783,
25,phase2,12,pair_013,0.416975,173.682273,183.540808,
26,phase2,12,pair_013,0.433235,173.698534,183.557068,
27,phase2,12,pair_013,0.449977,173.715276,183.57381,
28,phase2,12,pair_013,0.466653,173.731956,183.590485,
29,phase2,12,pair_013,0.483592,173.748889,183.607425,
30,phase2,12,pair_013,0.500262,173.765559,183.624095,
31,phase2,12,pair_013,0.516915,173.782212,183.640748,
32,phase2,12,pair_013,0.533352,173.798651,183.657184,
33,phase2,12,pair_013,0.55003,173.815326,183.673863,
34,phase2,12,pair_013,0.56697,173.832267,183.690803,
35,phase2,12,pair_013,0.58358,173.848877,183.707413,
36,phase2,12,pair_013,0.599964,173.865262,183.723797,
37,phase2,12,pair_013,0.616615,173.881911,183.740448,
38,phase2,12,pair_013,0.633574,173.898871,183.757406,
39,phase2,12,pair_013,0.650254,173.915556,183.774087,
40,phase2,12,pair_013,0.666633,173.93193,183.790466,
41,phase2,12,pair_013,0.683355,173.948653,183.807188,
42,phase2,12,pair_013,0.700293,173.965589,183.824125,
43,phase2,12,pair_013,0.716944,173.982241,183.840776,
44,phase2,12,pair_013,0.733278,173.998574,183.857111,
45,phase2,12,pair_013,0.750001,174.015297,183.873834,
46,phase2,12,pair_013,0.766908,174.032204,183.89074,
47,phase2,12,pair_013,0.783592,174.048889,183.907425,
48,phase2,12,pair_013,0.799958,174.065254,183.92379,
49,phase2,12,pair_013,0.816656,174.081953,183.940489,
50,phase2,12,pair_013,0.833334,174.09863,183.957166,
51,phase2,12,pair_013,0.849944,174.115241,183.973777,
52,phase2,12,pair_013,0.866891,174.132188,183.990724,
53,phase2,12,pair_013,0.883288,174.148585,184.007121,
54,phase2,12,pair_013,0.899945,174.165242,184.023778,
55,phase2,12,pair_013,0.916604,174.181901,184.040437,
56,phase2,12,pair_013,0.933578,174.198875,184.057411,
57,phase2,12,pair_013,0.949957,174.215254,184.07379,
58,phase2,12,pair_013,0.966697,174.231994,184.09053,
59,phase2,12,pair_013,0.983228,174.248525,184.107061,
60,phase2,12,pair_013,1.000253,174.265549,184.124085,
61,phase2,12,pair_013,1.01667,174.281967,184.140503,
62,phase2,12,pair_013,1.033351,174.298647,184.157184,
63,phase2,12,pair_013,1.049945,174.315242,184.173778,
64,phase2,12,pair_013,1.06661,174.331907,184.190443,
65,phase2,12,pair_013,1.083339,174.348636,184.207172,
66,phase2,12,pair_013,1.099992,174.365288,184.223824,
67,phase2,12,pair_013,1.116915,174.382212,184.240748,
68,phase2,12,pair_013,1.133584,174.398881,184.257417,
69,phase2,12,pair_013,1.149983,174.41528,184.273816,
70,phase2,12,pair_013,1.166636,174.431932,184.290468,
71,phase2,12,pair_013,1.183276,174.448573,184.307109,
72,phase2,12,pair_013,1.200244,174.46554,184.324077,
73,phase2,12,pair_013,1.216604,174.481901,184.340437,
74,phase2,12,pair_013,1.23332,174.498617,184.357153,
75,phase2,12,pair_013,1.249898,174.515195,184.373731,
76,phase2,12,pair_013,1.266916,174.532213,184.390749,
77,phase2,12,pair_013,1.283243,174.548539,184.407075,
78,phase2,12,pair_013,1.299942,174.565239,184.423775,
79,phase2,12,pair_013,1.316883,174.58218,184.440716,
80,phase2,12,pair_013,1.333251,174.598548,184.457084,
81,phase2,12,pair_013,1.349956,174.615253,184.473788,
82,phase2,12,pair_013,1.36663,174.631926,184.490462,
83,phase2,12,pair_013,1.383261,174.648558,184.507094,
84,phase2,12,pair_013,1.400237,174.665534,184.52407,
85,phase2,12,pair_013,1.416904,174.682201,184.540737,
86,phase2,12,pair_013,1.433317,174.698614,184.55715,
87,phase2,12,pair_013,1.449954,174.715251,184.573786,
88,phase2,12,pair_013,1.466878,174.732175,184.590711,
89,phase2,12,pair_013,1.483577,174.748873,184.607409,
90,phase2,12,pair_013,1.499948,174.765244,184.62378,
0,phase2,12,pair_013,0.0,174.781941,184.640474,iti_onset_dur_1.159
1,phase2,12,pair_013,0.016698,174.798636,184.657172,
2,phase2,12,pair_013,0.033583,174.81552,184.674057,
3,phase2,12,pair_013,0.049961,174.831899,184.690435,
4,phase2,12,pair_013,0.066621,174.848559,184.707095,
5,phase2,12,pair_013,0.083352,174.86529,184.723827,
6,phase2,12,pair_013,0.100274,174.882212,184.740748,
7,phase2,12,pair_013,0.116904,174.898841,184.757378,
8,phase2,12,pair_013,0.13333,174.915268,184.773804,
9,phase2,12,pair_013,0.149932,174.931872,184.790406,
10,phase2,12,pair_013,0.166571,174.948509,184.807045,
11,phase2,12,pair_013,0.183557,174.965495,184.824032,
12,phase2,12,pair_013,0.199973,174.98191,184.840447,
13,phase2,12,pair_013,0.216614,174.998552,184.857088,
14,phase2,12,pair_013,0.233578,175.015516,184.874052,
15,phase2,12,pair_013,0.250226,175.032164,184.890701,
16,phase2,12,pair_013,0.266659,175.048597,184.907133,
17,phase2,12,pair_013,0.283279,175.065217,184.923753,
18,phase2,12,pair_013,0.299942,175.081881,184.940416,
19,phase2,12,pair_013,0.316905,175.098843,184.957379,
20,phase2,12,pair_013,0.333295,175.115233,184.973769,
21,phase2,12,pair_013,0.349926,175.131864,184.9904,
22,phase2,12,pair_013,0.366603,175.148541,185.007078,
23,phase2,12,pair_013,0.383607,175.165545,185.024082,
24,phase2,12,pair_013,0.399987,175.181925,185.040461,
25,phase2,12,pair_013,0.41658,175.198518,185.057055,
26,phase2,12,pair_013,0.433322,175.21526,185.073796,
27,phase2,12,pair_013,0.450241,175.232179,185.090716,
28,phase2,12,pair_013,0.46665,175.248588,185.107124,
29,phase2,12,pair_013,0.483326,175.265264,185.1238,
30,phase2,12,pair_013,0.500012,175.28195,185.140486,
31,phase2,12,pair_013,0.516582,175.29852,185.157056,
32,phase2,12,pair_013,0.533292,175.31523,185.173766,
33,phase2,12,pair_013,0.54993,175.331868,185.190404,
34,phase2,12,pair_013,0.566593,175.34853,185.207067,
35,phase2,12,pair_013,0.58325,175.365187,185.223724,
36,phase2,12,pair_013,0.600226,175.382164,185.2407,
37,phase2,12,pair_013,0.616839,175.398781,185.257314,
38,phase2,12,pair_013,0.63326,175.415198,185.273735,
39,phase2,12,pair_013,0.65022,175.432158,185.290694,
40,phase2,12,pair_013,0.666885,175.448823,185.307359,
41,phase2,12,pair_013,0.683263,175.465201,185.323737,
42,phase2,12,pair_013,0.699901,175.481839,185.340375,
43,phase2,12,pair_013,0.716889,175.498827,185.357363,
44,phase2,12,pair_013,0.733555,175.515493,185.37403,
45,phase2,12,pair_013,0.750336,175.532274,185.39081,
46,phase2,12,pair_013,0.766976,175.548917,185.40745,
47,phase2,12,pair_013,0.783395,175.565333,185.42387,
48,phase2,12,pair_013,0.800052,175.58199,185.440526,
49,phase2,12,pair_013,0.816727,175.598665,185.457202,
50,phase2,12,pair_013,0.833678,175.615616,185.474152,
51,phase2,12,pair_013,0.849982,175.63192,185.490456,
52,phase2,12,pair_013,0.866649,175.648587,185.507124,
53,phase2,12,pair_013,0.883433,175.665371,185.523908,
54,phase2,12,pair_013,0.900349,175.682287,185.540823,
55,phase2,12,pair_013,0.91669,175.698633,185.557165,
56,phase2,12,pair_013,0.933356,175.715294,185.57383,
57,phase2,12,pair_013,0.950076,175.732016,185.590551,
58,phase2,12,pair_013,0.967016,175.748954,185.60749,
59,phase2,12,pair_013,0.983367,175.765305,185.623841,
60,phase2,12,pair_013,1.000034,175.781972,185.640508,
61,phase2,12,pair_013,1.016736,175.798678,185.65721,
62,phase2,12,pair_013,1.033278,175.815216,185.673752,
63,phase2,12,pair_013,1.05033,175.832268,185.690804,
64,phase2,12,pair_013,1.066652,175.84859,185.707126,
65,phase2,12,pair_013,1.083392,175.86533,185.723867,
66,phase2,12,pair_013,1.100049,175.88199,185.740524,
67,phase2,12,pair_013,1.116985,175.898923,185.757459,
68,phase2,12,pair_013,1.133366,175.915304,185.773841,
69,phase2,12,pair_013,1.150047,175.931984,185.790521,
0,phase2,12,pair_013,0.0,175.948645,185.807177,single_opt_onset_seq4_opt1_病
1,phase2,12,pair_013,0.016954,175.965596,185.824131,
2,phase2,12,pair_013,0.03333,175.981971,185.840507,
3,phase2,12,pair_013,0.049994,175.998635,185.85717,
4,phase2,12,pair_013,0.06666,176.015302,185.873837,
5,phase2,12,pair_013,0.083637,176.032278,185.890814,
6,phase2,12,pair_013,0.099997,176.048638,185.907174,
7,phase2,12,pair_013,0.116661,176.065302,185.923838,
8,phase2,12,pair_013,0.133556,176.082197,185.940733,
9,phase2,12,pair_013,0.14998,176.098621,185.957157,
10,phase2,12,pair_013,0.166599,176.115241,185.973776,
11,phase2,12,pair_013,0.183323,176.131967,185.9905,
12,phase2,12,pair_013,0.200661,176.149302,186.007838,
13,phase2,12,pair_013,0.216579,176.165223,186.023756,
14,phase2,12,pair_013,0.233336,176.181978,186.040512,
15,phase2,12,pair_013,0.249951,176.198593,186.057128,
16,phase2,12,pair_013,0.266638,176.215282,186.073815,
17,phase2,12,pair_013,0.283258,176.2319,186.090435,
18,phase2,12,pair_013,0.299978,176.248619,186.107154,
19,phase2,12,pair_013,0.316663,176.265312,186.12384,
20,phase2,12,pair_013,0.333355,176.281997,186.140532,
21,phase2,12,pair_013,0.349974,176.298617,186.157151,
22,phase2,12,pair_013,0.366945,176.315586,186.174121,
23,phase2,12,pair_013,0.383317,176.331962,186.190494,
24,phase2,12,pair_013,0.400006,176.348648,186.207183,
25,phase2,12,pair_013,0.416971,176.365612,186.224148,
26,phase2,12,pair_013,0.433609,176.38225,186.240786,
27,phase2,12,pair_013,0.449986,176.398627,186.257163,
28,phase2,12,pair_013,0.466665,176.415306,186.273841,
29,phase2,12,pair_013,0.483297,176.43194,186.290474,
30,phase2,12,pair_013,0.500277,176.448918,186.307454,
31,phase2,12,pair_013,0.516634,176.465275,186.32381,
32,phase2,12,pair_013,0.533298,176.481939,186.340474,
33,phase2,12,pair_013,0.549942,176.498583,186.357119,
34,phase2,12,pair_013,0.566982,176.515625,186.374159,
35,phase2,12,pair_013,0.583289,176.53193,186.390466,
36,phase2,12,pair_013,0.599983,176.548624,186.40716,
37,phase2,12,pair_013,0.616664,176.565307,186.423841,
38,phase2,12,pair_013,0.633295,176.581936,186.440472,
39,phase2,12,pair_013,0.649975,176.598618,186.457152,
40,phase2,12,pair_013,0.666646,176.615287,186.473823,
41,phase2,12,pair_013,0.683329,176.63197,186.490506,
42,phase2,12,pair_013,0.700293,176.648934,186.50747,
43,phase2,12,pair_013,0.716924,176.665564,186.5241,
44,phase2,12,pair_013,0.733302,176.681943,186.540479,
45,phase2,12,pair_013,0.749959,176.6986,186.557136,
46,phase2,12,pair_013,0.766589,176.71523,186.573766,
47,phase2,12,pair_013,0.783606,176.732247,186.590783,
48,phase2,12,pair_013,0.799895,176.748536,186.607072,
49,phase2,12,pair_013,0.81666,176.765301,186.623837,
50,phase2,12,pair_013,0.833274,176.781917,186.640451,
51,phase2,12,pair_013,0.84995,176.798591,186.657127,
52,phase2,12,pair_013,0.8666,176.815241,186.673777,
53,phase2,12,pair_013,0.883252,176.831893,186.690429,
54,phase2,12,pair_013,0.89997,176.848611,186.707147,
55,phase2,12,pair_013,0.916918,176.865559,186.724095,
56,phase2,12,pair_013,0.933305,176.881949,186.740482,
57,phase2,12,pair_013,0.949977,176.898618,186.757154,
58,phase2,12,pair_013,0.966652,176.915301,186.773829,
59,phase2,12,pair_013,0.983609,176.93225,186.790785,
60,phase2,12,pair_013,0.99998,176.948621,186.807157,
61,phase2,12,pair_013,1.016664,176.965305,186.823841,
62,phase2,12,pair_013,1.033274,176.981914,186.84045,
63,phase2,12,pair_013,1.049942,176.998583,186.857119,
64,phase2,12,pair_013,1.066899,177.01554,186.874076,
65,phase2,12,pair_013,1.083293,177.031934,186.89047,
66,phase2,12,pair_013,1.099979,177.04862,186.907156,
67,phase2,12,pair_013,1.116607,177.065251,186.923784,
68,phase2,12,pair_013,1.133295,177.081936,186.940472,
69,phase2,12,pair_013,1.149967,177.098608,186.957143,
70,phase2,12,pair_013,1.166678,177.115321,186.973855,
71,phase2,12,pair_013,1.183256,177.131897,186.990433,
72,phase2,12,pair_013,1.200255,177.148896,187.007432,
73,phase2,12,pair_013,1.216619,177.16526,187.023796,
74,phase2,12,pair_013,1.233343,177.181986,187.04052,
75,phase2,12,pair_013,1.249939,177.19858,187.057115,
76,phase2,12,pair_013,1.269209,177.217866,187.076386,
77,phase2,12,pair_013,1.283233,177.231878,187.09041,
78,phase2,12,pair_013,1.299902,177.248549,187.107079,
79,phase2,12,pair_013,1.316657,177.26532,187.123834,
80,phase2,12,pair_013,1.333293,177.281946,187.14047,
81,phase2,12,pair_013,1.349945,177.298588,187.157122,
82,phase2,12,pair_013,1.366612,177.315254,187.173789,
83,phase2,12,pair_013,1.383248,177.33189,187.190425,
84,phase2,12,pair_013,1.39993,177.348572,187.207107,
85,phase2,12,pair_013,1.41661,177.365251,187.223787,
86,phase2,12,pair_013,1.433258,177.3819,187.240435,
87,phase2,12,pair_013,1.449938,177.398579,187.257114,
88,phase2,12,pair_013,1.466598,177.41524,187.273775,
89,phase2,12,pair_013,1.483268,177.431909,187.290445,
90,phase2,12,pair_013,1.499941,177.448582,187.307118,
0,phase2,12,pair_013,0.0,177.465247,187.323777,iti_onset_dur_1.093
1,phase2,12,pair_013,0.016646,177.481887,187.340423,
2,phase2,12,pair_013,0.033334,177.498574,187.35711,
3,phase2,12,pair_013,0.049998,177.515238,187.373774,
4,phase2,12,pair_013,0.066634,177.531874,187.39041,
5,phase2,12,pair_013,0.083313,177.548553,187.40709,
6,phase2,12,pair_013,0.099967,177.565207,187.423744,
7,phase2,12,pair_013,0.116623,177.581864,187.4404,
8,phase2,12,pair_013,0.133295,177.598535,187.457071,
9,phase2,12,pair_013,0.149972,177.615213,187.473749,
10,phase2,12,pair_013,0.166639,177.631879,187.490416,
11,phase2,12,pair_013,0.18329,177.64853,187.507067,
12,phase2,12,pair_013,0.199986,177.665226,187.523762,
13,phase2,12,pair_013,0.216627,177.681867,187.540404,
14,phase2,12,pair_013,0.233319,177.698559,187.557096,
15,phase2,12,pair_013,0.250006,177.715247,187.573783,
16,phase2,12,pair_013,0.266631,177.731871,187.590407,
17,phase2,12,pair_013,0.283259,177.748499,187.607035,
18,phase2,12,pair_013,0.29999,177.76523,187.623766,
19,phase2,12,pair_013,0.316687,177.781927,187.640464,
20,phase2,12,pair_013,0.333284,177.798524,187.657061,
21,phase2,12,pair_013,0.350003,177.815245,187.67378,
22,phase2,12,pair_013,0.366648,177.831888,187.690425,
23,phase2,12,pair_013,0.383294,177.848535,187.707071,
24,phase2,12,pair_013,0.399975,177.865215,187.723752,
25,phase2,12,pair_013,0.416633,177.881873,187.740409,
26,phase2,12,pair_013,0.433337,177.898577,187.757114,
27,phase2,12,pair_013,0.449967,177.915207,187.773744,
28,phase2,12,pair_013,0.466651,177.931891,187.790427,
29,phase2,12,pair_013,0.483289,177.94853,187.807066,
30,phase2,12,pair_013,0.499953,177.965193,187.82373,
31,phase2,12,pair_013,0.516628,177.981868,187.840405,
32,phase2,12,pair_013,0.533314,177.998554,187.857091,
33,phase2,12,pair_013,0.549967,178.015207,187.873744,
34,phase2,12,pair_013,0.566635,178.031876,187.890412,
35,phase2,12,pair_013,0.58365,178.04889,187.907427,
36,phase2,12,pair_013,0.59996,178.0652,187.923737,
37,phase2,12,pair_013,0.616681,178.081921,187.940458,
38,phase2,12,pair_013,0.633338,178.098579,187.957115,
39,phase2,12,pair_013,0.650289,178.115529,187.974066,
40,phase2,12,pair_013,0.666642,178.131882,187.990418,
41,phase2,12,pair_013,0.683346,178.148586,188.007123,
42,phase2,12,pair_013,0.700019,178.165259,188.023796,
43,phase2,12,pair_013,0.716636,178.181876,188.040413,
44,phase2,12,pair_013,0.733304,178.198544,188.057081,
45,phase2,12,pair_013,0.74997,178.21521,188.073747,
46,phase2,12,pair_013,0.766584,178.231829,188.090361,
47,phase2,12,pair_013,0.783304,178.248545,188.107081,
48,phase2,12,pair_013,0.800269,178.265509,188.124045,
49,phase2,12,pair_013,0.816657,178.281897,188.140433,
50,phase2,12,pair_013,0.833337,178.298577,188.157113,
51,phase2,12,pair_013,0.85027,178.31551,188.174047,
52,phase2,12,pair_013,0.866924,178.332164,188.190701,
53,phase2,12,pair_013,0.88333,178.348571,188.207107,
54,phase2,12,pair_013,0.900007,178.365247,188.223784,
55,phase2,12,pair_013,0.916609,178.38185,188.240386,
56,phase2,12,pair_013,0.933607,178.398847,188.257384,
57,phase2,12,pair_013,0.949971,178.415211,188.273747,
58,phase2,12,pair_013,0.966652,178.431892,188.290429,
59,phase2,12,pair_013,0.983298,178.448538,188.307075,
60,phase2,12,pair_013,0.99995,178.46519,188.323726,
61,phase2,12,pair_013,1.01663,178.48187,188.340406,
62,phase2,12,pair_013,1.033325,178.498567,188.357102,
63,phase2,12,pair_013,1.049958,178.515198,188.373734,
64,phase2,12,pair_013,1.066617,178.531857,188.390394,
65,phase2,12,pair_013,1.083583,178.548824,188.40736,
0,phase2,12,pair_013,0.0,179.432201,189.290731,final_choice_onset
1,phase2,12,pair_013,0.016344,179.448543,189.307075,
2,phase2,12,pair_013,0.033447,179.465645,189.324178,
3,phase2,12,pair_013,0.049768,179.481966,189.340499,
4,phase2,12,pair_013,0.066456,179.498654,189.357187,
5,phase2,12,pair_013,0.083058,179.515256,189.373788,
6,phase2,12,pair_013,0.100109,179.532309,189.390839,
7,phase2,12,pair_013,0.116435,179.548636,189.407166,
8,phase2,12,pair_013,0.133091,179.565288,189.423822,
9,phase2,12,pair_013,0.149734,179.581933,189.440465,
10,phase2,12,pair_013,0.166438,179.598638,189.457169,
11,phase2,12,pair_013,0.183423,179.615623,189.474153,
12,phase2,12,pair_013,0.199741,179.631938,189.490472,
13,phase2,12,pair_013,0.21644,179.648638,189.507171,
14,phase2,12,pair_013,0.233463,179.665661,189.524194,
15,phase2,12,pair_013,0.250077,179.682275,189.540808,
16,phase2,12,pair_013,0.26645,179.698648,189.557181,
17,phase2,12,pair_013,0.283102,179.715299,189.573833,
18,phase2,12,pair_013,0.299805,179.732003,189.590536,
19,phase2,12,pair_013,0.316353,179.748551,189.607084,
20,phase2,12,pair_013,0.333086,179.765284,189.623817,
21,phase2,12,pair_013,0.349775,179.781972,189.640506,
22,phase2,12,pair_013,0.366476,179.798674,189.657207,
23,phase2,12,pair_013,0.383044,179.815242,189.673775,
24,phase2,12,pair_013,0.399743,179.831941,189.690474,
25,phase2,12,pair_013,0.416419,179.848616,189.707149,
26,phase2,12,pair_013,0.433129,179.865326,189.723859,
27,phase2,12,pair_013,0.449686,179.881884,189.740416,
28,phase2,12,pair_013,0.466724,179.898921,189.757454,
29,phase2,12,pair_013,0.48307,179.91527,189.773801,
30,phase2,12,pair_013,0.499787,179.931985,189.790518,
31,phase2,12,pair_013,0.516416,179.948613,189.807146,
32,phase2,12,pair_013,0.533385,179.965583,189.824116,
33,phase2,12,pair_013,0.549753,179.98195,189.840483,
34,phase2,12,pair_013,0.566431,179.998628,189.857161,
35,phase2,12,pair_013,0.583368,180.015565,189.874098,
36,phase2,12,pair_013,0.599728,180.031926,189.890459,
37,phase2,12,pair_013,0.616392,180.048589,189.907122,
38,phase2,12,pair_013,0.633132,180.06533,189.923863,
39,phase2,12,pair_013,0.649702,180.0819,189.940433,
40,phase2,12,pair_013,0.666723,180.098926,189.957454,
41,phase2,12,pair_013,0.683082,180.11528,189.973813,
42,phase2,12,pair_013,0.69973,180.131927,189.99046,
43,phase2,12,pair_013,0.716482,180.14868,190.007213,
44,phase2,12,pair_013,0.7334,180.165597,190.02413,
45,phase2,12,pair_013,0.749764,180.181961,190.040494,
46,phase2,12,pair_013,0.766398,180.198596,190.057129,
47,phase2,12,pair_013,0.783062,180.21526,190.073793,
48,phase2,12,pair_013,0.799688,180.231885,190.090418,
49,phase2,12,pair_013,0.816341,180.24854,190.107071,
50,phase2,12,pair_013,0.833021,180.265222,190.123751,
51,phase2,12,pair_013,0.849845,180.282059,190.140576,
52,phase2,12,pair_013,0.866431,180.298643,190.157162,
53,phase2,12,pair_013,0.88317,180.315402,190.173901,
54,phase2,12,pair_013,0.89994,180.332154,190.19067,
55,phase2,12,pair_013,0.916433,180.348645,190.207164,
56,phase2,12,pair_013,0.933073,180.365284,190.223803,
57,phase2,12,pair_013,0.949799,180.382015,190.24053,
58,phase2,12,pair_013,0.966502,180.398714,190.257233,
59,phase2,12,pair_013,0.983092,180.415304,190.273823,
60,phase2,12,pair_013,0.999713,180.431921,190.290444,
61,phase2,12,pair_013,1.016483,180.448697,190.307214,
62,phase2,12,pair_013,1.033085,180.465292,190.323816,
63,phase2,12,pair_013,1.049752,180.481959,190.340483,
64,phase2,12,pair_013,1.066372,180.498576,190.357102,
65,phase2,12,pair_013,1.083015,180.515218,190.373745,
66,phase2,12,pair_013,1.099705,180.531907,190.390435,
67,phase2,12,pair_013,1.116379,180.548585,190.407109,
68,phase2,12,pair_013,1.133012,180.565216,190.423742,
69,phase2,12,pair_013,1.149728,180.581931,190.440459,
70,phase2,12,pair_013,1.166356,180.59856,190.457087,
71,phase2,12,pair_013,1.183012,180.615214,190.473743,
72,phase2,12,pair_013,1.199699,180.6319,190.49043,
73,phase2,12,pair_013,1.216334,180.648534,190.507064,
74,phase2,12,pair_013,1.233002,180.665211,190.523733,
75,phase2,12,pair_013,1.249685,180.681886,190.540416,
76,phase2,12,pair_013,1.266347,180.698547,190.557078,
77,phase2,12,pair_013,1.283021,180.715224,190.573751,
78,phase2,12,pair_013,1.299756,180.731968,190.590487,
79,phase2,12,pair_013,1.31638,180.748585,190.60711,
80,phase2,12,pair_013,1.333062,180.765261,190.623793,
81,phase2,12,pair_013,1.349723,180.781922,190.640454,
82,phase2,12,pair_013,1.366394,180.798594,190.657125,
83,phase2,12,pair_013,1.38305,180.815249,190.673781,
84,phase2,12,pair_013,1.399671,180.83187,190.690402,
85,phase2,12,pair_013,1.416367,180.848565,190.707098,
86,phase2,12,pair_013,1.433051,180.865249,190.723781,
87,phase2,12,pair_013,1.449693,180.881898,190.740424,
88,phase2,12,pair_013,1.466366,180.898564,190.757097,
89,phase2,12,pair_013,1.483064,180.915262,190.773794,
90,phase2,12,pair_013,1.499717,180.931914,190.790447,
91,phase2,12,pair_013,1.516379,180.948577,190.80711,
92,phase2,12,pair_013,1.533053,180.96525,190.823783,
93,phase2,12,pair_013,1.54972,180.981918,190.84045,
94,phase2,12,pair_013,1.566388,180.998586,190.857119,
95,phase2,12,pair_013,1.583041,181.015239,190.873772,
96,phase2,12,pair_013,1.599652,181.03185,190.890383,
97,phase2,12,pair_013,1.616356,181.048554,190.907087,
98,phase2,12,pair_013,1.633048,181.065248,190.923778,
99,phase2,12,pair_013,1.649703,181.081901,190.940434,
100,phase2,12,pair_013,1.666384,181.09898,190.957114,
101,phase2,12,pair_013,1.683033,181.11523,190.973763,
102,phase2,12,pair_013,1.699697,181.131895,190.990428,
103,phase2,12,pair_013,1.716324,181.148521,191.007054,
104,phase2,12,pair_013,1.733043,181.165241,191.023774,
105,phase2,12,pair_013,1.749692,181.181889,191.040422,
106,phase2,12,pair_013,1.76637,181.198567,191.0571,
107,phase2,12,pair_013,1.78301,181.215207,191.07374,
108,phase2,12,pair_013,1.79969,181.231887,191.09042,
109,phase2,12,pair_013,1.816352,181.248557,191.107083,
110,phase2,12,pair_013,1.83301,181.265207,191.12374,
111,phase2,12,pair_013,1.849691,181.281888,191.140421,
112,phase2,12,pair_013,1.866359,181.298556,191.157089,
113,phase2,12,pair_013,1.88303,181.315228,191.173761,
114,phase2,12,pair_013,1.899674,181.331872,191.190405,
115,phase2,12,pair_013,1.916341,181.348538,191.207072,
116,phase2,12,pair_013,1.933035,181.365233,191.223766,
117,phase2,12,pair_013,1.949724,181.381923,191.240455,
118,phase2,12,pair_013,1.966361,181.398559,191.257092,
119,phase2,12,pair_013,1.983005,181.415202,191.273735,
120,phase2,12,pair_013,1.999661,181.431858,191.290391,
121,phase2,12,pair_013,2.01633,181.448528,191.307061,
122,phase2,12,pair_013,2.033024,181.465224,191.323755,
123,phase2,12,pair_013,2.049685,181.481883,191.340416,
124,phase2,12,pair_013,2.06634,181.498538,191.357071,
125,phase2,12,pair_013,2.082991,181.51519,191.373722,
126,phase2,12,pair_013,2.099707,181.531905,191.390438,
127,phase2,12,pair_013,2.116723,181.548921,191.407454,
128,phase2,12,pair_013,2.133333,181.56553,191.424063,
129,phase2,12,pair_013,2.149705,181.581905,191.440435,
130,phase2,12,pair_013,2.166377,181.598575,191.457108,
131,phase2,12,pair_013,2.183118,181.615316,191.473848,
132,phase2,12,pair_013,2.199986,181.632184,191.490717,
133,phase2,12,pair_013,2.21638,181.648579,191.50711,
134,phase2,12,pair_013,2.233086,181.665284,191.523817,
135,phase2,12,pair_013,2.249694,181.681891,191.540424,
136,phase2,12,pair_013,2.266392,181.69859,191.557123,
137,phase2,12,pair_013,2.28302,181.715217,191.57375,
138,phase2,12,pair_013,2.299713,181.731911,191.590444,
139,phase2,12,pair_013,2.316307,181.748504,191.607037,
140,phase2,12,pair_013,2.33334,181.765538,191.624071,
141,phase2,12,pair_013,2.349723,181.781921,191.640454,
142,phase2,12,pair_013,2.366402,181.798599,191.657132,
143,phase2,12,pair_013,2.38309,181.815288,191.673821,
144,phase2,12,pair_013,2.400011,181.832209,191.690742,
145,phase2,12,pair_013,2.41635,181.848547,191.70708,
146,phase2,12,pair_013,2.433027,181.865224,191.723758,
147,phase2,12,pair_013,2.449702,181.881902,191.740432,
148,phase2,12,pair_013,2.466332,181.898531,191.757062,
149,phase2,12,pair_013,2.483308,181.915505,191.774038,
150,phase2,12,pair_013,2.499699,181.931896,191.79043,
151,phase2,12,pair_013,2.516287,181.948485,191.807018,
152,phase2,12,pair_013,2.533323,181.96552,191.824053,
153,phase2,12,pair_013,2.54997,181.982168,191.840701,
154,phase2,12,pair_013,2.566354,181.998551,191.857085,
155,phase2,12,pair_013,2.583058,182.015255,191.873788,
156,phase2,12,pair_013,2.599663,182.031861,191.890394,
157,phase2,12,pair_013,2.616651,182.048848,191.907381,
158,phase2,12,pair_013,2.632984,182.065181,191.923714,
159,phase2,12,pair_013,2.649693,182.081894,191.940423,
160,phase2,12,pair_013,2.66635,182.098547,191.957081,
161,phase2,12,pair_013,2.683317,182.115514,191.974047,
162,phase2,12,pair_013,2.699667,182.131869,191.990398,
163,phase2,12,pair_013,2.716372,182.14857,192.007103,
164,phase2,12,pair_013,2.733065,182.165262,192.023795,
165,phase2,12,pair_013,2.749985,182.182183,192.040716,
166,phase2,12,pair_013,2.766606,182.198803,192.057337,
167,phase2,12,pair_013,2.783046,182.215243,192.073777,
168,phase2,12,pair_013,2.799758,182.231958,192.090489,
169,phase2,12,pair_013,2.816329,182.248527,192.10706,
170,phase2,12,pair_013,2.832999,182.265205,192.12373,
171,phase2,12,pair_013,2.849695,182.281893,192.140426,
172,phase2,12,pair_013,2.866342,182.298539,192.157072,
173,phase2,12,pair_013,2.882995,182.315193,192.173726,
174,phase2,12,pair_013,2.899959,182.332157,192.19069,
175,phase2,12,pair_013,2.916369,182.348566,192.2071,
176,phase2,12,pair_013,2.933045,182.365242,192.223776,
177,phase2,12,pair_013,2.949678,182.381875,192.240409,
178,phase2,12,pair_013,2.966645,182.398842,192.257376,
179,phase2,12,pair_013,2.983018,182.415215,192.273749,
180,phase2,12,pair_013,2.999657,182.431855,192.290388,
181,phase2,12,pair_013,3.016331,182.448528,192.307061,
182,phase2,12,pair_013,3.032964,182.465161,192.323695,
183,phase2,12,pair_013,3.049667,182.481865,192.340398,
184,phase2,12,pair_013,3.066339,182.498536,192.35707,
185,phase2,12,pair_013,3.082942,182.51514,192.373673,
186,phase2,12,pair_013,3.099972,182.532169,192.390702,
187,phase2,12,pair_013,3.116607,182.548804,192.407337,
188,phase2,12,pair_013,3.132994,182.565191,192.423724,
189,phase2,12,pair_013,3.149653,182.581851,192.440384,
190,phase2,12,pair_013,3.16631,182.598507,192.457041,
191,phase2,12,pair_013,3.183243,182.61544,192.473973,
192,phase2,12,pair_013,3.199663,182.63186,192.490393,
193,phase2,12,pair_013,3.216604,182.648801,192.507335,
194,phase2,12,pair_013,3.233297,182.665495,192.524028,
195,phase2,12,pair_013,3.249942,182.682139,192.540672,
196,phase2,12,pair_013,3.266276,182.698474,192.557007,
197,phase2,12,pair_013,3.282982,182.715179,192.573712,
198,phase2,12,pair_013,3.299964,182.732175,192.590695,
199,phase2,12,pair_013,3.316234,182.748431,192.606964,
200,phase2,12,pair_013,3.332964,182.765161,192.623695,
201,phase2,12,pair_013,3.349703,182.781901,192.640434,
202,phase2,12,pair_013,3.366285,182.798483,192.657015,
203,phase2,12,pair_013,3.383291,182.815489,192.674022,
204,phase2,12,pair_013,3.399711,182.831909,192.690442,
205,phase2,12,pair_013,3.416293,182.848491,192.707024,
206,phase2,12,pair_013,3.433059,182.865257,192.72379,
207,phase2,12,pair_013,3.449956,182.882153,192.740686,
208,phase2,12,pair_013,3.46659,182.898787,192.75732,
209,phase2,12,pair_013,3.483026,182.915224,192.773757,
210,phase2,12,pair_013,3.499712,182.93191,192.790443,
211,phase2,12,pair_013,3.516311,182.948508,192.807042,
212,phase2,12,pair_013,3.533253,182.96545,192.823983,
213,phase2,12,pair_013,3.549669,182.981867,192.8404,
214,phase2,12,pair_013,3.566293,182.99849,192.857023,
215,phase2,12,pair_013,3.582967,183.015164,192.873697,
216,phase2,12,pair_013,3.599926,183.032124,192.890657,
217,phase2,12,pair_013,3.616299,183.048496,192.907029,
218,phase2,12,pair_013,3.632972,183.06517,192.923703,
219,phase2,12,pair_013,3.649646,183.081843,192.940376,
220,phase2,12,pair_013,3.666287,183.098485,192.957018,
221,phase2,12,pair_013,3.683028,183.115225,192.973759,
222,phase2,12,pair_013,3.699655,183.131852,192.990386,
223,phase2,12,pair_013,3.71629,183.148488,193.00702,
224,phase2,12,pair_013,3.732961,183.165158,193.023691,
225,phase2,12,pair_013,3.749656,183.181854,193.040387,
226,phase2,12,pair_013,3.766282,183.198479,193.057012,
227,phase2,12,pair_013,3.782973,183.21517,193.073704,
228,phase2,12,pair_013,3.799596,183.231793,193.090326,
229,phase2,12,pair_013,3.816346,183.248543,193.107077,
230,phase2,12,pair_013,3.832967,183.265164,193.123698,
231,phase2,12,pair_013,3.849636,183.281835,193.140366,
232,phase2,12,pair_013,3.866291,183.298495,193.157022,
233,phase2,12,pair_013,3.883259,183.315457,193.17399,
234,phase2,12,pair_013,3.899618,183.331816,193.190349,
235,phase2,12,pair_013,3.91638,183.348578,193.207111,
236,phase2,12,pair_013,3.933282,183.365479,193.224012,
237,phase2,12,pair_013,3.949746,183.381944,193.240477,
238,phase2,12,pair_013,3.966377,183.398581,193.257108,
239,phase2,12,pair_013,3.983078,183.415275,193.273808,
240,phase2,12,pair_013,3.999739,183.431941,193.29047,
241,phase2,12,pair_013,4.016435,183.448634,193.307165,
242,phase2,12,pair_013,4.033072,183.465269,193.323802,
243,phase2,12,pair_013,4.050044,183.482241,193.340774,
244,phase2,12,pair_013,4.066358,183.498555,193.357088,
245,phase2,12,pair_013,4.083037,183.515235,193.373768,
246,phase2,12,pair_013,4.100023,183.53222,193.390753,
247,phase2,12,pair_013,4.116393,183.548592,193.407124,
248,phase2,12,pair_013,4.133079,183.565279,193.423809,
249,phase2,12,pair_013,4.149747,183.581948,193.440478,
250,phase2,12,pair_013,4.166365,183.598563,193.457096,
251,phase2,12,pair_013,4.183386,183.615584,193.474117,
252,phase2,12,pair_013,4.199728,183.631925,193.490458,
253,phase2,12,pair_013,4.21639,183.64859,193.50712,
254,phase2,12,pair_013,4.233069,183.665266,193.5238,
255,phase2,12,pair_013,4.249704,183.681901,193.540434,
256,phase2,12,pair_013,4.266401,183.698599,193.557132,
257,phase2,12,pair_013,4.283069,183.715267,193.5738,
258,phase2,12,pair_013,4.299803,183.732001,193.590534,
259,phase2,12,pair_013,4.316342,183.748539,193.607072,
260,phase2,12,pair_013,4.333042,183.76524,193.623773,
261,phase2,12,pair_013,4.349726,183.781925,193.640457,
262,phase2,12,pair_013,4.366431,183.798628,193.657161,
263,phase2,12,pair_013,4.383038,183.815237,193.673768,
264,phase2,12,pair_013,4.400016,183.832213,193.690746,
265,phase2,12,pair_013,4.416378,183.848575,193.707108,
266,phase2,12,pair_013,4.4331,183.865299,193.723831,
267,phase2,12,pair_013,4.450059,183.882257,193.74079,
268,phase2,12,pair_013,4.466359,183.898556,193.75709,
269,phase2,12,pair_013,4.48304,183.915237,193.77377,
270,phase2,12,pair_013,4.499691,183.931888,193.790422,
271,phase2,12,pair_013,4.516324,183.948523,193.807055,
272,phase2,12,pair_013,4.533353,183.96555,193.824083,
273,phase2,12,pair_013,4.549724,183.981923,193.840454,
274,phase2,12,pair_013,4.566373,183.99857,193.857103,
275,phase2,12,pair_013,4.583043,184.015242,193.873774,
276,phase2,12,pair_013,4.599703,184.031901,193.890434,
277,phase2,12,pair_013,4.616384,184.048583,193.907115,
278,phase2,12,pair_013,4.633056,184.065255,193.923787,
279,phase2,12,pair_013,4.65001,184.082208,193.940741,
280,phase2,12,pair_013,4.666681,184.098878,193.957411,
281,phase2,12,pair_013,4.683022,184.11522,193.973753,
282,phase2,12,pair_013,4.699718,184.131917,193.990449,
283,phase2,12,pair_013,4.716415,184.148613,194.007146,
284,phase2,12,pair_013,4.733361,184.165558,194.024092,
285,phase2,12,pair_013,4.749713,184.18191,194.040443,
286,phase2,12,pair_013,4.766385,184.198582,194.057115,
287,phase2,12,pair_013,4.783082,184.21528,194.073813,
288,phase2,12,pair_013,4.799692,184.231889,194.090422,
289,phase2,12,pair_013,4.816677,184.248875,194.107408,
290,phase2,12,pair_013,4.833067,184.265266,194.123797,
291,phase2,12,pair_013,4.84967,184.281867,194.140401,
292,phase2,12,pair_013,4.866384,184.298582,194.157115,
293,phase2,12,pair_013,4.883317,184.315522,194.174048,
294,phase2,12,pair_013,4.89969,184.331888,194.190421,
295,phase2,12,pair_013,4.916369,184.348567,194.2071,
296,phase2,12,pair_013,4.933039,184.365237,194.22377,
297,phase2,12,pair_013,4.950007,184.382204,194.240737,
298,phase2,12,pair_013,4.966372,184.398569,194.257102,
299,phase2,12,pair_013,4.983079,184.415276,194.273809,
300,phase2,12,pair_013,4.99995,184.432148,194.29068,
301,phase2,12,pair_013,5.016291,184.448489,194.307022,
302,phase2,12,pair_013,5.033041,184.46524,194.323772,
303,phase2,12,pair_013,5.049735,184.481932,194.340465,
304,phase2,12,pair_013,5.066378,184.498575,194.357108,
305,phase2,12,pair_013,5.082991,184.515189,194.373722,
306,phase2,12,pair_013,5.099744,184.531943,194.390474,
307,phase2,12,pair_013,5.116388,184.548586,194.407119,
308,phase2,12,pair_013,5.133039,184.565238,194.42377,
309,phase2,12,pair_013,5.150029,184.582226,194.440759,
310,phase2,12,pair_013,5.16638,184.598577,194.45711,
311,phase2,12,pair_013,5.183054,184.615254,194.473785,
312,phase2,12,pair_013,5.199657,184.631854,194.490387,
313,phase2,12,pair_013,5.216369,184.648566,194.507099,
314,phase2,12,pair_013,5.233317,184.665515,194.524048,
315,phase2,12,pair_013,5.249699,184.681896,194.54043,
316,phase2,12,pair_013,5.266387,184.698585,194.557118,
317,phase2,12,pair_013,5.283024,184.715221,194.573755,
318,phase2,12,pair_013,5.299989,184.732187,194.59072,
319,phase2,12,pair_013,5.316317,184.748514,194.607047,
320,phase2,12,pair_013,5.333031,184.765229,194.623762,
321,phase2,12,pair_013,5.350019,184.782217,194.64075,
322,phase2,12,pair_013,5.366663,184.79886,194.657394,
323,phase2,12,pair_013,5.383013,184.81521,194.673743,
324,phase2,12,pair_013,5.399718,184.831915,194.690449,
325,phase2,12,pair_013,5.416353,184.84855,194.707084,
326,phase2,12,pair_013,5.433339,184.865536,194.724069,
327,phase2,12,pair_013,5.449686,184.881883,194.740416,
328,phase2,12,pair_013,5.466359,184.898557,194.75709,
329,phase2,12,pair_013,5.483068,184.915266,194.773799,
330,phase2,12,pair_013,5.499983,184.932181,194.790714,
331,phase2,12,pair_013,5.516344,184.948542,194.807075,
332,phase2,12,pair_013,5.533011,184.965208,194.823741,
333,phase2,12,pair_013,5.549733,184.98193,194.840463,
334,phase2,12,pair_013,5.566637,184.998836,194.857368,
335,phase2,12,pair_013,5.583012,185.01521,194.873743,
336,phase2,12,pair_013,5.599693,185.03189,194.890423,
337,phase2,12,pair_013,5.61638,185.048577,194.90711,
338,phase2,12,pair_013,5.632995,185.065196,194.923726,
339,phase2,12,pair_013,5.649969,185.082167,194.9407,
340,phase2,12,pair_013,5.666346,185.098543,194.957076,
341,phase2,12,pair_013,5.68302,185.115218,194.973751,
342,phase2,12,pair_013,5.699663,185.131862,194.990394,
343,phase2,12,pair_013,5.716645,185.148842,195.007375,
344,phase2,12,pair_013,5.73302,185.165217,195.02375,
345,phase2,12,pair_013,5.74972,185.181919,195.040451,
346,phase2,12,pair_013,5.766284,185.198481,195.057014,
347,phase2,12,pair_013,5.783321,185.215518,195.074051,
348,phase2,12,pair_013,5.799711,185.23191,195.090442,
349,phase2,12,pair_013,5.816398,185.248596,195.107129,
350,phase2,12,pair_013,5.833056,185.265253,195.123786,
351,phase2,12,pair_013,5.84998,185.282177,195.140711,
352,phase2,12,pair_013,5.866326,185.298524,195.157057,
353,phase2,12,pair_013,5.883018,185.315215,195.173748,
354,phase2,12,pair_013,5.899953,185.332151,195.190684,
355,phase2,12,pair_013,5.916308,185.348505,195.207039,
356,phase2,12,pair_013,5.933101,185.365298,195.223831,
357,phase2,12,pair_013,5.949658,185.381856,195.240389,
358,phase2,12,pair_013,5.966405,185.398606,195.257136,
359,phase2,12,pair_013,5.983346,185.415544,195.274077,
360,phase2,12,pair_013,5.999626,185.43183,195.290357,
361,phase2,12,pair_013,6.016377,185.448576,195.307107,
362,phase2,12,pair_013,6.033068,185.465266,195.323799,
363,phase2,12,pair_013,6.049638,185.481836,195.340369,
364,phase2,12,pair_013,6.066625,185.498822,195.357355,
365,phase2,12,pair_013,6.082996,185.515194,195.373727,
366,phase2,12,pair_013,6.09967,185.531867,195.3904,
367,phase2,12,pair_013,6.116327,185.548525,195.407058,
368,phase2,12,pair_013,6.133311,185.565508,195.424041,
369,phase2,12,pair_013,6.149673,185.581871,195.440404,
370,phase2,12,pair_013,6.166406,185.598603,195.457136,
371,phase2,12,pair_013,6.183331,185.615528,195.474062,
372,phase2,12,pair_013,6.199597,185.631795,195.490328,
373,phase2,12,pair_013,6.216312,185.648509,195.507042,
374,phase2,12,pair_013,6.233048,185.665246,195.523779,
375,phase2,12,pair_013,6.249663,185.68186,195.540394,
376,phase2,12,pair_013,6.266631,185.698829,195.557362,
377,phase2,12,pair_013,6.282993,185.715194,195.573724,
378,phase2,12,pair_013,6.299661,185.731859,195.590392,
379,phase2,12,pair_013,6.316531,185.748729,195.607262,
380,phase2,12,pair_013,6.33331,185.765508,195.624041,
381,phase2,12,pair_013,6.34966,185.781861,195.640391,
382,phase2,12,pair_013,6.366354,185.798551,195.657084,
383,phase2,12,pair_013,6.383032,185.81523,195.673763,
384,phase2,12,pair_013,6.399973,185.832171,195.690704,
385,phase2,12,pair_013,6.416336,185.848533,195.707066,
386,phase2,12,pair_013,6.433029,185.865226,195.723759,
387,phase2,12,pair_013,6.449669,185.881866,195.7404,
388,phase2,12,pair_013,6.46667,185.898867,195.757401,
389,phase2,12,pair_013,6.483281,185.915478,195.774011,
390,phase2,12,pair_013,6.499613,185.93181,195.790343,
391,phase2,12,pair_013,6.516283,185.94848,195.807013,
392,phase2,12,pair_013,6.532998,185.965198,195.823729,
393,phase2,12,pair_013,6.549624,185.981822,195.840354,
394,phase2,12,pair_013,6.566309,185.998507,195.85704,
395,phase2,12,pair_013,6.583018,186.015215,195.873748,
396,phase2,12,pair_013,6.599644,186.031844,195.890375,
397,phase2,12,pair_013,6.616626,186.048824,195.907357,
398,phase2,12,pair_013,6.632972,186.06517,195.923702,
399,phase2,12,pair_013,6.64989,186.082087,195.94062,
400,phase2,12,pair_013,6.666564,186.098761,195.957294,
401,phase2,12,pair_013,6.682977,186.115174,195.973708,
402,phase2,12,pair_013,6.699626,186.131823,195.990356,
403,phase2,12,pair_013,6.716338,186.148535,196.007068,
404,phase2,12,pair_013,6.732988,186.165187,196.023719,
405,phase2,12,pair_013,6.749647,186.181844,196.040378,
406,phase2,12,pair_013,6.766303,186.1985,196.057034,
407,phase2,12,pair_013,6.782992,186.215189,196.073722,
408,phase2,12,pair_013,6.799689,186.231888,196.090419,
409,phase2,12,pair_013,6.816596,186.248793,196.107327,
410,phase2,12,pair_013,6.83299,186.265188,196.12372,
411,phase2,12,pair_013,6.849645,186.281843,196.140376,
412,phase2,12,pair_013,6.866316,186.298514,196.157047,
413,phase2,12,pair_013,6.882963,186.315161,196.173694,
414,phase2,12,pair_013,6.899628,186.331825,196.190358,
415,phase2,12,pair_013,6.91636,186.348557,196.20709,
416,phase2,12,pair_013,6.933024,186.365221,196.223754,
417,phase2,12,pair_013,6.94962,186.381817,196.24035,
418,phase2,12,pair_013,6.966608,186.398805,196.257338,
419,phase2,12,pair_013,6.982989,186.415187,196.27372,
420,phase2,12,pair_013,6.999709,186.431906,196.290439,
421,phase2,12,pair_013,7.016307,186.448504,196.307037,
422,phase2,12,pair_013,7.032957,186.465154,196.323688,
423,phase2,12,pair_013,7.049611,186.481809,196.340342,
424,phase2,12,pair_013,7.06631,186.498508,196.357041,
425,phase2,12,pair_013,7.082963,186.515161,196.373694,
426,phase2,12,pair_013,7.099939,186.532136,196.390669,
427,phase2,12,pair_013,7.116238,186.548436,196.406969,
428,phase2,12,pair_013,7.132983,186.565181,196.423714,
429,phase2,12,pair_013,7.149676,186.581874,196.440407,
430,phase2,12,pair_013,7.166624,186.598821,196.457354,
431,phase2,12,pair_013,7.182972,186.615169,196.473702,
432,phase2,12,pair_013,7.199634,186.631831,196.490364,
433,phase2,12,pair_013,7.216364,186.648561,196.507094,
434,phase2,12,pair_013,7.232951,186.665148,196.523682,
435,phase2,12,pair_013,7.249914,186.682112,196.540645,
436,phase2,12,pair_013,7.26631,186.698507,196.557041,
437,phase2,12,pair_013,7.28301,186.715207,196.57374,
438,phase2,12,pair_013,7.29994,186.732137,196.59067,
439,phase2,12,pair_013,7.316564,186.748761,196.607294,
440,phase2,12,pair_013,7.332943,186.76514,196.623674,
441,phase2,12,pair_013,7.349696,186.781894,196.640427,
442,phase2,12,pair_013,7.366291,186.798489,196.657022,
443,phase2,12,pair_013,7.383276,186.815473,196.674006,
444,phase2,12,pair_013,7.399615,186.831813,196.690346,
445,phase2,12,pair_013,7.416279,186.848476,196.707009,
446,phase2,12,pair_013,7.432953,186.865151,196.723684,
447,phase2,12,pair_013,7.449937,186.882135,196.740668,
448,phase2,12,pair_013,7.466299,186.898496,196.757029,
449,phase2,12,pair_013,7.482944,186.915142,196.773675,
450,phase2,12,pair_013,7.499586,186.931783,196.790317,
451,phase2,12,pair_013,7.516268,186.948465,196.806998,
452,phase2,12,pair_013,7.532988,186.965185,196.823718,
453,phase2,12,pair_013,7.549627,186.981824,196.840357,
454,phase2,12,pair_013,7.566275,186.998472,196.857005,
455,phase2,12,pair_013,7.583278,187.015475,196.874008,
456,phase2,12,pair_013,7.59989,187.032087,196.890621,
457,phase2,12,pair_013,7.616329,187.048527,196.907059,
458,phase2,12,pair_013,7.632865,187.065063,196.923596,
459,phase2,12,pair_013,7.649588,187.081785,196.940319,
460,phase2,12,pair_013,7.666561,187.098759,196.957292,
461,phase2,12,pair_013,7.682946,187.115151,196.973677,
462,phase2,12,pair_013,7.699601,187.131798,196.990331,
463,phase2,12,pair_013,7.716598,187.148796,197.007329,
464,phase2,12,pair_013,7.733246,187.165443,197.023977,
465,phase2,12,pair_013,7.749631,187.181829,197.040362,
466,phase2,12,pair_013,7.766268,187.198465,197.056998,
467,phase2,12,pair_013,7.782948,187.215146,197.073679,
468,phase2,12,pair_013,7.799578,187.231775,197.090309,
469,phase2,12,pair_013,7.816332,187.248529,197.107063,
470,phase2,12,pair_013,7.832955,187.265155,197.123686,
471,phase2,12,pair_013,7.849922,187.282121,197.140652,
472,phase2,12,pair_013,7.86636,187.298557,197.15709,
473,phase2,12,pair_013,7.883069,187.315266,197.1738,
474,phase2,12,pair_013,7.900018,187.332215,197.190749,
475,phase2,12,pair_013,7.916393,187.348593,197.207124,
476,phase2,12,pair_013,7.933009,187.365207,197.22374,
477,phase2,12,pair_013,7.94977,187.38197,197.240501,
478,phase2,12,pair_013,7.966683,187.39888,197.257414,
479,phase2,12,pair_013,7.983042,187.415239,197.273772,
480,phase2,12,pair_013,7.999705,187.431903,197.290436,
481,phase2,12,pair_013,8.016406,187.448604,197.307137,
482,phase2,12,pair_013,8.033038,187.465236,197.323769,
483,phase2,12,pair_013,8.049673,187.481873,197.340403,
484,phase2,12,pair_013,8.066372,187.49857,197.357103,
485,phase2,12,pair_013,8.083047,187.515245,197.373778,
486,phase2,12,pair_013,8.099711,187.531908,197.390441,
487,phase2,12,pair_013,8.116631,187.548829,197.407362,
488,phase2,12,pair_013,8.133015,187.565212,197.423746,
489,phase2,12,pair_013,8.149697,187.581896,197.440427,
490,phase2,12,pair_013,8.166344,187.598542,197.457075,
491,phase2,12,pair_013,8.18334,187.615537,197.474071,
492,phase2,12,pair_013,8.199694,187.631891,197.490425,
493,phase2,12,pair_013,8.216349,187.648548,197.507079,
494,phase2,12,pair_013,8.233042,187.665239,197.523772,
495,phase2,12,pair_013,8.250017,187.682214,197.540748,
496,phase2,12,pair_013,8.26637,187.698569,197.557101,
497,phase2,12,pair_013,8.283037,187.715234,197.573768,
498,phase2,12,pair_013,8.299744,187.731941,197.590474,
499,phase2,12,pair_013,8.316654,187.748851,197.607384,
500,phase2,12,pair_013,8.333027,187.765224,197.623758,
501,phase2,12,pair_013,8.349707,187.781904,197.640437,
502,phase2,12,pair_013,8.366419,187.798616,197.657149,
503,phase2,12,pair_013,8.38336,187.815557,197.674091,
504,phase2,12,pair_013,8.399984,187.832181,197.690714,
505,phase2,12,pair_013,8.41634,187.848537,197.70707,
506,phase2,12,pair_013,8.433075,187.865272,197.723805,
507,phase2,12,pair_013,8.44968,187.881877,197.74041,
508,phase2,12,pair_013,8.466342,187.898543,197.757073,
509,phase2,12,pair_013,8.483017,187.915214,197.773747,
510,phase2,12,pair_013,8.499729,187.931928,197.790459,
511,phase2,12,pair_013,8.516345,187.948542,197.807075,
512,phase2,12,pair_013,8.533326,187.965523,197.824057,
513,phase2,12,pair_013,8.549699,187.981896,197.840429,
514,phase2,12,pair_013,8.566343,187.998541,197.857074,
515,phase2,12,pair_013,8.582978,188.015178,197.873709,
516,phase2,12,pair_013,8.59968,188.03188,197.89041,
517,phase2,12,pair_013,8.616376,188.048573,197.907106,
518,phase2,12,pair_013,8.633024,188.065222,197.923754,
519,phase2,12,pair_013,8.649677,188.081874,197.940408,
520,phase2,12,pair_013,8.666361,188.098558,197.957091,
521,phase2,12,pair_013,8.683023,188.11522,197.973753,
522,phase2,12,pair_013,8.699684,188.131881,197.990415,
523,phase2,12,pair_013,8.716395,188.148592,198.007125,
524,phase2,12,pair_013,8.732995,188.165192,198.023726,
525,phase2,12,pair_013,8.749675,188.181872,198.040405,
526,phase2,12,pair_013,8.766337,188.198535,198.057068,
527,phase2,12,pair_013,8.783016,188.215213,198.073747,
528,phase2,12,pair_013,8.799629,188.231827,198.09036,
529,phase2,12,pair_013,8.816339,188.248537,198.10707,
530,phase2,12,pair_013,8.833015,188.265213,198.123746,
531,phase2,12,pair_013,8.84995,188.282148,198.140681,
532,phase2,12,pair_013,8.866635,188.298834,198.157366,
533,phase2,12,pair_013,8.883306,188.315503,198.174037,
534,phase2,12,pair_013,8.899681,188.331879,198.190411,
535,phase2,12,pair_013,8.916387,188.348585,198.207118,
536,phase2,12,pair_013,8.933014,188.365211,198.223744,
537,phase2,12,pair_013,8.94999,188.382188,198.240721,
538,phase2,12,pair_013,8.966341,188.398539,198.257072,
539,phase2,12,pair_013,8.982992,188.41519,198.273723,
540,phase2,12,pair_013,8.999947,188.432145,198.290677,
541,phase2,12,pair_013,9.01664,188.448837,198.30737,
542,phase2,12,pair_013,9.032988,188.465185,198.323719,
543,phase2,12,pair_013,9.049706,188.481903,198.340437,
544,phase2,12,pair_013,9.066314,188.498511,198.357044,
545,phase2,12,pair_013,9.083015,188.515213,198.373746,
546,phase2,12,pair_013,9.099672,188.531869,198.390402,
547,phase2,12,pair_013,9.116347,188.548545,198.407078,
548,phase2,12,pair_013,9.133049,188.565246,198.423779,
549,phase2,12,pair_013,9.149649,188.58185,198.440379,
550,phase2,12,pair_013,9.166333,188.59853,198.457063,
551,phase2,12,pair_013,9.183022,188.615221,198.473753,
552,phase2,12,pair_013,9.199657,188.631855,198.490387,
553,phase2,12,pair_013,9.216327,188.648524,198.507057,
554,phase2,12,pair_013,9.233331,188.665531,198.524062,
555,phase2,12,pair_013,9.249662,188.681859,198.540392,
556,phase2,12,pair_013,9.266315,188.698512,198.557046,
557,phase2,12,pair_013,9.283314,188.715511,198.574044,
558,phase2,12,pair_013,9.299958,188.732155,198.590689,
559,phase2,12,pair_013,9.316285,188.748483,198.607016,
560,phase2,12,pair_013,9.333043,188.76524,198.623773,
561,phase2,12,pair_013,9.349657,188.781855,198.640387,
562,phase2,12,pair_013,9.366631,188.79883,198.657362,
563,phase2,12,pair_013,9.382989,188.815186,198.67372,
564,phase2,12,pair_013,9.399709,188.831906,198.69044,
565,phase2,12,pair_013,9.416328,188.848526,198.707059,
566,phase2,12,pair_013,9.433309,188.865506,198.724039,
567,phase2,12,pair_013,9.449662,188.88186,198.740393,
568,phase2,12,pair_013,9.466328,188.898525,198.757058,
569,phase2,12,pair_013,9.483264,188.915464,198.773994,
570,phase2,12,pair_013,9.499972,188.932169,198.790702,
571,phase2,12,pair_013,9.516331,188.948529,198.807062,
572,phase2,12,pair_013,9.533024,188.965227,198.823755,
573,phase2,12,pair_013,9.5497,188.981897,198.840431,
574,phase2,12,pair_013,9.56631,188.998508,198.857041,
575,phase2,12,pair_013,9.583269,189.015466,198.873999,
576,phase2,12,pair_013,9.599573,189.031771,198.890303,
577,phase2,12,pair_013,9.616599,189.048796,198.90733,
578,phase2,12,pair_013,9.632981,189.065178,198.923711,
579,phase2,12,pair_013,9.649946,189.082143,198.940676,
580,phase2,12,pair_013,9.666329,189.098526,198.957059,
581,phase2,12,pair_013,9.682966,189.115164,198.973697,
582,phase2,12,pair_013,9.699933,189.13213,198.990664,
583,phase2,12,pair_013,9.716612,189.148809,199.007343,
584,phase2,12,pair_013,9.732993,189.16519,199.023723,
585,phase2,12,pair_013,9.749632,189.181831,199.040362,
586,phase2,12,pair_013,9.766323,189.198521,199.057054,
587,phase2,12,pair_013,9.783275,189.215473,199.074006,
588,phase2,12,pair_013,9.799646,189.231843,199.090376,
589,phase2,12,pair_013,9.816363,189.248561,199.107094,
590,phase2,12,pair_013,9.83323,189.265427,199.123961,
591,phase2,12,pair_013,9.849966,189.282164,199.140697,
592,phase2,12,pair_013,9.866315,189.298514,199.157046,
593,phase2,12,pair_013,9.883012,189.315209,199.173742,
594,phase2,12,pair_013,9.899714,189.331912,199.190445,
595,phase2,12,pair_013,9.916322,189.348519,199.207052,
596,phase2,12,pair_013,9.932956,189.365153,199.223686,
597,phase2,12,pair_013,9.949687,189.381886,199.240418,
598,phase2,12,pair_013,9.966346,189.398543,199.257077,
599,phase2,12,pair_013,9.982971,189.415169,199.273702,
600,phase2,12,pair_013,9.999898,189.432096,199.290629,
601,phase2,12,pair_013,-179.432458,189.432156,9.858273,timeout
0,phase3,12,pair_013,0.0,307.197742,317.056269,stimulus_onset
1,phase3,12,pair_013,0.016695,307.214436,317.072964,
2,phase3,12,pair_013,0.033304,307.231041,317.089573,
3,phase3,12,pair_013,0.049943,307.247681,317.106213,
4,phase3,12,pair_013,0.066663,307.2644,317.122933,
5,phase3,12,pair_013,0.083587,307.281324,317.139857,
6,phase3,12,pair_013,0.099997,307.297734,317.156266,
7,phase3,12,pair_013,0.11664,307.314378,317.17291,
8,phase3,12,pair_013,0.133291,307.331029,317.189561,
9,phase3,12,pair_013,0.150262,307.347999,317.206531,
10,phase3,12,pair_013,0.166662,307.364399,317.222931,
11,phase3,12,pair_013,0.183305,307.381042,317.239574,
12,phase3,12,pair_013,0.199954,307.397694,317.256223,
13,phase3,12,pair_013,0.216613,307.41435,317.272882,
14,phase3,12,pair_013,0.233318,307.431059,317.289588,
15,phase3,12,pair_013,0.249965,307.447702,317.306235,
16,phase3,12,pair_013,0.266622,307.46436,317.322892,
17,phase3,12,pair_013,0.283285,307.481022,317.339554,
18,phase3,12,pair_013,0.299977,307.497717,317.356247,
19,phase3,12,pair_013,0.316661,307.514399,317.372931,
20,phase3,12,pair_013,0.333292,307.531029,317.389561,
21,phase3,12,pair_013,0.349979,307.547718,317.406249,
22,phase3,12,pair_013,0.366609,307.564346,317.422878,
23,phase3,12,pair_013,0.383353,307.581094,317.439622,
24,phase3,12,pair_013,0.399936,307.597674,317.456206,
25,phase3,12,pair_013,0.416596,307.614333,317.472865,
26,phase3,12,pair_013,0.433238,307.630976,317.489508,
27,phase3,12,pair_013,0.450023,307.64777,317.506292,
28,phase3,12,pair_013,0.46661,307.664348,317.52288,
29,phase3,12,pair_013,0.483266,307.681003,317.539535,
30,phase3,12,pair_013,0.500247,307.697985,317.556517,
31,phase3,12,pair_013,0.516639,307.714376,317.572909,
32,phase3,12,pair_013,0.533283,307.73102,317.589552,
33,phase3,12,pair_013,0.54992,307.747657,317.606189,
34,phase3,12,pair_013,0.566916,307.764653,317.623185,
35,phase3,12,pair_013,0.583332,307.781069,317.639601,
36,phase3,12,pair_013,0.599961,307.797698,317.65623,
37,phase3,12,pair_013,0.616612,307.814348,317.672881,
38,phase3,12,pair_013,0.633589,307.831326,317.689858,
39,phase3,12,pair_013,0.649997,307.847735,317.706266,
40,phase3,12,pair_013,0.666601,307.864338,317.72287,
41,phase3,12,pair_013,0.683268,307.881005,317.739538,
42,phase3,12,pair_013,0.699926,307.897663,317.756195,
43,phase3,12,pair_013,0.716613,307.91435,317.772882,
44,phase3,12,pair_013,0.733288,307.931025,317.789557,
45,phase3,12,pair_013,0.74994,307.947678,317.80621,
46,phase3,12,pair_013,0.766901,307.964638,317.82317,
47,phase3,12,pair_013,0.783271,307.981008,317.83954,
48,phase3,12,pair_013,0.800012,307.997749,317.856281,
49,phase3,12,pair_013,0.816603,308.014341,317.872873,
50,phase3,12,pair_013,0.833281,308.031019,317.889551,
51,phase3,12,pair_013,0.849925,308.047662,317.906194,
52,phase3,12,pair_013,0.866622,308.064359,317.922891,
53,phase3,12,pair_013,0.883272,308.081009,317.939541,
54,phase3,12,pair_013,0.899932,308.097669,317.956201,
55,phase3,12,pair_013,0.916615,308.114353,317.972885,
56,phase3,12,pair_013,0.933297,308.131034,317.989566,
57,phase3,12,pair_013,0.94993,308.147667,318.006199,
58,phase3,12,pair_013,0.966559,308.164296,318.022828,
59,phase3,12,pair_013,0.983303,308.18104,318.039572,
60,phase3,12,pair_013,1.000009,308.197746,318.056278,
61,phase3,12,pair_013,1.016612,308.214349,318.072881,
62,phase3,12,pair_013,1.033254,308.230991,318.089524,
63,phase3,12,pair_013,1.050204,308.247941,318.106473,
64,phase3,12,pair_013,1.066612,308.264349,318.122881,
65,phase3,12,pair_013,1.083265,308.281002,318.139534,
66,phase3,12,pair_013,1.099926,308.297664,318.156196,
67,phase3,12,pair_013,1.116916,308.314653,318.173185,
68,phase3,12,pair_013,1.133265,308.331002,318.189534,
69,phase3,12,pair_013,1.14993,308.347667,318.206199,
70,phase3,12,pair_013,1.166597,308.364334,318.222867,
71,phase3,12,pair_013,1.18326,308.380997,318.23953,
72,phase3,12,pair_013,1.199939,308.397676,318.256209,
73,phase3,12,pair_013,1.216617,308.414354,318.272886,
74,phase3,12,pair_013,1.233254,308.430991,318.289523,
75,phase3,12,pair_013,1.250267,308.448004,318.306536,
76,phase3,12,pair_013,1.266881,308.464618,318.32315,
77,phase3,12,pair_013,1.283265,308.481001,318.339534,
78,phase3,12,pair_013,1.299916,308.497653,318.356185,
79,phase3,12,pair_013,1.316583,308.51432,318.372852,
80,phase3,12,pair_013,1.33318,308.530917,318.389449,
81,phase3,12,pair_013,1.349926,308.547665,318.406195,
82,phase3,12,pair_013,1.366578,308.564315,318.422847,
83,phase3,12,pair_013,1.383249,308.580986,318.439518,
84,phase3,12,pair_013,1.399952,308.597689,318.456222,
85,phase3,12,pair_013,1.416517,308.614254,318.472787,
86,phase3,12,pair_013,1.433318,308.631055,318.489587,
87,phase3,12,pair_013,1.449937,308.647678,318.506207,
88,phase3,12,pair_013,1.466916,308.664654,318.523186,
89,phase3,12,pair_013,1.483316,308.681054,318.539586,
90,phase3,12,pair_013,1.499877,308.697614,318.556146,
91,phase3,12,pair_013,1.516592,308.714329,318.572862,
92,phase3,12,pair_013,1.53356,308.731297,318.589829,
93,phase3,12,pair_013,1.54994,308.747678,318.60621,
94,phase3,12,pair_013,1.566572,308.764309,318.622842,
95,phase3,12,pair_013,1.583307,308.78107,318.639576,
96,phase3,12,pair_013,1.59991,308.797647,318.656179,
97,phase3,12,pair_013,1.61663,308.814367,318.6729,
98,phase3,12,pair_013,1.633228,308.830965,318.689498,
99,phase3,12,pair_013,1.649887,308.847624,318.706156,
100,phase3,12,pair_013,1.666535,308.864272,318.722804,
101,phase3,12,pair_013,1.683208,308.880945,318.739477,
102,phase3,12,pair_013,1.700007,308.897744,318.756276,
103,phase3,12,pair_013,1.716649,308.914386,318.772918,
104,phase3,12,pair_013,1.733374,308.931114,318.789643,
105,phase3,12,pair_013,1.750043,308.94778,318.806312,
106,phase3,12,pair_013,1.766694,308.964431,318.822963,
107,phase3,12,pair_013,1.783321,308.981058,318.83959,
108,phase3,12,pair_013,1.800046,308.997783,318.856315,
109,phase3,12,pair_013,1.816643,309.014383,318.872912,
110,phase3,12,pair_013,1.83338,309.031123,318.889649,
111,phase3,12,pair_013,1.850006,309.047745,318.906276,
112,phase3,12,pair_013,1.866678,309.064429,318.922948,
113,phase3,12,pair_013,1.883386,309.081125,318.939656,
114,phase3,12,pair_013,1.900362,309.0981,318.956631,
115,phase3,12,pair_013,1.916708,309.114446,318.972978,
116,phase3,12,pair_013,1.933338,309.131075,318.989607,
117,phase3,12,pair_013,1.950022,309.14776,319.006292,
118,phase3,12,pair_013,1.966732,309.164469,319.023001,
119,phase3,12,pair_013,1.983372,309.181109,319.039641,
120,phase3,12,pair_013,2.000008,309.197745,319.056278,
121,phase3,12,pair_013,2.016628,309.214365,319.072897,
122,phase3,12,pair_013,2.033382,309.231119,319.089651,
123,phase3,12,pair_013,2.04998,309.247718,319.10625,
124,phase3,12,pair_013,2.066691,309.264429,319.122961,
125,phase3,12,pair_013,2.083339,309.281077,319.139609,
126,phase3,12,pair_013,2.100064,309.297804,319.156334,
127,phase3,12,pair_013,2.11669,309.314428,319.17296,
128,phase3,12,pair_013,2.13336,309.331097,319.189629,
129,phase3,12,pair_013,2.150012,309.347749,319.206281,
130,phase3,12,pair_013,2.166677,309.364414,319.222946,
131,phase3,12,pair_013,2.183689,309.381426,319.239959,
132,phase3,12,pair_013,2.200019,309.397756,319.256288,
133,phase3,12,pair_013,2.216688,309.414425,319.272958,
134,phase3,12,pair_013,2.233325,309.431063,319.289595,
135,phase3,12,pair_013,2.250006,309.447745,319.306275,
136,phase3,12,pair_013,2.266647,309.464384,319.322917,
137,phase3,12,pair_013,2.283338,309.481077,319.339607,
138,phase3,12,pair_013,2.3,309.497737,319.356269,
139,phase3,12,pair_013,2.316728,309.514465,319.372998,
140,phase3,12,pair_013,2.333345,309.531082,319.389614,
141,phase3,12,pair_013,2.350005,309.547742,319.406274,
142,phase3,12,pair_013,2.36666,309.564397,319.422929,
143,phase3,12,pair_013,2.383377,309.581114,319.439647,
144,phase3,12,pair_013,2.400009,309.597773,319.456278,
145,phase3,12,pair_013,2.416692,309.614429,319.472961,
146,phase3,12,pair_013,2.433327,309.631064,319.489597,
147,phase3,12,pair_013,2.450005,309.647742,319.506274,
148,phase3,12,pair_013,2.466642,309.664379,319.522911,
149,phase3,12,pair_013,2.483334,309.681071,319.539604,
150,phase3,12,pair_013,4.750798,311.948736,321.807067,
151,phase3,12,pair_013,4.76658,311.964316,321.822849,
152,phase3,12,pair_013,4.783249,311.980987,321.839518,
153,phase3,12,pair_013,4.799884,311.997622,321.856154,
154,phase3,12,pair_013,4.816578,312.014316,321.872848,
155,phase3,12,pair_013,4.8332,312.03094,321.889469,
156,phase3,12,pair_013,4.850201,312.047939,321.906471,
157,phase3,12,pair_013,4.866838,312.064575,321.923107,
158,phase3,12,pair_013,4.883239,312.080976,321.939508,
159,phase3,12,pair_013,4.899916,312.097653,321.956185,
160,phase3,12,pair_013,4.916863,312.1146,321.973132,
161,phase3,12,pair_013,4.933278,312.131016,321.989547,
162,phase3,12,pair_013,4.949891,312.147628,322.006161,
163,phase3,12,pair_013,4.966574,312.164311,322.022844,
164,phase3,12,pair_013,4.983243,312.18098,322.039512,
165,phase3,12,pair_013,4.999884,312.197621,322.056153,
166,phase3,12,pair_013,5.016586,312.214323,322.072855,
167,phase3,12,pair_013,5.033203,312.230942,322.089472,
168,phase3,12,pair_013,5.050236,312.247975,322.106505,
169,phase3,12,pair_013,5.066565,312.264302,322.122834,
170,phase3,12,pair_013,5.083254,312.280992,322.139524,
171,phase3,12,pair_013,5.099909,312.297646,322.156179,
172,phase3,12,pair_013,5.116588,312.314326,322.172858,
173,phase3,12,pair_013,5.133484,312.331221,322.189753,
174,phase3,12,pair_013,5.14989,312.347627,322.20616,
175,phase3,12,pair_013,5.166568,312.364305,322.222838,
176,phase3,12,pair_013,5.183541,312.381278,322.23981,
177,phase3,12,pair_013,5.199915,312.397652,322.256184,
178,phase3,12,pair_013,5.216546,312.414283,322.272815,
179,phase3,12,pair_013,5.23322,312.430957,322.289489,
180,phase3,12,pair_013,5.250189,312.447926,322.306458,
181,phase3,12,pair_013,5.266855,312.464592,322.323125,
182,phase3,12,pair_013,5.28328,312.481017,322.33955,
183,phase3,12,pair_013,5.299909,312.497646,322.356179,
184,phase3,12,pair_013,5.316844,312.514581,322.373113,
185,phase3,12,pair_013,5.333514,312.531251,322.389783,
186,phase3,12,pair_013,5.349911,312.547648,322.406181,
187,phase3,12,pair_013,5.366557,312.564294,322.422826,
188,phase3,12,pair_013,5.383248,312.580985,322.439517,
189,phase3,12,pair_013,5.39984,312.597578,322.45611,
190,phase3,12,pair_013,5.416562,312.614299,322.472832,
191,phase3,12,pair_013,5.433188,312.630925,322.489457,
192,phase3,12,pair_013,5.449877,312.647615,322.506147,
193,phase3,12,pair_013,5.466508,312.664246,322.522778,
194,phase3,12,pair_013,5.483263,312.681,322.539532,
195,phase3,12,pair_013,5.499893,312.69763,322.556163,
196,phase3,12,pair_013,5.516554,312.714291,322.572823,
197,phase3,12,pair_013,5.533533,312.731271,322.589803,
198,phase3,12,pair_013,5.549899,312.747637,322.606169,
199,phase3,12,pair_013,5.566604,312.764341,322.622873,
200,phase3,12,pair_013,5.583217,312.780953,322.639486,
201,phase3,12,pair_013,5.600202,312.797939,322.656471,
202,phase3,12,pair_013,5.616554,312.814291,322.672823,
203,phase3,12,pair_013,5.63327,312.831007,322.689539,
204,phase3,12,pair_013,5.650001,312.847738,322.706271,
205,phase3,12,pair_013,5.666661,312.864398,322.72293,
206,phase3,12,pair_013,5.683352,312.881089,322.739621,
207,phase3,12,pair_013,5.699954,312.897691,322.756223,
208,phase3,12,pair_013,5.716647,312.914383,322.772916,
209,phase3,12,pair_013,5.733309,312.931046,322.789578,
210,phase3,12,pair_013,5.749997,312.947734,322.806266,
211,phase3,12,pair_013,5.766651,312.964388,322.822921,
212,phase3,12,pair_013,5.783398,312.981136,322.839668,
213,phase3,12,pair_013,5.800013,312.99775,322.856282,
214,phase3,12,pair_013,5.816668,313.014406,322.872938,
215,phase3,12,pair_013,5.833624,313.031361,322.889894,
216,phase3,12,pair_013,5.849978,313.047715,322.906247,
217,phase3,12,pair_013,5.866669,313.064406,322.922938,
218,phase3,12,pair_013,5.883594,313.081331,322.939864,
219,phase3,12,pair_013,5.899994,313.097734,322.956263,
220,phase3,12,pair_013,5.916644,313.114408,322.972913,
221,phase3,12,pair_013,5.933348,313.131085,322.989617,
222,phase3,12,pair_013,5.95,313.147738,323.00627,
223,phase3,12,pair_013,5.966659,313.164396,323.022928,
224,phase3,12,pair_013,5.983307,313.181044,323.039577,
225,phase3,12,pair_013,5.999999,313.197736,323.056268,
226,phase3,12,pair_013,6.016658,313.214395,323.072927,
227,phase3,12,pair_013,6.033594,313.231331,323.089863,
228,phase3,12,pair_013,6.050004,313.247741,323.106274,
229,phase3,12,pair_013,6.066625,313.264362,323.122895,
230,phase3,12,pair_013,6.083291,313.281028,323.13956,
231,phase3,12,pair_013,6.10025,313.297986,323.156519,
232,phase3,12,pair_013,6.116633,313.31437,323.172903,
233,phase3,12,pair_013,6.133303,313.331041,323.189573,
234,phase3,12,pair_013,6.149998,313.347735,323.206267,
235,phase3,12,pair_013,6.166662,313.364399,323.222932,
236,phase3,12,pair_013,6.183313,313.381053,323.239582,
237,phase3,12,pair_013,6.199993,313.397733,323.256262,
238,phase3,12,pair_013,6.216601,313.414337,323.27287,
239,phase3,12,pair_013,6.233308,313.431045,323.289577,
240,phase3,12,pair_013,6.249968,313.447705,323.306238,
241,phase3,12,pair_013,6.266595,313.464332,323.322865,
242,phase3,12,pair_013,6.283335,313.481072,323.339604,
243,phase3,12,pair_013,6.299948,313.497686,323.356218,
244,phase3,12,pair_013,6.316623,313.51436,323.372892,
245,phase3,12,pair_013,6.333348,313.531085,323.389618,
246,phase3,12,pair_013,6.349977,313.547714,323.406247,
247,phase3,12,pair_013,6.366651,313.564388,323.42292,
248,phase3,12,pair_013,6.383306,313.581043,323.439576,
249,phase3,12,pair_013,6.399981,313.597718,323.45625,
250,phase3,12,pair_013,6.416635,313.614372,323.472905,
251,phase3,12,pair_013,6.433255,313.630992,323.489525,
252,phase3,12,pair_013,6.450055,313.647792,323.506324,
253,phase3,12,pair_013,6.466607,313.664345,323.522877,
254,phase3,12,pair_013,6.483294,313.68103,323.539563,
255,phase3,12,pair_013,6.499983,313.697722,323.556252,
256,phase3,12,pair_013,6.516559,313.714296,323.572828,
257,phase3,12,pair_013,6.533293,313.73103,323.589563,
258,phase3,12,pair_013,6.55,313.747737,323.606269,
259,phase3,12,pair_013,6.566582,313.764319,323.622851,
260,phase3,12,pair_013,6.583302,313.781039,323.639572,
261,phase3,12,pair_013,6.599877,313.797614,323.656146,
262,phase3,12,pair_013,6.616635,313.814373,323.672905,
263,phase3,12,pair_013,6.633319,313.831056,323.689588,
264,phase3,12,pair_013,6.650259,313.847996,323.706528,
265,phase3,12,pair_013,6.66666,313.864398,323.72293,
266,phase3,12,pair_013,6.683292,313.881029,323.739562,
267,phase3,12,pair_013,6.699966,313.897703,323.756235,
268,phase3,12,pair_013,6.716588,313.914325,323.772857,
269,phase3,12,pair_013,6.733308,313.931045,323.789577,
270,phase3,12,pair_013,6.749951,313.947688,323.806221,
271,phase3,12,pair_013,6.766595,313.964335,323.822864,
272,phase3,12,pair_013,6.783307,313.981045,323.839576,
273,phase3,12,pair_013,6.79993,313.997668,323.8562,
274,phase3,12,pair_013,6.816548,314.014285,323.872817,
275,phase3,12,pair_013,6.833256,314.030993,323.889526,
276,phase3,12,pair_013,6.849971,314.047709,323.90624,
277,phase3,12,pair_013,6.866582,314.064319,323.922851,
278,phase3,12,pair_013,6.88331,314.081047,323.939579,
279,phase3,12,pair_013,6.899962,314.097699,323.956231,
280,phase3,12,pair_013,7.016924,314.214661,324.073193,
281,phase3,12,pair_013,7.033216,314.230953,324.089485,
282,phase3,12,pair_013,7.049881,314.247618,324.10615,
283,phase3,12,pair_013,7.066621,314.26436,324.12289,
284,phase3,12,pair_013,7.083288,314.281025,324.139557,
285,phase3,12,pair_013,7.099945,314.297684,324.156215,
286,phase3,12,pair_013,7.116552,314.31429,324.172822,
287,phase3,12,pair_013,7.133293,314.33103,324.189562,
288,phase3,12,pair_013,7.149963,314.347703,324.206232,
289,phase3,12,pair_013,7.166617,314.364354,324.222886,
290,phase3,12,pair_013,7.1833,314.381037,324.239569,
291,phase3,12,pair_013,7.200037,314.397775,324.256307,
292,phase3,12,pair_013,7.216627,314.414364,324.272896,
293,phase3,12,pair_013,7.233279,314.431016,324.289548,
294,phase3,12,pair_013,7.249955,314.447693,324.306225,
295,phase3,12,pair_013,7.266627,314.464364,324.322896,
296,phase3,12,pair_013,7.283215,314.480952,324.339484,
297,phase3,12,pair_013,7.299923,314.497661,324.356193,
298,phase3,12,pair_013,7.316869,314.514607,324.373139,
299,phase3,12,pair_013,7.333282,314.531019,324.389551,
300,phase3,12,pair_013,7.349984,314.547721,324.406253,
301,phase3,12,pair_013,7.366666,314.564404,324.422936,
302,phase3,12,pair_013,7.383263,314.581004,324.439533,
303,phase3,12,pair_013,7.399929,314.597666,324.456198,
304,phase3,12,pair_013,7.416536,314.614273,324.472805,
305,phase3,12,pair_013,7.433259,314.630996,324.489528,
306,phase3,12,pair_013,7.449955,314.647692,324.506224,
307,phase3,12,pair_013,7.466578,314.664316,324.522848,
308,phase3,12,pair_013,7.483279,314.681018,324.539548,
309,phase3,12,pair_013,7.499944,314.697681,324.556213,
310,phase3,12,pair_013,7.516605,314.714343,324.572874,
311,phase3,12,pair_013,7.533272,314.731009,324.589541,
312,phase3,12,pair_013,7.549987,314.747724,324.606256,
313,phase3,12,pair_013,7.566609,314.764348,324.622878,
314,phase3,12,pair_013,7.583216,314.780954,324.639486,
315,phase3,12,pair_013,7.599949,314.797687,324.656219,
316,phase3,12,pair_013,7.616589,314.814326,324.672858,
317,phase3,12,pair_013,7.633266,314.831005,324.689535,
318,phase3,12,pair_013,7.650005,314.847746,324.706275,
319,phase3,12,pair_013,7.666634,314.864371,324.722903,
320,phase3,12,pair_013,7.683262,314.881,324.739532,
321,phase3,12,pair_013,7.699927,314.897664,324.756196,
322,phase3,12,pair_013,7.716595,314.914335,324.772864,
323,phase3,12,pair_013,7.733553,314.93129,324.789822,
324,phase3,12,pair_013,7.74993,314.947668,324.8062,
325,phase3,12,pair_013,7.766575,314.964312,324.822844,
326,phase3,12,pair_013,7.783251,314.980989,324.839521,
327,phase3,12,pair_013,7.800234,314.997971,324.856503,
328,phase3,12,pair_013,7.816587,315.014324,324.872857,
329,phase3,12,pair_013,7.833232,315.03097,324.889502,
330,phase3,12,pair_013,7.849906,315.047643,324.906175,
331,phase3,12,pair_013,7.866609,315.064347,324.922879,
332,phase3,12,pair_013,7.883211,315.080948,324.93948,
333,phase3,12,pair_013,7.899971,315.097709,324.956241,
334,phase3,12,pair_013,7.916582,315.114319,324.972851,
335,phase3,12,pair_013,7.93324,315.130978,324.989509,
336,phase3,12,pair_013,8.100007,315.297744,325.156276,
337,phase3,12,pair_013,8.116567,315.314304,325.172836,
338,phase3,12,pair_013,8.133233,315.33097,325.189502,
339,phase3,12,pair_013,8.150195,315.347932,325.206464,
340,phase3,12,pair_013,8.166584,315.364322,325.222854,
341,phase3,12,pair_013,8.183245,315.380983,325.239515,
342,phase3,12,pair_013,8.199921,315.397658,325.25619,
343,phase3,12,pair_013,8.216893,315.41463,325.273162,
344,phase3,12,pair_013,8.233243,315.43098,325.289512,
345,phase3,12,pair_013,8.24992,315.447658,325.30619,
346,phase3,12,pair_013,8.266571,315.464308,325.32284,
347,phase3,12,pair_013,8.283546,315.481283,325.339815,
348,phase3,12,pair_013,8.29992,315.497658,325.35619,
349,phase3,12,pair_013,8.316589,315.514327,325.372859,
350,phase3,12,pair_013,8.333218,315.530955,325.389487,
351,phase3,12,pair_013,8.350224,315.547961,325.406493,
352,phase3,12,pair_013,8.366583,315.564321,325.422853,
353,phase3,12,pair_013,8.383261,315.580998,325.43953,
354,phase3,12,pair_013,8.399927,315.597665,325.456197,
355,phase3,12,pair_013,8.416585,315.614322,325.472854,
356,phase3,12,pair_013,8.433221,315.630958,325.48949,
357,phase3,12,pair_013,8.449931,315.647668,325.5062,
358,phase3,12,pair_013,8.466492,315.664229,325.522761,
359,phase3,12,pair_013,8.483208,315.680946,325.539478,
360,phase3,12,pair_013,8.500199,315.697936,325.556468,
361,phase3,12,pair_013,8.516565,315.714303,325.572834,
362,phase3,12,pair_013,8.533222,315.730961,325.589491,
363,phase3,12,pair_013,8.549888,315.747625,325.606157,
364,phase3,12,pair_013,8.566862,315.764599,325.623131,
365,phase3,12,pair_013,8.583482,315.781222,325.639751,
366,phase3,12,pair_013,8.599896,315.797633,325.656166,
367,phase3,12,pair_013,8.616503,315.814241,325.672773,
368,phase3,12,pair_013,8.633519,315.831256,325.689788,
369,phase3,12,pair_013,8.649913,315.847651,325.706183,
370,phase3,12,pair_013,8.66655,315.864287,325.72282,
371,phase3,12,pair_013,8.683221,315.880958,325.73949,
372,phase3,12,pair_013,8.700216,315.897953,325.756485,
373,phase3,12,pair_013,8.716586,315.914323,325.772855,
374,phase3,12,pair_013,8.73324,315.930978,325.789509,
375,phase3,12,pair_013,8.749877,315.947615,325.806147,
376,phase3,12,pair_013,8.766871,315.964608,325.82314,
377,phase3,12,pair_013,8.783308,315.981045,325.839577,
378,phase3,12,pair_013,8.799868,315.997605,325.856137,
379,phase3,12,pair_013,8.816568,316.014305,325.872837,
380,phase3,12,pair_013,8.833185,316.030923,325.889455,
381,phase3,12,pair_013,8.850166,316.047904,325.906436,
382,phase3,12,pair_013,8.866582,316.06432,325.922852,
383,phase3,12,pair_013,8.883189,316.080927,325.939458,
384,phase3,12,pair_013,8.900232,316.097969,325.956501,
385,phase3,12,pair_013,8.916553,316.114291,325.972823,
386,phase3,12,pair_013,8.933282,316.131019,325.989551,
387,phase3,12,pair_013,8.949865,316.147602,326.006134,
388,phase3,12,pair_013,8.966542,316.164279,326.022811,
389,phase3,12,pair_013,8.983526,316.181263,326.039795,
390,phase3,12,pair_013,8.999894,316.197631,326.056163,
391,phase3,12,pair_013,9.016527,316.214264,326.072796,
392,phase3,12,pair_013,9.033202,316.230939,326.089471,
393,phase3,12,pair_013,9.050173,316.24791,326.106442,
394,phase3,12,pair_013,9.06658,316.264318,326.122849,
395,phase3,12,pair_013,9.149925,316.347663,326.206195,
396,phase3,12,pair_013,9.16652,316.364258,326.222789,
397,phase3,12,pair_013,9.183526,316.381264,326.239795,
398,phase3,12,pair_013,9.199863,316.397601,326.256133,
399,phase3,12,pair_013,9.216528,316.414265,326.272797,
400,phase3,12,pair_013,9.23318,316.430917,326.289449,
401,phase3,12,pair_013,9.249864,316.447602,326.306133,
402,phase3,12,pair_013,9.266558,316.464296,326.322828,
403,phase3,12,pair_013,9.283204,316.480942,326.339474,
404,phase3,12,pair_013,9.29986,316.497598,326.35613,
405,phase3,12,pair_013,9.31684,316.514578,326.373109,
406,phase3,12,pair_013,9.333487,316.531225,326.389757,
407,phase3,12,pair_013,9.349875,316.547612,326.406144,
408,phase3,12,pair_013,9.366532,316.56427,326.422801,
409,phase3,12,pair_013,9.383187,316.580927,326.439456,
410,phase3,12,pair_013,9.399781,316.597518,326.45605,
411,phase3,12,pair_013,9.416574,316.614311,326.472843,
412,phase3,12,pair_013,9.43318,316.630918,326.48945,
413,phase3,12,pair_013,9.449784,316.647522,326.506053,
414,phase3,12,pair_013,9.46683,316.664567,326.523099,
415,phase3,12,pair_013,9.483219,316.680956,326.539488,
416,phase3,12,pair_013,9.499867,316.697605,326.556137,
417,phase3,12,pair_013,9.516408,316.714146,326.572678,
418,phase3,12,pair_013,9.533514,316.731251,326.589783,
419,phase3,12,pair_013,9.549863,316.747601,326.606132,
420,phase3,12,pair_013,9.566645,316.764383,326.622915,
421,phase3,12,pair_013,9.583305,316.781043,326.639574,
422,phase3,12,pair_013,9.599958,316.797724,326.656228,
423,phase3,12,pair_013,9.616641,316.814379,326.67291,
424,phase3,12,pair_013,9.633327,316.831064,326.689596,
425,phase3,12,pair_013,9.649905,316.847643,326.706174,
426,phase3,12,pair_013,-307.197997,316.847705,9.858273,response
