frame_idx,phase,trial_id,stim_pair_id,elapsed_time,global_time,flip_time,event_marker
0,phase1,33,pair_034,0.0,858.860635,868.719163,stimulus_onset
1,phase1,33,pair_034,0.016947,858.877577,868.73611,
2,phase1,33,pair_034,0.033273,858.893902,868.752436,
3,phase1,33,pair_034,0.050224,858.910854,868.769388,
4,phase1,33,pair_034,0.066628,858.92726,868.785792,
5,phase1,33,pair_034,0.08329,858.943919,868.802453,
6,phase1,33,pair_034,0.099977,858.960612,868.81914,
7,phase1,33,pair_034,0.116895,858.977527,868.836058,
8,phase1,33,pair_034,0.133242,858.993873,868.852405,
9,phase1,33,pair_034,0.149945,859.010577,868.869109,
10,phase1,33,pair_034,0.166632,859.027263,868.885795,
11,phase1,33,pair_034,0.18328,859.043909,868.902443,
12,phase1,33,pair_034,0.199951,859.060581,868.919114,
13,phase1,33,pair_034,0.216974,859.077603,868.936137,
14,phase1,33,pair_034,0.233564,859.094194,868.952728,
15,phase1,33,pair_034,0.250051,859.110682,868.969215,
16,phase1,33,pair_034,0.26655,859.12718,868.985714,
17,phase1,33,pair_034,0.283573,859.144202,869.002736,
18,phase1,33,pair_034,0.300248,859.160877,869.019411,
19,phase1,33,pair_034,0.31661,859.17724,869.035774,
20,phase1,33,pair_034,0.333306,859.193936,869.05247,
21,phase1,33,pair_034,0.349929,859.21056,869.069092,
22,phase1,33,pair_034,0.366628,859.227262,869.085791,
23,phase1,33,pair_034,0.383333,859.243965,869.102497,
24,phase1,33,pair_034,0.401659,859.26229,869.120822,
25,phase1,33,pair_034,0.416602,859.277234,869.135765,
26,phase1,33,pair_034,0.433332,859.293967,869.152495,
27,phase1,33,pair_034,0.449958,859.310589,869.169122,
28,phase1,33,pair_034,0.466635,859.327267,869.185799,
29,phase1,33,pair_034,0.483303,859.343936,869.202467,
30,phase1,33,pair_034,0.500272,859.360902,869.219435,
31,phase1,33,pair_034,0.516631,859.37726,869.235794,
32,phase1,33,pair_034,0.53331,859.393941,869.252474,
33,phase1,33,pair_034,0.550003,859.410633,869.269167,
34,phase1,33,pair_034,0.566934,859.427564,869.286097,
35,phase1,33,pair_034,0.583254,859.443883,869.302417,
36,phase1,33,pair_034,0.599907,859.460536,869.31907,
37,phase1,33,pair_034,0.616607,859.477237,869.33577,
38,phase1,33,pair_034,0.633278,859.493908,869.352442,
39,phase1,33,pair_034,0.650255,859.510885,869.369418,
40,phase1,33,pair_034,0.666644,859.527274,869.385808,
41,phase1,33,pair_034,0.683275,859.543904,869.402438,
42,phase1,33,pair_034,0.699941,859.56057,869.419104,
43,phase1,33,pair_034,0.716908,859.577537,869.436071,
44,phase1,33,pair_034,0.733304,859.593934,869.452468,
45,phase1,33,pair_034,0.749895,859.610524,869.469058,
46,phase1,33,pair_034,0.766899,859.627529,869.486062,
47,phase1,33,pair_034,0.78358,859.64421,869.502744,
48,phase1,33,pair_034,0.799915,859.660545,869.519078,
49,phase1,33,pair_034,0.816616,859.677245,869.535779,
50,phase1,33,pair_034,0.833558,859.694187,869.552721,
51,phase1,33,pair_034,0.849921,859.71055,869.569084,
52,phase1,33,pair_034,0.86662,859.72725,869.585784,
53,phase1,33,pair_034,0.883319,859.743949,869.602482,
54,phase1,33,pair_034,0.899918,859.760548,869.619082,
55,phase1,33,pair_034,0.916593,859.777222,869.635756,
56,phase1,33,pair_034,0.933263,859.793892,869.652426,
57,phase1,33,pair_034,0.949994,859.810623,869.669157,
58,phase1,33,pair_034,0.966609,859.827238,869.685772,
59,phase1,33,pair_034,0.983268,859.843898,869.702431,
60,phase1,33,pair_034,0.999929,859.860558,869.719092,
61,phase1,33,pair_034,1.016681,859.877315,869.735845,
62,phase1,33,pair_034,1.033265,859.893896,869.752428,
63,phase1,33,pair_034,1.049896,859.910533,869.769059,
64,phase1,33,pair_034,1.066601,859.927237,869.785765,
65,phase1,33,pair_034,1.083285,859.943917,869.802448,
66,phase1,33,pair_034,1.099974,859.960604,869.819137,
67,phase1,33,pair_034,1.11659,859.97722,869.835753,
68,phase1,33,pair_034,1.133584,859.994215,869.852748,
69,phase1,33,pair_034,1.150013,860.010644,869.869177,
70,phase1,33,pair_034,1.166669,860.027299,869.885833,
71,phase1,33,pair_034,1.183495,860.044126,869.902659,
72,phase1,33,pair_034,1.200226,860.060856,869.919389,
73,phase1,33,pair_034,1.216642,860.077272,869.935805,
74,phase1,33,pair_034,1.23326,860.09389,869.952423,
75,phase1,33,pair_034,1.250183,860.110813,869.969347,
76,phase1,33,pair_034,1.26651,860.12714,869.985673,
77,phase1,33,pair_034,1.28329,860.143919,870.002453,
78,phase1,33,pair_034,1.29991,860.16054,870.019073,
79,phase1,33,pair_034,1.316662,860.177291,870.035825,
80,phase1,33,pair_034,1.333261,860.193891,870.052424,
81,phase1,33,pair_034,1.349914,860.210544,870.069077,
82,phase1,33,pair_034,1.366543,860.227173,870.085706,
83,phase1,33,pair_034,1.383255,860.243884,870.102418,
84,phase1,33,pair_034,1.399918,860.260548,870.119081,
85,phase1,33,pair_034,1.416578,860.277208,870.135741,
86,phase1,33,pair_034,1.433299,860.293929,870.152463,
87,phase1,33,pair_034,1.449972,860.310602,870.169135,
88,phase1,33,pair_034,1.466924,860.327554,870.186087,
89,phase1,33,pair_034,1.483552,860.344181,870.202715,
90,phase1,33,pair_034,1.499935,860.360565,870.219099,
91,phase1,33,pair_034,1.516591,860.377221,870.235754,
92,phase1,33,pair_034,1.533259,860.393889,870.252422,
93,phase1,33,pair_034,1.550208,860.410838,870.269371,
94,phase1,33,pair_034,1.56657,860.4272,870.285734,
95,phase1,33,pair_034,1.583223,860.443853,870.302387,
96,phase1,33,pair_034,1.599887,860.460516,870.31905,
97,phase1,33,pair_034,1.616537,860.477166,870.3357,
98,phase1,33,pair_034,1.633234,860.493876,870.352398,
99,phase1,33,pair_034,1.649879,860.510509,870.369042,
100,phase1,33,pair_034,1.666656,860.527287,870.385819,
101,phase1,33,pair_034,1.683373,860.544003,870.402536,
102,phase1,33,pair_034,1.699967,860.560596,870.41913,
103,phase1,33,pair_034,1.716671,860.5773,870.435834,
104,phase1,33,pair_034,1.733359,860.593989,870.452522,
105,phase1,33,pair_034,1.749999,860.610629,870.469162,
106,phase1,33,pair_034,1.766732,860.627365,870.485895,
107,phase1,33,pair_034,1.783673,860.644303,870.502837,
108,phase1,33,pair_034,1.800012,860.660646,870.519175,
109,phase1,33,pair_034,1.816645,860.677275,870.535808,
110,phase1,33,pair_034,1.833383,860.694013,870.552547,
111,phase1,33,pair_034,1.850362,860.710991,870.569525,
112,phase1,33,pair_034,1.866646,860.727276,870.58581,
113,phase1,33,pair_034,1.883364,860.743994,870.602528,
114,phase1,33,pair_034,1.900092,860.760724,870.619255,
115,phase1,33,pair_034,1.916697,860.777327,870.635861,
116,phase1,33,pair_034,1.933661,860.794291,870.652824,
117,phase1,33,pair_034,1.950013,860.810642,870.669176,
118,phase1,33,pair_034,1.966659,860.827288,870.685822,
119,phase1,33,pair_034,1.983342,860.843971,870.702505,
120,phase1,33,pair_034,2.000327,860.860957,870.719491,
121,phase1,33,pair_034,2.016686,860.877318,870.735849,
122,phase1,33,pair_034,2.033336,860.893965,870.752499,
123,phase1,33,pair_034,2.050046,860.910676,870.769209,
124,phase1,33,pair_034,2.06699,860.92762,870.786154,
125,phase1,33,pair_034,2.083346,860.943976,870.802509,
126,phase1,33,pair_034,2.100002,860.960632,870.819166,
127,phase1,33,pair_034,2.116685,860.977314,870.835848,
128,phase1,33,pair_034,2.133684,860.994314,870.852848,
129,phase1,33,pair_034,2.150016,861.010645,870.869179,
130,phase1,33,pair_034,2.166669,861.027298,870.885832,
131,phase1,33,pair_034,2.183403,861.044033,870.902567,
132,phase1,33,pair_034,2.200006,861.060635,870.919169,
133,phase1,33,pair_034,2.216686,861.077316,870.93585,
134,phase1,33,pair_034,2.233316,861.094155,870.952479,
135,phase1,33,pair_034,2.250032,861.110663,870.969195,
136,phase1,33,pair_034,2.266616,861.127245,870.985779,
137,phase1,33,pair_034,2.283355,861.143984,871.002518,
138,phase1,33,pair_034,2.300031,861.160661,871.019195,
139,phase1,33,pair_034,2.316703,861.177332,871.035866,
140,phase1,33,pair_034,2.333353,861.193986,871.052516,
141,phase1,33,pair_034,2.350332,861.210962,871.069496,
142,phase1,33,pair_034,2.366679,861.227309,871.085843,
143,phase1,33,pair_034,2.383393,861.244024,871.102556,
144,phase1,33,pair_034,2.399989,861.260619,871.119153,
145,phase1,33,pair_034,2.416982,861.277612,871.136146,
146,phase1,33,pair_034,2.433348,861.293979,871.152511,
147,phase1,33,pair_034,2.449992,861.310623,871.169155,
148,phase1,33,pair_034,2.466891,861.327521,871.186054,
149,phase1,33,pair_034,2.483669,861.344301,871.202833,
150,phase1,33,pair_034,2.5,861.360629,871.219163,
151,phase1,33,pair_034,2.516671,861.377301,871.235834,
152,phase1,33,pair_034,2.533382,861.394011,871.252545,
153,phase1,33,pair_034,2.550323,861.410953,871.269486,
154,phase1,33,pair_034,2.566652,861.427282,871.285815,
155,phase1,33,pair_034,2.583333,861.443965,871.302496,
156,phase1,33,pair_034,2.599996,861.460626,871.31916,
157,phase1,33,pair_034,2.61661,861.47724,871.335774,
158,phase1,33,pair_034,2.633292,861.493922,871.352455,
159,phase1,33,pair_034,2.649985,861.510615,871.369149,
160,phase1,33,pair_034,2.666646,861.527275,871.385809,
161,phase1,33,pair_034,2.68332,861.543949,871.402483,
162,phase1,33,pair_034,2.70028,861.56091,871.419443,
163,phase1,33,pair_034,2.716694,861.577325,871.435858,
164,phase1,33,pair_034,2.733318,861.593948,871.452482,
165,phase1,33,pair_034,2.749991,861.610621,871.469155,
166,phase1,33,pair_034,2.766678,861.627307,871.485841,
167,phase1,33,pair_034,2.783306,861.643935,871.502469,
168,phase1,33,pair_034,2.800062,861.660692,871.519225,
169,phase1,33,pair_034,2.816657,861.677287,871.53582,
170,phase1,33,pair_034,2.833259,861.693889,871.552423,
171,phase1,33,pair_034,2.849933,861.710563,871.569097,
172,phase1,33,pair_034,2.86672,861.72735,871.585883,
173,phase1,33,pair_034,2.883394,861.744024,871.602557,
174,phase1,33,pair_034,2.899898,861.760528,871.619061,
175,phase1,33,pair_034,2.916676,861.777308,871.635839,
176,phase1,33,pair_034,2.933345,861.793975,871.652508,
177,phase1,33,pair_034,2.949986,861.810618,871.66915,
178,phase1,33,pair_034,2.966989,861.827618,871.686152,
179,phase1,33,pair_034,2.983596,861.844226,871.702759,
180,phase1,33,pair_034,2.999985,861.860614,871.719148,
181,phase1,33,pair_034,3.016704,861.877334,871.735868,
182,phase1,33,pair_034,3.033301,861.89393,871.752464,
183,phase1,33,pair_034,3.049962,861.910592,871.769125,
184,phase1,33,pair_034,3.066657,861.927287,871.78582,
185,phase1,33,pair_034,3.083603,861.944233,871.802766,
186,phase1,33,pair_034,3.100322,861.960953,871.819485,
187,phase1,33,pair_034,3.116667,861.977297,871.835831,
188,phase1,33,pair_034,3.133312,861.993941,871.852475,
189,phase1,33,pair_034,3.150079,862.010711,871.869242,
190,phase1,33,pair_034,3.166644,862.027274,871.885808,
191,phase1,33,pair_034,3.18333,862.043965,871.902494,
192,phase1,33,pair_034,3.199954,862.060584,871.919118,
193,phase1,33,pair_034,3.216575,862.077204,871.935738,
194,phase1,33,pair_034,3.23333,862.09396,871.952493,
195,phase1,33,pair_034,3.250317,862.110947,871.969481,
196,phase1,33,pair_034,3.26659,862.12722,871.985754,
197,phase1,33,pair_034,3.283358,862.143988,872.002522,
198,phase1,33,pair_034,3.300046,862.160678,872.019209,
199,phase1,33,pair_034,3.316957,862.177587,872.036121,
200,phase1,33,pair_034,3.333302,862.193931,872.052465,
201,phase1,33,pair_034,3.349892,862.210522,872.069055,
202,phase1,33,pair_034,3.366648,862.22728,872.085812,
203,phase1,33,pair_034,3.38362,862.24425,872.102784,
204,phase1,33,pair_034,3.399978,862.26061,872.119142,
205,phase1,33,pair_034,3.416654,862.277284,872.135817,
206,phase1,33,pair_034,3.43328,862.293909,872.152443,
207,phase1,33,pair_034,3.449963,862.310593,872.169126,
208,phase1,33,pair_034,3.466637,862.327267,872.185801,
209,phase1,33,pair_034,3.483238,862.343868,872.202401,
210,phase1,33,pair_034,3.499901,862.360531,872.219064,
211,phase1,33,pair_034,3.516911,862.37754,872.236074,
212,phase1,33,pair_034,3.533264,862.393894,872.252428,
213,phase1,33,pair_034,3.549968,862.410597,872.269131,
214,phase1,33,pair_034,3.566656,862.427288,872.28582,
215,phase1,33,pair_034,3.58335,862.444,872.302513,
216,phase1,33,pair_034,3.600284,862.460913,872.319447,
217,phase1,33,pair_034,3.616659,862.477288,872.335822,
218,phase1,33,pair_034,3.633336,862.493966,872.3525,
219,phase1,33,pair_034,3.649974,862.510606,872.369138,
220,phase1,33,pair_034,3.6666,862.52723,872.385764,
221,phase1,33,pair_034,3.68333,862.54396,872.402494,
222,phase1,33,pair_034,3.700023,862.560653,872.419187,
223,phase1,33,pair_034,3.716628,862.577258,872.435791,
224,phase1,33,pair_034,3.733638,862.594267,872.452801,
225,phase1,33,pair_034,3.749935,862.610564,872.469098,
226,phase1,33,pair_034,3.766641,862.627271,872.485805,
227,phase1,33,pair_034,3.783374,862.644004,872.502538,
228,phase1,33,pair_034,3.799953,862.660583,872.519117,
229,phase1,33,pair_034,3.816639,862.67727,872.535802,
230,phase1,33,pair_034,3.833323,862.693953,872.552486,
231,phase1,33,pair_034,3.849994,862.710624,872.569157,
232,phase1,33,pair_034,3.866625,862.727256,872.585789,
233,phase1,33,pair_034,3.883574,862.744204,872.602738,
234,phase1,33,pair_034,3.899975,862.760605,872.619139,
235,phase1,33,pair_034,3.916589,862.777219,872.635753,
236,phase1,33,pair_034,3.933269,862.793899,872.652433,
237,phase1,33,pair_034,3.949935,862.810565,872.669098,
238,phase1,33,pair_034,3.96659,862.82722,872.685753,
239,phase1,33,pair_034,3.983351,862.84398,872.702514,
240,phase1,33,pair_034,3.999937,862.860566,872.7191,
241,phase1,33,pair_034,4.016906,862.877535,872.736069,
242,phase1,33,pair_034,4.033243,862.893873,872.752406,
243,phase1,33,pair_034,4.049905,862.910538,872.769069,
244,phase1,33,pair_034,4.066612,862.927242,872.785775,
245,phase1,33,pair_034,4.083585,862.944215,872.802748,
246,phase1,33,pair_034,4.099949,862.96058,872.819112,
247,phase1,33,pair_034,4.116611,862.97724,872.835774,
248,phase1,33,pair_034,4.133322,862.993952,872.852486,
249,phase1,33,pair_034,4.149916,863.010545,872.869079,
250,phase1,33,pair_034,4.166839,863.027469,872.886003,
251,phase1,33,pair_034,4.183333,863.043963,872.902497,
252,phase1,33,pair_034,4.199919,863.060549,872.919082,
253,phase1,33,pair_034,4.216598,863.077229,872.935761,
254,phase1,33,pair_034,4.233552,863.094181,872.952715,
255,phase1,33,pair_034,4.249967,863.110596,872.96913,
256,phase1,33,pair_034,4.26656,863.127189,872.985723,
257,phase1,33,pair_034,4.283275,863.143905,873.002438,
258,phase1,33,pair_034,4.300218,863.160848,873.019382,
259,phase1,33,pair_034,4.316625,863.177254,873.035788,
260,phase1,33,pair_034,4.333506,863.194136,873.052669,
261,phase1,33,pair_034,4.349916,863.210545,873.069079,
262,phase1,33,pair_034,4.366894,863.227523,873.086057,
263,phase1,33,pair_034,4.383323,863.243952,873.102486,
264,phase1,33,pair_034,4.399935,863.260565,873.119098,
265,phase1,33,pair_034,4.422133,863.282764,873.141296,
266,phase1,33,pair_034,4.433262,863.293892,873.152425,
267,phase1,33,pair_034,4.449934,863.310564,873.169098,
268,phase1,33,pair_034,4.46658,863.32721,873.185743,
269,phase1,33,pair_034,4.483316,863.343945,873.202479,
270,phase1,33,pair_034,4.499921,863.360551,873.219085,
271,phase1,33,pair_034,4.51658,863.37721,873.235743,
272,phase1,33,pair_034,4.533233,863.393863,873.252396,
273,phase1,33,pair_034,4.550194,863.410824,873.269357,
274,phase1,33,pair_034,4.566572,863.427201,873.285735,
275,phase1,33,pair_034,4.583536,863.444165,873.302699,
276,phase1,33,pair_034,4.599937,863.460567,873.3191,
277,phase1,33,pair_034,4.616571,863.4772,873.335734,
278,phase1,33,pair_034,4.633259,863.493889,873.352423,
279,phase1,33,pair_034,4.650213,863.510842,873.369376,
280,phase1,33,pair_034,4.666634,863.527264,873.385797,
281,phase1,33,pair_034,4.683264,863.543893,873.402427,
282,phase1,33,pair_034,4.700213,863.560843,873.419376,
283,phase1,33,pair_034,4.716893,863.577523,873.436056,
284,phase1,33,pair_034,4.733248,863.593878,873.452412,
285,phase1,33,pair_034,4.749935,863.610564,873.469098,
286,phase1,33,pair_034,4.766573,863.627203,873.485737,
287,phase1,33,pair_034,4.783553,863.644182,873.502716,
288,phase1,33,pair_034,4.799929,863.660559,873.519092,
289,phase1,33,pair_034,4.816641,863.677273,873.535804,
290,phase1,33,pair_034,4.833295,863.693924,873.552458,
291,phase1,33,pair_034,4.850217,863.710847,873.56938,
292,phase1,33,pair_034,4.866554,863.727183,873.585717,
293,phase1,33,pair_034,4.883266,863.743896,873.60243,
294,phase1,33,pair_034,4.900222,863.760852,873.619385,
295,phase1,33,pair_034,4.916575,863.777205,873.635739,
296,phase1,33,pair_034,4.933523,863.794153,873.652687,
297,phase1,33,pair_034,4.949894,863.810523,873.669057,
298,phase1,33,pair_034,4.966634,863.827264,873.685798,
299,phase1,33,pair_034,4.983243,863.843872,873.702406,
300,phase1,33,pair_034,5.000196,863.860826,873.719359,
301,phase1,33,pair_034,5.016603,863.877233,873.735767,
302,phase1,33,pair_034,5.033218,863.893848,873.752381,
303,phase1,33,pair_034,5.049867,863.910496,873.76903,
304,phase1,33,pair_034,5.066851,863.927481,873.786015,
305,phase1,33,pair_034,5.083271,863.943901,873.802435,
306,phase1,33,pair_034,5.100188,863.960817,873.819351,
307,phase1,33,pair_034,5.116873,863.977502,873.836036,
308,phase1,33,pair_034,5.133209,863.993841,873.852373,
309,phase1,33,pair_034,5.149979,864.01061,873.869142,
310,phase1,33,pair_034,5.166556,864.027186,873.88572,
311,phase1,33,pair_034,5.183232,864.043862,873.902396,
312,phase1,33,pair_034,5.200197,864.060827,873.91936,
313,phase1,33,pair_034,5.216571,864.0772,873.935734,
314,phase1,33,pair_034,5.233295,864.093925,873.952458,
315,phase1,33,pair_034,5.249954,864.110583,873.969117,
316,phase1,33,pair_034,5.266834,864.127464,873.985997,
317,phase1,33,pair_034,5.283252,864.143881,874.002415,
318,phase1,33,pair_034,5.300159,864.16079,874.019322,
319,phase1,33,pair_034,5.316562,864.177192,874.035725,
320,phase1,33,pair_034,5.333223,864.193853,874.052387,
321,phase1,33,pair_034,5.349894,864.210529,874.069057,
322,phase1,33,pair_034,5.366506,864.227139,874.08567,
323,phase1,33,pair_034,5.383561,864.244192,874.102725,
324,phase1,33,pair_034,5.399908,864.260537,874.119071,
325,phase1,33,pair_034,5.416535,864.277165,874.135698,
326,phase1,33,pair_034,5.433214,864.293843,874.152377,
327,phase1,33,pair_034,5.449894,864.310524,874.169057,
328,phase1,33,pair_034,5.466563,864.327193,874.185727,
329,phase1,33,pair_034,5.483246,864.343876,874.202409,
330,phase1,33,pair_034,5.499883,864.360512,874.219046,
331,phase1,33,pair_034,5.516591,864.377221,874.235754,
332,phase1,33,pair_034,5.533205,864.393834,874.252368,
333,phase1,33,pair_034,5.550205,864.410834,874.269368,
334,phase1,33,pair_034,5.56656,864.42719,874.285723,
335,phase1,33,pair_034,5.58322,864.443849,874.302383,
336,phase1,33,pair_034,5.600007,864.460638,874.31917,
337,phase1,33,pair_034,5.616676,864.477305,874.335839,
338,phase1,33,pair_034,5.63333,864.49396,874.352494,
339,phase1,33,pair_034,5.649971,864.510601,874.369134,
340,phase1,33,pair_034,5.666615,864.527244,874.385778,
341,phase1,33,pair_034,5.683279,864.543909,874.402443,
342,phase1,33,pair_034,5.700045,864.560675,874.419209,
343,phase1,33,pair_034,5.716663,864.577295,874.435826,
344,phase1,33,pair_034,5.733322,864.593951,874.452485,
345,phase1,33,pair_034,5.750014,864.610645,874.469178,
346,phase1,33,pair_034,5.76674,864.62737,874.485904,
347,phase1,33,pair_034,5.78364,864.644269,874.502803,
348,phase1,33,pair_034,5.799989,864.660619,874.519152,
349,phase1,33,pair_034,5.816665,864.677295,874.535828,
350,phase1,33,pair_034,5.833369,864.693998,874.552532,
351,phase1,33,pair_034,5.84997,864.7106,874.569134,
352,phase1,33,pair_034,5.866949,864.727579,874.586112,
353,phase1,33,pair_034,5.883318,864.743948,874.602482,
354,phase1,33,pair_034,5.900025,864.760654,874.619188,
355,phase1,33,pair_034,5.916601,864.777231,874.635765,
356,phase1,33,pair_034,5.933616,864.794246,874.652779,
357,phase1,33,pair_034,5.949988,864.810617,874.669151,
358,phase1,33,pair_034,5.966648,864.827277,874.685811,
359,phase1,33,pair_034,5.983628,864.844258,874.702792,
360,phase1,33,pair_034,6.000286,864.860916,874.719449,
361,phase1,33,pair_034,6.016666,864.877296,874.73583,
362,phase1,33,pair_034,6.033316,864.893946,874.75248,
363,phase1,33,pair_034,6.049992,864.910624,874.769156,
364,phase1,33,pair_034,6.066923,864.927554,874.786086,
365,phase1,33,pair_034,6.083326,864.943955,874.802489,
366,phase1,33,pair_034,6.099991,864.960621,874.819154,
367,phase1,33,pair_034,6.116681,864.977311,874.835844,
368,phase1,33,pair_034,6.13362,864.994249,874.852783,
369,phase1,33,pair_034,6.14994,865.01057,874.869103,
370,phase1,33,pair_034,6.166655,865.027289,874.885819,
371,phase1,33,pair_034,6.183325,865.043958,874.902489,
372,phase1,33,pair_034,6.200297,865.060926,874.91946,
373,phase1,33,pair_034,6.216665,865.077296,874.935828,
374,phase1,33,pair_034,6.233302,865.093932,874.952465,
375,phase1,33,pair_034,6.250003,865.110633,874.969167,
376,phase1,33,pair_034,6.266941,865.127571,874.986104,
377,phase1,33,pair_034,6.283609,865.144239,875.002773,
378,phase1,33,pair_034,6.299965,865.160595,875.019128,
379,phase1,33,pair_034,6.316631,865.177261,875.035794,
380,phase1,33,pair_034,6.333308,865.193937,875.052471,
381,phase1,33,pair_034,6.350284,865.210914,875.069448,
382,phase1,33,pair_034,6.366644,865.227274,875.085808,
383,phase1,33,pair_034,6.383285,865.243915,875.102448,
384,phase1,33,pair_034,6.399873,865.260502,875.119036,
385,phase1,33,pair_034,6.416964,865.277594,875.136128,
386,phase1,33,pair_034,6.433293,865.293925,875.152456,
387,phase1,33,pair_034,6.449982,865.310612,875.169146,
388,phase1,33,pair_034,6.46666,865.32729,875.185824,
389,phase1,33,pair_034,6.483618,865.344247,875.202781,
390,phase1,33,pair_034,6.499978,865.360608,875.219142,
391,phase1,33,pair_034,6.516643,865.377272,875.235806,
392,phase1,33,pair_034,6.533281,865.39391,875.252444,
393,phase1,33,pair_034,6.55029,865.41092,875.269453,
394,phase1,33,pair_034,6.566624,865.427256,875.285788,
395,phase1,33,pair_034,6.583339,865.443969,875.302502,
396,phase1,33,pair_034,6.600015,865.460645,875.319178,
397,phase1,33,pair_034,6.616611,865.477241,875.335774,
398,phase1,33,pair_034,6.633598,865.494228,875.352762,
399,phase1,33,pair_034,6.649956,865.510586,875.369119,
400,phase1,33,pair_034,6.666645,865.527274,875.385808,
401,phase1,33,pair_034,6.683295,865.543925,875.402458,
402,phase1,33,pair_034,6.700263,865.560895,875.419426,
403,phase1,33,pair_034,6.716633,865.577262,875.435796,
404,phase1,33,pair_034,6.733325,865.593955,875.452488,
405,phase1,33,pair_034,6.750225,865.610854,875.469388,
406,phase1,33,pair_034,6.76693,865.627559,875.486093,
407,phase1,33,pair_034,6.78331,865.643939,875.502473,
408,phase1,33,pair_034,6.799953,865.660582,875.519116,
409,phase1,33,pair_034,6.816939,865.677568,875.536102,
410,phase1,33,pair_034,6.833603,865.694233,875.552766,
411,phase1,33,pair_034,6.84997,865.7106,875.569134,
412,phase1,33,pair_034,6.86663,865.727259,875.585793,
413,phase1,33,pair_034,6.883293,865.743923,875.602456,
414,phase1,33,pair_034,6.900268,865.760898,875.619431,
415,phase1,33,pair_034,6.916633,865.777263,875.635797,
416,phase1,33,pair_034,6.933294,865.793926,875.652458,
417,phase1,33,pair_034,6.949925,865.810555,875.669088,
418,phase1,33,pair_034,6.966943,865.827575,875.686107,
419,phase1,33,pair_034,6.983578,865.844207,875.702741,
420,phase1,33,pair_034,6.999959,865.86059,875.719123,
421,phase1,33,pair_034,7.016655,865.877286,875.735818,
422,phase1,33,pair_034,7.033268,865.893902,875.752431,
423,phase1,33,pair_034,7.049916,865.910547,875.76908,
424,phase1,33,pair_034,7.066579,865.927212,875.785743,
425,phase1,33,pair_034,7.083235,865.943869,875.802398,
426,phase1,33,pair_034,7.099994,865.96064,875.819157,
427,phase1,33,pair_034,7.116679,865.977317,875.835843,
428,phase1,33,pair_034,7.133229,865.993862,875.852392,
429,phase1,33,pair_034,7.15001,866.010642,875.869174,
430,phase1,33,pair_034,7.1666,866.02723,875.885763,
431,phase1,33,pair_034,7.183607,866.044237,875.90277,
432,phase1,33,pair_034,7.199927,866.06056,875.91909,
433,phase1,33,pair_034,7.216612,866.077242,875.935775,
434,phase1,33,pair_034,7.233562,866.094193,875.952726,
435,phase1,33,pair_034,7.250259,866.110889,875.969423,
436,phase1,33,pair_034,7.266568,866.127198,875.985731,
437,phase1,33,pair_034,7.283291,866.143921,876.002454,
438,phase1,33,pair_034,7.299929,866.160559,876.019092,
439,phase1,33,pair_034,7.316581,866.177213,876.035744,
440,phase1,33,pair_034,7.333258,866.193889,876.052422,
441,phase1,33,pair_034,7.349978,866.210608,876.069142,
442,phase1,33,pair_034,7.36661,866.22724,876.085774,
443,phase1,33,pair_034,7.383277,866.243907,876.10244,
444,phase1,33,pair_034,7.399896,866.260526,876.119059,
445,phase1,33,pair_034,7.416622,866.277252,876.135785,
446,phase1,33,pair_034,7.433253,866.293883,876.152417,
447,phase1,33,pair_034,7.449919,866.310549,876.169082,
448,phase1,33,pair_034,7.466903,866.327537,876.186066,
449,phase1,33,pair_034,7.483274,866.343903,876.202437,
450,phase1,33,pair_034,7.499935,866.360565,876.219098,
451,phase1,33,pair_034,7.516601,866.377231,876.235765,
452,phase1,33,pair_034,7.533573,866.394203,876.252737,
453,phase1,33,pair_034,7.549949,866.410579,876.269112,
454,phase1,33,pair_034,7.566638,866.42727,876.285802,
455,phase1,33,pair_034,7.583263,866.443893,876.302427,
456,phase1,33,pair_034,7.60023,866.46086,876.319393,
457,phase1,33,pair_034,7.616611,866.477241,876.335774,
458,phase1,33,pair_034,7.633257,866.493887,876.35242,
459,phase1,33,pair_034,7.650197,866.510827,876.36936,
460,phase1,33,pair_034,7.666904,866.527533,876.386067,
461,phase1,33,pair_034,7.68324,866.543872,876.402403,
462,phase1,33,pair_034,7.699876,866.560505,876.419039,
463,phase1,33,pair_034,7.716595,866.577225,876.435759,
464,phase1,33,pair_034,7.733224,866.593854,876.452387,
465,phase1,33,pair_034,7.749917,866.610546,876.46908,
466,phase1,33,pair_034,7.766603,866.627235,876.485767,
467,phase1,33,pair_034,7.783251,866.643881,876.502414,
468,phase1,33,pair_034,7.800258,866.660888,876.519421,
469,phase1,33,pair_034,7.816869,866.677499,876.536032,
470,phase1,33,pair_034,7.833304,866.693934,876.552467,
471,phase1,33,pair_034,7.849974,866.710604,876.569138,
472,phase1,33,pair_034,7.866589,866.72722,876.585752,
473,phase1,33,pair_034,7.883284,866.743914,876.602448,
474,phase1,33,pair_034,7.899978,866.760608,876.619141,
475,phase1,33,pair_034,7.91663,866.77726,876.635794,
476,phase1,33,pair_034,7.933553,866.794183,876.652716,
477,phase1,33,pair_034,7.950227,866.810857,876.669391,
478,phase1,33,pair_034,7.966571,866.827201,876.685735,
479,phase1,33,pair_034,7.983294,866.843927,876.702458,
480,phase1,33,pair_034,8.000222,866.860852,876.719385,
481,phase1,33,pair_034,8.016889,866.877519,876.736052,
482,phase1,33,pair_034,8.033227,866.893857,876.75239,
483,phase1,33,pair_034,8.049973,866.910603,876.769136,
484,phase1,33,pair_034,8.066644,866.927274,876.785807,
485,phase1,33,pair_034,8.083551,866.94418,876.802714,
486,phase1,33,pair_034,8.099905,866.960534,876.819068,
487,phase1,33,pair_034,8.116567,866.977197,876.835731,
488,phase1,33,pair_034,8.133515,866.994144,876.852678,
489,phase1,33,pair_034,8.149864,867.010493,876.869027,
490,phase1,33,pair_034,8.166589,867.027219,876.885752,
491,phase1,33,pair_034,8.183249,867.043879,876.902412,
492,phase1,33,pair_034,8.199881,867.060511,876.919045,
493,phase1,33,pair_034,8.216563,867.077192,876.935726,
494,phase1,33,pair_034,8.233532,867.094162,876.952696,
495,phase1,33,pair_034,8.249941,867.110571,876.969104,
496,phase1,33,pair_034,8.266526,867.127155,876.985689,
497,phase1,33,pair_034,8.28354,867.144169,877.002703,
498,phase1,33,pair_034,8.300201,867.160831,877.019365,
499,phase1,33,pair_034,8.316561,867.177191,877.035724,
500,phase1,33,pair_034,8.333499,867.194129,877.052663,
501,phase1,33,pair_034,8.350202,867.210832,877.069365,
502,phase1,33,pair_034,8.366517,867.227147,877.08568,
503,phase1,33,pair_034,8.383164,867.243794,877.102327,
504,phase1,33,pair_034,8.399948,867.260578,877.119111,
505,phase1,33,pair_034,8.416617,867.277247,877.135781,
506,phase1,33,pair_034,8.433204,867.293834,877.152367,
507,phase1,33,pair_034,8.449808,867.310438,877.168972,
508,phase1,33,pair_034,8.46653,867.32716,877.185693,
509,phase1,33,pair_034,8.483282,867.343912,877.202446,
510,phase1,33,pair_034,8.499901,867.360531,877.219064,
511,phase1,33,pair_034,8.516661,867.377294,877.235825,
512,phase1,33,pair_034,8.533295,867.393925,877.252459,
513,phase1,33,pair_034,8.549982,867.410611,877.269145,
514,phase1,33,pair_034,8.566883,867.427513,877.286046,
515,phase1,33,pair_034,8.583524,867.444154,877.302687,
516,phase1,33,pair_034,8.599931,867.460561,877.319094,
517,phase1,33,pair_034,8.616544,867.477174,877.335708,
518,phase1,33,pair_034,8.633212,867.493842,877.352375,
519,phase1,33,pair_034,8.650168,867.510798,877.369331,
520,phase1,33,pair_034,8.666615,867.527247,877.385778,
521,phase1,33,pair_034,8.683166,867.543796,877.402329,
522,phase1,33,pair_034,8.6999,867.560529,877.419063,
523,phase1,33,pair_034,8.716853,867.577483,877.436016,
524,phase1,33,pair_034,8.733226,867.593856,877.45239,
525,phase1,33,pair_034,8.749843,867.610476,877.469006,
526,phase1,33,pair_034,8.766522,867.627152,877.485686,
527,phase1,33,pair_034,8.783532,867.644162,877.502695,
528,phase1,33,pair_034,8.7999,867.66053,877.519064,
529,phase1,33,pair_034,8.816597,867.677227,877.53576,
530,phase1,33,pair_034,8.833164,867.693794,877.552327,
531,phase1,33,pair_034,8.849827,867.71046,877.56899,
532,phase1,33,pair_034,8.866619,867.727248,877.585782,
533,phase1,33,pair_034,8.883276,867.743906,877.602439,
534,phase1,33,pair_034,8.899912,867.760541,877.619075,
535,phase1,33,pair_034,8.916466,867.777096,877.63563,
536,phase1,33,pair_034,8.933303,867.793933,877.652467,
537,phase1,33,pair_034,8.949918,867.810548,877.669081,
538,phase1,33,pair_034,8.966519,867.827149,877.685683,
539,phase1,33,pair_034,8.983212,867.843841,877.702375,
540,phase1,33,pair_034,8.99996,867.860589,877.719123,
541,phase1,33,pair_034,9.016559,867.87719,877.735722,
542,phase1,33,pair_034,9.033199,867.893829,877.752362,
543,phase1,33,pair_034,9.050194,867.910823,877.769357,
544,phase1,33,pair_034,9.066536,867.927166,877.785699,
545,phase1,33,pair_034,9.083217,867.943846,877.80238,
546,phase1,33,pair_034,9.099932,867.960562,877.819096,
547,phase1,33,pair_034,9.116866,867.977496,877.83603,
548,phase1,33,pair_034,9.133205,867.993834,877.852368,
549,phase1,33,pair_034,9.149903,868.010533,877.869067,
550,phase1,33,pair_034,9.166585,868.027215,877.885748,
551,phase1,33,pair_034,9.183192,868.043822,877.902356,
552,phase1,33,pair_034,-858.860891,868.260894,9.858273,response
0,phase2,33,pair_034,0.0,869.677031,879.535561,single_opt_onset_seq1_opt2_阶级
1,phase2,33,pair_034,0.016904,869.693934,879.552465,
2,phase2,33,pair_034,0.033546,869.710573,879.569108,
3,phase2,33,pair_034,0.050224,869.727254,879.585785,
4,phase2,33,pair_034,0.066843,869.743869,879.602405,
5,phase2,33,pair_034,0.083849,869.760875,879.619411,
6,phase2,33,pair_034,0.100183,869.777209,879.635745,
7,phase2,33,pair_034,0.11689,869.793916,879.652452,
8,phase2,33,pair_034,0.133544,869.81057,879.669106,
9,phase2,33,pair_034,0.150507,869.827533,879.686069,
10,phase2,33,pair_034,0.16714,869.844166,879.702702,
11,phase2,33,pair_034,0.183517,869.860546,879.719078,
12,phase2,33,pair_034,0.200253,869.877281,879.735814,
13,phase2,33,pair_034,0.217183,869.89421,879.752745,
14,phase2,33,pair_034,0.233819,869.910845,879.76938,
15,phase2,33,pair_034,0.250175,869.927201,879.785737,
16,phase2,33,pair_034,0.266888,869.943913,879.802449,
17,phase2,33,pair_034,0.28385,869.960876,879.819412,
18,phase2,33,pair_034,0.300496,869.977521,879.836057,
19,phase2,33,pair_034,0.316805,869.993831,879.852366,
20,phase2,33,pair_034,0.333585,870.010613,879.869147,
21,phase2,33,pair_034,0.35018,870.027211,879.885741,
22,phase2,33,pair_034,0.367186,870.044213,879.902747,
23,phase2,33,pair_034,0.383527,870.060553,879.919088,
24,phase2,33,pair_034,0.400234,870.077259,879.935795,
25,phase2,33,pair_034,0.417145,870.094171,879.952706,
26,phase2,33,pair_034,0.433813,870.110839,879.969374,
27,phase2,33,pair_034,0.450127,870.127153,879.985689,
28,phase2,33,pair_034,0.466851,870.143877,880.002413,
29,phase2,33,pair_034,0.483514,870.16054,880.019075,
30,phase2,33,pair_034,0.500488,870.177514,880.03605,
31,phase2,33,pair_034,0.516858,870.193884,880.052419,
32,phase2,33,pair_034,0.533534,870.21056,880.069095,
33,phase2,33,pair_034,0.550166,870.227191,880.085727,
34,phase2,33,pair_034,0.56683,870.243858,880.102391,
35,phase2,33,pair_034,0.583508,870.260535,880.119069,
36,phase2,33,pair_034,0.600193,870.277219,880.135755,
37,phase2,33,pair_034,0.616833,870.293859,880.152394,
38,phase2,33,pair_034,0.633481,870.310513,880.169043,
39,phase2,33,pair_034,0.650465,870.32749,880.186026,
40,phase2,33,pair_034,0.666798,870.343824,880.202359,
41,phase2,33,pair_034,0.68373,870.360755,880.219291,
42,phase2,33,pair_034,0.700168,870.377195,880.235729,
43,phase2,33,pair_034,0.717138,870.394163,880.252699,
44,phase2,33,pair_034,0.733508,870.410534,880.26907,
45,phase2,33,pair_034,0.750225,870.427254,880.285787,
46,phase2,33,pair_034,0.766826,870.443851,880.302387,
47,phase2,33,pair_034,0.783817,870.460844,880.319379,
48,phase2,33,pair_034,0.800187,870.477213,880.335749,
49,phase2,33,pair_034,0.816862,870.493888,880.352424,
50,phase2,33,pair_034,0.833433,870.510459,880.368995,
51,phase2,33,pair_034,0.850477,870.527503,880.386039,
52,phase2,33,pair_034,0.866818,870.543844,880.40238,
53,phase2,33,pair_034,0.883519,870.560545,880.41908,
54,phase2,33,pair_034,0.900143,870.57717,880.435704,
55,phase2,33,pair_034,0.917151,870.594177,880.452713,
56,phase2,33,pair_034,0.933484,870.610509,880.469045,
57,phase2,33,pair_034,0.950174,870.6272,880.485736,
58,phase2,33,pair_034,0.96709,870.644116,880.502652,
59,phase2,33,pair_034,0.983462,870.660488,880.519023,
60,phase2,33,pair_034,1.000457,870.677484,880.536019,
61,phase2,33,pair_034,1.016833,870.693859,880.552395,
62,phase2,33,pair_034,1.033479,870.710506,880.569041,
63,phase2,33,pair_034,1.050168,870.727194,880.585729,
64,phase2,33,pair_034,1.0671,870.744126,880.602661,
65,phase2,33,pair_034,1.083532,870.760557,880.619093,
66,phase2,33,pair_034,1.100189,870.777215,880.635751,
67,phase2,33,pair_034,1.116815,870.79384,880.652376,
68,phase2,33,pair_034,1.13377,870.810795,880.669331,
69,phase2,33,pair_034,1.150119,870.827144,880.68568,
70,phase2,33,pair_034,1.166808,870.843833,880.702369,
71,phase2,33,pair_034,1.183797,870.860823,880.719359,
72,phase2,33,pair_034,1.200419,870.877444,880.73598,
73,phase2,33,pair_034,1.216762,870.893788,880.752324,
74,phase2,33,pair_034,1.23347,870.910496,880.769032,
75,phase2,33,pair_034,1.250215,870.927241,880.785777,
76,phase2,33,pair_034,1.266775,870.9438,880.802336,
77,phase2,33,pair_034,1.283446,870.960471,880.819007,
78,phase2,33,pair_034,1.300186,870.977212,880.835748,
79,phase2,33,pair_034,1.317087,870.994114,880.852649,
80,phase2,33,pair_034,1.33345,871.010476,880.869011,
81,phase2,33,pair_034,1.350124,871.02715,880.885686,
82,phase2,33,pair_034,1.366838,871.043864,880.9024,
83,phase2,33,pair_034,1.383473,871.060498,880.919034,
84,phase2,33,pair_034,1.400437,871.077463,880.935998,
85,phase2,33,pair_034,1.416828,871.094059,880.95239,
86,phase2,33,pair_034,1.433494,871.11052,880.969056,
87,phase2,33,pair_034,1.450116,871.127142,880.985678,
88,phase2,33,pair_034,1.466834,871.143859,881.002395,
89,phase2,33,pair_034,1.483775,871.160801,881.019337,
90,phase2,33,pair_034,1.50018,871.177206,881.035742,
0,phase2,33,pair_034,0.0,871.193824,881.052356,iti_onset_dur_0.961
1,phase2,33,pair_034,0.016663,871.210483,881.069019,
2,phase2,33,pair_034,0.033626,871.227447,881.085983,
3,phase2,33,pair_034,0.050077,871.243897,881.102433,
4,phase2,33,pair_034,0.066621,871.260441,881.118978,
5,phase2,33,pair_034,0.083302,871.277132,881.135658,
6,phase2,33,pair_034,0.100306,871.29413,881.152663,
7,phase2,33,pair_034,0.116583,871.310406,881.168939,
8,phase2,33,pair_034,0.133614,871.327435,881.18597,
9,phase2,33,pair_034,0.149967,871.343787,881.202323,
10,phase2,33,pair_034,0.166641,871.360461,881.218997,
11,phase2,33,pair_034,0.183615,871.377436,881.235972,
12,phase2,33,pair_034,0.200048,871.393868,881.252404,
13,phase2,33,pair_034,0.216663,871.410483,881.269019,
14,phase2,33,pair_034,0.233311,871.427131,881.285667,
15,phase2,33,pair_034,0.25028,871.4441,881.302636,
16,phase2,33,pair_034,0.266656,871.460476,881.319012,
17,phase2,33,pair_034,0.283319,871.47714,881.335676,
18,phase2,33,pair_034,0.299974,871.493794,881.352331,
19,phase2,33,pair_034,0.31695,871.51077,881.369307,
20,phase2,33,pair_034,0.33335,871.527171,881.385707,
21,phase2,33,pair_034,0.349995,871.543815,881.402352,
22,phase2,33,pair_034,0.366943,871.560763,881.419299,
23,phase2,33,pair_034,0.383641,871.577461,881.435998,
24,phase2,33,pair_034,0.40006,871.59388,881.452416,
25,phase2,33,pair_034,0.416717,871.610537,881.469073,
26,phase2,33,pair_034,0.43332,871.62714,881.485676,
27,phase2,33,pair_034,0.450297,871.644117,881.502653,
28,phase2,33,pair_034,0.466683,871.660504,881.519039,
29,phase2,33,pair_034,0.483362,871.677187,881.535719,
30,phase2,33,pair_034,0.499988,871.693808,881.552345,
31,phase2,33,pair_034,0.51696,871.71078,881.569316,
32,phase2,33,pair_034,0.533329,871.727149,881.585685,
33,phase2,33,pair_034,0.550007,871.743828,881.602364,
34,phase2,33,pair_034,0.566694,871.760514,881.61905,
35,phase2,33,pair_034,0.583292,871.777112,881.635649,
36,phase2,33,pair_034,0.600005,871.793825,881.652361,
37,phase2,33,pair_034,0.616675,871.810497,881.669031,
38,phase2,33,pair_034,0.633322,871.827142,881.685678,
39,phase2,33,pair_034,0.650308,871.844128,881.702664,
40,phase2,33,pair_034,0.666949,871.860769,881.719305,
41,phase2,33,pair_034,0.683346,871.877166,881.735703,
42,phase2,33,pair_034,0.700036,871.893856,881.752392,
43,phase2,33,pair_034,0.716975,871.910795,881.769332,
44,phase2,33,pair_034,0.733605,871.927425,881.785961,
45,phase2,33,pair_034,0.750025,871.943845,881.802381,
46,phase2,33,pair_034,0.766696,871.960516,881.819052,
47,phase2,33,pair_034,0.783359,871.977179,881.835715,
48,phase2,33,pair_034,0.800281,871.994101,881.852638,
49,phase2,33,pair_034,0.816647,872.01047,881.869004,
50,phase2,33,pair_034,0.833325,872.027145,881.885681,
51,phase2,33,pair_034,0.849977,872.043797,881.902333,
52,phase2,33,pair_034,0.866959,872.060781,881.919315,
53,phase2,33,pair_034,0.883319,872.07714,881.935676,
54,phase2,33,pair_034,0.899961,872.093782,881.952318,
55,phase2,33,pair_034,0.916899,872.110719,881.969256,
56,phase2,33,pair_034,0.933241,872.127067,881.985598,
57,phase2,33,pair_034,0.949983,872.143803,882.002339,
0,phase2,33,pair_034,0.0,872.160527,882.019058,single_opt_onset_seq2_opt3_主人
1,phase2,33,pair_034,0.016575,872.177098,882.035632,
2,phase2,33,pair_034,0.033256,872.193781,882.052313,
3,phase2,33,pair_034,0.04995,872.210473,882.069008,
4,phase2,33,pair_034,0.066542,872.227065,882.0856,
5,phase2,33,pair_034,0.083279,872.243801,882.102337,
6,phase2,33,pair_034,0.099893,872.260415,882.118951,
7,phase2,33,pair_034,0.11658,872.277105,882.135638,
8,phase2,33,pair_034,0.133237,872.293759,882.152295,
9,phase2,33,pair_034,0.149916,872.310438,882.168974,
10,phase2,33,pair_034,0.166674,872.327196,882.185732,
11,phase2,33,pair_034,0.183356,872.343879,882.202414,
12,phase2,33,pair_034,0.200029,872.360554,882.219087,
13,phase2,33,pair_034,0.216576,872.377098,882.235634,
14,phase2,33,pair_034,0.233367,872.393893,882.252425,
15,phase2,33,pair_034,0.250021,872.410543,882.269079,
16,phase2,33,pair_034,0.266688,872.427214,882.285746,
17,phase2,33,pair_034,0.283356,872.443878,882.302414,
18,phase2,33,pair_034,0.300031,872.460553,882.319089,
19,phase2,33,pair_034,0.316704,872.477226,882.335762,
20,phase2,33,pair_034,0.333334,872.493855,882.352391,
21,phase2,33,pair_034,0.350025,872.510549,882.369083,
22,phase2,33,pair_034,0.3667,872.527222,882.385757,
23,phase2,33,pair_034,0.383379,872.543903,882.402436,
24,phase2,33,pair_034,0.400011,872.560533,882.419069,
25,phase2,33,pair_034,0.416693,872.577215,882.435751,
26,phase2,33,pair_034,0.433366,872.593888,882.452424,
27,phase2,33,pair_034,0.450017,872.610539,882.469075,
28,phase2,33,pair_034,0.466676,872.627198,882.485733,
29,phase2,33,pair_034,0.483329,872.643852,882.502387,
30,phase2,33,pair_034,0.500031,872.660553,882.519088,
31,phase2,33,pair_034,0.516678,872.677205,882.535736,
32,phase2,33,pair_034,0.533349,872.693871,882.552407,
33,phase2,33,pair_034,0.550017,872.710539,882.569075,
34,phase2,33,pair_034,0.566674,872.727196,882.585732,
35,phase2,33,pair_034,0.58335,872.743872,882.602408,
36,phase2,33,pair_034,0.600027,872.760549,882.619085,
37,phase2,33,pair_034,0.616686,872.777208,882.635744,
38,phase2,33,pair_034,0.63335,872.793874,882.652408,
39,phase2,33,pair_034,0.650021,872.810543,882.669079,
40,phase2,33,pair_034,0.666679,872.827201,882.685737,
41,phase2,33,pair_034,0.683388,872.843911,882.702446,
42,phase2,33,pair_034,0.700341,872.860863,882.719399,
43,phase2,33,pair_034,0.716645,872.877167,882.735703,
44,phase2,33,pair_034,0.733338,872.89386,882.752396,
45,phase2,33,pair_034,0.749983,872.910506,882.769041,
46,phase2,33,pair_034,0.766658,872.927182,882.785716,
47,phase2,33,pair_034,0.783346,872.943872,882.802404,
48,phase2,33,pair_034,0.800018,872.96054,882.819075,
49,phase2,33,pair_034,0.816728,872.977254,882.835786,
50,phase2,33,pair_034,0.83333,872.993852,882.852388,
51,phase2,33,pair_034,0.850035,873.010557,882.869093,
52,phase2,33,pair_034,0.866688,873.02721,882.885745,
53,phase2,33,pair_034,0.883356,873.043879,882.902414,
54,phase2,33,pair_034,0.900351,873.060873,882.919408,
55,phase2,33,pair_034,0.91698,873.077502,882.936038,
56,phase2,33,pair_034,0.93339,873.093915,882.952448,
57,phase2,33,pair_034,0.950312,873.110835,882.96937,
58,phase2,33,pair_034,0.96669,873.127219,882.985747,
59,phase2,33,pair_034,0.98365,873.144172,883.002708,
60,phase2,33,pair_034,1.000034,873.160556,883.019092,
61,phase2,33,pair_034,1.016696,873.177218,883.035753,
62,phase2,33,pair_034,1.033358,873.193879,883.052415,
63,phase2,33,pair_034,1.05032,873.210842,883.069378,
64,phase2,33,pair_034,1.066639,873.227161,883.085697,
65,phase2,33,pair_034,1.083371,873.243893,883.102429,
66,phase2,33,pair_034,1.100014,873.260538,883.119072,
67,phase2,33,pair_034,1.117008,873.277532,883.136066,
68,phase2,33,pair_034,1.133353,873.293875,883.15241,
69,phase2,33,pair_034,1.150012,873.310534,883.16907,
70,phase2,33,pair_034,1.166725,873.327256,883.185783,
71,phase2,33,pair_034,1.183648,873.34417,883.202705,
72,phase2,33,pair_034,1.200007,873.360529,883.219065,
73,phase2,33,pair_034,1.216683,873.377205,883.235741,
74,phase2,33,pair_034,1.233274,873.393796,883.252332,
75,phase2,33,pair_034,1.250327,873.41085,883.269384,
76,phase2,33,pair_034,1.266675,873.427198,883.285733,
77,phase2,33,pair_034,1.283336,873.443858,883.302394,
78,phase2,33,pair_034,1.299994,873.460516,883.319052,
79,phase2,33,pair_034,1.316675,873.477197,883.335733,
80,phase2,33,pair_034,1.333653,873.494177,883.35271,
81,phase2,33,pair_034,1.350016,873.510538,883.369073,
82,phase2,33,pair_034,1.366714,873.527238,883.385771,
83,phase2,33,pair_034,1.383339,873.543861,883.402397,
84,phase2,33,pair_034,1.400015,873.560537,883.419073,
85,phase2,33,pair_034,1.416669,873.577191,883.435727,
86,phase2,33,pair_034,1.433301,873.593823,883.452358,
87,phase2,33,pair_034,1.450005,873.610527,883.469062,
88,phase2,33,pair_034,1.466975,873.627497,883.486032,
89,phase2,33,pair_034,1.48327,873.643792,883.502328,
90,phase2,33,pair_034,1.500047,873.660569,883.519105,
0,phase2,33,pair_034,0.0,873.677239,883.535772,iti_onset_dur_0.702
1,phase2,33,pair_034,0.016912,873.694147,883.552683,
2,phase2,33,pair_034,0.033286,873.710521,883.569057,
3,phase2,33,pair_034,0.049994,873.72723,883.585766,
4,phase2,33,pair_034,0.066948,873.744183,883.602719,
5,phase2,33,pair_034,0.083587,873.760823,883.619359,
6,phase2,33,pair_034,0.099969,873.777205,883.635741,
7,phase2,33,pair_034,0.116634,873.79387,883.652406,
8,phase2,33,pair_034,0.133278,873.810513,883.66905,
9,phase2,33,pair_034,0.149938,873.827173,883.68571,
10,phase2,33,pair_034,0.166902,873.844137,883.702674,
11,phase2,33,pair_034,0.183292,873.860528,883.719064,
12,phase2,33,pair_034,0.199988,873.877225,883.735759,
13,phase2,33,pair_034,0.216541,873.893776,883.752312,
14,phase2,33,pair_034,0.233582,873.910817,883.769353,
15,phase2,33,pair_034,0.249905,873.927141,883.785677,
16,phase2,33,pair_034,0.266611,873.943846,883.802382,
17,phase2,33,pair_034,0.283278,873.960514,883.81905,
18,phase2,33,pair_034,0.300236,873.977471,883.836008,
19,phase2,33,pair_034,0.31662,873.993855,883.852392,
20,phase2,33,pair_034,0.333316,874.010552,883.869087,
21,phase2,33,pair_034,0.349916,874.027151,883.885687,
22,phase2,33,pair_034,0.366921,874.044156,883.902693,
23,phase2,33,pair_034,0.383291,874.060526,883.919063,
24,phase2,33,pair_034,0.399986,874.077225,883.935758,
25,phase2,33,pair_034,0.416593,874.09383,883.952365,
26,phase2,33,pair_034,0.433541,874.110776,883.969313,
27,phase2,33,pair_034,0.44994,874.127176,883.985712,
28,phase2,33,pair_034,0.466639,874.143875,884.002411,
29,phase2,33,pair_034,0.48325,874.160485,884.019021,
30,phase2,33,pair_034,0.500263,874.177499,884.036035,
31,phase2,33,pair_034,0.516558,874.193794,884.05233,
32,phase2,33,pair_034,0.53328,874.210515,884.069052,
33,phase2,33,pair_034,0.549986,874.227221,884.085757,
34,phase2,33,pair_034,0.566576,874.243812,884.102348,
35,phase2,33,pair_034,0.58326,874.260495,884.119031,
36,phase2,33,pair_034,0.599962,874.277197,884.135734,
37,phase2,33,pair_034,0.616607,874.293844,884.152379,
38,phase2,33,pair_034,0.633568,874.310803,884.16934,
39,phase2,33,pair_034,0.6502,874.327435,884.185971,
40,phase2,33,pair_034,0.666593,874.343829,884.202365,
41,phase2,33,pair_034,0.68326,874.360495,884.219032,
42,phase2,33,pair_034,0.699899,874.377134,884.23567,
0,phase2,33,pair_034,0.0,874.394142,884.252672,single_opt_onset_seq3_opt4_杂技
1,phase2,33,pair_034,0.016298,874.410436,884.268971,
2,phase2,33,pair_034,0.03305,874.427187,884.285722,
3,phase2,33,pair_034,0.04968,874.443819,884.302352,
4,phase2,33,pair_034,0.066335,874.460472,884.319007,
5,phase2,33,pair_034,0.082982,874.477118,884.335654,
6,phase2,33,pair_034,0.099714,874.49385,884.352386,
7,phase2,33,pair_034,0.116412,874.510553,884.369084,
8,phase2,33,pair_034,0.133337,874.527474,884.38601,
9,phase2,33,pair_034,0.149688,874.543825,884.40236,
10,phase2,33,pair_034,0.166379,874.560516,884.419051,
11,phase2,33,pair_034,0.182963,874.577099,884.435635,
12,phase2,33,pair_034,0.199668,874.593808,884.45234,
13,phase2,33,pair_034,0.216341,874.610478,884.469014,
14,phase2,33,pair_034,0.232998,874.627135,884.48567,
15,phase2,33,pair_034,0.249674,874.643811,884.502347,
16,phase2,33,pair_034,0.266341,874.660478,884.519014,
17,phase2,33,pair_034,0.283015,874.677152,884.535688,
18,phase2,33,pair_034,0.299711,874.693848,884.552383,
19,phase2,33,pair_034,0.316414,874.710552,884.569086,
20,phase2,33,pair_034,0.333337,874.727474,884.586009,
21,phase2,33,pair_034,0.349987,874.744123,884.602659,
22,phase2,33,pair_034,0.366355,874.760492,884.619027,
23,phase2,33,pair_034,0.38306,874.777197,884.635733,
24,phase2,33,pair_034,0.399654,874.79379,884.652326,
25,phase2,33,pair_034,0.41664,874.810776,884.669312,
26,phase2,33,pair_034,0.432986,874.827122,884.685658,
27,phase2,33,pair_034,0.449742,874.843879,884.702414,
28,phase2,33,pair_034,0.466642,874.860778,884.719314,
29,phase2,33,pair_034,0.483314,874.87745,884.735986,
30,phase2,33,pair_034,0.499678,874.893815,884.752351,
31,phase2,33,pair_034,0.516353,874.91049,884.769026,
32,phase2,33,pair_034,0.533281,874.927417,884.785953,
33,phase2,33,pair_034,0.549995,874.944131,884.802667,
34,phase2,33,pair_034,0.566338,874.960474,884.81901,
35,phase2,33,pair_034,0.58302,874.977157,884.835692,
36,phase2,33,pair_034,0.599679,874.993815,884.852351,
37,phase2,33,pair_034,0.616652,875.010788,884.869324,
38,phase2,33,pair_034,0.632998,875.027134,884.88567,
39,phase2,33,pair_034,0.649716,875.043853,884.902388,
40,phase2,33,pair_034,0.666321,875.060457,884.918993,
41,phase2,33,pair_034,0.682994,875.07713,884.935666,
42,phase2,33,pair_034,0.699658,875.093794,884.95233,
43,phase2,33,pair_034,0.716392,875.110534,884.969064,
44,phase2,33,pair_034,0.733027,875.127163,884.985699,
45,phase2,33,pair_034,0.749661,875.143797,885.002333,
46,phase2,33,pair_034,0.766318,875.160454,885.01899,
47,phase2,33,pair_034,0.783053,875.17719,885.035726,
48,phase2,33,pair_034,0.799649,875.193785,885.052321,
49,phase2,33,pair_034,0.816311,875.210447,885.068984,
50,phase2,33,pair_034,0.832992,875.227129,885.085665,
51,phase2,33,pair_034,0.849688,875.243825,885.10236,
52,phase2,33,pair_034,0.86635,875.260487,885.119023,
53,phase2,33,pair_034,0.883043,875.277179,885.135715,
54,phase2,33,pair_034,0.899969,875.294106,885.152642,
55,phase2,33,pair_034,0.916319,875.310456,885.168992,
56,phase2,33,pair_034,0.932996,875.327133,885.185669,
57,phase2,33,pair_034,0.949694,875.34383,885.202366,
58,phase2,33,pair_034,0.966296,875.360433,885.218969,
59,phase2,33,pair_034,0.983007,875.377145,885.235679,
60,phase2,33,pair_034,0.999678,875.393814,885.25235,
61,phase2,33,pair_034,1.016312,875.410448,885.268984,
62,phase2,33,pair_034,1.03294,875.427076,885.285612,
63,phase2,33,pair_034,1.049667,875.443804,885.30234,
64,phase2,33,pair_034,1.066303,875.46044,885.318976,
65,phase2,33,pair_034,1.082953,875.477089,885.335625,
66,phase2,33,pair_034,1.099629,875.493765,885.352301,
67,phase2,33,pair_034,1.116628,875.510765,885.3693,
68,phase2,33,pair_034,1.133023,875.527159,885.385695,
69,phase2,33,pair_034,1.149891,875.544028,885.402563,
70,phase2,33,pair_034,1.166606,875.560742,885.419278,
71,phase2,33,pair_034,1.183285,875.577422,885.435958,
72,phase2,33,pair_034,1.199655,875.593791,885.452327,
73,phase2,33,pair_034,1.216555,875.610691,885.469227,
74,phase2,33,pair_034,1.233281,875.627417,885.485953,
75,phase2,33,pair_034,1.249947,875.644083,885.502619,
76,phase2,33,pair_034,1.266326,875.660463,885.518998,
77,phase2,33,pair_034,1.282993,875.67713,885.535665,
78,phase2,33,pair_034,1.299629,875.693766,885.552302,
79,phase2,33,pair_034,1.316226,875.710362,885.568898,
80,phase2,33,pair_034,1.332978,875.727117,885.58565,
81,phase2,33,pair_034,1.349704,875.743841,885.602376,
82,phase2,33,pair_034,1.366323,875.76046,885.618996,
83,phase2,33,pair_034,1.383304,875.777441,885.635976,
84,phase2,33,pair_034,1.399914,875.79405,885.652586,
85,phase2,33,pair_034,1.416261,875.810398,885.668934,
86,phase2,33,pair_034,1.432904,875.827041,885.685577,
87,phase2,33,pair_034,1.449632,875.843769,885.702305,
88,phase2,33,pair_034,1.466583,875.860719,885.719255,
89,phase2,33,pair_034,1.482974,875.87711,885.735646,
90,phase2,33,pair_034,1.49961,875.893746,885.752282,
0,phase2,33,pair_034,0.0,875.910417,885.76895,iti_onset_dur_1.049
1,phase2,33,pair_034,0.016965,875.927378,885.785914,
2,phase2,33,pair_034,0.033369,875.943783,885.802319,
3,phase2,33,pair_034,0.050047,875.960461,885.818997,
4,phase2,33,pair_034,0.066676,875.97709,885.835626,
5,phase2,33,pair_034,0.083358,875.993771,885.852307,
6,phase2,33,pair_034,0.100047,876.01046,885.868997,
7,phase2,33,pair_034,0.116692,876.027105,885.885642,
8,phase2,33,pair_034,0.133413,876.043826,885.902363,
9,phase2,33,pair_034,0.150348,876.060761,885.919298,
10,phase2,33,pair_034,0.166744,876.077158,885.935694,
11,phase2,33,pair_034,0.183347,876.09376,885.952297,
12,phase2,33,pair_034,0.200284,876.110698,885.969234,
13,phase2,33,pair_034,0.216999,876.127413,885.985949,
14,phase2,33,pair_034,0.233302,876.143715,886.002252,
15,phase2,33,pair_034,0.249978,876.160392,886.018928,
16,phase2,33,pair_034,0.266671,876.177084,886.035621,
17,phase2,33,pair_034,0.283641,876.194054,886.052591,
18,phase2,33,pair_034,0.299957,876.21037,886.068907,
19,phase2,33,pair_034,0.316673,876.227087,886.085623,
20,phase2,33,pair_034,0.333329,876.243743,886.102279,
21,phase2,33,pair_034,0.350132,876.26055,886.119082,
22,phase2,33,pair_034,0.366828,876.277242,886.135778,
23,phase2,33,pair_034,0.383459,876.29388,886.152408,
24,phase2,33,pair_034,0.40042,876.310834,886.16937,
25,phase2,33,pair_034,0.416775,876.327189,886.185725,
26,phase2,33,pair_034,0.433459,876.343872,886.202408,
27,phase2,33,pair_034,0.45012,876.360536,886.21907,
28,phase2,33,pair_034,0.467074,876.377489,886.236024,
29,phase2,33,pair_034,0.483471,876.393889,886.25242,
30,phase2,33,pair_034,0.500111,876.410526,886.269061,
31,phase2,33,pair_034,0.516784,876.427197,886.285733,
32,phase2,33,pair_034,0.533396,876.443809,886.302346,
33,phase2,33,pair_034,0.550132,876.460546,886.319082,
34,phase2,33,pair_034,0.566768,876.477181,886.335717,
35,phase2,33,pair_034,0.583521,876.493936,886.352471,
36,phase2,33,pair_034,0.600431,876.510845,886.369381,
37,phase2,33,pair_034,0.616736,876.527149,886.385685,
38,phase2,33,pair_034,0.633427,876.54384,886.402377,
39,phase2,33,pair_034,0.650375,876.560788,886.419325,
40,phase2,33,pair_034,0.667099,876.577512,886.436049,
41,phase2,33,pair_034,0.683727,876.59414,886.452677,
42,phase2,33,pair_034,0.700106,876.61052,886.469056,
43,phase2,33,pair_034,0.716812,876.627229,886.485762,
44,phase2,33,pair_034,0.733423,876.643837,886.502373,
45,phase2,33,pair_034,0.750119,876.660533,886.519069,
46,phase2,33,pair_034,0.766753,876.677167,886.535703,
47,phase2,33,pair_034,0.783469,876.693886,886.552419,
48,phase2,33,pair_034,0.800389,876.710802,886.569339,
49,phase2,33,pair_034,0.817088,876.727501,886.586037,
50,phase2,33,pair_034,0.833384,876.743798,886.602334,
51,phase2,33,pair_034,0.850133,876.760547,886.619082,
52,phase2,33,pair_034,0.866775,876.777195,886.635725,
53,phase2,33,pair_034,0.88374,876.794154,886.65269,
54,phase2,33,pair_034,0.900103,876.810521,886.669053,
55,phase2,33,pair_034,0.916769,876.827182,886.685719,
56,phase2,33,pair_034,0.933441,876.843855,886.702391,
57,phase2,33,pair_034,0.950401,876.860815,886.719351,
58,phase2,33,pair_034,0.966766,876.877179,886.735716,
59,phase2,33,pair_034,0.983402,876.893817,886.752351,
60,phase2,33,pair_034,1.000113,876.910526,886.769062,
61,phase2,33,pair_034,1.017079,876.927492,886.786028,
62,phase2,33,pair_034,1.033419,876.943833,886.802369,
0,phase2,33,pair_034,0.0,876.960524,886.819056,single_opt_onset_seq4_opt1_成人
1,phase2,33,pair_034,0.016646,876.977167,886.835702,
2,phase2,33,pair_034,0.033649,876.994169,886.852705,
3,phase2,33,pair_034,0.050011,877.010532,886.869067,
4,phase2,33,pair_034,0.066641,877.027162,886.885697,
5,phase2,33,pair_034,0.083314,877.043834,886.90237,
6,phase2,33,pair_034,0.099966,877.060487,886.919022,
7,phase2,33,pair_034,0.116955,877.077475,886.936011,
8,phase2,33,pair_034,0.133328,877.093848,886.952384,
9,phase2,33,pair_034,0.150029,877.11055,886.969085,
10,phase2,33,pair_034,0.166651,877.127174,886.985707,
11,phase2,33,pair_034,0.183286,877.143807,887.002342,
12,phase2,33,pair_034,0.200006,877.160526,887.019062,
13,phase2,33,pair_034,0.216668,877.177189,887.035724,
14,phase2,33,pair_034,0.233619,877.194139,887.052675,
15,phase2,33,pair_034,0.250288,877.210808,887.069344,
16,phase2,33,pair_034,0.266668,877.227189,887.085724,
17,phase2,33,pair_034,0.283312,877.243832,887.102368,
18,phase2,33,pair_034,0.300026,877.260546,887.119082,
19,phase2,33,pair_034,0.316966,877.277486,887.136022,
20,phase2,33,pair_034,0.33332,877.29384,887.152376,
21,phase2,33,pair_034,0.350025,877.310546,887.169081,
22,phase2,33,pair_034,0.366663,877.327183,887.185718,
23,phase2,33,pair_034,0.383641,877.344161,887.202697,
24,phase2,33,pair_034,0.399966,877.360487,887.219022,
25,phase2,33,pair_034,0.41664,877.377161,887.235696,
26,phase2,33,pair_034,0.433378,877.393899,887.252434,
27,phase2,33,pair_034,0.449977,877.410497,887.269033,
28,phase2,33,pair_034,0.46664,877.427161,887.285696,
29,phase2,33,pair_034,0.483296,877.443817,887.302352,
30,phase2,33,pair_034,0.499956,877.460476,887.319012,
31,phase2,33,pair_034,0.516583,877.477103,887.335639,
32,phase2,33,pair_034,0.533616,877.494136,887.352672,
33,phase2,33,pair_034,0.54997,877.510493,887.369026,
34,phase2,33,pair_034,0.566643,877.527163,887.385699,
35,phase2,33,pair_034,0.583319,877.543839,887.402375,
36,phase2,33,pair_034,0.599981,877.560501,887.419037,
37,phase2,33,pair_034,0.616645,877.577165,887.435701,
38,phase2,33,pair_034,0.633296,877.593816,887.452352,
39,phase2,33,pair_034,0.650318,877.610838,887.469374,
40,phase2,33,pair_034,0.666631,877.627151,887.485687,
41,phase2,33,pair_034,0.683313,877.643834,887.502369,
42,phase2,33,pair_034,0.699956,877.660476,887.519012,
43,phase2,33,pair_034,0.716935,877.677458,887.535991,
44,phase2,33,pair_034,0.733607,877.694128,887.552663,
45,phase2,33,pair_034,0.749952,877.710472,887.569008,
46,phase2,33,pair_034,0.766675,877.727195,887.585731,
47,phase2,33,pair_034,0.783343,877.743864,887.602399,
48,phase2,33,pair_034,0.800282,877.760802,887.619338,
49,phase2,33,pair_034,0.816594,877.777114,887.63565,
50,phase2,33,pair_034,0.833337,877.793857,887.652393,
51,phase2,33,pair_034,0.850173,877.810693,887.669229,
52,phase2,33,pair_034,0.866945,877.827465,887.686001,
53,phase2,33,pair_034,0.883544,877.844064,887.7026,
54,phase2,33,pair_034,0.899962,877.860489,887.719018,
55,phase2,33,pair_034,0.916618,877.877138,887.735674,
56,phase2,33,pair_034,0.933242,877.893762,887.752298,
57,phase2,33,pair_034,0.949973,877.910492,887.769029,
58,phase2,33,pair_034,0.966618,877.927138,887.785674,
59,phase2,33,pair_034,0.983343,877.943866,887.802399,
60,phase2,33,pair_034,0.999932,877.960452,887.818988,
61,phase2,33,pair_034,1.016657,877.977179,887.835713,
62,phase2,33,pair_034,1.033292,877.993812,887.852348,
63,phase2,33,pair_034,1.050063,878.010583,887.869119,
64,phase2,33,pair_034,1.066673,878.027195,887.885729,
65,phase2,33,pair_034,1.083605,878.044125,887.902661,
66,phase2,33,pair_034,1.099975,878.060495,887.919031,
67,phase2,33,pair_034,1.11669,878.077211,887.935746,
68,phase2,33,pair_034,1.133618,878.094138,887.952674,
69,phase2,33,pair_034,1.150266,878.110786,887.969322,
70,phase2,33,pair_034,1.166637,878.127161,887.985693,
71,phase2,33,pair_034,1.183244,878.143764,888.0023,
72,phase2,33,pair_034,1.20022,878.16074,888.019276,
73,phase2,33,pair_034,1.216555,878.177075,888.035611,
74,phase2,33,pair_034,1.233285,878.193806,888.052341,
75,phase2,33,pair_034,1.249958,878.210479,888.069014,
76,phase2,33,pair_034,1.266606,878.227126,888.085662,
77,phase2,33,pair_034,1.283608,878.24413,888.102664,
78,phase2,33,pair_034,1.300235,878.260755,888.119291,
79,phase2,33,pair_034,1.316643,878.277162,888.135699,
80,phase2,33,pair_034,1.333305,878.293826,888.152361,
81,phase2,33,pair_034,1.349938,878.310458,888.168994,
82,phase2,33,pair_034,1.366899,878.327419,888.185955,
83,phase2,33,pair_034,1.383283,878.343807,888.202339,
84,phase2,33,pair_034,1.399935,878.360455,888.218991,
85,phase2,33,pair_034,1.416602,878.377122,888.235658,
86,phase2,33,pair_034,1.433599,878.394119,888.252655,
87,phase2,33,pair_034,1.449931,878.410452,888.268987,
88,phase2,33,pair_034,1.466591,878.427111,888.285647,
89,phase2,33,pair_034,1.48325,878.44377,888.302306,
90,phase2,33,pair_034,1.500249,878.460769,888.319305,
0,phase2,33,pair_034,0.0,878.477066,888.3356,iti_onset_dur_0.918
1,phase2,33,pair_034,0.016758,878.493821,888.352358,
2,phase2,33,pair_034,0.033439,878.510502,888.369038,
3,phase2,33,pair_034,0.049997,878.52706,888.385596,
4,phase2,33,pair_034,0.06673,878.543794,888.40233,
5,phase2,33,pair_034,0.083393,878.560456,888.418993,
6,phase2,33,pair_034,0.100065,878.577128,888.435665,
7,phase2,33,pair_034,0.11702,878.594083,888.45262,
8,phase2,33,pair_034,0.133669,878.610732,888.469269,
9,phase2,33,pair_034,0.150089,878.627152,888.485688,
10,phase2,33,pair_034,0.166781,878.643845,888.502381,
11,phase2,33,pair_034,0.183369,878.660433,888.518969,
12,phase2,33,pair_034,0.200333,878.677397,888.535933,
13,phase2,33,pair_034,0.216772,878.693835,888.552372,
14,phase2,33,pair_034,0.233429,878.710493,888.569029,
15,phase2,33,pair_034,0.250039,878.727102,888.585639,
16,phase2,33,pair_034,0.266998,878.744061,888.602598,
17,phase2,33,pair_034,0.2834,878.760464,888.619,
18,phase2,33,pair_034,0.300056,878.777119,888.635656,
19,phase2,33,pair_034,0.31667,878.793733,888.65227,
20,phase2,33,pair_034,0.333697,878.81076,888.669297,
21,phase2,33,pair_034,0.350028,878.827091,888.685628,
22,phase2,33,pair_034,0.366722,878.843785,888.702322,
23,phase2,33,pair_034,0.38339,878.860455,888.718989,
24,phase2,33,pair_034,0.400005,878.877068,888.735605,
25,phase2,33,pair_034,0.41671,878.893773,888.75231,
26,phase2,33,pair_034,0.433379,878.910443,888.768979,
27,phase2,33,pair_034,0.450036,878.9271,888.785636,
28,phase2,33,pair_034,0.466709,878.943772,888.802309,
29,phase2,33,pair_034,0.483649,878.960712,888.819248,
30,phase2,33,pair_034,0.500073,878.977137,888.835673,
31,phase2,33,pair_034,0.51669,878.993754,888.85229,
32,phase2,33,pair_034,0.533373,879.010437,888.868973,
33,phase2,33,pair_034,0.550034,879.027097,888.885633,
34,phase2,33,pair_034,0.566748,879.043812,888.902348,
35,phase2,33,pair_034,0.583365,879.060428,888.918965,
36,phase2,33,pair_034,0.600317,879.077381,888.935917,
37,phase2,33,pair_034,0.616729,879.093793,888.952329,
38,phase2,33,pair_034,0.633398,879.110461,888.968998,
39,phase2,33,pair_034,0.65006,879.127123,888.98566,
40,phase2,33,pair_034,0.666673,879.143737,889.002273,
41,phase2,33,pair_034,0.683369,879.160432,889.018968,
42,phase2,33,pair_034,0.700044,879.177108,889.035644,
43,phase2,33,pair_034,0.716727,879.19379,889.052326,
44,phase2,33,pair_034,0.733361,879.210424,889.068961,
45,phase2,33,pair_034,0.750332,879.227395,889.085932,
46,phase2,33,pair_034,0.766753,879.243816,889.102353,
47,phase2,33,pair_034,0.783385,879.260448,889.118985,
48,phase2,33,pair_034,0.800281,879.277345,889.135881,
49,phase2,33,pair_034,0.817001,879.294064,889.152601,
50,phase2,33,pair_034,0.833368,879.310432,889.168968,
51,phase2,33,pair_034,0.850023,879.327086,889.185622,
52,phase2,33,pair_034,0.866741,879.343804,889.20234,
53,phase2,33,pair_034,0.883358,879.360421,889.218958,
54,phase2,33,pair_034,0.90002,879.377083,889.23562,
55,phase2,33,pair_034,0.916691,879.393754,889.252291,
0,phase2,33,pair_034,0.0,880.277502,890.136028,final_choice_onset
1,phase2,33,pair_034,0.016475,880.293972,890.152503,
2,phase2,33,pair_034,0.033319,880.310815,890.169348,
3,phase2,33,pair_034,0.049701,880.3272,890.185729,
4,phase2,33,pair_034,0.066361,880.343857,890.202389,
5,phase2,33,pair_034,0.083012,880.36051,890.21904,
6,phase2,33,pair_034,0.099994,880.377489,890.236022,
7,phase2,33,pair_034,0.116377,880.393875,890.252406,
8,phase2,33,pair_034,0.132972,880.410468,890.269,
9,phase2,33,pair_034,0.149975,880.427472,890.286004,
10,phase2,33,pair_034,0.166668,880.444164,890.302697,
11,phase2,33,pair_034,0.183022,880.460518,890.31905,
12,phase2,33,pair_034,0.199691,880.477187,890.335719,
13,phase2,33,pair_034,0.216678,880.494174,890.352707,
14,phase2,33,pair_034,0.232952,880.510451,890.36898,
15,phase2,33,pair_034,0.249686,880.527181,890.385714,
16,phase2,33,pair_034,0.266347,880.543843,890.402375,
17,phase2,33,pair_034,0.283016,880.560512,890.419044,
18,phase2,33,pair_034,0.299667,880.577168,890.435696,
19,phase2,33,pair_034,0.316343,880.593839,890.452372,
20,phase2,33,pair_034,0.333012,880.610508,890.469041,
21,phase2,33,pair_034,0.349703,880.627198,890.485731,
22,phase2,33,pair_034,0.366668,880.644163,890.502696,
23,phase2,33,pair_034,0.382994,880.66049,890.519023,
24,phase2,33,pair_034,0.399679,880.677174,890.535707,
25,phase2,33,pair_034,0.416381,880.693879,890.55241,
26,phase2,33,pair_034,0.432971,880.710466,890.568999,
27,phase2,33,pair_034,0.449978,880.727473,890.586006,
28,phase2,33,pair_034,0.466342,880.74384,890.60237,
29,phase2,33,pair_034,0.483034,880.760529,890.619062,
30,phase2,33,pair_034,0.499955,880.77745,890.635983,
31,phase2,33,pair_034,0.51664,880.794135,890.652668,
32,phase2,33,pair_034,0.53303,880.810525,890.669058,
33,phase2,33,pair_034,0.549621,880.827117,890.685649,
34,phase2,33,pair_034,0.566323,880.84382,890.702352,
35,phase2,33,pair_034,0.583266,880.860761,890.719294,
36,phase2,33,pair_034,0.599677,880.877173,890.735705,
37,phase2,33,pair_034,0.616338,880.893833,890.752366,
38,phase2,33,pair_034,0.633087,880.910582,890.769115,
39,phase2,33,pair_034,0.649668,880.927164,890.785697,
40,phase2,33,pair_034,0.66628,880.943775,890.802308,
41,phase2,33,pair_034,0.682998,880.960494,890.819026,
42,phase2,33,pair_034,0.699933,880.977429,890.835961,
43,phase2,33,pair_034,0.716643,880.994139,890.852672,
44,phase2,33,pair_034,0.733288,881.010783,890.869316,
45,phase2,33,pair_034,0.749661,881.027156,890.885689,
46,phase2,33,pair_034,0.766596,881.044093,890.902624,
47,phase2,33,pair_034,0.783331,881.060826,890.919359,
48,phase2,33,pair_034,0.799678,881.077174,890.935706,
49,phase2,33,pair_034,0.816328,881.094009,890.952356,
50,phase2,33,pair_034,0.833008,881.110503,890.969036,
51,phase2,33,pair_034,0.849655,881.12715,890.985683,
52,phase2,33,pair_034,0.866298,881.143793,891.002327,
53,phase2,33,pair_034,0.883018,881.160516,891.019047,
54,phase2,33,pair_034,0.899654,881.17715,891.035683,
55,phase2,33,pair_034,0.916616,881.194111,891.052644,
56,phase2,33,pair_034,0.932984,881.210479,891.069013,
57,phase2,33,pair_034,0.949639,881.227135,891.085667,
58,phase2,33,pair_034,0.966365,881.243861,891.102393,
59,phase2,33,pair_034,0.982973,881.260468,891.119001,
60,phase2,33,pair_034,0.99996,881.277456,891.135988,
61,phase2,33,pair_034,1.016308,881.293803,891.152336,
62,phase2,33,pair_034,1.032936,881.310431,891.168964,
63,phase2,33,pair_034,1.049653,881.327148,891.185681,
64,phase2,33,pair_034,1.066592,881.344087,891.202621,
65,phase2,33,pair_034,1.082969,881.360465,891.218997,
66,phase2,33,pair_034,1.099646,881.377142,891.235675,
67,phase2,33,pair_034,1.116386,881.393882,891.252415,
68,phase2,33,pair_034,1.133293,881.410788,891.269321,
69,phase2,33,pair_034,1.149649,881.427144,891.285677,
70,phase2,33,pair_034,1.166321,881.443816,891.302349,
71,phase2,33,pair_034,1.182981,881.460477,891.319009,
72,phase2,33,pair_034,1.19965,881.477145,891.335678,
73,phase2,33,pair_034,1.216307,881.493802,891.352335,
74,phase2,33,pair_034,1.232994,881.510489,891.369022,
75,phase2,33,pair_034,1.24965,881.527146,891.385679,
76,phase2,33,pair_034,1.266307,881.543803,891.402335,
77,phase2,33,pair_034,1.283269,881.560764,891.419297,
78,phase2,33,pair_034,1.299674,881.577169,891.435702,
79,phase2,33,pair_034,1.316317,881.593813,891.452345,
80,phase2,33,pair_034,1.332958,881.610454,891.468986,
81,phase2,33,pair_034,1.349953,881.627449,891.485982,
82,phase2,33,pair_034,1.366302,881.643798,891.502331,
83,phase2,33,pair_034,1.382996,881.660496,891.519025,
84,phase2,33,pair_034,1.399627,881.677122,891.535656,
85,phase2,33,pair_034,1.416617,881.694112,891.552645,
86,phase2,33,pair_034,1.432961,881.710457,891.56899,
87,phase2,33,pair_034,1.449642,881.727137,891.58567,
88,phase2,33,pair_034,1.46658,881.744075,891.602608,
89,phase2,33,pair_034,1.483267,881.760763,891.619296,
90,phase2,33,pair_034,1.499642,881.777137,891.63567,
91,phase2,33,pair_034,1.516364,881.79386,891.652392,
92,phase2,33,pair_034,1.533005,881.8105,891.669033,
93,phase2,33,pair_034,1.549985,881.82748,891.686013,
94,phase2,33,pair_034,1.566313,881.843811,891.702341,
95,phase2,33,pair_034,1.582999,881.860494,891.719027,
96,phase2,33,pair_034,1.599667,881.877163,891.735695,
97,phase2,33,pair_034,1.61665,881.894146,891.752679,
98,phase2,33,pair_034,1.633223,881.910718,891.769251,
99,phase2,33,pair_034,1.649646,881.927141,891.785674,
100,phase2,33,pair_034,1.666354,881.94385,891.802382,
101,phase2,33,pair_034,1.682952,881.960447,891.818981,
102,phase2,33,pair_034,1.699648,881.977143,891.835676,
103,phase2,33,pair_034,1.716261,881.993756,891.85229,
104,phase2,33,pair_034,1.732963,882.010458,891.868991,
105,phase2,33,pair_034,1.749947,882.027442,891.885975,
106,phase2,33,pair_034,1.76629,882.043785,891.902318,
107,phase2,33,pair_034,1.782989,882.060484,891.919017,
108,phase2,33,pair_034,1.799715,882.07721,891.935743,
109,phase2,33,pair_034,1.816604,882.0941,891.952632,
110,phase2,33,pair_034,1.8333,882.110795,891.969328,
111,phase2,33,pair_034,1.849681,882.127177,891.985709,
112,phase2,33,pair_034,1.866304,882.143807,892.002333,
113,phase2,33,pair_034,1.882986,882.160501,892.019014,
114,phase2,33,pair_034,1.899937,882.177433,892.035966,
115,phase2,33,pair_034,1.916274,882.193769,892.052302,
116,phase2,33,pair_034,1.932941,882.210437,892.06897,
117,phase2,33,pair_034,1.949643,882.22714,892.085671,
118,phase2,33,pair_034,1.966605,882.2441,892.102633,
119,phase2,33,pair_034,1.982957,882.260452,892.118985,
120,phase2,33,pair_034,1.9996,882.277097,892.135628,
121,phase2,33,pair_034,2.016295,882.29379,892.152323,
122,phase2,33,pair_034,2.033007,882.310512,892.169035,
123,phase2,33,pair_034,2.049604,882.327117,892.185633,
124,phase2,33,pair_034,2.066304,882.343802,892.202332,
125,phase2,33,pair_034,2.082951,882.360447,892.21898,
126,phase2,33,pair_034,2.09962,882.377116,892.235649,
127,phase2,33,pair_034,2.116219,882.393714,892.252247,
128,phase2,33,pair_034,2.132948,882.410444,892.268976,
129,phase2,33,pair_034,2.14969,882.427187,892.285718,
130,phase2,33,pair_034,2.166613,882.444109,892.302641,
131,phase2,33,pair_034,2.183253,882.460748,892.319281,
132,phase2,33,pair_034,2.199616,882.477111,892.335644,
133,phase2,33,pair_034,2.216273,882.493771,892.352301,
134,phase2,33,pair_034,2.232955,882.51045,892.368983,
135,phase2,33,pair_034,2.249929,882.527425,892.385958,
136,phase2,33,pair_034,2.266255,882.543753,892.402283,
137,phase2,33,pair_034,2.282938,882.560433,892.418967,
138,phase2,33,pair_034,2.299883,882.577378,892.435911,
139,phase2,33,pair_034,2.316237,882.593732,892.452265,
140,phase2,33,pair_034,2.332956,882.610453,892.468984,
141,phase2,33,pair_034,2.349614,882.62711,892.485643,
142,phase2,33,pair_034,2.366323,882.64382,892.502352,
143,phase2,33,pair_034,2.382932,882.660427,892.51896,
144,phase2,33,pair_034,2.39961,882.677105,892.535638,
145,phase2,33,pair_034,2.416297,882.693792,892.552325,
146,phase2,33,pair_034,2.432944,882.710439,892.568973,
147,phase2,33,pair_034,2.4496,882.727095,892.585628,
148,phase2,33,pair_034,2.466584,882.744079,892.602612,
149,phase2,33,pair_034,2.482948,882.760445,892.618976,
150,phase2,33,pair_034,2.499656,882.777152,892.635685,
151,phase2,33,pair_034,2.516262,882.793757,892.65229,
152,phase2,33,pair_034,2.533237,882.810732,892.669265,
153,phase2,33,pair_034,2.549605,882.8271,892.685633,
154,phase2,33,pair_034,2.566281,882.843776,892.702309,
155,phase2,33,pair_034,2.582944,882.860441,892.718972,
156,phase2,33,pair_034,2.599911,882.877406,892.735939,
157,phase2,33,pair_034,2.61618,882.893675,892.752208,
158,phase2,33,pair_034,2.632928,882.910423,892.768956,
159,phase2,33,pair_034,2.649617,882.927113,892.785645,
160,phase2,33,pair_034,2.666257,882.943752,892.802285,
161,phase2,33,pair_034,2.682916,882.960412,892.818945,
162,phase2,33,pair_034,2.699676,882.977171,892.835704,
163,phase2,33,pair_034,2.716342,882.993838,892.85237,
164,phase2,33,pair_034,2.732872,883.010367,892.8689,
165,phase2,33,pair_034,2.749879,883.027375,892.885908,
166,phase2,33,pair_034,2.766296,883.043791,892.902324,
167,phase2,33,pair_034,2.782904,883.060399,892.918932,
168,phase2,33,pair_034,2.799889,883.077384,892.935918,
169,phase2,33,pair_034,2.81654,883.094035,892.952568,
170,phase2,33,pair_034,2.832891,883.110386,892.968919,
171,phase2,33,pair_034,2.849588,883.127084,892.985617,
172,phase2,33,pair_034,2.86655,883.144046,893.002578,
173,phase2,33,pair_034,2.883206,883.160702,893.019235,
174,phase2,33,pair_034,2.899561,883.177058,893.035589,
175,phase2,33,pair_034,2.91631,883.193806,893.052338,
176,phase2,33,pair_034,2.933175,883.21067,893.069203,
177,phase2,33,pair_034,2.949902,883.227397,893.08593,
178,phase2,33,pair_034,2.966276,883.243771,893.102304,
179,phase2,33,pair_034,2.982925,883.260421,893.118954,
180,phase2,33,pair_034,2.999578,883.277073,893.135606,
181,phase2,33,pair_034,3.016558,883.294053,893.152586,
182,phase2,33,pair_034,3.033187,883.310682,893.169216,
183,phase2,33,pair_034,3.04957,883.327065,893.185599,
184,phase2,33,pair_034,3.066239,883.343734,893.202267,
185,phase2,33,pair_034,3.083219,883.360714,893.219247,
186,phase2,33,pair_034,3.099578,883.377073,893.235606,
187,phase2,33,pair_034,3.116247,883.393742,893.252275,
188,phase2,33,pair_034,3.132899,883.410394,893.268927,
189,phase2,33,pair_034,3.149564,883.427059,893.285592,
190,phase2,33,pair_034,3.1662,883.443696,893.302229,
191,phase2,33,pair_034,3.18292,883.460415,893.318948,
192,phase2,33,pair_034,3.199632,883.477127,893.335661,
193,phase2,33,pair_034,3.216547,883.494042,893.352576,
194,phase2,33,pair_034,3.233204,883.510699,893.369232,
195,phase2,33,pair_034,3.249599,883.527094,893.385627,
196,phase2,33,pair_034,3.26629,883.543785,893.402318,
197,phase2,33,pair_034,3.282906,883.560401,893.418935,
198,phase2,33,pair_034,3.299873,883.577368,893.435901,
199,phase2,33,pair_034,3.316496,883.593992,893.452525,
200,phase2,33,pair_034,3.332951,883.610446,893.468979,
201,phase2,33,pair_034,3.349852,883.627347,893.485881,
202,phase2,33,pair_034,3.36654,883.644035,893.502569,
203,phase2,33,pair_034,3.382946,883.660441,893.518974,
204,phase2,33,pair_034,3.399563,883.677058,893.535591,
205,phase2,33,pair_034,3.416339,883.693834,893.552368,
206,phase2,33,pair_034,3.433248,883.710743,893.569276,
207,phase2,33,pair_034,3.449563,883.727058,893.585591,
208,phase2,33,pair_034,3.46624,883.743736,893.602269,
209,phase2,33,pair_034,3.483164,883.760659,893.619192,
210,phase2,33,pair_034,3.499546,883.777041,893.635574,
211,phase2,33,pair_034,3.516504,883.793999,893.652532,
212,phase2,33,pair_034,3.532926,883.810421,893.668954,
213,phase2,33,pair_034,3.549631,883.827128,893.685659,
214,phase2,33,pair_034,3.566545,883.84404,893.702574,
215,phase2,33,pair_034,3.583195,883.86069,893.719223,
216,phase2,33,pair_034,3.599787,883.877283,893.735816,
217,phase2,33,pair_034,3.616209,883.893704,893.752237,
218,phase2,33,pair_034,3.632871,883.910366,893.768899,
219,phase2,33,pair_034,3.649862,883.927357,893.78589,
220,phase2,33,pair_034,3.666267,883.943762,893.802295,
221,phase2,33,pair_034,3.682877,883.960372,893.818905,
222,phase2,33,pair_034,3.699559,883.977055,893.835588,
223,phase2,33,pair_034,3.716211,883.993707,893.85224,
224,phase2,33,pair_034,3.732895,884.01039,893.868924,
225,phase2,33,pair_034,3.749556,884.027051,893.885584,
226,phase2,33,pair_034,3.766184,884.043679,893.902212,
227,phase2,33,pair_034,3.78287,884.060365,893.918898,
228,phase2,33,pair_034,3.799612,884.077107,893.93564,
229,phase2,33,pair_034,3.816199,884.093694,893.952227,
230,phase2,33,pair_034,3.833146,884.110641,893.969175,
231,phase2,33,pair_034,3.849659,884.127154,893.985687,
232,phase2,33,pair_034,3.866365,884.143861,894.002393,
233,phase2,33,pair_034,3.88332,884.160815,894.019348,
234,phase2,33,pair_034,3.899654,884.177149,894.035682,
235,phase2,33,pair_034,3.916343,884.193839,894.052372,
236,phase2,33,pair_034,3.932955,884.21045,894.068983,
237,phase2,33,pair_034,3.949646,884.227141,894.085674,
238,phase2,33,pair_034,3.96631,884.243805,894.102338,
239,phase2,33,pair_034,3.98299,884.260485,894.119019,
240,phase2,33,pair_034,3.999691,884.277186,894.135719,
241,phase2,33,pair_034,4.01662,884.294115,894.152648,
242,phase2,33,pair_034,4.033306,884.310801,894.169334,
243,phase2,33,pair_034,4.049655,884.32715,894.185683,
244,phase2,33,pair_034,4.066272,884.343768,894.2023,
245,phase2,33,pair_034,4.082945,884.360442,894.218973,
246,phase2,33,pair_034,4.099652,884.377152,894.235681,
247,phase2,33,pair_034,4.116341,884.393838,894.252369,
248,phase2,33,pair_034,4.13298,884.410476,894.269008,
249,phase2,33,pair_034,4.149619,884.427115,894.285647,
250,phase2,33,pair_034,4.166637,884.444133,894.302666,
251,phase2,33,pair_034,4.182982,884.460478,894.31901,
252,phase2,33,pair_034,4.199627,884.477122,894.335655,
253,phase2,33,pair_034,4.216327,884.493826,894.352356,
254,phase2,33,pair_034,4.233299,884.510794,894.369327,
255,phase2,33,pair_034,4.249669,884.527164,894.385697,
256,phase2,33,pair_034,4.266308,884.543806,894.402336,
257,phase2,33,pair_034,4.282982,884.560477,894.41901,
258,phase2,33,pair_034,4.299596,884.577094,894.435625,
259,phase2,33,pair_034,4.316315,884.59381,894.452343,
260,phase2,33,pair_034,4.332974,884.610471,894.469002,
261,phase2,33,pair_034,4.349661,884.627156,894.485689,
262,phase2,33,pair_034,4.366267,884.643762,894.502295,
263,phase2,33,pair_034,4.383283,884.660778,894.519311,
264,phase2,33,pair_034,4.399642,884.677141,894.53567,
265,phase2,33,pair_034,4.416355,884.693851,894.552383,
266,phase2,33,pair_034,4.432972,884.710467,894.569,
267,phase2,33,pair_034,4.449951,884.727446,894.585979,
268,phase2,33,pair_034,4.466327,884.743822,894.602355,
269,phase2,33,pair_034,4.482998,884.7605,894.619026,
270,phase2,33,pair_034,4.499648,884.777143,894.635676,
271,phase2,33,pair_034,4.516607,884.794103,894.652636,
272,phase2,33,pair_034,4.532984,884.810479,894.669012,
273,phase2,33,pair_034,4.549637,884.827132,894.685665,
274,phase2,33,pair_034,4.56631,884.843806,894.702339,
275,phase2,33,pair_034,4.583295,884.86079,894.719323,
276,phase2,33,pair_034,4.599643,884.877138,894.735671,
277,phase2,33,pair_034,4.616279,884.893776,894.752307,
278,phase2,33,pair_034,4.633016,884.910512,894.769044,
279,phase2,33,pair_034,4.649916,884.927412,894.785944,
280,phase2,33,pair_034,4.66629,884.943785,894.802318,
281,phase2,33,pair_034,4.682968,884.960463,894.818996,
282,phase2,33,pair_034,4.6999,884.977396,894.835929,
283,phase2,33,pair_034,4.716307,884.993802,894.852335,
284,phase2,33,pair_034,4.73296,885.010455,894.868988,
285,phase2,33,pair_034,4.749616,885.027114,894.885644,
286,phase2,33,pair_034,4.766348,885.043843,894.902376,
287,phase2,33,pair_034,4.782968,885.060463,894.918996,
288,phase2,33,pair_034,4.799663,885.077159,894.935691,
289,phase2,33,pair_034,4.8163,885.093795,894.952328,
290,phase2,33,pair_034,4.833018,885.110515,894.969046,
291,phase2,33,pair_034,4.849951,885.127446,894.985979,
292,phase2,33,pair_034,4.866594,885.144089,895.002622,
293,phase2,33,pair_034,4.882932,885.160428,895.018961,
294,phase2,33,pair_034,4.899685,885.177181,895.035713,
295,phase2,33,pair_034,4.916292,885.193787,895.05232,
296,phase2,33,pair_034,4.93327,885.210765,895.069299,
297,phase2,33,pair_034,4.949635,885.22713,895.085663,
298,phase2,33,pair_034,4.966284,885.243779,895.102312,
299,phase2,33,pair_034,4.983261,885.260756,895.119289,
300,phase2,33,pair_034,4.999936,885.277432,895.135965,
301,phase2,33,pair_034,5.016285,885.29378,895.152313,
302,phase2,33,pair_034,5.032954,885.310452,895.168982,
303,phase2,33,pair_034,5.049702,885.327197,895.18573,
304,phase2,33,pair_034,5.066609,885.344108,895.202637,
305,phase2,33,pair_034,5.083239,885.360735,895.219268,
306,phase2,33,pair_034,5.099638,885.377136,895.235666,
307,phase2,33,pair_034,5.116344,885.393839,895.252372,
308,phase2,33,pair_034,5.133279,885.410775,895.269307,
309,phase2,33,pair_034,5.149627,885.427122,895.285655,
310,phase2,33,pair_034,5.166287,885.443782,895.302315,
311,phase2,33,pair_034,5.182947,885.460442,895.318975,
312,phase2,33,pair_034,5.199619,885.477115,895.335647,
313,phase2,33,pair_034,5.216574,885.49407,895.352602,
314,phase2,33,pair_034,5.232949,885.510444,895.368977,
315,phase2,33,pair_034,5.249625,885.52712,895.385653,
316,phase2,33,pair_034,5.266284,885.543779,895.402312,
317,phase2,33,pair_034,5.28326,885.560756,895.419289,
318,phase2,33,pair_034,5.299615,885.57711,895.435643,
319,phase2,33,pair_034,5.316289,885.593784,895.452317,
320,phase2,33,pair_034,5.332901,885.610396,895.468929,
321,phase2,33,pair_034,5.349913,885.627409,895.485942,
322,phase2,33,pair_034,5.366292,885.643789,895.50232,
323,phase2,33,pair_034,5.382982,885.660477,895.51901,
324,phase2,33,pair_034,5.399617,885.677115,895.535646,
325,phase2,33,pair_034,5.416588,885.694083,895.552616,
326,phase2,33,pair_034,5.432944,885.710439,895.568972,
327,phase2,33,pair_034,5.449607,885.727102,895.585635,
328,phase2,33,pair_034,5.466269,885.743764,895.602297,
329,phase2,33,pair_034,5.483262,885.760758,895.619291,
330,phase2,33,pair_034,5.499599,885.777094,895.635627,
331,phase2,33,pair_034,5.516307,885.793802,895.652335,
332,phase2,33,pair_034,5.532948,885.810443,895.668977,
333,phase2,33,pair_034,5.549947,885.827443,895.685975,
334,phase2,33,pair_034,5.566276,885.843771,895.702304,
335,phase2,33,pair_034,5.582953,885.860448,895.718981,
336,phase2,33,pair_034,5.599632,885.877127,895.73566,
337,phase2,33,pair_034,5.616259,885.893755,895.752287,
338,phase2,33,pair_034,5.63324,885.910735,895.769268,
339,phase2,33,pair_034,5.649584,885.927088,895.785612,
340,phase2,33,pair_034,5.666558,885.944053,895.802586,
341,phase2,33,pair_034,5.682941,885.960438,895.818969,
342,phase2,33,pair_034,5.699642,885.977138,895.835671,
343,phase2,33,pair_034,5.716227,885.993723,895.852256,
344,phase2,33,pair_034,5.732942,886.010437,895.868971,
345,phase2,33,pair_034,5.749577,886.027072,895.885605,
346,phase2,33,pair_034,5.766582,886.044077,895.90261,
347,phase2,33,pair_034,5.78295,886.060445,895.918978,
348,phase2,33,pair_034,5.799617,886.077112,895.935645,
349,phase2,33,pair_034,5.816591,886.094087,895.952619,
350,phase2,33,pair_034,5.832877,886.110372,895.968906,
351,phase2,33,pair_034,5.849589,886.127084,895.985617,
352,phase2,33,pair_034,5.866292,886.143789,896.00232,
353,phase2,33,pair_034,5.883195,886.16069,896.019223,
354,phase2,33,pair_034,5.899907,886.177401,896.035935,
355,phase2,33,pair_034,5.916254,886.193749,896.052282,
356,phase2,33,pair_034,5.932969,886.210465,896.068997,
357,phase2,33,pair_034,5.949572,886.227067,896.0856,
358,phase2,33,pair_034,5.966269,886.243765,896.102298,
359,phase2,33,pair_034,5.982902,886.260397,896.11893,
360,phase2,33,pair_034,5.999607,886.277102,896.135635,
361,phase2,33,pair_034,6.016251,886.293746,896.152279,
362,phase2,33,pair_034,6.032913,886.310409,896.168942,
363,phase2,33,pair_034,6.049904,886.327399,896.185932,
364,phase2,33,pair_034,6.066257,886.343752,896.202285,
365,phase2,33,pair_034,6.082907,886.360403,896.218935,
366,phase2,33,pair_034,6.099896,886.377391,896.235924,
367,phase2,33,pair_034,6.116553,886.394048,896.252582,
368,phase2,33,pair_034,6.132928,886.410423,896.268956,
369,phase2,33,pair_034,6.149618,886.427114,896.285647,
370,phase2,33,pair_034,6.166243,886.443738,896.302271,
371,phase2,33,pair_034,6.182901,886.460396,896.318929,
372,phase2,33,pair_034,6.199597,886.477093,896.335625,
373,phase2,33,pair_034,6.216235,886.49373,896.352263,
374,phase2,33,pair_034,6.233171,886.510666,896.369199,
375,phase2,33,pair_034,6.249528,886.527023,896.385557,
376,phase2,33,pair_034,6.266242,886.543737,896.40227,
377,phase2,33,pair_034,6.282903,886.560398,896.418931,
378,phase2,33,pair_034,6.299584,886.57708,896.435613,
379,phase2,33,pair_034,6.316229,886.593724,896.452257,
380,phase2,33,pair_034,6.333186,886.610681,896.469214,
381,phase2,33,pair_034,6.349579,886.627077,896.485608,
382,phase2,33,pair_034,6.366236,886.643731,896.502264,
383,phase2,33,pair_034,6.382912,886.66041,896.51894,
384,phase2,33,pair_034,6.399862,886.677357,896.53589,
385,phase2,33,pair_034,6.416264,886.693759,896.552292,
386,phase2,33,pair_034,6.432899,886.710394,896.568928,
387,phase2,33,pair_034,6.449573,886.727068,896.585601,
388,phase2,33,pair_034,6.46654,886.744036,896.602569,
389,phase2,33,pair_034,6.482967,886.760462,896.618995,
390,phase2,33,pair_034,6.499586,886.777081,896.635614,
391,phase2,33,pair_034,6.516225,886.79372,896.652254,
392,phase2,33,pair_034,6.533211,886.810705,896.669239,
393,phase2,33,pair_034,6.549599,886.827094,896.685627,
394,phase2,33,pair_034,6.566207,886.843703,896.702235,
395,phase2,33,pair_034,6.583211,886.860708,896.719239,
396,phase2,33,pair_034,6.599883,886.877379,896.735911,
397,phase2,33,pair_034,6.616217,886.893712,896.752245,
398,phase2,33,pair_034,6.632959,886.910456,896.768987,
399,phase2,33,pair_034,6.649566,886.927061,896.785594,
400,phase2,33,pair_034,6.66622,886.943715,896.802248,
401,phase2,33,pair_034,6.682868,886.960363,896.818896,
402,phase2,33,pair_034,6.699595,886.97709,896.835624,
403,phase2,33,pair_034,6.716227,886.993722,896.852255,
404,phase2,33,pair_034,6.732878,887.010373,896.868906,
405,phase2,33,pair_034,6.749569,887.027066,896.885597,
406,phase2,33,pair_034,6.76627,887.043765,896.902298,
407,phase2,33,pair_034,6.782883,887.060378,896.918911,
408,phase2,33,pair_034,6.799568,887.077063,896.935596,
409,phase2,33,pair_034,6.816526,887.094022,896.952555,
410,phase2,33,pair_034,6.832936,887.110431,896.968964,
411,phase2,33,pair_034,6.849597,887.127099,896.985625,
412,phase2,33,pair_034,6.866233,887.143729,897.002262,
413,phase2,33,pair_034,6.88286,887.160355,897.018889,
414,phase2,33,pair_034,6.899558,887.177053,897.035586,
415,phase2,33,pair_034,6.916481,887.193976,897.052509,
416,phase2,33,pair_034,6.932881,887.210377,897.06891,
417,phase2,33,pair_034,6.949863,887.227358,897.085891,
418,phase2,33,pair_034,6.966166,887.243661,897.102194,
419,phase2,33,pair_034,6.982898,887.260393,897.118926,
420,phase2,33,pair_034,6.999608,887.277103,897.135636,
421,phase2,33,pair_034,7.016222,887.293717,897.15225,
422,phase2,33,pair_034,7.03289,887.310386,897.168918,
423,phase2,33,pair_034,7.049536,887.327032,897.185565,
424,phase2,33,pair_034,7.066273,887.343768,897.202301,
425,phase2,33,pair_034,7.082833,887.360328,897.218862,
426,phase2,33,pair_034,7.099532,887.377028,897.235561,
427,phase2,33,pair_034,7.116205,887.3937,897.252233,
428,phase2,33,pair_034,7.132976,887.410471,897.269005,
429,phase2,33,pair_034,7.149498,887.426993,897.285527,
430,phase2,33,pair_034,7.166214,887.443709,897.302242,
431,phase2,33,pair_034,7.182895,887.46039,897.318923,
432,phase2,33,pair_034,7.199838,887.477333,897.335866,
433,phase2,33,pair_034,7.216502,887.493997,897.35253,
434,phase2,33,pair_034,7.233177,887.510672,897.369205,
435,phase2,33,pair_034,7.249542,887.527037,897.38557,
436,phase2,33,pair_034,7.26621,887.543705,897.402238,
437,phase2,33,pair_034,7.282865,887.56036,897.418893,
438,phase2,33,pair_034,7.29984,887.577335,897.435868,
439,phase2,33,pair_034,7.31621,887.593706,897.452239,
440,phase2,33,pair_034,7.332887,887.610382,897.468915,
441,phase2,33,pair_034,7.349789,887.627284,897.485817,
442,phase2,33,pair_034,7.366526,887.644021,897.502554,
443,phase2,33,pair_034,7.382869,887.660364,897.518897,
444,phase2,33,pair_034,7.399526,887.677021,897.535554,
445,phase2,33,pair_034,7.41626,887.693755,897.552288,
446,phase2,33,pair_034,7.432845,887.71034,897.568873,
447,phase2,33,pair_034,7.449575,887.72707,897.585603,
448,phase2,33,pair_034,7.466189,887.743684,897.602217,
449,phase2,33,pair_034,7.48287,887.760365,897.618898,
450,phase2,33,pair_034,7.499512,887.777007,897.63554,
451,phase2,33,pair_034,7.516493,887.793988,897.652521,
452,phase2,33,pair_034,7.532848,887.810343,897.668876,
453,phase2,33,pair_034,7.549594,887.827089,897.685622,
454,phase2,33,pair_034,7.566215,887.84371,897.702243,
455,phase2,33,pair_034,7.583158,887.860653,897.719186,
456,phase2,33,pair_034,7.599508,887.877003,897.735536,
457,phase2,33,pair_034,7.616145,887.89364,897.752173,
458,phase2,33,pair_034,7.63286,887.910355,897.768888,
459,phase2,33,pair_034,7.649821,887.927317,897.78585,
460,phase2,33,pair_034,7.666208,887.943703,897.802236,
461,phase2,33,pair_034,7.682835,887.96033,897.818863,
462,phase2,33,pair_034,7.699833,887.977328,897.835861,
463,phase2,33,pair_034,7.716167,887.993662,897.852196,
464,phase2,33,pair_034,7.732863,888.010358,897.868891,
465,phase2,33,pair_034,7.749584,888.027079,897.885612,
466,phase2,33,pair_034,7.766173,888.043668,897.902201,
467,phase2,33,pair_034,7.782939,888.060434,897.918967,
468,phase2,33,pair_034,7.79965,888.077146,897.935678,
469,phase2,33,pair_034,7.816619,888.094116,897.952647,
470,phase2,33,pair_034,7.832967,888.110461,897.968995,
471,phase2,33,pair_034,7.849627,888.127122,897.985655,
472,phase2,33,pair_034,7.86636,888.143858,898.002388,
473,phase2,33,pair_034,7.883305,888.160801,898.019334,
474,phase2,33,pair_034,7.899636,888.177131,898.035664,
475,phase2,33,pair_034,7.916292,888.19379,898.05232,
476,phase2,33,pair_034,7.932997,888.210492,898.069026,
477,phase2,33,pair_034,7.94965,888.227147,898.085678,
478,phase2,33,pair_034,7.966592,888.244088,898.10262,
479,phase2,33,pair_034,7.98296,888.260455,898.118989,
480,phase2,33,pair_034,7.999674,888.277169,898.135702,
481,phase2,33,pair_034,8.016241,888.293736,898.152269,
482,phase2,33,pair_034,8.033276,888.310771,898.169304,
483,phase2,33,pair_034,8.049645,888.32714,898.185673,
484,phase2,33,pair_034,8.066344,888.343839,898.202373,
485,phase2,33,pair_034,8.083222,888.360717,898.219251,
486,phase2,33,pair_034,8.099932,888.377427,898.23596,
487,phase2,33,pair_034,8.116297,888.393794,898.252325,
488,phase2,33,pair_034,8.132944,888.410439,898.268972,
489,phase2,33,pair_034,8.14962,888.427115,898.285648,
490,phase2,33,pair_034,8.1666,888.444096,898.302629,
491,phase2,33,pair_034,8.182922,888.460418,898.318951,
492,phase2,33,pair_034,8.19961,888.477105,898.335638,
493,phase2,33,pair_034,8.216326,888.493822,898.352354,
494,phase2,33,pair_034,8.233279,888.510774,898.369308,
495,phase2,33,pair_034,8.249593,888.527088,898.385621,
496,phase2,33,pair_034,8.266284,888.543779,898.402312,
497,phase2,33,pair_034,8.282957,888.560453,898.418985,
498,phase2,33,pair_034,8.299612,888.577108,898.435641,
499,phase2,33,pair_034,8.316276,888.593771,898.452304,
500,phase2,33,pair_034,8.332933,888.610428,898.468961,
501,phase2,33,pair_034,8.349587,888.627084,898.485615,
502,phase2,33,pair_034,8.366228,888.643723,898.502256,
503,phase2,33,pair_034,8.382965,888.66046,898.518993,
504,phase2,33,pair_034,8.399611,888.677109,898.535639,
505,phase2,33,pair_034,8.416306,888.693801,898.552334,
506,phase2,33,pair_034,8.432943,888.710438,898.568971,
507,phase2,33,pair_034,8.449938,888.727433,898.585966,
508,phase2,33,pair_034,8.46629,888.743785,898.602318,
509,phase2,33,pair_034,8.482988,888.760483,898.619016,
510,phase2,33,pair_034,8.499611,888.777106,898.635639,
511,phase2,33,pair_034,8.516604,888.794099,898.652632,
512,phase2,33,pair_034,8.532905,888.8104,898.668934,
513,phase2,33,pair_034,8.549631,888.827126,898.685659,
514,phase2,33,pair_034,8.566262,888.843756,898.70229,
515,phase2,33,pair_034,8.582934,888.860431,898.718962,
516,phase2,33,pair_034,8.599609,888.877104,898.735637,
517,phase2,33,pair_034,8.616267,888.893762,898.752296,
518,phase2,33,pair_034,8.632978,888.910473,898.769006,
519,phase2,33,pair_034,8.6499,888.927395,898.785928,
520,phase2,33,pair_034,8.666262,888.943757,898.80229,
521,phase2,33,pair_034,8.68292,888.960415,898.818949,
522,phase2,33,pair_034,8.69959,888.977084,898.835618,
523,phase2,33,pair_034,8.716589,888.994086,898.852617,
524,phase2,33,pair_034,8.732934,889.010429,898.868962,
525,phase2,33,pair_034,8.749614,889.027109,898.885642,
526,phase2,33,pair_034,8.76632,889.043815,898.902349,
527,phase2,33,pair_034,8.782938,889.060434,898.918966,
528,phase2,33,pair_034,8.799571,889.077066,898.935599,
529,phase2,33,pair_034,8.816267,889.093762,898.952295,
530,phase2,33,pair_034,8.833006,889.110503,898.969034,
531,phase2,33,pair_034,8.849919,889.127414,898.985947,
532,phase2,33,pair_034,8.866575,889.14407,899.002603,
533,phase2,33,pair_034,8.882923,889.160418,899.018951,
534,phase2,33,pair_034,8.899601,889.177096,899.03563,
535,phase2,33,pair_034,8.916267,889.193761,899.052295,
536,phase2,33,pair_034,8.933235,889.21073,899.069263,
537,phase2,33,pair_034,8.949606,889.227102,899.085635,
538,phase2,33,pair_034,8.966253,889.243748,899.102281,
539,phase2,33,pair_034,8.982927,889.260422,899.118955,
540,phase2,33,pair_034,8.999907,889.277402,899.135935,
541,phase2,33,pair_034,9.016269,889.293764,899.152297,
542,phase2,33,pair_034,9.032986,889.310482,899.169015,
543,phase2,33,pair_034,9.049628,889.327123,899.185656,
544,phase2,33,pair_034,9.066567,889.344062,899.202595,
545,phase2,33,pair_034,9.08293,889.360425,899.218958,
546,phase2,33,pair_034,9.099593,889.377089,899.235622,
547,phase2,33,pair_034,9.116298,889.393793,899.252326,
548,phase2,33,pair_034,9.132916,889.410411,899.268944,
549,phase2,33,pair_034,9.149588,889.427084,899.285617,
550,phase2,33,pair_034,9.166268,889.443763,899.302297,
551,phase2,33,pair_034,9.182984,889.460479,899.319012,
552,phase2,33,pair_034,9.199568,889.477063,899.335596,
553,phase2,33,pair_034,9.216546,889.494041,899.352574,
554,phase2,33,pair_034,9.232931,889.510426,899.368959,
555,phase2,33,pair_034,9.249553,889.527048,899.385581,
556,phase2,33,pair_034,9.266532,889.544027,899.40256,
557,phase2,33,pair_034,9.283213,889.560721,899.419241,
558,phase2,33,pair_034,9.299566,889.577061,899.435595,
559,phase2,33,pair_034,9.316297,889.593793,899.452326,
560,phase2,33,pair_034,9.332918,889.610413,899.468946,
561,phase2,33,pair_034,9.349589,889.627084,899.485618,
562,phase2,33,pair_034,9.366222,889.643717,899.50225,
563,phase2,33,pair_034,9.382915,889.66041,899.518943,
564,phase2,33,pair_034,9.399592,889.677087,899.53562,
565,phase2,33,pair_034,9.416556,889.694053,899.552585,
566,phase2,33,pair_034,9.432926,889.710421,899.568954,
567,phase2,33,pair_034,9.449559,889.727054,899.585588,
568,phase2,33,pair_034,9.466246,889.743741,899.602274,
569,phase2,33,pair_034,9.482899,889.760393,899.618927,
570,phase2,33,pair_034,9.499578,889.777073,899.635606,
571,phase2,33,pair_034,9.516244,889.793739,899.652272,
572,phase2,33,pair_034,9.533169,889.810664,899.669197,
573,phase2,33,pair_034,9.549878,889.827373,899.685906,
574,phase2,33,pair_034,9.566249,889.843745,899.702277,
575,phase2,33,pair_034,9.582926,889.860421,899.718955,
576,phase2,33,pair_034,9.599629,889.877124,899.735658,
577,phase2,33,pair_034,9.616237,889.893733,899.752265,
578,phase2,33,pair_034,9.633188,889.910683,899.769217,
579,phase2,33,pair_034,9.649581,889.927078,899.785609,
580,phase2,33,pair_034,9.666241,889.943739,899.802269,
581,phase2,33,pair_034,9.68292,889.960415,899.818948,
582,phase2,33,pair_034,9.699606,889.977101,899.835634,
583,phase2,33,pair_034,9.71624,889.993735,899.852268,
584,phase2,33,pair_034,9.733218,890.010714,899.869246,
585,phase2,33,pair_034,9.749548,890.027043,899.885576,
586,phase2,33,pair_034,9.766555,890.044051,899.902584,
587,phase2,33,pair_034,9.782869,890.060363,899.918897,
588,phase2,33,pair_034,9.799616,890.077111,899.935644,
589,phase2,33,pair_034,9.816242,890.093736,899.95227,
590,phase2,33,pair_034,9.8329,890.110395,899.968928,
591,phase2,33,pair_034,9.849597,890.127092,899.985625,
592,phase2,33,pair_034,9.866238,890.143733,900.002266,
593,phase2,33,pair_034,9.882904,890.1604,900.018932,
594,phase2,33,pair_034,9.899514,890.17701,900.035543,
595,phase2,33,pair_034,9.916523,890.194018,900.052551,
596,phase2,33,pair_034,9.932938,890.210436,900.068967,
597,phase2,33,pair_034,9.949616,890.227111,900.085644,
598,phase2,33,pair_034,9.966229,890.243724,900.102257,
599,phase2,33,pair_034,9.982909,890.260404,900.118937,
600,phase2,33,pair_034,9.999622,890.277117,900.13565,
601,phase2,33,pair_034,-880.277756,890.277175,9.858273,timeout
0,phase3,33,pair_034,0.0,907.593561,917.452089,stimulus_onset
1,phase3,33,pair_034,0.016731,907.610289,917.46882,
2,phase3,33,pair_034,0.03369,907.627247,917.485779,
3,phase3,33,pair_034,0.050312,907.643869,917.502401,
4,phase3,33,pair_034,0.066686,907.660243,917.518775,
5,phase3,33,pair_034,0.083321,907.676877,917.535409,
6,phase3,33,pair_034,0.10004,907.693597,917.552129,
7,phase3,33,pair_034,0.116656,907.710213,917.568745,
8,phase3,33,pair_034,0.133496,907.727052,917.585585,
9,phase3,33,pair_034,0.150095,907.743652,917.602184,
10,phase3,33,pair_034,0.16677,907.760327,917.618859,
11,phase3,33,pair_034,0.183404,907.77696,917.635493,
12,phase3,33,pair_034,0.200165,907.793721,917.652253,
13,phase3,33,pair_034,0.216754,907.810315,917.668843,
14,phase3,33,pair_034,0.233434,907.826993,917.685522,
15,phase3,33,pair_034,0.250132,907.843689,917.702221,
16,phase3,33,pair_034,0.266758,907.860315,917.718847,
17,phase3,33,pair_034,0.283791,907.877347,917.73588,
18,phase3,33,pair_034,0.300085,907.893642,917.752174,
19,phase3,33,pair_034,0.316786,907.910342,917.768875,
20,phase3,33,pair_034,0.33341,907.926966,917.785499,
21,phase3,33,pair_034,0.350422,907.943981,917.802511,
22,phase3,33,pair_034,0.366713,907.96027,917.818802,
23,phase3,33,pair_034,0.383447,907.977005,917.835536,
24,phase3,33,pair_034,0.400102,907.993658,917.852191,
25,phase3,33,pair_034,0.41677,908.010327,917.868859,
26,phase3,33,pair_034,0.43373,908.027287,917.885819,
27,phase3,33,pair_034,0.45009,908.043646,917.902178,
28,phase3,33,pair_034,0.466787,908.060345,917.918875,
29,phase3,33,pair_034,0.483478,908.077034,917.935566,
30,phase3,33,pair_034,0.500417,908.093973,917.952505,
31,phase3,33,pair_034,0.516737,908.110294,917.968826,
32,phase3,33,pair_034,0.533408,908.126976,917.985497,
33,phase3,33,pair_034,0.5503,908.143857,918.002389,
34,phase3,33,pair_034,0.56675,908.160307,918.018839,
35,phase3,33,pair_034,0.583384,908.176941,918.035473,
36,phase3,33,pair_034,0.600101,908.193658,918.05219,
37,phase3,33,pair_034,0.616799,908.210355,918.068887,
38,phase3,33,pair_034,0.633382,908.226938,918.08547,
39,phase3,33,pair_034,0.650398,908.243954,918.102486,
40,phase3,33,pair_034,0.666769,908.260326,918.118858,
41,phase3,33,pair_034,0.683444,908.277003,918.135533,
42,phase3,33,pair_034,0.700081,908.293638,918.15217,
43,phase3,33,pair_034,0.716761,908.310317,918.168849,
44,phase3,33,pair_034,0.733395,908.326951,918.185483,
45,phase3,33,pair_034,0.750119,908.343676,918.202208,
46,phase3,33,pair_034,0.767071,908.360628,918.21916,
47,phase3,33,pair_034,0.783729,908.377285,918.235817,
48,phase3,33,pair_034,0.800077,908.393634,918.252166,
49,phase3,33,pair_034,0.81676,908.410317,918.268849,
50,phase3,33,pair_034,0.833404,908.426961,918.285493,
51,phase3,33,pair_034,0.850403,908.44396,918.302492,
52,phase3,33,pair_034,0.866747,908.460303,918.318836,
53,phase3,33,pair_034,0.883426,908.476982,918.335515,
54,phase3,33,pair_034,0.900035,908.493591,918.352123,
55,phase3,33,pair_034,0.916723,908.510279,918.368812,
56,phase3,33,pair_034,0.933409,908.526966,918.385498,
57,phase3,33,pair_034,0.95009,908.543646,918.402179,
58,phase3,33,pair_034,0.96677,908.560329,918.418859,
59,phase3,33,pair_034,0.983726,908.577283,918.435815,
60,phase3,33,pair_034,1.000098,908.593655,918.452187,
61,phase3,33,pair_034,1.016725,908.610281,918.468814,
62,phase3,33,pair_034,1.033449,908.627007,918.485538,
63,phase3,33,pair_034,1.050035,908.643592,918.502124,
64,phase3,33,pair_034,1.067046,908.660602,918.519134,
65,phase3,33,pair_034,1.083412,908.676968,918.535501,
66,phase3,33,pair_034,1.100129,908.693687,918.552218,
67,phase3,33,pair_034,1.117054,908.710611,918.569143,
68,phase3,33,pair_034,1.133404,908.72696,918.585492,
69,phase3,33,pair_034,1.150074,908.74363,918.602162,
70,phase3,33,pair_034,1.166776,908.760333,918.618865,
71,phase3,33,pair_034,1.183713,908.777269,918.635802,
72,phase3,33,pair_034,1.200033,908.793589,918.652121,
73,phase3,33,pair_034,1.216757,908.810313,918.668846,
74,phase3,33,pair_034,1.233708,908.827264,918.685797,
75,phase3,33,pair_034,1.250058,908.843614,918.702147,
76,phase3,33,pair_034,1.267056,908.860612,918.719145,
77,phase3,33,pair_034,1.283398,908.876954,918.735486,
78,phase3,33,pair_034,1.300076,908.893633,918.752165,
79,phase3,33,pair_034,1.316673,908.91023,918.768762,
80,phase3,33,pair_034,1.333688,908.927245,918.785777,
81,phase3,33,pair_034,1.350063,908.94362,918.802152,
82,phase3,33,pair_034,1.366735,908.960295,918.818824,
83,phase3,33,pair_034,1.383393,908.97695,918.835482,
84,phase3,33,pair_034,1.400061,908.993618,918.85215,
85,phase3,33,pair_034,1.416738,909.010295,918.868827,
86,phase3,33,pair_034,1.433398,909.026954,918.885486,
87,phase3,33,pair_034,1.450141,909.043697,918.90223,
88,phase3,33,pair_034,1.467025,909.060581,918.919114,
89,phase3,33,pair_034,1.483696,909.077252,918.935784,
90,phase3,33,pair_034,1.500037,909.093594,918.952126,
91,phase3,33,pair_034,1.516725,909.110283,918.968814,
92,phase3,33,pair_034,1.533399,909.126956,918.985488,
93,phase3,33,pair_034,1.550357,909.143914,919.002446,
94,phase3,33,pair_034,1.56668,909.160237,919.018769,
95,phase3,33,pair_034,1.583343,909.1769,919.035432,
96,phase3,33,pair_034,1.600043,909.193599,919.052132,
97,phase3,33,pair_034,1.61704,909.210598,919.069129,
98,phase3,33,pair_034,1.633347,909.226904,919.085436,
99,phase3,33,pair_034,1.650056,909.243612,919.102145,
100,phase3,33,pair_034,1.666731,909.260288,919.11882,
101,phase3,33,pair_034,1.683424,909.27698,919.135513,
102,phase3,33,pair_034,1.700062,909.293619,919.152151,
103,phase3,33,pair_034,1.716672,909.310229,919.168761,
104,phase3,33,pair_034,1.733378,909.326935,919.185467,
105,phase3,33,pair_034,1.750408,909.343964,919.202497,
106,phase3,33,pair_034,1.766736,909.360292,919.218824,
107,phase3,33,pair_034,1.783468,909.377025,919.235557,
108,phase3,33,pair_034,1.800037,909.393593,919.252126,
109,phase3,33,pair_034,1.817058,909.410614,919.269146,
110,phase3,33,pair_034,1.833683,909.427239,919.285772,
111,phase3,33,pair_034,1.850068,909.443624,919.302156,
112,phase3,33,pair_034,1.866728,909.460285,919.318817,
113,phase3,33,pair_034,1.883396,909.476952,919.335484,
114,phase3,33,pair_034,1.900383,909.49394,919.352472,
115,phase3,33,pair_034,1.916704,909.510261,919.368793,
116,phase3,33,pair_034,1.93339,909.526946,919.385479,
117,phase3,33,pair_034,1.950059,909.543615,919.402148,
118,phase3,33,pair_034,1.967012,909.560568,919.419101,
119,phase3,33,pair_034,1.983412,909.57697,919.435501,
120,phase3,33,pair_034,2.000058,909.593617,919.452146,
121,phase3,33,pair_034,2.017033,909.610589,919.469122,
122,phase3,33,pair_034,2.0337,909.627257,919.485789,
123,phase3,33,pair_034,2.050031,909.64359,919.50212,
124,phase3,33,pair_034,2.06672,909.660277,919.518809,
125,phase3,33,pair_034,2.0833,909.676856,919.535389,
126,phase3,33,pair_034,2.10037,909.693926,919.552459,
127,phase3,33,pair_034,2.116728,909.710284,919.568816,
128,phase3,33,pair_034,2.13339,909.726946,919.585479,
129,phase3,33,pair_034,2.150034,909.74359,919.602122,
130,phase3,33,pair_034,2.167052,909.760609,919.619141,
131,phase3,33,pair_034,2.183314,909.77687,919.635403,
132,phase3,33,pair_034,2.200104,909.79366,919.652193,
133,phase3,33,pair_034,2.216737,909.810296,919.668825,
134,phase3,33,pair_034,2.233356,909.826912,919.685444,
135,phase3,33,pair_034,2.249946,909.843503,919.702035,
136,phase3,33,pair_034,2.266686,909.860243,919.718775,
137,phase3,33,pair_034,2.283448,909.877005,919.735537,
138,phase3,33,pair_034,2.300003,909.893559,919.752091,
139,phase3,33,pair_034,2.317034,909.91059,919.769123,
140,phase3,33,pair_034,2.333321,909.926877,919.785409,
141,phase3,33,pair_034,2.350061,909.94362,919.80215,
142,phase3,33,pair_034,2.366717,909.960273,919.818806,
143,phase3,33,pair_034,2.383347,909.976903,919.835436,
144,phase3,33,pair_034,2.400017,909.993574,919.852106,
145,phase3,33,pair_034,2.416707,910.010264,919.868796,
146,phase3,33,pair_034,2.43338,910.026936,919.885469,
147,phase3,33,pair_034,2.45003,910.043587,919.902119,
148,phase3,33,pair_034,2.46675,910.060311,919.918839,
149,phase3,33,pair_034,2.483389,910.076945,919.935478,
150,phase3,33,pair_034,2.50009,910.093646,919.952179,
151,phase3,33,pair_034,2.517024,910.110581,919.969113,
152,phase3,33,pair_034,2.533357,910.126914,919.985446,
153,phase3,33,pair_034,2.550097,910.143653,920.002186,
154,phase3,33,pair_034,2.566755,910.160312,920.018844,
155,phase3,33,pair_034,2.583324,910.17688,920.035412,
156,phase3,33,pair_034,2.600037,910.193593,920.052126,
157,phase3,33,pair_034,2.617026,910.210583,920.069115,
158,phase3,33,pair_034,2.633359,910.226916,920.085448,
159,phase3,33,pair_034,2.649998,910.243554,920.102086,
160,phase3,33,pair_034,2.666999,910.260556,920.119088,
161,phase3,33,pair_034,2.683278,910.276834,920.135366,
162,phase3,33,pair_034,2.700324,910.29388,920.152413,
163,phase3,33,pair_034,2.716682,910.310238,920.168771,
164,phase3,33,pair_034,2.733392,910.326951,920.185481,
165,phase3,33,pair_034,2.750041,910.343597,920.20213,
166,phase3,33,pair_034,2.766756,910.360313,920.218845,
167,phase3,33,pair_034,2.78334,910.376897,920.235429,
168,phase3,33,pair_034,2.800012,910.393569,920.252101,
169,phase3,33,pair_034,2.816703,910.410259,920.268791,
170,phase3,33,pair_034,2.833293,910.426849,920.285382,
171,phase3,33,pair_034,2.850305,910.443861,920.302394,
172,phase3,33,pair_034,2.866991,910.460547,920.31908,
173,phase3,33,pair_034,2.883366,910.476922,920.335454,
174,phase3,33,pair_034,2.900023,910.493579,920.352111,
175,phase3,33,pair_034,2.916683,910.510239,920.368772,
176,phase3,33,pair_034,2.933668,910.527225,920.385757,
177,phase3,33,pair_034,2.949994,910.54355,920.402082,
178,phase3,33,pair_034,2.966698,910.560254,920.418787,
179,phase3,33,pair_034,2.983274,910.57683,920.435363,
180,phase3,33,pair_034,3.000329,910.593886,920.452418,
181,phase3,33,pair_034,3.016694,910.610251,920.468783,
182,phase3,33,pair_034,3.033348,910.626905,920.485437,
183,phase3,33,pair_034,3.049995,910.643552,920.502084,
184,phase3,33,pair_034,3.066657,910.660214,920.518746,
185,phase3,33,pair_034,3.083642,910.677198,920.535731,
186,phase3,33,pair_034,3.100004,910.69356,920.552092,
187,phase3,33,pair_034,3.116707,910.710264,920.568796,
188,phase3,33,pair_034,3.133308,910.726865,920.585397,
189,phase3,33,pair_034,3.150309,910.743865,920.602398,
190,phase3,33,pair_034,3.166673,910.760229,920.618762,
191,phase3,33,pair_034,3.183356,910.776912,920.635444,
192,phase3,33,pair_034,3.2,910.793556,920.652089,
193,phase3,33,pair_034,3.216963,910.810519,920.669052,
194,phase3,33,pair_034,3.233376,910.826932,920.685464,
195,phase3,33,pair_034,3.249994,910.84355,920.702083,
196,phase3,33,pair_034,3.26667,910.860227,920.718759,
197,phase3,33,pair_034,3.283314,910.87687,920.735403,
198,phase3,33,pair_034,3.30029,910.893846,920.752379,
199,phase3,33,pair_034,3.31667,910.910227,920.768759,
200,phase3,33,pair_034,3.333288,910.926844,920.785377,
201,phase3,33,pair_034,3.350309,910.943865,920.802398,
202,phase3,33,pair_034,3.366941,910.960497,920.81903,
203,phase3,33,pair_034,3.383598,910.977157,920.835686,
204,phase3,33,pair_034,3.516712,911.110503,920.968801,
205,phase3,33,pair_034,3.533398,911.126953,920.985486,
206,phase3,33,pair_034,3.549992,911.143548,921.00208,
207,phase3,33,pair_034,3.566969,911.160525,921.019058,
208,phase3,33,pair_034,3.583273,911.17683,921.035362,
209,phase3,33,pair_034,3.60006,911.193616,921.052149,
210,phase3,33,pair_034,3.616618,911.210174,921.068707,
211,phase3,33,pair_034,3.633623,911.22718,921.085712,
212,phase3,33,pair_034,3.650252,911.243809,921.102341,
213,phase3,33,pair_034,3.666677,911.260234,921.118766,
214,phase3,33,pair_034,3.683321,911.276877,921.135409,
215,phase3,33,pair_034,3.700295,911.293852,921.152384,
216,phase3,33,pair_034,3.716684,911.310241,921.168773,
217,phase3,33,pair_034,3.733262,911.326818,921.18535,
218,phase3,33,pair_034,3.749974,911.34353,921.202062,
219,phase3,33,pair_034,3.766646,911.360203,921.218735,
220,phase3,33,pair_034,3.783404,911.376961,921.235493,
221,phase3,33,pair_034,3.799973,911.393529,921.252062,
222,phase3,33,pair_034,3.81671,911.410266,921.268799,
223,phase3,33,pair_034,3.833649,911.427206,921.285738,
224,phase3,33,pair_034,3.850284,911.443841,921.302373,
225,phase3,33,pair_034,3.866893,911.46045,921.318982,
226,phase3,33,pair_034,3.883222,911.476779,921.335311,
227,phase3,33,pair_034,3.900247,911.493804,921.352336,
228,phase3,33,pair_034,3.916939,911.510496,921.369028,
229,phase3,33,pair_034,3.933316,911.526873,921.385405,
230,phase3,33,pair_034,3.94994,911.543496,921.402029,
231,phase3,33,pair_034,3.966589,911.560146,921.418678,
232,phase3,33,pair_034,3.983611,911.577168,921.4357,
233,phase3,33,pair_034,3.999967,911.593524,921.452056,
234,phase3,33,pair_034,4.016677,911.610233,921.468765,
235,phase3,33,pair_034,4.03323,911.626787,921.485318,
236,phase3,33,pair_034,4.050289,911.643846,921.502378,
237,phase3,33,pair_034,4.066732,911.660288,921.518821,
238,phase3,33,pair_034,4.08372,911.677276,921.535809,
239,phase3,33,pair_034,4.10009,911.693646,921.552179,
240,phase3,33,pair_034,4.116741,911.710297,921.568829,
241,phase3,33,pair_034,4.133449,911.727005,921.585537,
242,phase3,33,pair_034,4.233502,911.82706,921.685591,
243,phase3,33,pair_034,4.250119,911.843676,921.702208,
244,phase3,33,pair_034,4.266755,911.860312,921.718844,
245,phase3,33,pair_034,4.283441,911.876997,921.735529,
246,phase3,33,pair_034,4.300083,911.89364,921.752172,
247,phase3,33,pair_034,4.316761,911.910317,921.768849,
248,phase3,33,pair_034,4.333369,911.926926,921.785458,
249,phase3,33,pair_034,4.350028,911.943585,921.802116,
250,phase3,33,pair_034,4.366748,911.960305,921.818837,
251,phase3,33,pair_034,4.383419,911.976975,921.835507,
252,phase3,33,pair_034,4.400078,911.993634,921.852166,
253,phase3,33,pair_034,4.41673,912.010287,921.868819,
254,phase3,33,pair_034,4.43336,912.026916,921.885449,
255,phase3,33,pair_034,4.450069,912.043626,921.902158,
256,phase3,33,pair_034,4.466742,912.060299,921.918831,
257,phase3,33,pair_034,4.483403,912.076963,921.935491,
258,phase3,33,pair_034,4.500395,912.093952,921.952484,
259,phase3,33,pair_034,4.516759,912.110316,921.968848,
260,phase3,33,pair_034,4.533388,912.126944,921.985476,
261,phase3,33,pair_034,4.550085,912.143642,922.002174,
262,phase3,33,pair_034,4.567048,912.160605,922.019137,
263,phase3,33,pair_034,4.583392,912.176949,922.035481,
264,phase3,33,pair_034,4.600076,912.193632,922.052164,
265,phase3,33,pair_034,4.616759,912.210316,922.068848,
266,phase3,33,pair_034,4.633759,912.227315,922.085847,
267,phase3,33,pair_034,4.650078,912.243634,922.102166,
268,phase3,33,pair_034,4.666733,912.260289,922.118821,
269,phase3,33,pair_034,4.68347,912.277026,922.135559,
270,phase3,33,pair_034,4.700064,912.29362,922.152152,
271,phase3,33,pair_034,4.717035,912.310592,922.169124,
272,phase3,33,pair_034,4.733422,912.326979,922.185511,
273,phase3,33,pair_034,4.75008,912.343637,922.202169,
274,phase3,33,pair_034,4.767039,912.360596,922.219128,
275,phase3,33,pair_034,4.783698,912.377255,922.235787,
276,phase3,33,pair_034,4.800014,912.393571,922.252103,
277,phase3,33,pair_034,4.816726,912.410283,922.268815,
278,phase3,33,pair_034,4.833419,912.426976,922.285507,
279,phase3,33,pair_034,4.85038,912.443937,922.302469,
280,phase3,33,pair_034,4.866726,912.460282,922.318815,
281,phase3,33,pair_034,4.883378,912.476935,922.335467,
282,phase3,33,pair_034,4.900073,912.493629,922.352161,
283,phase3,33,pair_034,4.9167,912.510257,922.368789,
284,phase3,33,pair_034,4.933351,912.526908,922.385439,
285,phase3,33,pair_034,4.950069,912.543626,922.402158,
286,phase3,33,pair_034,4.967003,912.56056,922.419092,
287,phase3,33,pair_034,4.983372,912.576929,922.435461,
288,phase3,33,pair_034,5.000043,912.5936,922.452132,
289,phase3,33,pair_034,5.016705,912.610265,922.468794,
290,phase3,33,pair_034,5.033382,912.626939,922.485471,
291,phase3,33,pair_034,5.05005,912.643607,922.502139,
292,phase3,33,pair_034,5.066715,912.660272,922.518804,
293,phase3,33,pair_034,5.083364,912.676921,922.535452,
294,phase3,33,pair_034,5.200368,912.793924,922.652457,
295,phase3,33,pair_034,5.216753,912.81031,922.668842,
296,phase3,33,pair_034,5.233421,912.826978,922.68551,
297,phase3,33,pair_034,5.250047,912.843607,922.702136,
298,phase3,33,pair_034,5.266694,912.860251,922.718783,
299,phase3,33,pair_034,5.283403,912.876961,922.735492,
300,phase3,33,pair_034,5.300004,912.893561,922.752093,
301,phase3,33,pair_034,5.316732,912.910291,922.768821,
302,phase3,33,pair_034,5.333702,912.927258,922.785791,
303,phase3,33,pair_034,5.350045,912.943601,922.802134,
304,phase3,33,pair_034,5.366684,912.960241,922.818773,
305,phase3,33,pair_034,5.383678,912.977235,922.835767,
306,phase3,33,pair_034,5.399974,912.993531,922.852063,
307,phase3,33,pair_034,5.416717,913.010273,922.868805,
308,phase3,33,pair_034,5.433376,913.026933,922.885465,
309,phase3,33,pair_034,5.449972,913.043529,922.902061,
310,phase3,33,pair_034,5.466704,913.060261,922.918793,
311,phase3,33,pair_034,5.483674,913.077231,922.935763,
312,phase3,33,pair_034,5.500045,913.093602,922.952134,
313,phase3,33,pair_034,5.516697,913.110254,922.968786,
314,phase3,33,pair_034,5.533382,913.126939,922.985471,
315,phase3,33,pair_034,5.549965,913.143522,923.002054,
316,phase3,33,pair_034,5.566692,913.160249,923.018781,
317,phase3,33,pair_034,5.583428,913.176984,923.035516,
318,phase3,33,pair_034,5.600026,913.193583,923.052115,
319,phase3,33,pair_034,5.61678,913.210342,923.068869,
320,phase3,33,pair_034,5.633373,913.22693,923.085462,
321,phase3,33,pair_034,5.650013,913.243569,923.102101,
322,phase3,33,pair_034,5.666668,913.260225,923.118757,
323,phase3,33,pair_034,5.683691,913.277248,923.13578,
324,phase3,33,pair_034,5.700039,913.293595,923.152127,
325,phase3,33,pair_034,5.716729,913.310286,923.168818,
326,phase3,33,pair_034,5.733375,913.326934,923.185464,
327,phase3,33,pair_034,5.750346,913.343903,923.202434,
328,phase3,33,pair_034,5.766671,913.360228,923.218759,
329,phase3,33,pair_034,5.783631,913.377187,923.235719,
330,phase3,33,pair_034,5.800072,913.393629,923.252161,
331,phase3,33,pair_034,5.816642,913.410199,923.268731,
332,phase3,33,pair_034,5.833304,913.426861,923.285393,
333,phase3,33,pair_034,5.850038,913.443594,923.302126,
334,phase3,33,pair_034,5.866741,913.460297,923.31883,
335,phase3,33,pair_034,5.883341,913.476898,923.33543,
336,phase3,33,pair_034,5.90035,913.493907,923.352439,
337,phase3,33,pair_034,5.916729,913.510286,923.368818,
338,phase3,33,pair_034,5.933283,913.52684,923.385372,
339,phase3,33,pair_034,5.950339,913.543896,923.402428,
340,phase3,33,pair_034,5.966984,913.56054,923.419072,
341,phase3,33,pair_034,5.983343,913.576902,923.435432,
342,phase3,33,pair_034,6.083309,913.676867,923.535398,
343,phase3,33,pair_034,6.099992,913.693549,923.552081,
344,phase3,33,pair_034,6.116671,913.710228,923.568759,
345,phase3,33,pair_034,6.133375,913.726932,923.585464,
346,phase3,33,pair_034,6.149996,913.743553,923.602085,
347,phase3,33,pair_034,6.166659,913.760216,923.618748,
348,phase3,33,pair_034,6.183633,913.77719,923.635722,
349,phase3,33,pair_034,6.200054,913.793611,923.652143,
350,phase3,33,pair_034,6.216668,913.810225,923.668757,
351,phase3,33,pair_034,6.233298,913.826855,923.685387,
352,phase3,33,pair_034,6.249999,913.843556,923.702087,
353,phase3,33,pair_034,6.266688,913.860246,923.718777,
354,phase3,33,pair_034,6.283386,913.876946,923.735474,
355,phase3,33,pair_034,6.300353,913.89391,923.752442,
356,phase3,33,pair_034,6.316691,913.910248,923.76878,
357,phase3,33,pair_034,6.333307,913.926864,923.785396,
358,phase3,33,pair_034,6.349988,913.943545,923.802076,
359,phase3,33,pair_034,6.366983,913.96054,923.819072,
360,phase3,33,pair_034,6.383316,913.976873,923.835405,
361,phase3,33,pair_034,6.399982,913.993539,923.852071,
362,phase3,33,pair_034,6.416692,914.010249,923.868781,
363,phase3,33,pair_034,6.433326,914.026883,923.885415,
364,phase3,33,pair_034,6.450327,914.043884,923.902416,
365,phase3,33,pair_034,6.466636,914.060193,923.918725,
366,phase3,33,pair_034,6.483365,914.076922,923.935453,
367,phase3,33,pair_034,6.499998,914.093556,923.952087,
368,phase3,33,pair_034,6.517003,914.11056,923.969092,
369,phase3,33,pair_034,6.533326,914.126883,923.985414,
370,phase3,33,pair_034,6.550019,914.143577,924.002108,
371,phase3,33,pair_034,6.566682,914.160239,924.018771,
372,phase3,33,pair_034,-907.593816,914.160301,9.858273,response
