frame_idx,phase,trial_id,stim_pair_id,elapsed_time,global_time,flip_time,event_marker
0,phase1,18,pair_019,0.0,1603.505812,1613.364342,stimulus_onset
1,phase1,18,pair_019,0.016323,1603.522133,1613.380665,
2,phase1,18,pair_019,0.033023,1603.538832,1613.397365,
3,phase1,18,pair_019,0.049716,1603.555524,1613.414058,
4,phase1,18,pair_019,0.066306,1603.572115,1613.430648,
5,phase1,18,pair_019,0.083299,1603.589108,1613.447641,
6,phase1,18,pair_019,0.099628,1603.605437,1613.463971,
7,phase1,18,pair_019,0.116329,1603.622142,1613.480672,
8,phase1,18,pair_019,0.132995,1603.638805,1613.497338,
9,phase1,18,pair_019,0.149973,1603.655782,1613.514315,
10,phase1,18,pair_019,0.166354,1603.672163,1613.530696,
11,phase1,18,pair_019,0.183041,1603.68885,1613.547383,
12,phase1,18,pair_019,0.199653,1603.705462,1613.563995,
13,phase1,18,pair_019,0.216641,1603.72245,1613.580983,
14,phase1,18,pair_019,0.233057,1603.738866,1613.597399,
15,phase1,18,pair_019,0.249723,1603.755531,1613.614065,
16,phase1,18,pair_019,0.266336,1603.772144,1613.630678,
17,phase1,18,pair_019,0.28294,1603.788749,1613.647282,
18,phase1,18,pair_019,0.299645,1603.805453,1613.663987,
19,phase1,18,pair_019,0.316332,1603.822141,1613.680675,
20,phase1,18,pair_019,0.33296,1603.838768,1613.697302,
21,phase1,18,pair_019,0.349959,1603.855768,1613.714301,
22,phase1,18,pair_019,0.366359,1603.87217,1613.730701,
23,phase1,18,pair_019,0.382964,1603.888773,1613.747306,
24,phase1,18,pair_019,0.399632,1603.90544,1613.763974,
25,phase1,18,pair_019,0.416643,1603.922452,1613.780986,
26,phase1,18,pair_019,0.433251,1603.93906,1613.797594,
27,phase1,18,pair_019,0.449644,1603.955453,1613.813986,
28,phase1,18,pair_019,0.466363,1603.972172,1613.830706,
29,phase1,18,pair_019,0.482969,1603.988778,1613.847311,
30,phase1,18,pair_019,0.499925,1604.005734,1613.864267,
31,phase1,18,pair_019,0.516341,1604.022149,1613.880683,
32,phase1,18,pair_019,0.533349,1604.039161,1613.897691,
33,phase1,18,pair_019,0.549945,1604.055754,1613.914287,
34,phase1,18,pair_019,0.566611,1604.072419,1613.930953,
35,phase1,18,pair_019,0.582968,1604.088777,1613.947311,
36,phase1,18,pair_019,0.599619,1604.105427,1613.963961,
37,phase1,18,pair_019,0.616633,1604.122442,1613.980976,
38,phase1,18,pair_019,0.633287,1604.139095,1613.997629,
39,phase1,18,pair_019,0.64967,1604.155479,1614.014012,
40,phase1,18,pair_019,0.666396,1604.172205,1614.030739,
41,phase1,18,pair_019,0.683239,1604.189048,1614.047582,
42,phase1,18,pair_019,0.699957,1604.205765,1614.064299,
43,phase1,18,pair_019,0.716262,1604.222071,1614.080605,
44,phase1,18,pair_019,0.732962,1604.238771,1614.097305,
45,phase1,18,pair_019,0.749678,1604.255486,1614.11402,
46,phase1,18,pair_019,0.766288,1604.272096,1614.13063,
47,phase1,18,pair_019,0.783249,1604.289057,1614.147591,
48,phase1,18,pair_019,0.799628,1604.305437,1614.163971,
49,phase1,18,pair_019,0.816285,1604.322093,1614.180627,
50,phase1,18,pair_019,0.832936,1604.338744,1614.197278,
51,phase1,18,pair_019,0.849912,1604.355721,1614.214255,
52,phase1,18,pair_019,0.866285,1604.372093,1614.230627,
53,phase1,18,pair_019,0.883375,1604.389183,1614.247717,
54,phase1,18,pair_019,0.899703,1604.405511,1614.264045,
55,phase1,18,pair_019,0.916394,1604.422203,1614.280737,
56,phase1,18,pair_019,0.933399,1604.439219,1614.297741,
57,phase1,18,pair_019,0.949733,1604.455542,1614.314075,
58,phase1,18,pair_019,0.966414,1604.472226,1614.330756,
59,phase1,18,pair_019,0.983049,1604.488857,1614.347391,
60,phase1,18,pair_019,1.000058,1604.505866,1614.3644,
61,phase1,18,pair_019,1.016703,1604.522511,1614.381045,
62,phase1,18,pair_019,1.033075,1604.538885,1614.397417,
63,phase1,18,pair_019,1.049737,1604.555545,1614.414079,
64,phase1,18,pair_019,1.066419,1604.57223,1614.430761,
65,phase1,18,pair_019,1.083381,1604.589191,1614.447724,
66,phase1,18,pair_019,1.099721,1604.60553,1614.464063,
67,phase1,18,pair_019,1.116372,1604.622181,1614.480714,
68,phase1,18,pair_019,1.133073,1604.638881,1614.497415,
69,phase1,18,pair_019,1.150053,1604.655862,1614.514396,
70,phase1,18,pair_019,1.166379,1604.672188,1614.530722,
71,phase1,18,pair_019,1.183082,1604.688893,1614.547424,
72,phase1,18,pair_019,1.199772,1604.705581,1614.564114,
73,phase1,18,pair_019,1.216713,1604.722521,1614.581055,
74,phase1,18,pair_019,1.233073,1604.738882,1614.597416,
75,phase1,18,pair_019,1.249714,1604.755523,1614.614056,
76,phase1,18,pair_019,1.266371,1604.772181,1614.630713,
77,phase1,18,pair_019,1.283036,1604.788844,1614.647378,
78,phase1,18,pair_019,1.300052,1604.805861,1614.664395,
79,phase1,18,pair_019,1.316351,1604.822159,1614.680693,
80,phase1,18,pair_019,1.333043,1604.838852,1614.697386,
81,phase1,18,pair_019,1.349701,1604.85551,1614.714044,
82,phase1,18,pair_019,1.366694,1604.872503,1614.731037,
83,phase1,18,pair_019,1.383037,1604.888845,1614.747379,
84,phase1,18,pair_019,1.399721,1604.905533,1614.764063,
85,phase1,18,pair_019,1.416668,1604.922479,1614.781011,
86,phase1,18,pair_019,1.433354,1604.939163,1614.797696,
87,phase1,18,pair_019,1.449725,1604.955534,1614.814067,
88,phase1,18,pair_019,1.466628,1604.972437,1614.830971,
89,phase1,18,pair_019,1.483008,1604.988817,1614.847351,
90,phase1,18,pair_019,1.500041,1605.005849,1614.864383,
91,phase1,18,pair_019,1.516261,1605.022074,1614.880603,
92,phase1,18,pair_019,1.533087,1605.038897,1614.89743,
93,phase1,18,pair_019,1.54969,1605.055499,1614.914032,
94,phase1,18,pair_019,1.566406,1605.072215,1614.930748,
95,phase1,18,pair_019,1.583054,1605.088863,1614.947397,
96,phase1,18,pair_019,1.599713,1605.105522,1614.964055,
97,phase1,18,pair_019,1.616449,1605.122258,1614.980792,
98,phase1,18,pair_019,1.63303,1605.138838,1614.997372,
99,phase1,18,pair_019,1.650012,1605.155821,1615.014355,
100,phase1,18,pair_019,1.666378,1605.172186,1615.03072,
101,phase1,18,pair_019,1.68306,1605.188869,1615.047402,
102,phase1,18,pair_019,1.699706,1605.205514,1615.064048,
103,phase1,18,pair_019,1.716335,1605.222144,1615.080677,
104,phase1,18,pair_019,1.733034,1605.238843,1615.097376,
105,phase1,18,pair_019,1.749743,1605.255555,1615.114085,
106,phase1,18,pair_019,1.766655,1605.272464,1615.130997,
107,phase1,18,pair_019,1.783335,1605.289144,1615.147677,
108,phase1,18,pair_019,1.799736,1605.305545,1615.164079,
109,phase1,18,pair_019,1.816398,1605.322207,1615.180741,
110,phase1,18,pair_019,1.833028,1605.33884,1615.19737,
111,phase1,18,pair_019,1.850021,1605.355829,1615.214363,
112,phase1,18,pair_019,1.866384,1605.372192,1615.230726,
113,phase1,18,pair_019,1.882977,1605.388785,1615.247319,
114,phase1,18,pair_019,1.899761,1605.40557,1615.264104,
115,phase1,18,pair_019,1.916676,1605.422485,1615.281019,
116,phase1,18,pair_019,1.933033,1605.438841,1615.297375,
117,phase1,18,pair_019,1.949681,1605.455489,1615.314023,
118,phase1,18,pair_019,1.966327,1605.472136,1615.330669,
119,phase1,18,pair_019,1.983368,1605.489176,1615.34771,
120,phase1,18,pair_019,1.999951,1605.505759,1615.364293,
121,phase1,18,pair_019,2.016376,1605.522205,1615.380718,
122,phase1,18,pair_019,2.033113,1605.538921,1615.397455,
123,phase1,18,pair_019,2.05002,1605.555829,1615.414362,
124,phase1,18,pair_019,2.066366,1605.572175,1615.430708,
125,phase1,18,pair_019,2.082985,1605.588793,1615.447327,
126,phase1,18,pair_019,2.099745,1605.605556,1615.464087,
127,phase1,18,pair_019,2.116343,1605.622152,1615.480685,
128,phase1,18,pair_019,2.133315,1605.639124,1615.497657,
129,phase1,18,pair_019,2.149719,1605.655529,1615.514061,
130,phase1,18,pair_019,2.166396,1605.672205,1615.530738,
131,phase1,18,pair_019,2.183011,1605.688822,1615.547353,
132,phase1,18,pair_019,2.199989,1605.705797,1615.564331,
133,phase1,18,pair_019,2.216348,1605.722156,1615.58069,
134,phase1,18,pair_019,2.233059,1605.738867,1615.597401,
135,phase1,18,pair_019,2.249809,1605.755617,1615.614151,
136,phase1,18,pair_019,2.266671,1605.772482,1615.631013,
137,phase1,18,pair_019,2.283032,1605.788841,1615.647375,
138,phase1,18,pair_019,2.299719,1605.805527,1615.664061,
139,phase1,18,pair_019,2.316329,1605.822138,1615.680671,
140,phase1,18,pair_019,2.33302,1605.838828,1615.697362,
141,phase1,18,pair_019,2.349691,1605.8555,1615.714034,
142,phase1,18,pair_019,2.366357,1605.872169,1615.730699,
143,phase1,18,pair_019,2.38301,1605.888819,1615.747352,
144,phase1,18,pair_019,2.400038,1605.905851,1615.764381,
145,phase1,18,pair_019,2.416651,1605.922459,1615.780993,
146,phase1,18,pair_019,2.43299,1605.938799,1615.797333,
147,phase1,18,pair_019,2.449722,1605.955531,1615.814064,
148,phase1,18,pair_019,2.466691,1605.972499,1615.831033,
149,phase1,18,pair_019,2.482983,1605.988791,1615.847325,
150,phase1,18,pair_019,2.4997,1606.00551,1615.864042,
151,phase1,18,pair_019,2.516385,1606.022196,1615.880728,
152,phase1,18,pair_019,2.53295,1606.03876,1615.897293,
153,phase1,18,pair_019,2.549699,1606.055508,1615.914042,
154,phase1,18,pair_019,2.56635,1606.072158,1615.930692,
155,phase1,18,pair_019,2.583001,1606.08881,1615.947343,
156,phase1,18,pair_019,2.599934,1606.105743,1615.964276,
157,phase1,18,pair_019,2.616658,1606.122471,1615.981,
158,phase1,18,pair_019,2.633006,1606.138815,1615.997348,
159,phase1,18,pair_019,2.649723,1606.155532,1616.014065,
160,phase1,18,pair_019,2.66635,1606.172159,1616.030692,
161,phase1,18,pair_019,2.683345,1606.189154,1616.047688,
162,phase1,18,pair_019,2.699692,1606.205501,1616.064035,
163,phase1,18,pair_019,2.716315,1606.222123,1616.080657,
164,phase1,18,pair_019,2.733013,1606.238822,1616.097356,
165,phase1,18,pair_019,2.749983,1606.255793,1616.114326,
166,phase1,18,pair_019,2.766278,1606.272086,1616.13062,
167,phase1,18,pair_019,2.783019,1606.288828,1616.147362,
168,phase1,18,pair_019,2.799677,1606.305491,1616.164019,
169,phase1,18,pair_019,2.816272,1606.32208,1616.180614,
170,phase1,18,pair_019,2.833024,1606.338833,1616.197367,
171,phase1,18,pair_019,2.849724,1606.355533,1616.214066,
172,phase1,18,pair_019,2.866328,1606.372138,1616.23067,
173,phase1,18,pair_019,2.882992,1606.3888,1616.247334,
174,phase1,18,pair_019,2.900002,1606.40581,1616.264344,
175,phase1,18,pair_019,2.916608,1606.422416,1616.28095,
176,phase1,18,pair_019,2.933,1606.438809,1616.297343,
177,phase1,18,pair_019,2.949672,1606.45548,1616.314014,
178,phase1,18,pair_019,2.96663,1606.472439,1616.330973,
179,phase1,18,pair_019,2.982949,1606.488757,1616.347291,
180,phase1,18,pair_019,2.99969,1606.505498,1616.364032,
181,phase1,18,pair_019,3.01634,1606.522148,1616.380682,
182,phase1,18,pair_019,3.033308,1606.539116,1616.39765,
183,phase1,18,pair_019,3.049688,1606.555499,1616.41403,
184,phase1,18,pair_019,3.066266,1606.572075,1616.430608,
185,phase1,18,pair_019,3.083008,1606.588818,1616.44735,
186,phase1,18,pair_019,3.099996,1606.605805,1616.464338,
187,phase1,18,pair_019,3.116348,1606.622157,1616.48069,
188,phase1,18,pair_019,3.13298,1606.638789,1616.497322,
189,phase1,18,pair_019,3.149671,1606.65548,1616.514013,
190,phase1,18,pair_019,3.166651,1606.67246,1616.530994,
191,phase1,18,pair_019,3.183006,1606.688816,1616.547348,
192,phase1,18,pair_019,3.199641,1606.70545,1616.563983,
193,phase1,18,pair_019,3.21631,1606.722125,1616.580652,
194,phase1,18,pair_019,3.232993,1606.738803,1616.597336,
195,phase1,18,pair_019,3.249938,1606.755747,1616.61428,
196,phase1,18,pair_019,3.26635,1606.772159,1616.630692,
197,phase1,18,pair_019,3.282986,1606.788795,1616.647328,
198,phase1,18,pair_019,3.299981,1606.805789,1616.664323,
199,phase1,18,pair_019,3.316577,1606.822385,1616.680919,
200,phase1,18,pair_019,3.332999,1606.838808,1616.697342,
201,phase1,18,pair_019,3.349911,1606.855719,1616.714253,
202,phase1,18,pair_019,3.3663,1606.872109,1616.730643,
203,phase1,18,pair_019,3.382937,1606.888746,1616.74728,
204,phase1,18,pair_019,3.399649,1606.905458,1616.763992,
205,phase1,18,pair_019,3.416337,1606.922146,1616.780679,
206,phase1,18,pair_019,3.432954,1606.938762,1616.797296,
207,phase1,18,pair_019,3.449951,1606.95576,1616.814293,
208,phase1,18,pair_019,3.466315,1606.972124,1616.830658,
209,phase1,18,pair_019,3.483234,1606.989043,1616.847577,
210,phase1,18,pair_019,3.499916,1607.005724,1616.864258,
211,phase1,18,pair_019,3.516625,1607.022433,1616.880967,
212,phase1,18,pair_019,3.533044,1607.038853,1616.897387,
213,phase1,18,pair_019,3.5496,1607.055409,1616.913943,
214,phase1,18,pair_019,3.566388,1607.072197,1616.930731,
215,phase1,18,pair_019,3.58291,1607.088719,1616.947253,
216,phase1,18,pair_019,3.599935,1607.105744,1616.964277,
217,phase1,18,pair_019,3.616335,1607.122146,1616.980678,
218,phase1,18,pair_019,3.632989,1607.1388,1616.997332,
219,phase1,18,pair_019,3.649653,1607.155461,1617.013995,
220,phase1,18,pair_019,3.666236,1607.172044,1617.030578,
221,phase1,18,pair_019,3.682974,1607.188782,1617.047316,
222,phase1,18,pair_019,3.699716,1607.205525,1617.064058,
223,phase1,18,pair_019,3.716219,1607.222027,1617.080561,
224,phase1,18,pair_019,3.733273,1607.239081,1617.097615,
225,phase1,18,pair_019,3.749671,1607.255486,1617.114013,
226,phase1,18,pair_019,3.766317,1607.272125,1617.130659,
227,phase1,18,pair_019,3.783273,1607.289081,1617.147615,
228,phase1,18,pair_019,3.799937,1607.305746,1617.16428,
229,phase1,18,pair_019,3.816547,1607.322356,1617.180889,
230,phase1,18,pair_019,3.833229,1607.339038,1617.197571,
231,phase1,18,pair_019,3.849634,1607.355443,1617.213977,
232,phase1,18,pair_019,3.86661,1607.372418,1617.230952,
233,phase1,18,pair_019,3.883207,1607.389016,1617.247549,
234,phase1,18,pair_019,3.89962,1607.405428,1617.263962,
235,phase1,18,pair_019,3.91625,1607.422058,1617.280592,
236,phase1,18,pair_019,3.932947,1607.438756,1617.29729,
237,phase1,18,pair_019,3.949623,1607.455432,1617.313966,
238,phase1,18,pair_019,3.966289,1607.472097,1617.330631,
239,phase1,18,pair_019,3.982953,1607.488762,1617.347296,
240,phase1,18,pair_019,3.999613,1607.505422,1617.363955,
241,phase1,18,pair_019,4.016615,1607.522423,1617.380957,
242,phase1,18,pair_019,4.033005,1607.538814,1617.397348,
243,phase1,18,pair_019,4.049669,1607.555478,1617.414012,
244,phase1,18,pair_019,4.066608,1607.572417,1617.430951,
245,phase1,18,pair_019,4.083247,1607.589056,1617.447589,
246,phase1,18,pair_019,4.099614,1607.605423,1617.463957,
247,phase1,18,pair_019,4.116321,1607.62213,1617.480663,
248,phase1,18,pair_019,4.13297,1607.638778,1617.497312,
249,phase1,18,pair_019,4.149586,1607.655394,1617.513928,
250,phase1,18,pair_019,4.166307,1607.672118,1617.53065,
251,phase1,18,pair_019,4.182883,1607.688691,1617.547225,
252,phase1,18,pair_019,4.199646,1607.705454,1617.563988,
253,phase1,18,pair_019,4.216604,1607.722413,1617.580946,
254,phase1,18,pair_019,4.233038,1607.738847,1617.59738,
255,phase1,18,pair_019,4.249633,1607.75545,1617.613975,
256,phase1,18,pair_019,4.266576,1607.772385,1617.630919,
257,phase1,18,pair_019,4.283258,1607.789067,1617.647601,
258,phase1,18,pair_019,4.299717,1607.805526,1617.66406,
259,phase1,18,pair_019,4.316255,1607.822063,1617.680597,
260,phase1,18,pair_019,4.333239,1607.839047,1617.697581,
261,phase1,18,pair_019,4.349933,1607.855741,1617.714275,
262,phase1,18,pair_019,4.366534,1607.872342,1617.730876,
263,phase1,18,pair_019,4.382953,1607.888762,1617.747296,
264,phase1,18,pair_019,4.399602,1607.905411,1617.763945,
265,phase1,18,pair_019,4.416234,1607.922042,1617.780576,
266,phase1,18,pair_019,4.433248,1607.939057,1617.797591,
267,phase1,18,pair_019,4.449611,1607.95542,1617.813954,
268,phase1,18,pair_019,4.466552,1607.972361,1617.830895,
269,phase1,18,pair_019,4.482962,1607.988771,1617.847305,
270,phase1,18,pair_019,4.499911,1608.005719,1617.864253,
271,phase1,18,pair_019,4.516332,1608.022141,1617.880675,
272,phase1,18,pair_019,4.532949,1608.038758,1617.897292,
273,phase1,18,pair_019,4.549921,1608.055729,1617.914263,
274,phase1,18,pair_019,4.566235,1608.072044,1617.930578,
275,phase1,18,pair_019,4.583015,1608.088824,1617.947357,
276,phase1,18,pair_019,4.59963,1608.105439,1617.963973,
277,phase1,18,pair_019,4.616332,1608.12214,1617.980674,
278,phase1,18,pair_019,4.632927,1608.138736,1617.997269,
279,phase1,18,pair_019,4.649606,1608.155415,1618.013948,
280,phase1,18,pair_019,4.666295,1608.172104,1618.030638,
281,phase1,18,pair_019,4.682969,1608.188778,1618.047312,
282,phase1,18,pair_019,4.699932,1608.20574,1618.064274,
283,phase1,18,pair_019,4.716236,1608.222044,1618.080578,
284,phase1,18,pair_019,4.73293,1608.238738,1618.097272,
285,phase1,18,pair_019,4.749591,1608.2554,1618.113933,
286,phase1,18,pair_019,4.766197,1608.272006,1618.130539,
287,phase1,18,pair_019,4.783277,1608.289086,1618.147619,
288,phase1,18,pair_019,4.799608,1608.305416,1618.16395,
289,phase1,18,pair_019,4.816662,1608.32247,1618.181004,
290,phase1,18,pair_019,4.833054,1608.338863,1618.197397,
291,phase1,18,pair_019,4.849738,1608.355546,1618.21408,
292,phase1,18,pair_019,4.866385,1608.372193,1618.230727,
293,phase1,18,pair_019,4.883062,1608.38887,1618.247404,
294,phase1,18,pair_019,4.899716,1608.405528,1618.264058,
295,phase1,18,pair_019,4.916336,1608.422145,1618.280678,
296,phase1,18,pair_019,4.933064,1608.438874,1618.297406,
297,phase1,18,pair_019,4.950012,1608.45582,1618.314354,
298,phase1,18,pair_019,4.966368,1608.472176,1618.33071,
299,phase1,18,pair_019,4.983026,1608.488835,1618.347368,
300,phase1,18,pair_019,4.99975,1608.505559,1618.364093,
301,phase1,18,pair_019,5.016673,1608.522482,1618.381015,
302,phase1,18,pair_019,5.033041,1608.538849,1618.397383,
303,phase1,18,pair_019,5.049705,1608.555514,1618.414047,
304,phase1,18,pair_019,5.066328,1608.572136,1618.43067,
305,phase1,18,pair_019,5.083014,1608.588822,1618.447356,
306,phase1,18,pair_019,5.099704,1608.605513,1618.464047,
307,phase1,18,pair_019,5.116366,1608.622175,1618.480709,
308,phase1,18,pair_019,5.133045,1608.638854,1618.497387,
309,phase1,18,pair_019,5.149691,1608.655499,1618.514033,
310,phase1,18,pair_019,5.166297,1608.672106,1618.53064,
311,phase1,18,pair_019,5.183025,1608.688833,1618.547367,
312,phase1,18,pair_019,5.19969,1608.705501,1618.564032,
313,phase1,18,pair_019,5.216346,1608.722155,1618.580689,
314,phase1,18,pair_019,5.232983,1608.738791,1618.597325,
315,phase1,18,pair_019,5.249713,1608.755522,1618.614056,
316,phase1,18,pair_019,5.266403,1608.772212,1618.630745,
317,phase1,18,pair_019,5.283016,1608.788824,1618.647358,
318,phase1,18,pair_019,5.299992,1608.8058,1618.664334,
319,phase1,18,pair_019,5.316318,1608.822126,1618.68066,
320,phase1,18,pair_019,5.33303,1608.838839,1618.697373,
321,phase1,18,pair_019,5.349975,1608.855783,1618.714317,
322,phase1,18,pair_019,5.36667,1608.872479,1618.731013,
323,phase1,18,pair_019,5.383023,1608.888831,1618.747365,
324,phase1,18,pair_019,5.399692,1608.9055,1618.764034,
325,phase1,18,pair_019,5.416358,1608.922166,1618.7807,
326,phase1,18,pair_019,5.43332,1608.939128,1618.797662,
327,phase1,18,pair_019,5.449665,1608.955474,1618.814008,
328,phase1,18,pair_019,5.46635,1608.972158,1618.830692,
329,phase1,18,pair_019,5.483008,1608.988816,1618.84735,
330,phase1,18,pair_019,5.500018,1609.005826,1618.86436,
331,phase1,18,pair_019,5.516372,1609.022181,1618.880714,
332,phase1,18,pair_019,5.533007,1609.038816,1618.897349,
333,phase1,18,pair_019,5.549715,1609.055747,1618.914058,
334,phase1,18,pair_019,5.56664,1609.072447,1618.930982,
335,phase1,18,pair_019,5.582892,1609.088701,1618.947235,
336,phase1,18,pair_019,5.599667,1609.105476,1618.964009,
337,phase1,18,pair_019,5.616401,1609.122212,1618.980743,
338,phase1,18,pair_019,5.63302,1609.138829,1618.997363,
339,phase1,18,pair_019,5.649669,1609.155478,1619.014012,
340,phase1,18,pair_019,5.666351,1609.172162,1619.030694,
341,phase1,18,pair_019,5.683021,1609.18883,1619.047363,
342,phase1,18,pair_019,5.699683,1609.205492,1619.064025,
343,phase1,18,pair_019,5.716665,1609.222476,1619.081007,
344,phase1,18,pair_019,5.733019,1609.238828,1619.097362,
345,phase1,18,pair_019,5.749718,1609.255527,1619.11406,
346,phase1,18,pair_019,5.766277,1609.272085,1619.130619,
347,phase1,18,pair_019,5.783316,1609.289124,1619.147658,
348,phase1,18,pair_019,5.799707,1609.305518,1619.16405,
349,phase1,18,pair_019,5.816352,1609.32216,1619.180694,
350,phase1,18,pair_019,5.833265,1609.339074,1619.197608,
351,phase1,18,pair_019,5.849996,1609.355806,1619.214338,
352,phase1,18,pair_019,5.866349,1609.372157,1619.230691,
353,phase1,18,pair_019,5.883002,1609.38881,1619.247344,
354,phase1,18,pair_019,5.899646,1609.405454,1619.263988,
355,phase1,18,pair_019,5.91666,1609.422468,1619.281002,
356,phase1,18,pair_019,5.933002,1609.438811,1619.297344,
357,phase1,18,pair_019,5.949669,1609.455477,1619.314011,
358,phase1,18,pair_019,5.966322,1609.472131,1619.330665,
359,phase1,18,pair_019,5.983016,1609.488824,1619.347358,
360,phase1,18,pair_019,5.999956,1609.505764,1619.364298,
361,phase1,18,pair_019,6.016323,1609.522132,1619.380665,
362,phase1,18,pair_019,6.033289,1609.539098,1619.397631,
363,phase1,18,pair_019,6.049956,1609.555764,1619.414298,
364,phase1,18,pair_019,6.066341,1609.572149,1619.430683,
365,phase1,18,pair_019,6.082993,1609.588801,1619.447335,
366,phase1,18,pair_019,6.099649,1609.605457,1619.463991,
367,phase1,18,pair_019,6.116647,1609.622455,1619.480989,
368,phase1,18,pair_019,6.133286,1609.639094,1619.497628,
369,phase1,18,pair_019,6.149657,1609.655467,1619.514,
370,phase1,18,pair_019,6.166381,1609.67219,1619.530724,
371,phase1,18,pair_019,6.183054,1609.688862,1619.547396,
372,phase1,18,pair_019,6.19964,1609.705448,1619.563982,
373,phase1,18,pair_019,6.216326,1609.722135,1619.580669,
374,phase1,18,pair_019,6.23305,1609.738858,1619.597392,
375,phase1,18,pair_019,6.249686,1609.755494,1619.614028,
376,phase1,18,pair_019,6.266645,1609.772454,1619.630987,
377,phase1,18,pair_019,6.283006,1609.788814,1619.647348,
378,phase1,18,pair_019,6.299718,1609.805531,1619.66406,
379,phase1,18,pair_019,6.316308,1609.822116,1619.68065,
380,phase1,18,pair_019,6.333305,1609.839113,1619.697647,
381,phase1,18,pair_019,6.3496,1609.855408,1619.713942,
382,phase1,18,pair_019,6.366328,1609.872136,1619.73067,
383,phase1,18,pair_019,6.382989,1609.888798,1619.747331,
384,phase1,18,pair_019,6.399632,1609.90544,1619.763974,
385,phase1,18,pair_019,6.41663,1609.922443,1619.780973,
386,phase1,18,pair_019,6.432937,1609.938746,1619.79728,
387,phase1,18,pair_019,6.449656,1609.955465,1619.813999,
388,phase1,18,pair_019,6.466347,1609.972158,1619.83069,
389,phase1,18,pair_019,6.483276,1609.989084,1619.847618,
390,phase1,18,pair_019,6.499665,1610.005478,1619.864007,
391,phase1,18,pair_019,6.516336,1610.022144,1619.880678,
392,phase1,18,pair_019,6.532981,1610.038789,1619.897323,
393,phase1,18,pair_019,6.549647,1610.055456,1619.91399,
394,phase1,18,pair_019,6.566303,1610.072112,1619.930646,
395,phase1,18,pair_019,6.582948,1610.088757,1619.947291,
396,phase1,18,pair_019,6.599563,1610.105372,1619.963906,
397,phase1,18,pair_019,6.616588,1610.122396,1619.98093,
398,phase1,18,pair_019,6.632982,1610.138791,1619.997325,
399,phase1,18,pair_019,6.649715,1610.155523,1620.014057,
400,phase1,18,pair_019,6.66658,1610.172388,1620.030922,
401,phase1,18,pair_019,6.683295,1610.189105,1620.047637,
402,phase1,18,pair_019,6.699638,1610.205448,1620.06398,
403,phase1,18,pair_019,6.716349,1610.222158,1620.080692,
404,phase1,18,pair_019,6.732963,1610.238772,1620.097306,
405,phase1,18,pair_019,6.749639,1610.255449,1620.113981,
406,phase1,18,pair_019,6.766311,1610.27212,1620.130653,
407,phase1,18,pair_019,6.782985,1610.288793,1620.147327,
408,phase1,18,pair_019,6.799609,1610.305418,1620.163952,
409,phase1,18,pair_019,6.81629,1610.322098,1620.180632,
410,phase1,18,pair_019,6.833243,1610.339051,1620.197585,
411,phase1,18,pair_019,6.849636,1610.355445,1620.213979,
412,phase1,18,pair_019,6.86657,1610.372378,1620.230912,
413,phase1,18,pair_019,6.883294,1610.389103,1620.247636,
414,phase1,18,pair_019,6.899608,1610.405416,1620.26395,
415,phase1,18,pair_019,6.916264,1610.422072,1620.280606,
416,phase1,18,pair_019,6.93322,1610.439028,1620.297562,
417,phase1,18,pair_019,6.949588,1610.455397,1620.313931,
418,phase1,18,pair_019,6.966271,1610.472079,1620.330613,
419,phase1,18,pair_019,6.982954,1610.488763,1620.347297,
420,phase1,18,pair_019,6.999654,1610.505462,1620.363996,
421,phase1,18,pair_019,7.016557,1610.522366,1620.380899,
422,phase1,18,pair_019,7.033276,1610.539084,1620.397618,
423,phase1,18,pair_019,7.049621,1610.55543,1620.413964,
424,phase1,18,pair_019,7.066313,1610.572121,1620.430655,
425,phase1,18,pair_019,7.083007,1610.588816,1620.44735,
426,phase1,18,pair_019,7.099602,1610.60541,1620.463944,
427,phase1,18,pair_019,7.116295,1610.622104,1620.480637,
428,phase1,18,pair_019,7.13299,1610.638799,1620.497332,
429,phase1,18,pair_019,7.14963,1610.655439,1620.513973,
430,phase1,18,pair_019,7.166281,1610.672089,1620.530623,
431,phase1,18,pair_019,7.182907,1610.688716,1620.547249,
432,phase1,18,pair_019,7.19967,1610.705487,1620.564013,
433,phase1,18,pair_019,7.216283,1610.722091,1620.580625,
434,phase1,18,pair_019,7.232974,1610.738783,1620.597316,
435,phase1,18,pair_019,7.249569,1610.755378,1620.613912,
436,phase1,18,pair_019,7.26631,1610.772137,1620.630652,
437,phase1,18,pair_019,7.282945,1610.788755,1620.647287,
438,phase1,18,pair_019,7.299622,1610.805431,1620.663964,
439,phase1,18,pair_019,7.316552,1610.82236,1620.680894,
440,phase1,18,pair_019,7.332858,1610.838667,1620.697201,
441,phase1,18,pair_019,7.34963,1610.855438,1620.713972,
442,phase1,18,pair_019,7.366296,1610.872105,1620.730638,
443,phase1,18,pair_019,7.382911,1610.888719,1620.747253,
444,phase1,18,pair_019,7.399877,1610.905686,1620.764219,
445,phase1,18,pair_019,7.416291,1610.9221,1620.780633,
446,phase1,18,pair_019,7.433276,1610.939085,1620.797619,
447,phase1,18,pair_019,7.449945,1610.955754,1620.814288,
448,phase1,18,pair_019,7.466216,1610.972025,1620.830558,
449,phase1,18,pair_019,7.482946,1610.988755,1620.847288,
450,phase1,18,pair_019,7.49968,1611.005489,1620.864023,
451,phase1,18,pair_019,7.516567,1611.022376,1620.88091,
452,phase1,18,pair_019,7.532956,1611.038765,1620.897299,
453,phase1,18,pair_019,7.549596,1611.055405,1620.913939,
454,phase1,18,pair_019,7.566272,1611.07208,1620.930614,
455,phase1,18,pair_019,7.583263,1611.089071,1620.947605,
456,phase1,18,pair_019,7.599904,1611.105713,1620.964246,
457,phase1,18,pair_019,7.616144,1611.121953,1620.980487,
458,phase1,18,pair_019,7.632954,1611.138762,1620.997296,
459,phase1,18,pair_019,7.649915,1611.155723,1621.014257,
460,phase1,18,pair_019,7.666288,1611.172096,1621.03063,
461,phase1,18,pair_019,7.682943,1611.188752,1621.047286,
462,phase1,18,pair_019,7.699615,1611.205424,1621.063958,
463,phase1,18,pair_019,7.716259,1611.222067,1621.080601,
464,phase1,18,pair_019,7.733253,1611.239062,1621.097595,
465,phase1,18,pair_019,7.749621,1611.255431,1621.113963,
466,phase1,18,pair_019,7.766322,1611.27213,1621.130664,
467,phase1,18,pair_019,7.782924,1611.288733,1621.147267,
468,phase1,18,pair_019,7.799905,1611.305713,1621.164247,
469,phase1,18,pair_019,7.816302,1611.32211,1621.180644,
470,phase1,18,pair_019,7.832935,1611.338743,1621.197277,
471,phase1,18,pair_019,7.849655,1611.355463,1621.213997,
472,phase1,18,pair_019,7.866572,1611.37238,1621.230914,
473,phase1,18,pair_019,7.882919,1611.388727,1621.247261,
474,phase1,18,pair_019,7.899608,1611.405416,1621.26395,
475,phase1,18,pair_019,7.916244,1611.422052,1621.280586,
476,phase1,18,pair_019,7.933254,1611.439062,1621.297596,
477,phase1,18,pair_019,7.94961,1611.455419,1621.313952,
478,phase1,18,pair_019,7.966276,1611.472085,1621.330619,
479,phase1,18,pair_019,7.982918,1611.488727,1621.347261,
480,phase1,18,pair_019,7.999585,1611.505393,1621.363927,
481,phase1,18,pair_019,8.016544,1611.522352,1621.380887,
482,phase1,18,pair_019,8.032966,1611.538774,1621.397308,
483,phase1,18,pair_019,8.049587,1611.555395,1621.413929,
484,phase1,18,pair_019,8.066224,1611.572033,1621.430567,
485,phase1,18,pair_019,8.083221,1611.58903,1621.447564,
486,phase1,18,pair_019,-1603.50607,1611.805467,9.858273,response
0,phase2,18,pair_019,0.0,1613.038812,1622.897341,single_opt_onset_seq1_opt4_记忆
1,phase2,18,pair_019,0.016688,1613.055495,1622.914029,
2,phase2,18,pair_019,0.033288,1613.072094,1622.93063,
3,phase2,18,pair_019,0.049986,1613.088792,1622.947327,
4,phase2,18,pair_019,0.066653,1613.105458,1622.963994,
5,phase2,18,pair_019,0.083338,1613.122144,1622.980679,
6,phase2,18,pair_019,0.099982,1613.13879,1622.997323,
7,phase2,18,pair_019,0.116519,1613.155325,1623.01386,
8,phase2,18,pair_019,0.133309,1613.172114,1623.03065,
9,phase2,18,pair_019,0.150029,1613.188835,1623.04737,
10,phase2,18,pair_019,0.166654,1613.20546,1623.063995,
11,phase2,18,pair_019,0.183632,1613.222437,1623.080973,
12,phase2,18,pair_019,0.199973,1613.238778,1623.097314,
13,phase2,18,pair_019,0.216682,1613.255487,1623.114023,
14,phase2,18,pair_019,0.233277,1613.272083,1623.130618,
15,phase2,18,pair_019,0.250296,1613.289102,1623.147637,
16,phase2,18,pair_019,0.266641,1613.305447,1623.163982,
17,phase2,18,pair_019,0.283331,1613.32214,1623.180672,
18,phase2,18,pair_019,0.299973,1613.338779,1623.197314,
19,phase2,18,pair_019,0.316954,1613.355759,1623.214295,
20,phase2,18,pair_019,0.333321,1613.372126,1623.230662,
21,phase2,18,pair_019,0.349982,1613.388788,1623.247324,
22,phase2,18,pair_019,0.366648,1613.405457,1623.263989,
23,phase2,18,pair_019,0.383593,1613.422398,1623.280934,
24,phase2,18,pair_019,0.399954,1613.438759,1623.297295,
25,phase2,18,pair_019,0.416643,1613.455449,1623.313985,
26,phase2,18,pair_019,0.433376,1613.472182,1623.330717,
27,phase2,18,pair_019,0.449948,1613.488754,1623.347289,
28,phase2,18,pair_019,0.466946,1613.505753,1623.364287,
29,phase2,18,pair_019,0.483299,1613.52211,1623.38064,
30,phase2,18,pair_019,0.500014,1613.538823,1623.397355,
31,phase2,18,pair_019,0.516919,1613.555725,1623.41426,
32,phase2,18,pair_019,0.533612,1613.572417,1623.430953,
33,phase2,18,pair_019,0.549981,1613.588787,1623.447322,
34,phase2,18,pair_019,0.566624,1613.60543,1623.463966,
35,phase2,18,pair_019,0.583289,1613.622095,1623.48063,
36,phase2,18,pair_019,0.600247,1613.639053,1623.497588,
37,phase2,18,pair_019,0.616647,1613.655458,1623.513988,
38,phase2,18,pair_019,0.633323,1613.672129,1623.530664,
39,phase2,18,pair_019,0.649965,1613.68877,1623.547306,
40,phase2,18,pair_019,0.666907,1613.705713,1623.564249,
41,phase2,18,pair_019,0.683292,1613.722098,1623.580634,
42,phase2,18,pair_019,0.700019,1613.738827,1623.597361,
43,phase2,18,pair_019,0.716672,1613.755478,1623.614014,
44,phase2,18,pair_019,0.733609,1613.772415,1623.63095,
45,phase2,18,pair_019,0.749922,1613.788727,1623.647263,
46,phase2,18,pair_019,0.766646,1613.805452,1623.663988,
47,phase2,18,pair_019,0.783237,1613.822042,1623.680578,
48,phase2,18,pair_019,0.799939,1613.838744,1623.69728,
49,phase2,18,pair_019,0.816921,1613.85573,1623.714262,
50,phase2,18,pair_019,0.833308,1613.872113,1623.730649,
51,phase2,18,pair_019,0.849904,1613.88871,1623.747246,
52,phase2,18,pair_019,0.866923,1613.905729,1623.764265,
53,phase2,18,pair_019,0.883571,1613.922377,1623.780913,
54,phase2,18,pair_019,0.899953,1613.938759,1623.797295,
55,phase2,18,pair_019,0.916615,1613.955421,1623.813957,
56,phase2,18,pair_019,0.933582,1613.972387,1623.830923,
57,phase2,18,pair_019,0.950252,1613.989057,1623.847594,
58,phase2,18,pair_019,0.966624,1614.00543,1623.863966,
59,phase2,18,pair_019,0.983276,1614.022084,1623.880617,
60,phase2,18,pair_019,0.999932,1614.038739,1623.897273,
61,phase2,18,pair_019,1.016599,1614.055405,1623.913941,
62,phase2,18,pair_019,1.033287,1614.072093,1623.930628,
63,phase2,18,pair_019,1.049924,1614.08873,1623.947266,
64,phase2,18,pair_019,1.066607,1614.105416,1623.963949,
65,phase2,18,pair_019,1.083551,1614.122357,1623.980893,
66,phase2,18,pair_019,1.099931,1614.138736,1623.997273,
67,phase2,18,pair_019,1.116608,1614.155414,1624.01395,
68,phase2,18,pair_019,1.133176,1614.171981,1624.030517,
69,phase2,18,pair_019,1.150266,1614.189072,1624.047607,
70,phase2,18,pair_019,1.166609,1614.205414,1624.06395,
71,phase2,18,pair_019,1.183342,1614.22215,1624.080683,
72,phase2,18,pair_019,1.199978,1614.238784,1624.09732,
73,phase2,18,pair_019,1.216587,1614.255392,1624.113928,
74,phase2,18,pair_019,1.233567,1614.272378,1624.130908,
75,phase2,18,pair_019,1.249979,1614.288786,1624.14732,
76,phase2,18,pair_019,1.266588,1614.305394,1624.163929,
77,phase2,18,pair_019,1.283602,1614.32241,1624.180944,
78,phase2,18,pair_019,1.300232,1614.339038,1624.197574,
79,phase2,18,pair_019,1.31665,1614.35546,1624.213992,
80,phase2,18,pair_019,1.333279,1614.372084,1624.23062,
81,phase2,18,pair_019,1.350256,1614.389064,1624.247597,
82,phase2,18,pair_019,1.366897,1614.405703,1624.264239,
83,phase2,18,pair_019,1.383273,1614.422078,1624.280614,
84,phase2,18,pair_019,1.399978,1614.438784,1624.29732,
85,phase2,18,pair_019,1.416877,1614.455682,1624.314218,
86,phase2,18,pair_019,1.433566,1614.472371,1624.330907,
87,phase2,18,pair_019,1.449921,1614.488726,1624.347262,
88,phase2,18,pair_019,1.466625,1614.505431,1624.363967,
89,phase2,18,pair_019,1.48325,1614.522056,1624.380592,
90,phase2,18,pair_019,1.500059,1614.538864,1624.3974,
0,phase2,18,pair_019,0.0,1614.555439,1624.413968,iti_onset_dur_1.164
1,phase2,18,pair_019,0.016626,1614.572058,1624.430594,
2,phase2,18,pair_019,0.033579,1614.589011,1624.447548,
3,phase2,18,pair_019,0.050291,1614.605723,1624.464259,
4,phase2,18,pair_019,0.066628,1614.62206,1624.480596,
5,phase2,18,pair_019,0.083316,1614.638748,1624.497284,
6,phase2,18,pair_019,0.099969,1614.6554,1624.513937,
7,phase2,18,pair_019,0.116542,1614.671975,1624.53051,
8,phase2,18,pair_019,0.133302,1614.688739,1624.54727,
9,phase2,18,pair_019,0.14999,1614.705422,1624.563958,
10,phase2,18,pair_019,0.166559,1614.72199,1624.580527,
11,phase2,18,pair_019,0.183302,1614.738733,1624.59727,
12,phase2,18,pair_019,0.200254,1614.755686,1624.614222,
13,phase2,18,pair_019,0.216636,1614.772068,1624.630604,
14,phase2,18,pair_019,0.233296,1614.788728,1624.647264,
15,phase2,18,pair_019,0.249955,1614.805402,1624.663923,
16,phase2,18,pair_019,0.266906,1614.822338,1624.680874,
17,phase2,18,pair_019,0.283384,1614.838818,1624.697352,
18,phase2,18,pair_019,0.300007,1614.855439,1624.713975,
19,phase2,18,pair_019,0.31666,1614.872092,1624.730629,
20,phase2,18,pair_019,0.333624,1614.889055,1624.747592,
21,phase2,18,pair_019,0.350025,1614.905474,1624.763994,
22,phase2,18,pair_019,0.366657,1614.922089,1624.780625,
23,phase2,18,pair_019,0.383292,1614.938724,1624.79726,
24,phase2,18,pair_019,0.400277,1614.955709,1624.814245,
25,phase2,18,pair_019,0.416615,1614.972047,1624.830583,
26,phase2,18,pair_019,0.433312,1614.988744,1624.84728,
27,phase2,18,pair_019,0.449937,1615.005369,1624.863905,
28,phase2,18,pair_019,0.466599,1615.022031,1624.880567,
29,phase2,18,pair_019,0.483556,1615.038988,1624.897524,
30,phase2,18,pair_019,0.499938,1615.055369,1624.913906,
31,phase2,18,pair_019,0.516618,1615.07205,1624.930586,
32,phase2,18,pair_019,0.533277,1615.088708,1624.947245,
33,phase2,18,pair_019,0.549948,1615.105385,1624.963916,
34,phase2,18,pair_019,0.566628,1615.122059,1624.980596,
35,phase2,18,pair_019,0.583282,1615.138713,1624.99725,
36,phase2,18,pair_019,0.599987,1615.155422,1625.013955,
37,phase2,18,pair_019,0.616557,1615.171991,1625.030526,
38,phase2,18,pair_019,0.633196,1615.18863,1625.047164,
39,phase2,18,pair_019,0.64996,1615.205392,1625.063928,
40,phase2,18,pair_019,0.666922,1615.222353,1625.08089,
41,phase2,18,pair_019,0.683586,1615.239018,1625.097555,
42,phase2,18,pair_019,0.699956,1615.255388,1625.113924,
43,phase2,18,pair_019,0.716656,1615.272088,1625.130625,
44,phase2,18,pair_019,0.733245,1615.288677,1625.147213,
45,phase2,18,pair_019,0.749871,1615.305303,1625.163839,
46,phase2,18,pair_019,0.766556,1615.321988,1625.180525,
47,phase2,18,pair_019,0.783198,1615.33863,1625.197166,
48,phase2,18,pair_019,0.800214,1615.355646,1625.214182,
49,phase2,18,pair_019,0.816586,1615.372018,1625.230554,
50,phase2,18,pair_019,0.833559,1615.388991,1625.247528,
51,phase2,18,pair_019,0.849951,1615.405383,1625.263919,
52,phase2,18,pair_019,0.866604,1615.422036,1625.280572,
53,phase2,18,pair_019,0.883264,1615.438695,1625.297232,
54,phase2,18,pair_019,0.899945,1615.455377,1625.313913,
55,phase2,18,pair_019,0.916624,1615.472056,1625.330592,
56,phase2,18,pair_019,0.93323,1615.488662,1625.347198,
57,phase2,18,pair_019,0.94992,1615.505351,1625.363888,
58,phase2,18,pair_019,0.966889,1615.52232,1625.380857,
59,phase2,18,pair_019,0.983267,1615.538699,1625.397236,
60,phase2,18,pair_019,0.999908,1615.55534,1625.413876,
61,phase2,18,pair_019,1.016903,1615.572335,1625.430871,
62,phase2,18,pair_019,1.033543,1615.588975,1625.447511,
63,phase2,18,pair_019,1.049929,1615.60536,1625.463897,
64,phase2,18,pair_019,1.0666,1615.622032,1625.480568,
65,phase2,18,pair_019,1.083255,1615.638687,1625.497223,
66,phase2,18,pair_019,1.10024,1615.655671,1625.514208,
67,phase2,18,pair_019,1.116612,1615.672044,1625.53058,
68,phase2,18,pair_019,1.133308,1615.688739,1625.547276,
69,phase2,18,pair_019,1.14997,1615.705402,1625.563938,
0,phase2,18,pair_019,0.0,1615.722335,1625.580867,single_opt_onset_seq2_opt3_忧郁
1,phase2,18,pair_019,0.016337,1615.738669,1625.597204,
2,phase2,18,pair_019,0.033077,1615.755409,1625.613944,
3,phase2,18,pair_019,0.049763,1615.772095,1625.63063,
4,phase2,18,pair_019,0.066356,1615.788687,1625.647223,
5,phase2,18,pair_019,0.083041,1615.805372,1625.663908,
6,phase2,18,pair_019,0.099701,1615.822033,1625.680568,
7,phase2,18,pair_019,0.116342,1615.838674,1625.697209,
8,phase2,18,pair_019,0.133007,1615.855338,1625.713874,
9,phase2,18,pair_019,0.14968,1615.872012,1625.730547,
10,phase2,18,pair_019,0.166388,1615.88872,1625.747255,
11,phase2,18,pair_019,0.183014,1615.905346,1625.763881,
12,phase2,18,pair_019,0.199627,1615.921959,1625.780494,
13,phase2,18,pair_019,0.216677,1615.939008,1625.797544,
14,phase2,18,pair_019,0.233037,1615.955369,1625.813905,
15,phase2,18,pair_019,0.24977,1615.972101,1625.830637,
16,phase2,18,pair_019,0.2666,1615.988932,1625.847467,
17,phase2,18,pair_019,0.283336,1616.005667,1625.864203,
18,phase2,18,pair_019,0.299741,1616.022073,1625.880609,
19,phase2,18,pair_019,0.316362,1616.038693,1625.897229,
20,phase2,18,pair_019,0.333036,1616.055367,1625.913903,
21,phase2,18,pair_019,0.349608,1616.071939,1625.930475,
22,phase2,18,pair_019,0.366353,1616.088685,1625.947221,
23,phase2,18,pair_019,0.383064,1616.105396,1625.963931,
24,phase2,18,pair_019,0.399996,1616.122327,1625.980863,
25,phase2,18,pair_019,0.416665,1616.138997,1625.997532,
26,phase2,18,pair_019,0.433044,1616.155376,1626.013911,
27,phase2,18,pair_019,0.449684,1616.172016,1626.030551,
28,phase2,18,pair_019,0.466461,1616.188792,1626.047328,
29,phase2,18,pair_019,0.482932,1616.205263,1626.063799,
30,phase2,18,pair_019,0.499814,1616.22215,1626.080681,
31,phase2,18,pair_019,0.51643,1616.238761,1626.097297,
32,phase2,18,pair_019,0.533406,1616.255737,1626.114273,
33,phase2,18,pair_019,0.549793,1616.272124,1626.13066,
34,phase2,18,pair_019,0.566434,1616.288765,1626.147301,
35,phase2,18,pair_019,0.583123,1616.305457,1626.16399,
36,phase2,18,pair_019,0.599805,1616.322136,1626.180672,
37,phase2,18,pair_019,0.616456,1616.338787,1626.197323,
38,phase2,18,pair_019,0.63315,1616.355481,1626.214017,
39,phase2,18,pair_019,0.649769,1616.372101,1626.230637,
40,phase2,18,pair_019,0.666744,1616.389075,1626.247611,
41,phase2,18,pair_019,0.683081,1616.405412,1626.263948,
42,phase2,18,pair_019,0.699736,1616.422067,1626.280603,
43,phase2,18,pair_019,0.716464,1616.438798,1626.297332,
44,phase2,18,pair_019,0.733119,1616.455451,1626.313986,
45,phase2,18,pair_019,0.749798,1616.472132,1626.330665,
46,phase2,18,pair_019,0.766454,1616.488785,1626.347321,
47,phase2,18,pair_019,0.783173,1616.505509,1626.36404,
48,phase2,18,pair_019,0.8001,1616.522431,1626.380968,
49,phase2,18,pair_019,0.816457,1616.538788,1626.397324,
50,phase2,18,pair_019,0.833104,1616.555435,1626.413971,
51,phase2,18,pair_019,0.849784,1616.572116,1626.430651,
52,phase2,18,pair_019,0.866747,1616.589078,1626.447614,
53,phase2,18,pair_019,0.883231,1616.605563,1626.464099,
54,phase2,18,pair_019,0.899788,1616.62212,1626.480655,
55,phase2,18,pair_019,0.916429,1616.63876,1626.497296,
56,phase2,18,pair_019,0.9331,1616.655438,1626.513967,
57,phase2,18,pair_019,0.950051,1616.672382,1626.530918,
58,phase2,18,pair_019,0.966452,1616.688783,1626.547319,
59,phase2,18,pair_019,0.983094,1616.705425,1626.563961,
60,phase2,18,pair_019,0.999767,1616.722099,1626.580634,
61,phase2,18,pair_019,1.0167,1616.739031,1626.597567,
62,phase2,18,pair_019,1.033113,1616.755444,1626.61398,
63,phase2,18,pair_019,1.049814,1616.772145,1626.630681,
64,phase2,18,pair_019,1.066441,1616.788772,1626.647308,
65,phase2,18,pair_019,1.083408,1616.805741,1626.664276,
66,phase2,18,pair_019,1.099712,1616.822043,1626.680579,
67,phase2,18,pair_019,1.116485,1616.838816,1626.697352,
68,phase2,18,pair_019,1.133401,1616.855732,1626.714268,
69,phase2,18,pair_019,1.150081,1616.872412,1626.730948,
70,phase2,18,pair_019,1.166436,1616.888768,1626.747303,
71,phase2,18,pair_019,1.183093,1616.905425,1626.76396,
72,phase2,18,pair_019,1.199695,1616.922027,1626.780563,
73,phase2,18,pair_019,1.216739,1616.939071,1626.797606,
74,phase2,18,pair_019,1.233106,1616.955438,1626.813973,
75,phase2,18,pair_019,1.249713,1616.972044,1626.83058,
76,phase2,18,pair_019,1.266473,1616.988804,1626.84734,
77,phase2,18,pair_019,1.283375,1617.005706,1626.864242,
78,phase2,18,pair_019,1.299762,1617.022095,1626.880629,
79,phase2,18,pair_019,1.316432,1617.038763,1626.897299,
80,phase2,18,pair_019,1.333075,1617.055406,1626.913942,
81,phase2,18,pair_019,1.349769,1617.072101,1626.930636,
82,phase2,18,pair_019,1.366396,1617.088727,1626.947263,
83,phase2,18,pair_019,1.383116,1617.105454,1626.963984,
84,phase2,18,pair_019,1.399703,1617.122034,1626.98057,
85,phase2,18,pair_019,1.416402,1617.138734,1626.997269,
86,phase2,18,pair_019,1.433043,1617.155374,1627.01391,
87,phase2,18,pair_019,1.449739,1617.17207,1627.030606,
88,phase2,18,pair_019,1.466386,1617.188718,1627.047254,
89,phase2,18,pair_019,1.483095,1617.205426,1627.063962,
90,phase2,18,pair_019,1.500093,1617.222424,1627.08096,
0,phase2,18,pair_019,0.0,1617.23874,1627.097273,iti_onset_dur_1.069
1,phase2,18,pair_019,0.016749,1617.255487,1627.114022,
2,phase2,18,pair_019,0.033658,1617.272395,1627.130931,
3,phase2,18,pair_019,0.05002,1617.288756,1627.147293,
4,phase2,18,pair_019,0.066685,1617.305421,1627.163958,
5,phase2,18,pair_019,0.083372,1617.32211,1627.180645,
6,phase2,18,pair_019,0.10023,1617.338967,1627.197503,
7,phase2,18,pair_019,0.116618,1617.355355,1627.213891,
8,phase2,18,pair_019,0.133363,1617.3721,1627.230636,
9,phase2,18,pair_019,0.150003,1617.38874,1627.247276,
10,phase2,18,pair_019,0.166688,1617.405424,1627.263961,
11,phase2,18,pair_019,0.183332,1617.422068,1627.280605,
12,phase2,18,pair_019,0.199952,1617.438689,1627.297225,
13,phase2,18,pair_019,0.216666,1617.455403,1627.313939,
14,phase2,18,pair_019,0.233429,1617.472165,1627.330702,
15,phase2,18,pair_019,0.249989,1617.488725,1627.347262,
16,phase2,18,pair_019,0.266645,1617.505401,1627.363918,
17,phase2,18,pair_019,0.283306,1617.522043,1627.380579,
18,phase2,18,pair_019,0.300057,1617.538796,1627.39733,
19,phase2,18,pair_019,0.316655,1617.555393,1627.413929,
20,phase2,18,pair_019,0.333334,1617.572071,1627.430607,
21,phase2,18,pair_019,0.349999,1617.588735,1627.447272,
22,phase2,18,pair_019,0.366724,1617.605464,1627.463997,
23,phase2,18,pair_019,0.383324,1617.622061,1627.480597,
24,phase2,18,pair_019,0.400298,1617.639035,1627.497571,
25,phase2,18,pair_019,0.416641,1617.655378,1627.513914,
26,phase2,18,pair_019,0.433366,1617.672103,1627.530639,
27,phase2,18,pair_019,0.450267,1617.689004,1627.547541,
28,phase2,18,pair_019,0.466965,1617.705702,1627.564238,
29,phase2,18,pair_019,0.483348,1617.722084,1627.580621,
30,phase2,18,pair_019,0.500274,1617.73901,1627.597547,
31,phase2,18,pair_019,0.516681,1617.755417,1627.613954,
32,phase2,18,pair_019,0.533308,1617.772044,1627.630581,
33,phase2,18,pair_019,0.550002,1617.788739,1627.647276,
34,phase2,18,pair_019,0.566688,1617.805425,1627.663962,
35,phase2,18,pair_019,0.583331,1617.822067,1627.680604,
36,phase2,18,pair_019,0.600328,1617.839064,1627.697601,
37,phase2,18,pair_019,0.616633,1617.85537,1627.713906,
38,phase2,18,pair_019,0.633291,1617.872027,1627.730564,
39,phase2,18,pair_019,0.650052,1617.888791,1627.747325,
40,phase2,18,pair_019,0.667008,1617.905745,1627.764282,
41,phase2,18,pair_019,0.683611,1617.922348,1627.780884,
42,phase2,18,pair_019,0.700004,1617.938742,1627.797277,
43,phase2,18,pair_019,0.716596,1617.955333,1627.813869,
44,phase2,18,pair_019,0.733646,1617.972384,1627.830919,
45,phase2,18,pair_019,0.750276,1617.989012,1627.847549,
46,phase2,18,pair_019,0.766668,1618.005405,1627.863941,
47,phase2,18,pair_019,0.783255,1618.021992,1627.880528,
48,phase2,18,pair_019,0.799993,1618.03873,1627.897266,
49,phase2,18,pair_019,0.816966,1618.055703,1627.914239,
50,phase2,18,pair_019,0.833318,1618.072055,1627.930591,
51,phase2,18,pair_019,0.850047,1618.088785,1627.94732,
52,phase2,18,pair_019,0.866636,1618.105372,1627.963909,
53,phase2,18,pair_019,0.883629,1618.122366,1627.980902,
54,phase2,18,pair_019,0.899936,1618.138673,1627.997209,
55,phase2,18,pair_019,0.916685,1618.155425,1628.013958,
56,phase2,18,pair_019,0.933536,1618.172273,1628.030809,
57,phase2,18,pair_019,0.950298,1618.189037,1628.047571,
58,phase2,18,pair_019,0.966652,1618.205392,1628.063925,
59,phase2,18,pair_019,0.983625,1618.222362,1628.080898,
60,phase2,18,pair_019,0.999952,1618.238689,1628.097225,
61,phase2,18,pair_019,1.016613,1618.255349,1628.113886,
62,phase2,18,pair_019,1.033333,1618.27207,1628.130606,
63,phase2,18,pair_019,1.049963,1618.2887,1628.147236,
64,phase2,18,pair_019,1.066634,1618.305371,1628.163907,
0,phase2,18,pair_019,0.0,1618.322063,1628.180592,single_opt_onset_seq3_opt1_心情
1,phase2,18,pair_019,0.016957,1618.339015,1628.19755,
2,phase2,18,pair_019,0.033349,1618.355407,1628.213942,
3,phase2,18,pair_019,0.050022,1618.372079,1628.230615,
4,phase2,18,pair_019,0.066678,1618.388738,1628.247271,
5,phase2,18,pair_019,0.083328,1618.405385,1628.26392,
6,phase2,18,pair_019,0.100003,1618.42206,1628.280595,
7,phase2,18,pair_019,0.1167,1618.438756,1628.297292,
8,phase2,18,pair_019,0.13331,1618.455366,1628.313902,
9,phase2,18,pair_019,0.149951,1618.472007,1628.330543,
10,phase2,18,pair_019,0.166646,1618.488703,1628.347239,
11,phase2,18,pair_019,0.183306,1618.505363,1628.363899,
12,phase2,18,pair_019,0.200042,1618.522099,1628.380635,
13,phase2,18,pair_019,0.216642,1618.538699,1628.397235,
14,phase2,18,pair_019,0.233311,1618.555368,1628.413904,
15,phase2,18,pair_019,0.249958,1618.572014,1628.43055,
16,phase2,18,pair_019,0.266634,1618.58869,1628.447226,
17,phase2,18,pair_019,0.283649,1618.605705,1628.464241,
18,phase2,18,pair_019,0.299963,1618.62202,1628.480555,
19,phase2,18,pair_019,0.316642,1618.638699,1628.497235,
20,phase2,18,pair_019,0.333341,1618.655398,1628.513934,
21,phase2,18,pair_019,0.349985,1618.672042,1628.530578,
22,phase2,18,pair_019,0.366648,1618.688705,1628.547241,
23,phase2,18,pair_019,0.383334,1618.705391,1628.563927,
24,phase2,18,pair_019,0.400006,1618.722063,1628.580599,
25,phase2,18,pair_019,0.416929,1618.738986,1628.597522,
26,phase2,18,pair_019,0.433318,1618.755375,1628.613911,
27,phase2,18,pair_019,0.449991,1618.772048,1628.630584,
28,phase2,18,pair_019,0.46665,1618.788706,1628.647242,
29,phase2,18,pair_019,0.48329,1618.805352,1628.663883,
30,phase2,18,pair_019,0.49994,1618.821996,1628.680532,
31,phase2,18,pair_019,0.516587,1618.838643,1628.697179,
32,phase2,18,pair_019,0.533326,1618.855382,1628.713918,
33,phase2,18,pair_019,0.549957,1618.872014,1628.73055,
34,phase2,18,pair_019,0.566597,1618.888654,1628.74719,
35,phase2,18,pair_019,0.583316,1618.905372,1628.763908,
36,phase2,18,pair_019,0.599996,1618.922052,1628.780588,
37,phase2,18,pair_019,0.616676,1618.938733,1628.797269,
38,phase2,18,pair_019,0.633278,1618.955335,1628.81387,
39,phase2,18,pair_019,0.649934,1618.971991,1628.830526,
40,phase2,18,pair_019,0.666619,1618.988676,1628.847211,
41,phase2,18,pair_019,0.683347,1619.005404,1628.86394,
42,phase2,18,pair_019,0.699943,1619.022,1628.880536,
43,phase2,18,pair_019,0.716629,1619.038686,1628.897222,
44,phase2,18,pair_019,0.733336,1619.055631,1628.913928,
45,phase2,18,pair_019,0.750012,1619.072069,1628.930605,
46,phase2,18,pair_019,0.766634,1619.088691,1628.947227,
47,phase2,18,pair_019,0.783316,1619.105373,1628.963909,
48,phase2,18,pair_019,0.79994,1619.121996,1628.980532,
49,phase2,18,pair_019,0.816631,1619.138687,1628.997224,
50,phase2,18,pair_019,0.833591,1619.155648,1629.014184,
51,phase2,18,pair_019,0.849944,1619.172001,1629.030537,
52,phase2,18,pair_019,0.866641,1619.188698,1629.047234,
53,phase2,18,pair_019,0.883279,1619.205336,1629.063871,
54,phase2,18,pair_019,0.899957,1619.222013,1629.080549,
55,phase2,18,pair_019,0.916538,1619.238594,1629.09713,
56,phase2,18,pair_019,0.933339,1619.255396,1629.113932,
57,phase2,18,pair_019,0.950012,1619.272068,1629.130604,
58,phase2,18,pair_019,0.966627,1619.288683,1629.147219,
59,phase2,18,pair_019,0.983272,1619.305329,1629.163865,
60,phase2,18,pair_019,0.999982,1619.322039,1629.180575,
61,phase2,18,pair_019,1.016624,1619.338681,1629.197216,
62,phase2,18,pair_019,1.033279,1619.355335,1629.213871,
63,phase2,18,pair_019,1.050274,1619.37233,1629.230866,
64,phase2,18,pair_019,1.066611,1619.388668,1629.247204,
65,phase2,18,pair_019,1.083304,1619.40536,1629.263896,
66,phase2,18,pair_019,1.09992,1619.421976,1629.280512,
67,phase2,18,pair_019,1.116609,1619.438665,1629.297201,
68,phase2,18,pair_019,1.133253,1619.455309,1629.313845,
69,phase2,18,pair_019,1.149983,1619.47204,1629.330576,
70,phase2,18,pair_019,1.166603,1619.488659,1629.347195,
71,phase2,18,pair_019,1.183273,1619.50533,1629.363866,
72,phase2,18,pair_019,1.199944,1619.522,1629.380536,
73,phase2,18,pair_019,1.216651,1619.538707,1629.397243,
74,phase2,18,pair_019,1.23332,1619.555377,1629.413913,
75,phase2,18,pair_019,1.249899,1619.571955,1629.430491,
76,phase2,18,pair_019,1.266615,1619.588671,1629.447207,
77,phase2,18,pair_019,1.283311,1619.605368,1629.463904,
78,phase2,18,pair_019,1.299949,1619.622006,1629.480542,
79,phase2,18,pair_019,1.316594,1619.63865,1629.497187,
80,phase2,18,pair_019,1.333277,1619.655333,1629.513869,
81,phase2,18,pair_019,1.349962,1619.672019,1629.530555,
82,phase2,18,pair_019,1.366666,1619.688722,1629.547258,
83,phase2,18,pair_019,1.383313,1619.70537,1629.563906,
84,phase2,18,pair_019,1.39994,1619.721997,1629.580533,
85,phase2,18,pair_019,1.416642,1619.738698,1629.597234,
86,phase2,18,pair_019,1.433306,1619.755362,1629.613898,
87,phase2,18,pair_019,1.450215,1619.772271,1629.630807,
88,phase2,18,pair_019,1.466584,1619.78864,1629.647177,
89,phase2,18,pair_019,1.483266,1619.805323,1629.663859,
90,phase2,18,pair_019,1.499955,1619.822012,1629.680547,
0,phase2,18,pair_019,0.0,1619.838618,1629.697151,iti_onset_dur_0.600
1,phase2,18,pair_019,0.016691,1619.855306,1629.713842,
2,phase2,18,pair_019,0.033386,1619.872001,1629.730537,
3,phase2,18,pair_019,0.050054,1619.888672,1629.747206,
4,phase2,18,pair_019,0.066711,1619.905326,1629.763863,
5,phase2,18,pair_019,0.083374,1619.921989,1629.780525,
6,phase2,18,pair_019,0.100021,1619.938636,1629.797173,
7,phase2,18,pair_019,0.116745,1619.95536,1629.813896,
8,phase2,18,pair_019,0.133407,1619.972024,1629.830558,
9,phase2,18,pair_019,0.15037,1619.988985,1629.847521,
10,phase2,18,pair_019,0.166674,1620.005289,1629.863826,
11,phase2,18,pair_019,0.183393,1620.022008,1629.880544,
12,phase2,18,pair_019,0.200054,1620.038669,1629.897205,
13,phase2,18,pair_019,0.216723,1620.055338,1629.913874,
14,phase2,18,pair_019,0.233357,1620.071972,1629.930508,
15,phase2,18,pair_019,0.250031,1620.088646,1629.947183,
16,phase2,18,pair_019,0.266704,1620.105319,1629.963855,
17,phase2,18,pair_019,0.283428,1620.122042,1629.980579,
18,phase2,18,pair_019,0.300149,1620.138764,1629.997301,
19,phase2,18,pair_019,0.316788,1620.155403,1630.013939,
20,phase2,18,pair_019,0.333799,1620.172414,1630.03095,
21,phase2,18,pair_019,0.350128,1620.188747,1630.04728,
22,phase2,18,pair_019,0.366806,1620.205437,1630.063957,
23,phase2,18,pair_019,0.383512,1620.222129,1630.080664,
24,phase2,18,pair_019,0.400101,1620.238716,1630.097253,
25,phase2,18,pair_019,0.417094,1620.255709,1630.114246,
26,phase2,18,pair_019,0.433463,1620.27209,1630.130614,
27,phase2,18,pair_019,0.450121,1620.288736,1630.147272,
28,phase2,18,pair_019,0.466806,1620.30542,1630.163957,
29,phase2,18,pair_019,0.483465,1620.32208,1630.180617,
30,phase2,18,pair_019,0.500162,1620.338782,1630.197313,
31,phase2,18,pair_019,0.516796,1620.355411,1630.213947,
32,phase2,18,pair_019,0.533471,1620.372086,1630.230622,
33,phase2,18,pair_019,0.550439,1620.389054,1630.247591,
34,phase2,18,pair_019,0.566818,1620.405439,1630.26397,
35,phase2,18,pair_019,0.583461,1620.422076,1630.280613,
0,phase2,18,pair_019,0.0,1620.438801,1630.297333,single_opt_onset_seq4_opt2_热情
1,phase2,18,pair_019,0.01693,1620.455728,1630.314263,
2,phase2,18,pair_019,0.033235,1620.472033,1630.330568,
3,phase2,18,pair_019,0.049944,1620.488741,1630.347277,
4,phase2,18,pair_019,0.066582,1620.50538,1630.363915,
5,phase2,18,pair_019,0.083619,1620.522416,1630.380952,
6,phase2,18,pair_019,0.099926,1620.538726,1630.397259,
7,phase2,18,pair_019,0.1166,1620.555397,1630.413933,
8,phase2,18,pair_019,0.133298,1620.572097,1630.430631,
9,phase2,18,pair_019,0.1499,1620.588697,1630.447233,
10,phase2,18,pair_019,0.166626,1620.605423,1630.463959,
11,phase2,18,pair_019,0.183294,1620.622096,1630.480627,
12,phase2,18,pair_019,0.200025,1620.638823,1630.497358,
13,phase2,18,pair_019,0.216612,1620.655409,1630.513945,
14,phase2,18,pair_019,0.233284,1620.672084,1630.530617,
15,phase2,18,pair_019,0.249967,1620.688765,1630.5473,
16,phase2,18,pair_019,0.266595,1620.705392,1630.563928,
17,phase2,18,pair_019,0.283285,1620.722082,1630.580618,
18,phase2,18,pair_019,0.300227,1620.739024,1630.597561,
19,phase2,18,pair_019,0.316624,1620.755422,1630.613957,
20,phase2,18,pair_019,0.33332,1620.772121,1630.630653,
21,phase2,18,pair_019,0.349933,1620.788734,1630.647266,
22,phase2,18,pair_019,0.366915,1620.805713,1630.664248,
23,phase2,18,pair_019,0.383256,1620.822053,1630.680589,
24,phase2,18,pair_019,0.399939,1620.838736,1630.697272,
25,phase2,18,pair_019,0.416924,1620.855721,1630.714257,
26,phase2,18,pair_019,0.433587,1620.872384,1630.73092,
27,phase2,18,pair_019,0.449932,1620.888729,1630.747265,
28,phase2,18,pair_019,0.466608,1620.905406,1630.763941,
29,phase2,18,pair_019,0.483298,1620.922095,1630.780631,
30,phase2,18,pair_019,0.500271,1620.939068,1630.797604,
31,phase2,18,pair_019,0.516563,1620.955361,1630.813897,
32,phase2,18,pair_019,0.533268,1620.972066,1630.830601,
33,phase2,18,pair_019,0.549935,1620.988732,1630.847268,
34,phase2,18,pair_019,0.56692,1621.005717,1630.864253,
35,phase2,18,pair_019,0.583561,1621.022358,1630.880894,
36,phase2,18,pair_019,0.599936,1621.038733,1630.897269,
37,phase2,18,pair_019,0.61665,1621.055447,1630.913983,
38,phase2,18,pair_019,0.633245,1621.072042,1630.930578,
39,phase2,18,pair_019,0.650219,1621.089018,1630.947552,
40,phase2,18,pair_019,0.6666,1621.105397,1630.963933,
41,phase2,18,pair_019,0.683261,1621.122058,1630.980594,
42,phase2,18,pair_019,0.699918,1621.138717,1630.997251,
43,phase2,18,pair_019,0.716602,1621.155398,1631.013935,
44,phase2,18,pair_019,0.73321,1621.172007,1631.030543,
45,phase2,18,pair_019,0.749972,1621.18877,1631.047305,
46,phase2,18,pair_019,0.766588,1621.205386,1631.063921,
47,phase2,18,pair_019,0.783539,1621.222337,1631.080873,
48,phase2,18,pair_019,0.799902,1621.238699,1631.097235,
49,phase2,18,pair_019,0.816616,1621.255416,1631.113949,
50,phase2,18,pair_019,0.833578,1621.272375,1631.130911,
51,phase2,18,pair_019,0.850191,1621.288988,1631.147524,
52,phase2,18,pair_019,0.866617,1621.305414,1631.16395,
53,phase2,18,pair_019,0.883268,1621.322066,1631.180601,
54,phase2,18,pair_019,0.899961,1621.338758,1631.197294,
55,phase2,18,pair_019,0.916897,1621.355695,1631.21423,
56,phase2,18,pair_019,0.933266,1621.372064,1631.230599,
57,phase2,18,pair_019,0.949922,1621.388719,1631.247255,
58,phase2,18,pair_019,0.966865,1621.405663,1631.264198,
59,phase2,18,pair_019,0.983238,1621.422035,1631.280571,
60,phase2,18,pair_019,0.999902,1621.438699,1631.297235,
61,phase2,18,pair_019,1.016585,1621.455383,1631.313919,
62,phase2,18,pair_019,1.033283,1621.47208,1631.330616,
63,phase2,18,pair_019,1.049844,1621.488641,1631.347177,
64,phase2,18,pair_019,1.066622,1621.505421,1631.363955,
65,phase2,18,pair_019,1.083268,1621.522066,1631.380601,
66,phase2,18,pair_019,1.099914,1621.538712,1631.397247,
67,phase2,18,pair_019,1.116518,1621.555316,1631.413852,
68,phase2,18,pair_019,1.133563,1621.572362,1631.430896,
69,phase2,18,pair_019,1.149927,1621.588725,1631.44726,
70,phase2,18,pair_019,1.166617,1621.605416,1631.463951,
71,phase2,18,pair_019,1.18322,1621.622018,1631.480554,
72,phase2,18,pair_019,1.200227,1621.639025,1631.49756,
73,phase2,18,pair_019,1.216568,1621.655366,1631.513902,
74,phase2,18,pair_019,1.233255,1621.672052,1631.530588,
75,phase2,18,pair_019,1.249918,1621.688715,1631.547251,
76,phase2,18,pair_019,1.266573,1621.70537,1631.563906,
77,phase2,18,pair_019,1.283264,1621.722061,1631.580597,
78,phase2,18,pair_019,1.299928,1621.738725,1631.597261,
79,phase2,18,pair_019,1.316835,1621.755632,1631.614168,
80,phase2,18,pair_019,1.333203,1621.772,1631.630536,
81,phase2,18,pair_019,1.349903,1621.7887,1631.647236,
82,phase2,18,pair_019,1.366546,1621.805343,1631.663879,
83,phase2,18,pair_019,1.383306,1621.822103,1631.680639,
84,phase2,18,pair_019,1.399864,1621.838661,1631.697198,
85,phase2,18,pair_019,1.416625,1621.855424,1631.713958,
86,phase2,18,pair_019,1.433274,1621.872072,1631.730607,
87,phase2,18,pair_019,1.449886,1621.888684,1631.74722,
88,phase2,18,pair_019,1.466584,1621.905383,1631.763917,
89,phase2,18,pair_019,1.483209,1621.922006,1631.780542,
90,phase2,18,pair_019,1.499925,1621.938722,1631.797258,
0,phase2,18,pair_019,0.0,1621.955354,1631.813887,iti_onset_dur_1.450
1,phase2,18,pair_019,0.016684,1621.972037,1631.830571,
2,phase2,18,pair_019,0.033642,1621.988992,1631.847529,
3,phase2,18,pair_019,0.050002,1622.005353,1631.86389,
4,phase2,18,pair_019,0.06672,1622.02207,1631.880607,
5,phase2,18,pair_019,0.08332,1622.038671,1631.897208,
6,phase2,18,pair_019,0.100319,1622.05567,1631.914207,
7,phase2,18,pair_019,0.116607,1622.071958,1631.930494,
8,phase2,18,pair_019,0.133386,1622.088739,1631.947273,
9,phase2,18,pair_019,0.150014,1622.105365,1631.963901,
10,phase2,18,pair_019,0.166994,1622.122345,1631.980881,
11,phase2,18,pair_019,0.183281,1622.138631,1631.997168,
12,phase2,18,pair_019,0.200043,1622.155396,1632.01393,
13,phase2,18,pair_019,0.216718,1622.172069,1632.030605,
14,phase2,18,pair_019,0.233324,1622.188678,1632.047211,
15,phase2,18,pair_019,0.250006,1622.205358,1632.063893,
16,phase2,18,pair_019,0.266652,1622.222003,1632.080539,
17,phase2,18,pair_019,0.283333,1622.238684,1632.09722,
18,phase2,18,pair_019,0.300289,1622.255653,1632.114176,
19,phase2,18,pair_019,0.31663,1622.271981,1632.130517,
20,phase2,18,pair_019,0.333381,1622.288735,1632.147269,
21,phase2,18,pair_019,0.350021,1622.305372,1632.163908,
22,phase2,18,pair_019,0.366666,1622.322017,1632.180553,
23,phase2,18,pair_019,0.383332,1622.338683,1632.197219,
24,phase2,18,pair_019,0.400064,1622.355428,1632.213951,
25,phase2,18,pair_019,0.416658,1622.372009,1632.230545,
26,phase2,18,pair_019,0.433287,1622.388638,1632.247175,
27,phase2,18,pair_019,0.450301,1622.405654,1632.264188,
28,phase2,18,pair_019,0.466621,1622.421972,1632.280509,
29,phase2,18,pair_019,0.483325,1622.438676,1632.297212,
30,phase2,18,pair_019,0.499978,1622.455329,1632.313865,
31,phase2,18,pair_019,0.516956,1622.472307,1632.330843,
32,phase2,18,pair_019,0.533336,1622.488687,1632.347223,
33,phase2,18,pair_019,0.550007,1622.505358,1632.363894,
34,phase2,18,pair_019,0.56692,1622.52227,1632.380807,
35,phase2,18,pair_019,0.583295,1622.538646,1632.397183,
36,phase2,18,pair_019,0.599969,1622.55532,1632.413857,
37,phase2,18,pair_019,0.616679,1622.572029,1632.430566,
38,phase2,18,pair_019,0.63331,1622.588661,1632.447197,
39,phase2,18,pair_019,0.64998,1622.605331,1632.463867,
40,phase2,18,pair_019,0.666649,1622.622,1632.480536,
41,phase2,18,pair_019,0.683361,1622.638711,1632.497248,
42,phase2,18,pair_019,0.699973,1622.655324,1632.51386,
43,phase2,18,pair_019,0.716626,1622.671977,1632.530513,
44,phase2,18,pair_019,0.733306,1622.688657,1632.547193,
45,phase2,18,pair_019,0.749967,1622.705318,1632.563855,
46,phase2,18,pair_019,0.766655,1622.722006,1632.580542,
47,phase2,18,pair_019,0.783304,1622.738655,1632.597191,
48,phase2,18,pair_019,0.799962,1622.755312,1632.613849,
49,phase2,18,pair_019,0.816671,1622.772022,1632.630558,
50,phase2,18,pair_019,0.833342,1622.788693,1632.647229,
51,phase2,18,pair_019,0.849973,1622.805324,1632.66386,
52,phase2,18,pair_019,0.866646,1622.821997,1632.680533,
53,phase2,18,pair_019,0.883381,1622.838731,1632.697268,
54,phase2,18,pair_019,0.899999,1622.85535,1632.713887,
55,phase2,18,pair_019,0.916613,1622.871964,1632.7305,
56,phase2,18,pair_019,0.933289,1622.88864,1632.747176,
57,phase2,18,pair_019,0.949967,1622.905318,1632.763855,
58,phase2,18,pair_019,0.966652,1622.922002,1632.780539,
59,phase2,18,pair_019,0.983285,1622.938636,1632.797172,
60,phase2,18,pair_019,0.999963,1622.955314,1632.81385,
61,phase2,18,pair_019,1.016631,1622.971982,1632.830518,
62,phase2,18,pair_019,1.033343,1622.988694,1632.84723,
63,phase2,18,pair_019,1.050026,1623.005377,1632.863913,
64,phase2,18,pair_019,1.066625,1623.021975,1632.880512,
65,phase2,18,pair_019,1.083268,1623.038619,1632.897155,
66,phase2,18,pair_019,1.099998,1623.055349,1632.913885,
67,phase2,18,pair_019,1.116643,1623.071994,1632.930531,
68,phase2,18,pair_019,1.133278,1623.088629,1632.947166,
69,phase2,18,pair_019,1.149962,1623.105312,1632.963849,
70,phase2,18,pair_019,1.166613,1623.121964,1632.9805,
71,phase2,18,pair_019,1.183315,1623.138666,1632.997203,
72,phase2,18,pair_019,1.199901,1623.155252,1633.013789,
73,phase2,18,pair_019,1.216631,1623.171982,1633.030519,
74,phase2,18,pair_019,1.233338,1623.188688,1633.047225,
75,phase2,18,pair_019,1.249954,1623.205304,1633.063841,
76,phase2,18,pair_019,1.266903,1623.222254,1633.08079,
77,phase2,18,pair_019,1.283256,1623.238607,1633.097144,
78,phase2,18,pair_019,1.300019,1623.255372,1633.113906,
79,phase2,18,pair_019,1.316656,1623.272007,1633.130543,
80,phase2,18,pair_019,1.333303,1623.288654,1633.147191,
81,phase2,18,pair_019,1.349959,1623.305316,1633.163846,
82,phase2,18,pair_019,1.366602,1623.321953,1633.180489,
83,phase2,18,pair_019,1.383316,1623.338666,1633.197203,
84,phase2,18,pair_019,1.399928,1623.355279,1633.213815,
85,phase2,18,pair_019,1.41659,1623.371941,1633.230477,
86,phase2,18,pair_019,1.433291,1623.388642,1633.247178,
87,phase2,18,pair_019,1.44996,1623.405311,1633.263848,
0,phase2,18,pair_019,0.0,1625.088927,1634.947454,final_choice_onset
1,phase2,18,pair_019,0.016503,1625.105424,1634.963956,
2,phase2,18,pair_019,0.033494,1625.122468,1634.980948,
3,phase2,18,pair_019,0.049766,1625.138692,1634.99722,
4,phase2,18,pair_019,0.06643,1625.155353,1635.013884,
5,phase2,18,pair_019,0.083149,1625.17207,1635.030603,
6,phase2,18,pair_019,0.099805,1625.188726,1635.047259,
7,phase2,18,pair_019,0.116804,1625.205724,1635.064257,
8,phase2,18,pair_019,0.133159,1625.22208,1635.080613,
9,phase2,18,pair_019,0.149801,1625.238722,1635.097255,
10,phase2,18,pair_019,0.166452,1625.255376,1635.113906,
11,phase2,18,pair_019,0.183083,1625.272004,1635.130537,
12,phase2,18,pair_019,0.199819,1625.28874,1635.147273,
13,phase2,18,pair_019,0.216494,1625.305415,1635.163948,
14,phase2,18,pair_019,0.233171,1625.322109,1635.180625,
15,phase2,18,pair_019,0.250132,1625.339053,1635.197586,
16,phase2,18,pair_019,0.266764,1625.355685,1635.214218,
17,phase2,18,pair_019,0.283126,1625.372048,1635.23058,
18,phase2,18,pair_019,0.299906,1625.388847,1635.24736,
19,phase2,18,pair_019,0.316478,1625.405402,1635.263932,
20,phase2,18,pair_019,0.333418,1625.422339,1635.280872,
21,phase2,18,pair_019,0.350053,1625.438974,1635.297507,
22,phase2,18,pair_019,0.366424,1625.455345,1635.313878,
23,phase2,18,pair_019,0.383068,1625.471989,1635.330522,
24,phase2,18,pair_019,0.399795,1625.488716,1635.347249,
25,phase2,18,pair_019,0.416461,1625.505382,1635.363915,
26,phase2,18,pair_019,0.433075,1625.521996,1635.380529,
27,phase2,18,pair_019,0.449821,1625.538742,1635.397275,
28,phase2,18,pair_019,0.466464,1625.555385,1635.413918,
29,phase2,18,pair_019,0.483404,1625.572327,1635.430858,
30,phase2,18,pair_019,0.499804,1625.588725,1635.447258,
31,phase2,18,pair_019,0.516467,1625.605387,1635.46392,
32,phase2,18,pair_019,0.533093,1625.622014,1635.480547,
33,phase2,18,pair_019,0.550094,1625.639015,1635.497548,
34,phase2,18,pair_019,0.566439,1625.65536,1635.513893,
35,phase2,18,pair_019,0.583113,1625.672034,1635.530567,
36,phase2,18,pair_019,0.599744,1625.688667,1635.547198,
37,phase2,18,pair_019,0.61674,1625.705661,1635.564194,
38,phase2,18,pair_019,0.633071,1625.721992,1635.580525,
39,phase2,18,pair_019,0.649799,1625.73872,1635.597253,
40,phase2,18,pair_019,0.666724,1625.755644,1635.614177,
41,phase2,18,pair_019,0.683105,1625.772025,1635.630559,
42,phase2,18,pair_019,0.699775,1625.788696,1635.647229,
43,phase2,18,pair_019,0.716454,1625.805377,1635.663908,
44,phase2,18,pair_019,0.733329,1625.82225,1635.680783,
45,phase2,18,pair_019,0.74974,1625.838661,1635.697194,
46,phase2,18,pair_019,0.766427,1625.855347,1635.713881,
47,phase2,18,pair_019,0.783131,1625.872052,1635.730585,
48,phase2,18,pair_019,0.799746,1625.888667,1635.7472,
49,phase2,18,pair_019,0.816418,1625.905339,1635.763872,
50,phase2,18,pair_019,0.833388,1625.922308,1635.780842,
51,phase2,18,pair_019,0.849756,1625.938677,1635.79721,
52,phase2,18,pair_019,0.866429,1625.955352,1635.813883,
53,phase2,18,pair_019,0.883419,1625.972339,1635.830873,
54,phase2,18,pair_019,0.900044,1625.988965,1635.847498,
55,phase2,18,pair_019,0.916427,1626.005347,1635.863881,
56,phase2,18,pair_019,0.933116,1626.022039,1635.880569,
57,phase2,18,pair_019,0.950102,1626.039023,1635.897556,
58,phase2,18,pair_019,0.966686,1626.055607,1635.91414,
59,phase2,18,pair_019,0.983085,1626.072011,1635.930538,
60,phase2,18,pair_019,0.999764,1626.088685,1635.947218,
61,phase2,18,pair_019,1.01642,1626.105341,1635.963874,
62,phase2,18,pair_019,1.033408,1626.122329,1635.980862,
63,phase2,18,pair_019,1.049726,1626.138647,1635.99718,
64,phase2,18,pair_019,1.066445,1626.155366,1636.013899,
65,phase2,18,pair_019,1.083081,1626.172004,1636.030534,
66,phase2,18,pair_019,1.100064,1626.188985,1636.047518,
67,phase2,18,pair_019,1.116412,1626.205333,1636.063866,
68,phase2,18,pair_019,1.133114,1626.222039,1636.080568,
69,phase2,18,pair_019,1.150019,1626.23894,1636.097473,
70,phase2,18,pair_019,1.166423,1626.255343,1636.113876,
71,phase2,18,pair_019,1.183356,1626.272277,1636.13081,
72,phase2,18,pair_019,1.199785,1626.288705,1636.147239,
73,phase2,18,pair_019,1.21643,1626.305351,1636.163884,
74,phase2,18,pair_019,1.233082,1626.322003,1636.180536,
75,phase2,18,pair_019,1.249776,1626.338697,1636.19723,
76,phase2,18,pair_019,1.266448,1626.355369,1636.213902,
77,phase2,18,pair_019,1.283094,1626.372014,1636.230548,
78,phase2,18,pair_019,1.300063,1626.388984,1636.247517,
79,phase2,18,pair_019,1.316519,1626.40544,1636.263973,
80,phase2,18,pair_019,1.333053,1626.421974,1636.280507,
81,phase2,18,pair_019,1.350016,1626.438937,1636.29747,
82,phase2,18,pair_019,1.366733,1626.455653,1636.314187,
83,phase2,18,pair_019,1.38308,1626.472,1636.330533,
84,phase2,18,pair_019,1.399722,1626.488642,1636.347175,
85,phase2,18,pair_019,1.416407,1626.505328,1636.363861,
86,phase2,18,pair_019,1.433056,1626.521977,1636.38051,
87,phase2,18,pair_019,1.450043,1626.538964,1636.397497,
88,phase2,18,pair_019,1.466408,1626.555329,1636.413862,
89,phase2,18,pair_019,1.483129,1626.572051,1636.430583,
90,phase2,18,pair_019,1.499729,1626.58865,1636.447183,
91,phase2,18,pair_019,1.516391,1626.605311,1636.463844,
92,phase2,18,pair_019,1.533064,1626.621985,1636.480518,
93,phase2,18,pair_019,1.54974,1626.638661,1636.497194,
94,phase2,18,pair_019,1.566331,1626.655251,1636.513785,
95,phase2,18,pair_019,1.583063,1626.671983,1636.530517,
96,phase2,18,pair_019,1.599775,1626.688699,1636.547229,
97,phase2,18,pair_019,1.616506,1626.705427,1636.56396,
98,phase2,18,pair_019,1.633057,1626.721978,1636.580511,
99,phase2,18,pair_019,1.650057,1626.738978,1636.597511,
100,phase2,18,pair_019,1.666395,1626.755315,1636.613848,
101,phase2,18,pair_019,1.683114,1626.772035,1636.630568,
102,phase2,18,pair_019,1.699733,1626.788654,1636.647187,
103,phase2,18,pair_019,1.716717,1626.805638,1636.664171,
104,phase2,18,pair_019,1.733342,1626.822262,1636.680796,
105,phase2,18,pair_019,1.749745,1626.838666,1636.697199,
106,phase2,18,pair_019,1.766645,1626.855565,1636.714098,
107,phase2,18,pair_019,1.783058,1626.871979,1636.730512,
108,phase2,18,pair_019,1.800045,1626.888966,1636.747499,
109,phase2,18,pair_019,1.816396,1626.905317,1636.76385,
110,phase2,18,pair_019,1.833051,1626.921972,1636.780505,
111,phase2,18,pair_019,1.849711,1626.938632,1636.797165,
112,phase2,18,pair_019,1.866701,1626.955622,1636.814155,
113,phase2,18,pair_019,1.883054,1626.971975,1636.830508,
114,phase2,18,pair_019,1.899702,1626.988623,1636.847156,
115,phase2,18,pair_019,1.91646,1627.00538,1636.863914,
116,phase2,18,pair_019,1.933052,1627.021972,1636.880505,
117,phase2,18,pair_019,1.949721,1627.038641,1636.897175,
118,phase2,18,pair_019,1.966384,1627.055305,1636.913838,
119,phase2,18,pair_019,1.983052,1627.071973,1636.930505,
120,phase2,18,pair_019,2.000024,1627.088944,1636.947478,
121,phase2,18,pair_019,2.016396,1627.105317,1636.96385,
122,phase2,18,pair_019,2.033096,1627.122017,1636.98055,
123,phase2,18,pair_019,2.04972,1627.138641,1636.997174,
124,phase2,18,pair_019,2.0667,1627.155621,1637.014154,
125,phase2,18,pair_019,2.083042,1627.171962,1637.030495,
126,phase2,18,pair_019,2.099737,1627.188658,1637.047191,
127,phase2,18,pair_019,2.116377,1627.205298,1637.063831,
128,phase2,18,pair_019,2.133038,1627.221958,1637.080491,
129,phase2,18,pair_019,2.149714,1627.238635,1637.097168,
130,phase2,18,pair_019,2.166403,1627.255323,1637.113856,
131,phase2,18,pair_019,2.183096,1627.272016,1637.130549,
132,phase2,18,pair_019,2.199705,1627.288626,1637.147159,
133,phase2,18,pair_019,2.216683,1627.305603,1637.164137,
134,phase2,18,pair_019,2.233052,1627.321972,1637.180505,
135,phase2,18,pair_019,2.249723,1627.338644,1637.197177,
136,phase2,18,pair_019,2.266362,1627.355282,1637.213815,
137,phase2,18,pair_019,2.283054,1627.371975,1637.230508,
138,phase2,18,pair_019,2.299737,1627.38866,1637.247191,
139,phase2,18,pair_019,2.316327,1627.405248,1637.263781,
140,phase2,18,pair_019,2.333272,1627.422193,1637.280726,
141,phase2,18,pair_019,2.349686,1627.438607,1637.29714,
142,phase2,18,pair_019,2.366388,1627.455309,1637.313842,
143,phase2,18,pair_019,2.383123,1627.472044,1637.330577,
144,phase2,18,pair_019,2.399723,1627.488644,1637.347177,
145,phase2,18,pair_019,2.4167,1627.505621,1637.364154,
146,phase2,18,pair_019,2.433061,1627.521982,1637.380515,
147,phase2,18,pair_019,2.449732,1627.538652,1637.397185,
148,phase2,18,pair_019,2.466372,1627.555292,1637.413825,
149,phase2,18,pair_019,2.483054,1627.571975,1637.430508,
150,phase2,18,pair_019,2.499698,1627.588619,1637.447152,
151,phase2,18,pair_019,2.516403,1627.605324,1637.463857,
152,phase2,18,pair_019,2.533021,1627.621941,1637.480474,
153,phase2,18,pair_019,2.550024,1627.638945,1637.497478,
154,phase2,18,pair_019,2.566363,1627.655284,1637.513817,
155,phase2,18,pair_019,2.583068,1627.671989,1637.530521,
156,phase2,18,pair_019,2.599725,1627.688645,1637.547178,
157,phase2,18,pair_019,2.616365,1627.705286,1637.563819,
158,phase2,18,pair_019,2.633062,1627.721983,1637.580516,
159,phase2,18,pair_019,2.649705,1627.738626,1637.597159,
160,phase2,18,pair_019,2.666615,1627.755536,1637.614069,
161,phase2,18,pair_019,2.683024,1627.771945,1637.630478,
162,phase2,18,pair_019,2.699656,1627.788577,1637.64711,
163,phase2,18,pair_019,2.716435,1627.805355,1637.663888,
164,phase2,18,pair_019,2.733048,1627.821968,1637.680502,
165,phase2,18,pair_019,2.749702,1627.838623,1637.697156,
166,phase2,18,pair_019,2.766265,1627.855188,1637.713719,
167,phase2,18,pair_019,2.783007,1627.871928,1637.730461,
168,phase2,18,pair_019,2.799714,1627.888635,1637.747168,
169,phase2,18,pair_019,2.816367,1627.905287,1637.76382,
170,phase2,18,pair_019,2.833015,1627.921936,1637.780469,
171,phase2,18,pair_019,2.84993,1627.938851,1637.797384,
172,phase2,18,pair_019,2.866375,1627.955296,1637.813829,
173,phase2,18,pair_019,2.883028,1627.971948,1637.830482,
174,phase2,18,pair_019,2.899826,1627.988746,1637.847279,
175,phase2,18,pair_019,2.916798,1628.005718,1637.864251,
176,phase2,18,pair_019,2.933443,1628.022363,1637.880897,
177,phase2,18,pair_019,2.950102,1628.039023,1637.897556,
178,phase2,18,pair_019,2.96648,1628.055401,1637.913934,
179,phase2,18,pair_019,2.983139,1628.072059,1637.930592,
180,phase2,18,pair_019,2.999728,1628.088648,1637.947181,
181,phase2,18,pair_019,3.016798,1628.105721,1637.964252,
182,phase2,18,pair_019,3.033144,1628.122064,1637.980597,
183,phase2,18,pair_019,3.049802,1628.138723,1637.997256,
184,phase2,18,pair_019,3.066453,1628.155374,1638.013907,
185,phase2,18,pair_019,3.083174,1628.172095,1638.030628,
186,phase2,18,pair_019,3.099804,1628.188725,1638.047258,
187,phase2,18,pair_019,3.116481,1628.205404,1638.063935,
188,phase2,18,pair_019,3.1331,1628.22202,1638.080553,
189,phase2,18,pair_019,3.150112,1628.239033,1638.097566,
190,phase2,18,pair_019,3.166736,1628.255656,1638.114189,
191,phase2,18,pair_019,3.183145,1628.272068,1638.130599,
192,phase2,18,pair_019,3.199773,1628.288693,1638.147227,
193,phase2,18,pair_019,3.216445,1628.305367,1638.163898,
194,phase2,18,pair_019,3.233072,1628.321993,1638.180526,
195,phase2,18,pair_019,3.249788,1628.338711,1638.197242,
196,phase2,18,pair_019,3.266474,1628.355395,1638.213928,
197,phase2,18,pair_019,3.283061,1628.371982,1638.230515,
198,phase2,18,pair_019,3.300065,1628.388986,1638.247519,
199,phase2,18,pair_019,3.316461,1628.405382,1638.263915,
200,phase2,18,pair_019,3.333084,1628.422004,1638.280537,
201,phase2,18,pair_019,3.349777,1628.438698,1638.297231,
202,phase2,18,pair_019,3.366788,1628.455711,1638.314242,
203,phase2,18,pair_019,3.383107,1628.472027,1638.33056,
204,phase2,18,pair_019,3.399782,1628.488703,1638.347236,
205,phase2,18,pair_019,3.416446,1628.505366,1638.363899,
206,phase2,18,pair_019,3.433426,1628.522347,1638.38088,
207,phase2,18,pair_019,3.449727,1628.538647,1638.39718,
208,phase2,18,pair_019,3.466479,1628.555402,1638.413933,
209,phase2,18,pair_019,3.483142,1628.572064,1638.430595,
210,phase2,18,pair_019,3.500089,1628.589009,1638.447543,
211,phase2,18,pair_019,3.516446,1628.605367,1638.4639,
212,phase2,18,pair_019,3.533101,1628.622022,1638.480555,
213,phase2,18,pair_019,3.550081,1628.639002,1638.497535,
214,phase2,18,pair_019,3.566766,1628.655687,1638.51422,
215,phase2,18,pair_019,3.583108,1628.672029,1638.530562,
216,phase2,18,pair_019,3.599716,1628.688637,1638.54717,
217,phase2,18,pair_019,3.616471,1628.705392,1638.563925,
218,phase2,18,pair_019,3.633103,1628.722024,1638.580557,
219,phase2,18,pair_019,3.649749,1628.738672,1638.597203,
220,phase2,18,pair_019,3.666391,1628.755311,1638.613844,
221,phase2,18,pair_019,3.683174,1628.772098,1638.630628,
222,phase2,18,pair_019,3.699753,1628.788676,1638.647207,
223,phase2,18,pair_019,3.71642,1628.805341,1638.663874,
224,phase2,18,pair_019,3.733113,1628.822034,1638.680567,
225,phase2,18,pair_019,3.749819,1628.838739,1638.697273,
226,phase2,18,pair_019,3.766423,1628.855343,1638.713876,
227,phase2,18,pair_019,3.78338,1628.872301,1638.730834,
228,phase2,18,pair_019,3.79976,1628.888681,1638.747214,
229,phase2,18,pair_019,3.816468,1628.905412,1638.763922,
230,phase2,18,pair_019,3.833427,1628.922347,1638.78088,
231,phase2,18,pair_019,3.850079,1628.938999,1638.797533,
232,phase2,18,pair_019,3.866432,1628.955352,1638.813886,
233,phase2,18,pair_019,3.883049,1628.97197,1638.830503,
234,phase2,18,pair_019,3.899796,1628.988716,1638.84725,
235,phase2,18,pair_019,3.916738,1629.005658,1638.864191,
236,phase2,18,pair_019,3.933377,1629.022297,1638.88083,
237,phase2,18,pair_019,3.949785,1629.038707,1638.897239,
238,phase2,18,pair_019,3.966371,1629.055489,1638.913825,
239,phase2,18,pair_019,3.983411,1629.072331,1638.930865,
240,phase2,18,pair_019,3.999765,1629.088688,1638.947219,
241,phase2,18,pair_019,4.016415,1629.105335,1638.963868,
242,phase2,18,pair_019,4.033037,1629.121958,1638.980491,
243,phase2,18,pair_019,4.050059,1629.13898,1638.997513,
244,phase2,18,pair_019,4.066449,1629.155369,1639.013903,
245,phase2,18,pair_019,4.083112,1629.172032,1639.030566,
246,phase2,18,pair_019,4.099832,1629.188754,1639.047286,
247,phase2,18,pair_019,4.116338,1629.205258,1639.063792,
248,phase2,18,pair_019,4.133385,1629.222306,1639.080839,
249,phase2,18,pair_019,4.149724,1629.238645,1639.097177,
250,phase2,18,pair_019,4.166515,1629.255436,1639.113969,
251,phase2,18,pair_019,4.183014,1629.271935,1639.130468,
252,phase2,18,pair_019,4.200051,1629.288972,1639.147505,
253,phase2,18,pair_019,4.216418,1629.305339,1639.163872,
254,phase2,18,pair_019,4.233122,1629.322042,1639.180575,
255,phase2,18,pair_019,4.250036,1629.338957,1639.19749,
256,phase2,18,pair_019,4.266375,1629.355296,1639.213829,
257,phase2,18,pair_019,4.283105,1629.372026,1639.230559,
258,phase2,18,pair_019,4.299758,1629.38868,1639.247212,
259,phase2,18,pair_019,4.316413,1629.405337,1639.263866,
260,phase2,18,pair_019,4.333021,1629.421942,1639.280475,
261,phase2,18,pair_019,4.349752,1629.438672,1639.297206,
262,phase2,18,pair_019,4.366419,1629.455339,1639.313873,
263,phase2,18,pair_019,4.383071,1629.471992,1639.330524,
264,phase2,18,pair_019,4.400098,1629.489019,1639.347552,
265,phase2,18,pair_019,4.416724,1629.505645,1639.364178,
266,phase2,18,pair_019,4.43309,1629.522033,1639.380543,
267,phase2,18,pair_019,4.450013,1629.538934,1639.397467,
268,phase2,18,pair_019,4.466415,1629.555337,1639.413869,
269,phase2,18,pair_019,4.4831,1629.572021,1639.430554,
270,phase2,18,pair_019,4.499739,1629.588676,1639.447192,
271,phase2,18,pair_019,4.516512,1629.605435,1639.463966,
272,phase2,18,pair_019,4.533381,1629.622302,1639.480835,
273,phase2,18,pair_019,4.550049,1629.63897,1639.497503,
274,phase2,18,pair_019,4.566409,1629.65533,1639.513863,
275,phase2,18,pair_019,4.583023,1629.671944,1639.530477,
276,phase2,18,pair_019,4.599733,1629.688654,1639.547187,
277,phase2,18,pair_019,4.616693,1629.705614,1639.564147,
278,phase2,18,pair_019,4.633076,1629.721997,1639.58053,
279,phase2,18,pair_019,4.6497,1629.738622,1639.597154,
280,phase2,18,pair_019,4.666407,1629.755328,1639.613861,
281,phase2,18,pair_019,4.683377,1629.772298,1639.63083,
282,phase2,18,pair_019,4.699759,1629.78868,1639.647213,
283,phase2,18,pair_019,4.716425,1629.805346,1639.663879,
284,phase2,18,pair_019,4.73314,1629.822061,1639.680594,
285,phase2,18,pair_019,4.749688,1629.838609,1639.697142,
286,phase2,18,pair_019,4.766441,1629.855362,1639.713895,
287,phase2,18,pair_019,4.783094,1629.872016,1639.730547,
288,phase2,18,pair_019,4.799752,1629.888687,1639.747206,
289,phase2,18,pair_019,4.816413,1629.905334,1639.763867,
290,phase2,18,pair_019,4.833367,1629.922287,1639.780821,
291,phase2,18,pair_019,4.849761,1629.938682,1639.797215,
292,phase2,18,pair_019,4.866343,1629.955263,1639.813797,
293,phase2,18,pair_019,4.883346,1629.972267,1639.8308,
294,phase2,18,pair_019,4.899991,1629.988911,1639.847444,
295,phase2,18,pair_019,4.916381,1630.005305,1639.863835,
296,phase2,18,pair_019,4.933093,1630.022013,1639.880546,
297,phase2,18,pair_019,4.949722,1630.038642,1639.897176,
298,phase2,18,pair_019,4.966692,1630.055613,1639.914146,
299,phase2,18,pair_019,4.983032,1630.071952,1639.930485,
300,phase2,18,pair_019,4.99977,1630.08869,1639.947224,
301,phase2,18,pair_019,5.016406,1630.105328,1639.963859,
302,phase2,18,pair_019,5.033346,1630.122267,1639.9808,
303,phase2,18,pair_019,5.049725,1630.138647,1639.997179,
304,phase2,18,pair_019,5.066409,1630.15533,1640.013863,
305,phase2,18,pair_019,5.083053,1630.171976,1640.030507,
306,phase2,18,pair_019,5.100026,1630.188946,1640.04748,
307,phase2,18,pair_019,5.116391,1630.205312,1640.063845,
308,phase2,18,pair_019,5.133027,1630.221947,1640.08048,
309,phase2,18,pair_019,5.149675,1630.238595,1640.097129,
310,phase2,18,pair_019,5.166367,1630.255287,1640.113821,
311,phase2,18,pair_019,5.183334,1630.272254,1640.130788,
312,phase2,18,pair_019,5.199729,1630.28865,1640.147183,
313,phase2,18,pair_019,5.216606,1630.305527,1640.16406,
314,phase2,18,pair_019,5.233045,1630.321967,1640.180499,
315,phase2,18,pair_019,5.249995,1630.338916,1640.197449,
316,phase2,18,pair_019,5.266379,1630.3553,1640.213833,
317,phase2,18,pair_019,5.283054,1630.371978,1640.230508,
318,phase2,18,pair_019,5.300038,1630.38896,1640.247491,
319,phase2,18,pair_019,5.316306,1630.405227,1640.26376,
320,phase2,18,pair_019,5.332999,1630.421919,1640.280452,
321,phase2,18,pair_019,5.349726,1630.438647,1640.29718,
322,phase2,18,pair_019,5.366365,1630.455285,1640.313818,
323,phase2,18,pair_019,5.383363,1630.472283,1640.330816,
324,phase2,18,pair_019,5.399782,1630.488703,1640.347236,
325,phase2,18,pair_019,5.416406,1630.505328,1640.36386,
326,phase2,18,pair_019,5.433032,1630.521953,1640.380486,
327,phase2,18,pair_019,5.449726,1630.538648,1640.39718,
328,phase2,18,pair_019,5.466383,1630.555303,1640.413836,
329,phase2,18,pair_019,5.483052,1630.571972,1640.430506,
330,phase2,18,pair_019,5.499762,1630.588682,1640.447216,
331,phase2,18,pair_019,5.516697,1630.605618,1640.464151,
332,phase2,18,pair_019,5.533042,1630.621963,1640.480496,
333,phase2,18,pair_019,5.549653,1630.638573,1640.497106,
334,phase2,18,pair_019,5.566431,1630.655351,1640.513884,
335,phase2,18,pair_019,5.583037,1630.671957,1640.530491,
336,phase2,18,pair_019,5.599698,1630.688619,1640.547152,
337,phase2,18,pair_019,5.616384,1630.705304,1640.563838,
338,phase2,18,pair_019,5.633271,1630.722197,1640.580725,
339,phase2,18,pair_019,5.649681,1630.738601,1640.597135,
340,phase2,18,pair_019,5.66637,1630.755291,1640.613824,
341,phase2,18,pair_019,5.683091,1630.772014,1640.630545,
342,phase2,18,pair_019,5.699749,1630.788669,1640.647203,
343,phase2,18,pair_019,5.716348,1630.805268,1640.663801,
344,phase2,18,pair_019,5.733341,1630.822261,1640.680795,
345,phase2,18,pair_019,5.749707,1630.838628,1640.697161,
346,phase2,18,pair_019,5.766377,1630.855297,1640.71383,
347,phase2,18,pair_019,5.783022,1630.871942,1640.730475,
348,phase2,18,pair_019,-1625.089181,1631.389023,9.858273,response
0,phase3,18,pair_019,0.0,1633.122026,1642.980554,stimulus_onset
1,phase3,18,pair_019,0.016626,1633.138649,1642.997181,
2,phase3,18,pair_019,0.033616,1633.155638,1643.014171,
3,phase3,18,pair_019,0.049969,1633.171991,1643.030523,
4,phase3,18,pair_019,0.06668,1633.188702,1643.047234,
5,phase3,18,pair_019,0.083304,1633.205326,1643.063858,
6,phase3,18,pair_019,0.099974,1633.221996,1643.080528,
7,phase3,18,pair_019,0.11664,1633.238666,1643.097195,
8,phase3,18,pair_019,0.133297,1633.255319,1643.113851,
9,phase3,18,pair_019,0.149949,1633.271971,1643.130503,
10,phase3,18,pair_019,0.166934,1633.288956,1643.147488,
11,phase3,18,pair_019,0.183283,1633.305305,1643.163838,
12,phase3,18,pair_019,0.199948,1633.32197,1643.180502,
13,phase3,18,pair_019,0.216659,1633.338681,1643.197213,
14,phase3,18,pair_019,0.233265,1633.355288,1643.213819,
15,phase3,18,pair_019,0.24994,1633.371961,1643.230494,
16,phase3,18,pair_019,0.266678,1633.388701,1643.247232,
17,phase3,18,pair_019,0.283277,1633.405299,1643.263831,
18,phase3,18,pair_019,0.299967,1633.421989,1643.280521,
19,phase3,18,pair_019,0.316901,1633.438922,1643.297455,
20,phase3,18,pair_019,0.333279,1633.455301,1643.313834,
21,phase3,18,pair_019,0.34998,1633.472005,1643.330534,
22,phase3,18,pair_019,0.366606,1633.488628,1643.34716,
23,phase3,18,pair_019,0.383545,1633.505566,1643.364099,
24,phase3,18,pair_019,0.399916,1633.521938,1643.380471,
25,phase3,18,pair_019,0.416655,1633.538679,1643.397209,
26,phase3,18,pair_019,0.433282,1633.555304,1643.413837,
27,phase3,18,pair_019,0.450247,1633.572269,1643.430801,
28,phase3,18,pair_019,0.466617,1633.588639,1643.447171,
29,phase3,18,pair_019,0.483315,1633.605337,1643.463869,
30,phase3,18,pair_019,0.500243,1633.622265,1643.480797,
31,phase3,18,pair_019,0.516921,1633.638944,1643.497476,
32,phase3,18,pair_019,0.533284,1633.655306,1643.513838,
33,phase3,18,pair_019,0.549899,1633.671921,1643.530453,
34,phase3,18,pair_019,0.566583,1633.688607,1643.547137,
35,phase3,18,pair_019,0.583582,1633.705604,1643.564137,
36,phase3,18,pair_019,0.599939,1633.721961,1643.580494,
37,phase3,18,pair_019,0.616663,1633.738686,1643.597217,
38,phase3,18,pair_019,0.633288,1633.75531,1643.613842,
39,phase3,18,pair_019,0.65024,1633.772262,1643.630794,
40,phase3,18,pair_019,0.666588,1633.78861,1643.647143,
41,phase3,18,pair_019,0.683239,1633.805261,1643.663794,
42,phase3,18,pair_019,0.700023,1633.822047,1643.680577,
43,phase3,18,pair_019,0.716911,1633.838933,1643.697465,
44,phase3,18,pair_019,0.733187,1633.855209,1643.713741,
45,phase3,18,pair_019,0.749985,1633.872007,1643.73054,
46,phase3,18,pair_019,0.766616,1633.888638,1643.74717,
47,phase3,18,pair_019,0.783609,1633.905631,1643.764163,
48,phase3,18,pair_019,0.799874,1633.921897,1643.780429,
49,phase3,18,pair_019,0.816619,1633.938643,1643.797174,
50,phase3,18,pair_019,0.833266,1633.955288,1643.81382,
51,phase3,18,pair_019,0.84993,1633.971952,1643.830484,
52,phase3,18,pair_019,0.866916,1633.988938,1643.84747,
53,phase3,18,pair_019,0.883253,1634.00528,1643.863808,
54,phase3,18,pair_019,0.89994,1634.021962,1643.880495,
55,phase3,18,pair_019,0.916924,1634.038946,1643.897479,
56,phase3,18,pair_019,0.93357,1634.055592,1643.914125,
57,phase3,18,pair_019,0.949883,1634.071905,1643.930437,
58,phase3,18,pair_019,0.966619,1634.088643,1643.947174,
59,phase3,18,pair_019,0.983257,1634.105279,1643.963811,
60,phase3,18,pair_019,1.000217,1634.12224,1643.980772,
61,phase3,18,pair_019,1.01662,1634.138642,1643.997174,
62,phase3,18,pair_019,1.033256,1634.155279,1644.013811,
63,phase3,18,pair_019,1.050199,1634.172221,1644.030753,
64,phase3,18,pair_019,1.066915,1634.188937,1644.047469,
65,phase3,18,pair_019,1.083263,1634.205285,1644.063818,
66,phase3,18,pair_019,1.100202,1634.222226,1644.080756,
67,phase3,18,pair_019,1.116574,1634.238596,1644.097128,
68,phase3,18,pair_019,1.133223,1634.255245,1644.113777,
69,phase3,18,pair_019,1.150219,1634.272241,1644.130774,
70,phase3,18,pair_019,1.166639,1634.288661,1644.147194,
71,phase3,18,pair_019,1.183294,1634.305316,1644.163848,
72,phase3,18,pair_019,1.200197,1634.322219,1644.180751,
73,phase3,18,pair_019,1.21687,1634.338892,1644.197425,
74,phase3,18,pair_019,1.233259,1634.355281,1644.213813,
75,phase3,18,pair_019,1.249937,1634.371959,1644.230491,
76,phase3,18,pair_019,1.266521,1634.388543,1644.247075,
77,phase3,18,pair_019,1.28351,1634.405532,1644.264064,
78,phase3,18,pair_019,1.299863,1634.421885,1644.280418,
79,phase3,18,pair_019,1.316599,1634.438621,1644.297153,
80,phase3,18,pair_019,1.333221,1634.455243,1644.313775,
81,phase3,18,pair_019,1.350222,1634.472244,1644.330776,
82,phase3,18,pair_019,1.366571,1634.488614,1644.347126,
83,phase3,18,pair_019,1.383323,1634.505345,1644.363878,
84,phase3,18,pair_019,1.399842,1634.521864,1644.380396,
85,phase3,18,pair_019,1.416566,1634.538588,1644.39712,
86,phase3,18,pair_019,1.433246,1634.55527,1644.413801,
87,phase3,18,pair_019,1.449898,1634.57192,1644.430453,
88,phase3,18,pair_019,1.466553,1634.588575,1644.447107,
89,phase3,18,pair_019,1.483221,1634.605243,1644.463776,
90,phase3,18,pair_019,1.499907,1634.621929,1644.480461,
91,phase3,18,pair_019,1.516576,1634.638598,1644.497131,
92,phase3,18,pair_019,1.533256,1634.655279,1644.513811,
93,phase3,18,pair_019,1.549906,1634.671928,1644.53046,
94,phase3,18,pair_019,1.566565,1634.688587,1644.547119,
95,phase3,18,pair_019,1.583301,1634.705323,1644.563855,
96,phase3,18,pair_019,1.599888,1634.72191,1644.580442,
97,phase3,18,pair_019,1.616577,1634.738599,1644.597132,
98,phase3,18,pair_019,1.633542,1634.755564,1644.614096,
99,phase3,18,pair_019,1.649863,1634.771885,1644.630418,
100,phase3,18,pair_019,1.666542,1634.788564,1644.647097,
101,phase3,18,pair_019,1.683197,1634.805219,1644.663751,
102,phase3,18,pair_019,1.700218,1634.82224,1644.680773,
103,phase3,18,pair_019,1.71658,1634.838602,1644.697135,
104,phase3,18,pair_019,1.733288,1634.85531,1644.713842,
105,phase3,18,pair_019,1.749894,1634.871916,1644.730448,
106,phase3,18,pair_019,1.766575,1634.888597,1644.74713,
107,phase3,18,pair_019,1.783464,1634.905485,1644.764018,
108,phase3,18,pair_019,1.799878,1634.921901,1644.780433,
109,phase3,18,pair_019,1.816833,1634.938855,1644.797388,
110,phase3,18,pair_019,1.833531,1634.955553,1644.814085,
111,phase3,18,pair_019,1.849833,1634.971856,1644.830387,
112,phase3,18,pair_019,1.866558,1634.98858,1644.847113,
113,phase3,18,pair_019,1.883249,1635.005271,1644.863803,
114,phase3,18,pair_019,1.8999,1635.021922,1644.880455,
115,phase3,18,pair_019,1.916558,1635.03858,1644.897112,
116,phase3,18,pair_019,1.933174,1635.055196,1644.913728,
117,phase3,18,pair_019,1.949857,1635.071879,1644.930411,
118,phase3,18,pair_019,1.966551,1635.088573,1644.947105,
119,phase3,18,pair_019,1.983235,1635.105256,1644.963789,
120,phase3,18,pair_019,1.999907,1635.121929,1644.980461,
121,phase3,18,pair_019,2.016551,1635.138572,1644.997105,
122,phase3,18,pair_019,2.033528,1635.15555,1645.014082,
123,phase3,18,pair_019,2.049907,1635.171929,1645.030461,
124,phase3,18,pair_019,2.066555,1635.188577,1645.047109,
125,phase3,18,pair_019,2.08327,1635.205292,1645.063825,
126,phase3,18,pair_019,2.100199,1635.222221,1645.080753,
127,phase3,18,pair_019,2.116591,1635.238612,1645.097145,
128,phase3,18,pair_019,2.133186,1635.255208,1645.113741,
129,phase3,18,pair_019,2.149905,1635.271927,1645.13046,
130,phase3,18,pair_019,2.166484,1635.288506,1645.147038,
131,phase3,18,pair_019,2.18323,1635.305252,1645.163784,
132,phase3,18,pair_019,2.199948,1635.32197,1645.180503,
133,phase3,18,pair_019,2.216567,1635.338589,1645.197122,
134,phase3,18,pair_019,2.233242,1635.355264,1645.213796,
135,phase3,18,pair_019,2.249871,1635.371893,1645.230426,
136,phase3,18,pair_019,2.266654,1635.388676,1645.247208,
137,phase3,18,pair_019,2.283215,1635.405237,1645.263769,
138,phase3,18,pair_019,2.299887,1635.42191,1645.280442,
139,phase3,18,pair_019,2.316554,1635.438576,1645.297109,
140,phase3,18,pair_019,2.333213,1635.455235,1645.313768,
141,phase3,18,pair_019,2.349873,1635.471895,1645.330427,
142,phase3,18,pair_019,2.366534,1635.488556,1645.347089,
143,phase3,18,pair_019,2.383216,1635.505238,1645.363771,
144,phase3,18,pair_019,2.399823,1635.521845,1645.380377,
145,phase3,18,pair_019,2.416518,1635.53854,1645.397072,
146,phase3,18,pair_019,2.433285,1635.555308,1645.41384,
147,phase3,18,pair_019,2.449858,1635.57188,1645.430412,
148,phase3,18,pair_019,2.466537,1635.588559,1645.447092,
149,phase3,18,pair_019,2.483262,1635.605284,1645.463817,
150,phase3,18,pair_019,2.499881,1635.621903,1645.480436,
151,phase3,18,pair_019,2.51687,1635.638891,1645.497424,
152,phase3,18,pair_019,2.533187,1635.655209,1645.513741,
153,phase3,18,pair_019,2.549887,1635.671909,1645.530441,
154,phase3,18,pair_019,2.566519,1635.688542,1645.547073,
155,phase3,18,pair_019,2.583202,1635.705225,1645.563757,
156,phase3,18,pair_019,2.599897,1635.721919,1645.580452,
157,phase3,18,pair_019,2.61655,1635.738572,1645.597105,
158,phase3,18,pair_019,2.633214,1635.755236,1645.613769,
159,phase3,18,pair_019,2.650168,1635.77219,1645.630722,
160,phase3,18,pair_019,2.666534,1635.788556,1645.647089,
161,phase3,18,pair_019,2.78319,1635.905214,1645.763744,
162,phase3,18,pair_019,2.800133,1635.922156,1645.780688,
163,phase3,18,pair_019,2.81664,1635.938672,1645.797195,
164,phase3,18,pair_019,2.83415,1635.956191,1645.814704,
165,phase3,18,pair_019,2.849939,1635.971962,1645.830493,
166,phase3,18,pair_019,2.866647,1635.988672,1645.847202,
167,phase3,18,pair_019,2.883332,1636.005358,1645.863887,
168,phase3,18,pair_019,2.900314,1636.022337,1645.880869,
169,phase3,18,pair_019,2.916939,1636.038962,1645.897494,
170,phase3,18,pair_019,2.933311,1636.055334,1645.913866,
171,phase3,18,pair_019,2.949936,1636.071958,1645.930491,
172,phase3,18,pair_019,2.966657,1636.088686,1645.947211,
173,phase3,18,pair_019,2.983573,1636.105596,1645.964128,
174,phase3,18,pair_019,2.999969,1636.121993,1645.980524,
175,phase3,18,pair_019,3.016637,1636.138659,1645.997191,
176,phase3,18,pair_019,3.03332,1636.155342,1646.013874,
177,phase3,18,pair_019,3.050281,1636.172303,1646.030835,
178,phase3,18,pair_019,3.066642,1636.188664,1646.047196,
179,phase3,18,pair_019,3.083317,1636.205339,1646.063871,
180,phase3,18,pair_019,3.100016,1636.222038,1646.08057,
181,phase3,18,pair_019,3.116617,1636.238639,1646.097171,
182,phase3,18,pair_019,3.133258,1636.255281,1646.113813,
183,phase3,18,pair_019,3.149947,1636.271969,1646.130501,
184,phase3,18,pair_019,3.166649,1636.288672,1646.147204,
185,phase3,18,pair_019,3.183245,1636.305267,1646.163799,
186,phase3,18,pair_019,3.199912,1636.321934,1646.180467,
187,phase3,18,pair_019,3.216642,1636.338664,1646.197197,
188,phase3,18,pair_019,3.233306,1636.355331,1646.213861,
189,phase3,18,pair_019,3.249961,1636.371983,1646.230515,
190,phase3,18,pair_019,3.266939,1636.388961,1646.247493,
191,phase3,18,pair_019,3.283293,1636.405315,1646.263847,
192,phase3,18,pair_019,3.299945,1636.421966,1646.280499,
193,phase3,18,pair_019,3.316648,1636.438669,1646.297202,
194,phase3,18,pair_019,3.333605,1636.455627,1646.31416,
195,phase3,18,pair_019,3.349976,1636.471998,1646.33053,
196,phase3,18,pair_019,3.366579,1636.488601,1646.347133,
197,phase3,18,pair_019,3.383317,1636.505354,1646.363871,
198,phase3,18,pair_019,3.399882,1636.521904,1646.380436,
199,phase3,18,pair_019,3.416632,1636.538658,1646.397186,
200,phase3,18,pair_019,3.433249,1636.555272,1646.413804,
201,phase3,18,pair_019,3.449948,1636.57197,1646.430502,
202,phase3,18,pair_019,3.466944,1636.588966,1646.447499,
203,phase3,18,pair_019,3.483234,1636.605258,1646.463788,
204,phase3,18,pair_019,3.499912,1636.621935,1646.480467,
205,phase3,18,pair_019,3.516599,1636.638622,1646.497154,
206,phase3,18,pair_019,3.5336,1636.655623,1646.514155,
207,phase3,18,pair_019,3.549974,1636.671996,1646.530528,
208,phase3,18,pair_019,3.566596,1636.688619,1646.547151,
209,phase3,18,pair_019,3.583276,1636.705298,1646.56383,
210,phase3,18,pair_019,3.59993,1636.721952,1646.580484,
211,phase3,18,pair_019,3.616645,1636.738668,1646.5972,
212,phase3,18,pair_019,3.633261,1636.755283,1646.613815,
213,phase3,18,pair_019,3.649895,1636.771917,1646.63045,
214,phase3,18,pair_019,3.66662,1636.788642,1646.647174,
215,phase3,18,pair_019,3.683602,1636.805624,1646.664157,
216,phase3,18,pair_019,3.699955,1636.821977,1646.680509,
217,phase3,18,pair_019,3.716589,1636.838611,1646.697144,
218,phase3,18,pair_019,3.733593,1636.855618,1646.714148,
219,phase3,18,pair_019,3.750257,1636.872279,1646.730811,
220,phase3,18,pair_019,3.766637,1636.88866,1646.747192,
221,phase3,18,pair_019,3.783339,1636.905363,1646.763893,
222,phase3,18,pair_019,3.799927,1636.921949,1646.780482,
223,phase3,18,pair_019,3.816916,1636.938938,1646.79747,
224,phase3,18,pair_019,3.83326,1636.955282,1646.813814,
225,phase3,18,pair_019,3.849957,1636.971979,1646.830512,
226,phase3,18,pair_019,3.866854,1636.988876,1646.847409,
227,phase3,18,pair_019,3.883584,1637.005606,1646.864138,
228,phase3,18,pair_019,3.899895,1637.021917,1646.880449,
229,phase3,18,pair_019,3.916604,1637.03863,1646.897158,
230,phase3,18,pair_019,3.933337,1637.055359,1646.913891,
231,phase3,18,pair_019,3.949886,1637.071909,1646.930441,
232,phase3,18,pair_019,3.966637,1637.088659,1646.947191,
233,phase3,18,pair_019,3.983263,1637.105288,1646.963818,
234,phase3,18,pair_019,3.999949,1637.121973,1646.980503,
235,phase3,18,pair_019,4.016572,1637.138595,1646.997127,
236,phase3,18,pair_019,4.033575,1637.155597,1647.014129,
237,phase3,18,pair_019,4.049935,1637.171959,1647.03049,
238,phase3,18,pair_019,4.066653,1637.188675,1647.047207,
239,phase3,18,pair_019,4.083277,1637.205299,1647.063832,
240,phase3,18,pair_019,4.100227,1637.222249,1647.080781,
241,phase3,18,pair_019,4.116596,1637.238618,1647.097151,
242,phase3,18,pair_019,4.133224,1637.255246,1647.113779,
243,phase3,18,pair_019,4.149926,1637.271948,1647.13048,
244,phase3,18,pair_019,4.166917,1637.288939,1647.147471,
245,phase3,18,pair_019,4.183248,1637.305294,1647.163803,
246,phase3,18,pair_019,4.199963,1637.321985,1647.180518,
247,phase3,18,pair_019,4.216614,1637.338636,1647.197168,
248,phase3,18,pair_019,4.233553,1637.355575,1647.214107,
249,phase3,18,pair_019,4.24993,1637.371952,1647.230484,
250,phase3,18,pair_019,4.266616,1637.388639,1647.247171,
251,phase3,18,pair_019,4.283297,1637.40532,1647.263851,
252,phase3,18,pair_019,4.300226,1637.422248,1647.280781,
253,phase3,18,pair_019,4.316575,1637.438597,1647.29713,
254,phase3,18,pair_019,4.333255,1637.455277,1647.31381,
255,phase3,18,pair_019,4.349871,1637.471894,1647.330426,
256,phase3,18,pair_019,4.366916,1637.488938,1647.347471,
257,phase3,18,pair_019,4.383502,1637.505524,1647.364056,
258,phase3,18,pair_019,4.39987,1637.521892,1647.380425,
259,phase3,18,pair_019,4.416523,1637.538545,1647.397078,
260,phase3,18,pair_019,4.433245,1637.555267,1647.4138,
261,phase3,18,pair_019,4.449948,1637.571972,1647.430502,
262,phase3,18,pair_019,4.46656,1637.588582,1647.447114,
263,phase3,18,pair_019,4.483291,1637.605312,1647.463845,
264,phase3,18,pair_019,4.500255,1637.622277,1647.480809,
265,phase3,18,pair_019,4.516885,1637.638907,1647.49744,
266,phase3,18,pair_019,4.533247,1637.655269,1647.513801,
267,phase3,18,pair_019,4.549854,1637.671876,1647.530408,
268,phase3,18,pair_019,4.56692,1637.688942,1647.547475,
269,phase3,18,pair_019,4.583219,1637.705241,1647.563774,
270,phase3,18,pair_019,4.599929,1637.721951,1647.580484,
271,phase3,18,pair_019,4.616608,1637.73863,1647.597162,
272,phase3,18,pair_019,4.633242,1637.755264,1647.613796,
273,phase3,18,pair_019,4.650236,1637.772258,1647.63079,
274,phase3,18,pair_019,4.666575,1637.788597,1647.647129,
275,phase3,18,pair_019,4.683245,1637.80527,1647.663799,
276,phase3,18,pair_019,4.699852,1637.821874,1647.680406,
277,phase3,18,pair_019,4.716601,1637.838636,1647.697156,
278,phase3,18,pair_019,4.733215,1637.855237,1647.713769,
279,phase3,18,pair_019,4.749925,1637.871949,1647.73048,
280,phase3,18,pair_019,4.766675,1637.888697,1647.747229,
281,phase3,18,pair_019,4.783601,1637.905623,1647.764156,
282,phase3,18,pair_019,4.799869,1637.921891,1647.780423,
283,phase3,18,pair_019,4.816583,1637.938605,1647.797138,
284,phase3,18,pair_019,4.833244,1637.955266,1647.813798,
285,phase3,18,pair_019,4.850193,1637.972215,1647.830748,
286,phase3,18,pair_019,4.866884,1637.988906,1647.847438,
287,phase3,18,pair_019,4.883234,1638.005255,1647.863788,
288,phase3,18,pair_019,4.899906,1638.021928,1647.88046,
289,phase3,18,pair_019,4.916562,1638.038584,1647.897116,
290,phase3,18,pair_019,4.933167,1638.055189,1647.913721,
291,phase3,18,pair_019,4.949939,1638.071961,1647.930493,
292,phase3,18,pair_019,4.966553,1638.088574,1647.947107,
293,phase3,18,pair_019,4.98323,1638.105254,1647.963784,
294,phase3,18,pair_019,5.000206,1638.122228,1647.98076,
295,phase3,18,pair_019,5.016566,1638.138588,1647.99712,
296,phase3,18,pair_019,5.033195,1638.155217,1648.013749,
297,phase3,18,pair_019,5.049925,1638.171947,1648.03048,
298,phase3,18,pair_019,5.066838,1638.18886,1648.047392,
299,phase3,18,pair_019,5.083204,1638.205226,1648.063759,
300,phase3,18,pair_019,5.099924,1638.221946,1648.080479,
301,phase3,18,pair_019,5.116542,1638.238564,1648.097097,
302,phase3,18,pair_019,5.1332,1638.255222,1648.113755,
303,phase3,18,pair_019,5.150169,1638.272191,1648.130724,
304,phase3,18,pair_019,5.166524,1638.288546,1648.147079,
305,phase3,18,pair_019,5.183223,1638.305245,1648.163778,
306,phase3,18,pair_019,5.199887,1638.321908,1648.180441,
307,phase3,18,pair_019,5.216836,1638.338858,1648.197391,
308,phase3,18,pair_019,5.233273,1638.355294,1648.213827,
309,phase3,18,pair_019,5.249928,1638.37195,1648.230482,
310,phase3,18,pair_019,5.266544,1638.388566,1648.247098,
311,phase3,18,pair_019,5.283525,1638.405547,1648.264079,
312,phase3,18,pair_019,5.29989,1638.421912,1648.280445,
313,phase3,18,pair_019,5.316495,1638.438517,1648.29705,
314,phase3,18,pair_019,5.333199,1638.455221,1648.313754,
315,phase3,18,pair_019,5.350196,1638.472221,1648.330751,
316,phase3,18,pair_019,5.366516,1638.488538,1648.34707,
317,phase3,18,pair_019,5.383234,1638.505256,1648.363788,
318,phase3,18,pair_019,5.400115,1638.522137,1648.38067,
319,phase3,18,pair_019,5.416883,1638.538905,1648.397438,
320,phase3,18,pair_019,5.433158,1638.55518,1648.413713,
321,phase3,18,pair_019,5.44988,1638.571902,1648.430435,
322,phase3,18,pair_019,5.466627,1638.588649,1648.447182,
323,phase3,18,pair_019,5.483205,1638.605227,1648.463759,
324,phase3,18,pair_019,5.49988,1638.621902,1648.480434,
325,phase3,18,pair_019,5.516546,1638.638568,1648.4971,
326,phase3,18,pair_019,5.533216,1638.655238,1648.513771,
327,phase3,18,pair_019,5.549846,1638.671868,1648.5304,
328,phase3,18,pair_019,5.566524,1638.688545,1648.547078,
329,phase3,18,pair_019,5.583194,1638.705216,1648.563749,
330,phase3,18,pair_019,5.599825,1638.721847,1648.580379,
331,phase3,18,pair_019,5.616497,1638.738519,1648.597052,
332,phase3,18,pair_019,5.6332,1638.755222,1648.613755,
333,phase3,18,pair_019,5.649941,1638.771965,1648.630496,
334,phase3,18,pair_019,5.666623,1638.788645,1648.647177,
335,phase3,18,pair_019,5.683522,1638.805544,1648.664077,
336,phase3,18,pair_019,5.700183,1638.822205,1648.680737,
337,phase3,18,pair_019,5.716538,1638.83856,1648.697093,
338,phase3,18,pair_019,5.733168,1638.85519,1648.713722,
339,phase3,18,pair_019,5.749864,1638.871886,1648.730418,
340,phase3,18,pair_019,5.766887,1638.888909,1648.747442,
341,phase3,18,pair_019,5.783194,1638.905216,1648.763749,
342,phase3,18,pair_019,5.799868,1638.92189,1648.780422,
343,phase3,18,pair_019,5.816596,1638.938618,1648.79715,
344,phase3,18,pair_019,5.833506,1638.955528,1648.81406,
345,phase3,18,pair_019,5.849838,1638.971859,1648.830392,
346,phase3,18,pair_019,5.866524,1638.988546,1648.847079,
347,phase3,18,pair_019,5.883184,1639.005205,1648.863738,
348,phase3,18,pair_019,5.899854,1639.021876,1648.880409,
349,phase3,18,pair_019,5.916523,1639.038545,1648.897077,
350,phase3,18,pair_019,5.933204,1639.055424,1648.913758,
351,phase3,18,pair_019,5.949928,1639.071948,1648.930482,
352,phase3,18,pair_019,5.966515,1639.088537,1648.94707,
353,phase3,18,pair_019,5.983197,1639.105219,1648.963751,
354,phase3,18,pair_019,6.000109,1639.122133,1648.980663,
355,phase3,18,pair_019,6.016519,1639.138541,1648.997073,
356,phase3,18,pair_019,6.033192,1639.155214,1649.013747,
357,phase3,18,pair_019,6.049854,1639.171877,1649.030409,
358,phase3,18,pair_019,6.066572,1639.188593,1649.047126,
359,phase3,18,pair_019,6.083227,1639.205249,1649.063782,
360,phase3,18,pair_019,6.099842,1639.221864,1649.080396,
361,phase3,18,pair_019,6.116819,1639.238842,1649.097374,
362,phase3,18,pair_019,6.13318,1639.255207,1649.113735,
363,phase3,18,pair_019,6.149838,1639.27186,1649.130393,
364,phase3,18,pair_019,6.166506,1639.288528,1649.147061,
365,phase3,18,pair_019,6.1835,1639.305521,1649.164054,
366,phase3,18,pair_019,6.199906,1639.321928,1649.18046,
367,phase3,18,pair_019,6.216504,1639.338526,1649.197059,
368,phase3,18,pair_019,6.233176,1639.355198,1649.213731,
369,phase3,18,pair_019,6.250161,1639.372183,1649.230716,
370,phase3,18,pair_019,6.266522,1639.388545,1649.247077,
371,phase3,18,pair_019,6.283153,1639.405175,1649.263707,
372,phase3,18,pair_019,6.299896,1639.421918,1649.280451,
373,phase3,18,pair_019,6.316521,1639.438543,1649.297076,
374,phase3,18,pair_019,6.333203,1639.455225,1649.313758,
375,phase3,18,pair_019,6.349796,1639.471817,1649.33035,
376,phase3,18,pair_019,6.366569,1639.488591,1649.347123,
377,phase3,18,pair_019,6.383177,1639.505199,1649.363732,
378,phase3,18,pair_019,6.39984,1639.521862,1649.380395,
379,phase3,18,pair_019,6.416528,1639.53855,1649.397083,
380,phase3,18,pair_019,6.433138,1639.55516,1649.413693,
381,phase3,18,pair_019,6.449796,1639.571818,1649.430351,
382,phase3,18,pair_019,6.466582,1639.588604,1649.447136,
383,phase3,18,pair_019,6.483194,1639.605216,1649.463748,
384,phase3,18,pair_019,6.499843,1639.621865,1649.480397,
385,phase3,18,pair_019,6.516833,1639.638855,1649.497388,
386,phase3,18,pair_019,6.533185,1639.655207,1649.513739,
387,phase3,18,pair_019,6.549865,1639.671887,1649.530419,
388,phase3,18,pair_019,6.566498,1639.68852,1649.547052,
389,phase3,18,pair_019,6.58316,1639.705182,1649.563715,
390,phase3,18,pair_019,6.599846,1639.721868,1649.5804,
391,phase3,18,pair_019,6.616534,1639.738556,1649.597088,
392,phase3,18,pair_019,6.633189,1639.755211,1649.613743,
393,phase3,18,pair_019,6.649901,1639.771923,1649.630456,
394,phase3,18,pair_019,6.666827,1639.788849,1649.647382,
395,phase3,18,pair_019,6.683203,1639.805225,1649.663758,
396,phase3,18,pair_019,6.699867,1639.821889,1649.680422,
397,phase3,18,pair_019,6.716581,1639.838603,1649.697135,
398,phase3,18,pair_019,6.733128,1639.85515,1649.713683,
399,phase3,18,pair_019,6.749986,1639.872011,1649.730541,
400,phase3,18,pair_019,6.766966,1639.888988,1649.74752,
401,phase3,18,pair_019,6.783301,1639.905325,1649.763856,
402,phase3,18,pair_019,6.799956,1639.921978,1649.78051,
403,phase3,18,pair_019,6.816598,1639.938619,1649.797152,
404,phase3,18,pair_019,6.833649,1639.95567,1649.814203,
405,phase3,18,pair_019,6.849978,1639.972,1649.830532,
406,phase3,18,pair_019,6.866622,1639.988644,1649.847177,
407,phase3,18,pair_019,6.883295,1640.005317,1649.86385,
408,phase3,18,pair_019,6.899942,1640.021984,1649.880496,
409,phase3,18,pair_019,6.916931,1640.038954,1649.897486,
410,phase3,18,pair_019,6.933312,1640.055334,1649.913867,
411,phase3,18,pair_019,6.949925,1640.071947,1649.93048,
412,phase3,18,pair_019,6.966559,1640.088582,1649.947114,
413,phase3,18,pair_019,6.983585,1640.105607,1649.964139,
414,phase3,18,pair_019,6.99999,1640.122012,1649.980545,
415,phase3,18,pair_019,7.016632,1640.138655,1649.997187,
416,phase3,18,pair_019,7.033272,1640.155294,1650.013826,
417,phase3,18,pair_019,7.050257,1640.172279,1650.030811,
418,phase3,18,pair_019,7.066622,1640.188644,1650.047177,
419,phase3,18,pair_019,7.083272,1640.205294,1650.063827,
420,phase3,18,pair_019,7.099984,1640.222014,1650.080539,
421,phase3,18,pair_019,7.11692,1640.238943,1650.097475,
422,phase3,18,pair_019,7.133248,1640.255272,1650.113803,
423,phase3,18,pair_019,7.149957,1640.271982,1650.130511,
424,phase3,18,pair_019,7.166886,1640.288908,1650.14744,
425,phase3,18,pair_019,7.283288,1640.40531,1650.263843,
426,phase3,18,pair_019,7.299925,1640.421947,1650.28048,
427,phase3,18,pair_019,7.316595,1640.438617,1650.297149,
428,phase3,18,pair_019,7.333584,1640.455606,1650.314139,
429,phase3,18,pair_019,7.349939,1640.471961,1650.330493,
430,phase3,18,pair_019,7.366597,1640.488619,1650.347152,
431,phase3,18,pair_019,7.383224,1640.505246,1650.363778,
432,phase3,18,pair_019,7.400227,1640.522249,1650.380781,
433,phase3,18,pair_019,7.416606,1640.538628,1650.39716,
434,phase3,18,pair_019,7.433226,1640.555248,1650.41378,
435,phase3,18,pair_019,7.449926,1640.571948,1650.43048,
436,phase3,18,pair_019,7.466567,1640.588589,1650.447121,
437,phase3,18,pair_019,7.483256,1640.60528,1650.46381,
438,phase3,18,pair_019,7.499934,1640.621956,1650.480488,
439,phase3,18,pair_019,7.516592,1640.638615,1650.497147,
440,phase3,18,pair_019,7.533595,1640.655617,1650.51415,
441,phase3,18,pair_019,7.54993,1640.671952,1650.530484,
442,phase3,18,pair_019,7.566568,1640.68859,1650.547122,
443,phase3,18,pair_019,7.583248,1640.70527,1650.563802,
444,phase3,18,pair_019,7.599905,1640.721927,1650.580459,
445,phase3,18,pair_019,7.61687,1640.738892,1650.597424,
446,phase3,18,pair_019,7.633258,1640.755283,1650.613813,
447,phase3,18,pair_019,7.649909,1640.77193,1650.630463,
448,phase3,18,pair_019,7.666608,1640.788631,1650.647163,
449,phase3,18,pair_019,7.683535,1640.805557,1650.66409,
450,phase3,18,pair_019,7.699922,1640.821943,1650.680476,
451,phase3,18,pair_019,7.716571,1640.838593,1650.697126,
452,phase3,18,pair_019,7.733218,1640.85524,1650.713773,
453,phase3,18,pair_019,7.750186,1640.872208,1650.73074,
454,phase3,18,pair_019,7.766577,1640.888599,1650.747131,
455,phase3,18,pair_019,7.783264,1640.905286,1650.763819,
456,phase3,18,pair_019,7.7999,1640.921923,1650.780455,
457,phase3,18,pair_019,7.816912,1640.938934,1650.797466,
458,phase3,18,pair_019,7.833253,1640.955275,1650.813807,
459,phase3,18,pair_019,7.8499,1640.971925,1650.830455,
460,phase3,18,pair_019,7.866828,1640.98885,1650.847382,
461,phase3,18,pair_019,7.883564,1641.005587,1650.864118,
462,phase3,18,pair_019,7.899913,1641.021935,1650.880467,
463,phase3,18,pair_019,7.916578,1641.038602,1650.897133,
464,phase3,18,pair_019,7.933255,1641.055277,1650.91381,
465,phase3,18,pair_019,7.950243,1641.072265,1650.930798,
466,phase3,18,pair_019,7.966587,1641.08861,1650.947142,
467,phase3,18,pair_019,7.983242,1641.105264,1650.963796,
468,phase3,18,pair_019,7.999941,1641.121967,1650.980495,
469,phase3,18,pair_019,8.016526,1641.138548,1650.99708,
470,phase3,18,pair_019,8.033221,1641.155245,1651.013775,
471,phase3,18,pair_019,8.0499,1641.171922,1651.030454,
472,phase3,18,pair_019,8.0666,1641.188622,1651.047155,
473,phase3,18,pair_019,8.083247,1641.205269,1651.063801,
474,phase3,18,pair_019,8.100206,1641.222229,1651.080761,
475,phase3,18,pair_019,8.116569,1641.238591,1651.097123,
476,phase3,18,pair_019,8.133263,1641.255286,1651.113818,
477,phase3,18,pair_019,8.149907,1641.27193,1651.130462,
478,phase3,18,pair_019,8.166513,1641.288535,1651.147067,
479,phase3,18,pair_019,8.183238,1641.305264,1651.163792,
480,phase3,18,pair_019,8.199924,1641.32195,1651.180479,
481,phase3,18,pair_019,8.216552,1641.338574,1651.197106,
482,phase3,18,pair_019,8.233191,1641.355214,1651.213746,
483,phase3,18,pair_019,8.249883,1641.371906,1651.230438,
484,phase3,18,pair_019,8.266586,1641.388609,1651.247141,
485,phase3,18,pair_019,8.283304,1641.405326,1651.263858,
486,phase3,18,pair_019,8.300225,1641.422247,1651.28078,
487,phase3,18,pair_019,8.316552,1641.438574,1651.297106,
488,phase3,18,pair_019,8.333492,1641.455514,1651.314046,
489,phase3,18,pair_019,8.349948,1641.47197,1651.330502,
490,phase3,18,pair_019,8.366542,1641.488564,1651.347096,
491,phase3,18,pair_019,8.3835,1641.505523,1651.364055,
492,phase3,18,pair_019,8.399849,1641.521871,1651.380403,
493,phase3,18,pair_019,8.416628,1641.53865,1651.397182,
494,phase3,18,pair_019,8.433536,1641.555558,1651.414091,
495,phase3,18,pair_019,8.449832,1641.571855,1651.430387,
496,phase3,18,pair_019,8.466504,1641.588526,1651.447059,
497,phase3,18,pair_019,8.483232,1641.605254,1651.463786,
498,phase3,18,pair_019,8.499909,1641.621932,1651.480463,
499,phase3,18,pair_019,8.51688,1641.638902,1651.497435,
500,phase3,18,pair_019,8.533223,1641.655247,1651.513777,
501,phase3,18,pair_019,8.550143,1641.672166,1651.530698,
502,phase3,18,pair_019,8.566579,1641.688601,1651.547134,
503,phase3,18,pair_019,8.583526,1641.705549,1651.564081,
504,phase3,18,pair_019,8.599814,1641.721836,1651.580368,
505,phase3,18,pair_019,8.616817,1641.738839,1651.597372,
506,phase3,18,pair_019,8.633211,1641.755235,1651.613765,
507,phase3,18,pair_019,8.650222,1641.772244,1651.630776,
508,phase3,18,pair_019,8.666545,1641.788567,1651.647099,
509,phase3,18,pair_019,8.683256,1641.805297,1651.66381,
510,phase3,18,pair_019,8.699945,1641.821967,1651.680499,
511,phase3,18,pair_019,8.71688,1641.838902,1651.697434,
512,phase3,18,pair_019,8.733148,1641.85517,1651.713703,
513,phase3,18,pair_019,8.749839,1641.871861,1651.730394,
514,phase3,18,pair_019,8.766534,1641.888557,1651.747089,
515,phase3,18,pair_019,8.783202,1641.905225,1651.763757,
516,phase3,18,pair_019,8.799849,1641.921873,1651.780403,
517,phase3,18,pair_019,8.816559,1641.938581,1651.797113,
518,phase3,18,pair_019,8.833236,1641.95526,1651.813791,
519,phase3,18,pair_019,8.850159,1641.972181,1651.830714,
520,phase3,18,pair_019,8.866856,1641.988879,1651.84741,
521,phase3,18,pair_019,8.883165,1642.005187,1651.863719,
522,phase3,18,pair_019,8.899853,1642.021875,1651.880408,
523,phase3,18,pair_019,8.916456,1642.038478,1651.89701,
524,phase3,18,pair_019,8.933216,1642.055238,1651.91377,
525,phase3,18,pair_019,8.949908,1642.07193,1651.930462,
526,phase3,18,pair_019,8.966602,1642.088625,1651.947156,
527,phase3,18,pair_019,8.983566,1642.105588,1651.96412,
528,phase3,18,pair_019,9.000161,1642.122183,1651.980716,
529,phase3,18,pair_019,9.016615,1642.138639,1651.997169,
530,phase3,18,pair_019,9.033207,1642.155229,1652.013761,
531,phase3,18,pair_019,9.049886,1642.171908,1652.030441,
532,phase3,18,pair_019,9.066819,1642.188841,1652.047373,
533,phase3,18,pair_019,9.083204,1642.205226,1652.063758,
534,phase3,18,pair_019,9.099897,1642.221919,1652.080452,
535,phase3,18,pair_019,9.116541,1642.238564,1652.097095,
536,phase3,18,pair_019,9.133525,1642.255546,1652.114079,
537,phase3,18,pair_019,9.149787,1642.271809,1652.130341,
538,phase3,18,pair_019,9.166611,1642.288636,1652.147166,
539,phase3,18,pair_019,9.183194,1642.305216,1652.163749,
540,phase3,18,pair_019,9.200157,1642.322179,1652.180711,
541,phase3,18,pair_019,9.216814,1642.338836,1652.197368,
542,phase3,18,pair_019,9.233176,1642.3552,1652.213731,
543,phase3,18,pair_019,9.249866,1642.371889,1652.23042,
544,phase3,18,pair_019,9.266517,1642.388541,1652.247071,
545,phase3,18,pair_019,9.283494,1642.405516,1652.264048,
546,phase3,18,pair_019,9.299901,1642.421923,1652.280455,
547,phase3,18,pair_019,9.316502,1642.438524,1652.297057,
548,phase3,18,pair_019,9.333156,1642.455178,1652.31371,
549,phase3,18,pair_019,9.350155,1642.472177,1652.33071,
550,phase3,18,pair_019,9.366515,1642.488537,1652.34707,
551,phase3,18,pair_019,9.383213,1642.505235,1652.363767,
552,phase3,18,pair_019,9.39983,1642.521853,1652.380385,
553,phase3,18,pair_019,9.416832,1642.538854,1652.397386,
554,phase3,18,pair_019,9.433173,1642.555195,1652.413727,
555,phase3,18,pair_019,9.44983,1642.571852,1652.430384,
556,phase3,18,pair_019,9.466571,1642.588593,1652.447126,
557,phase3,18,pair_019,9.483176,1642.605198,1652.463731,
558,phase3,18,pair_019,9.499841,1642.621863,1652.480396,
559,phase3,18,pair_019,9.516545,1642.638567,1652.4971,
560,phase3,18,pair_019,9.533238,1642.65526,1652.513793,
561,phase3,18,pair_019,9.549839,1642.671861,1652.530394,
562,phase3,18,pair_019,9.56648,1642.688502,1652.547034,
563,phase3,18,pair_019,9.583224,1642.705246,1652.563778,
564,phase3,18,pair_019,9.599854,1642.721876,1652.580408,
565,phase3,18,pair_019,9.616828,1642.73885,1652.597382,
566,phase3,18,pair_019,9.633473,1642.755494,1652.614027,
567,phase3,18,pair_019,9.649877,1642.771899,1652.630432,
568,phase3,18,pair_019,9.666581,1642.788603,1652.647135,
569,phase3,18,pair_019,9.683484,1642.805505,1652.664038,
570,phase3,18,pair_019,9.70015,1642.822171,1652.680704,
571,phase3,18,pair_019,9.716539,1642.838561,1652.697094,
572,phase3,18,pair_019,9.733176,1642.855198,1652.713731,
573,phase3,18,pair_019,9.750121,1642.872143,1652.730676,
574,phase3,18,pair_019,9.766813,1642.888834,1652.747367,
575,phase3,18,pair_019,9.78316,1642.905182,1652.763715,
576,phase3,18,pair_019,9.799812,1642.921836,1652.780367,
577,phase3,18,pair_019,9.816509,1642.938531,1652.797063,
578,phase3,18,pair_019,9.950132,1643.072153,1652.930686,
579,phase3,18,pair_019,9.966475,1643.088498,1652.94703,
580,phase3,18,pair_019,-1633.122282,1643.088555,9.858273,timeout
