frame_idx,phase,trial_id,stim_pair_id,elapsed_time,global_time,flip_time,event_marker
0,phase1,14,pair_015,0.0,1304.840883,1314.699413,stimulus_onset
1,phase1,14,pair_015,0.016934,1304.857814,1314.716347,
2,phase1,14,pair_015,0.033317,1304.874197,1314.73273,
3,phase1,14,pair_015,0.050026,1304.890905,1314.749438,
4,phase1,14,pair_015,0.066668,1304.907547,1314.766081,
5,phase1,14,pair_015,0.083263,1304.924142,1314.782675,
6,phase1,14,pair_015,0.099936,1304.940817,1314.799349,
7,phase1,14,pair_015,0.116596,1304.957476,1314.816009,
8,phase1,14,pair_015,0.133546,1304.974425,1314.832959,
9,phase1,14,pair_015,0.150087,1304.990967,1314.8495,
10,phase1,14,pair_015,0.166767,1305.007647,1314.86618,
11,phase1,14,pair_015,0.183707,1305.024586,1314.88312,
12,phase1,14,pair_015,0.200067,1305.040946,1314.89948,
13,phase1,14,pair_015,0.216731,1305.057615,1314.916144,
14,phase1,14,pair_015,0.233432,1305.074312,1314.932845,
15,phase1,14,pair_015,0.250367,1305.091246,1314.94978,
16,phase1,14,pair_015,0.266743,1305.107622,1314.966156,
17,phase1,14,pair_015,0.283407,1305.124289,1314.98282,
18,phase1,14,pair_015,0.300092,1305.140971,1314.999505,
19,phase1,14,pair_015,0.317049,1305.157929,1315.016462,
20,phase1,14,pair_015,0.333678,1305.174557,1315.033091,
21,phase1,14,pair_015,0.350041,1305.190922,1315.049454,
22,phase1,14,pair_015,0.36676,1305.20764,1315.066173,
23,phase1,14,pair_015,0.383658,1305.224538,1315.083071,
24,phase1,14,pair_015,0.400025,1305.240904,1315.099437,
25,phase1,14,pair_015,0.41672,1305.257599,1315.116132,
26,phase1,14,pair_015,0.433391,1305.274274,1315.132804,
27,phase1,14,pair_015,0.450067,1305.290946,1315.14948,
28,phase1,14,pair_015,0.466705,1305.307584,1315.166118,
29,phase1,14,pair_015,0.483399,1305.324278,1315.182812,
30,phase1,14,pair_015,0.500055,1305.340934,1315.199468,
31,phase1,14,pair_015,0.516749,1305.357629,1315.216162,
32,phase1,14,pair_015,0.533682,1305.374561,1315.233095,
33,phase1,14,pair_015,0.550012,1305.390891,1315.249425,
34,phase1,14,pair_015,0.566717,1305.407599,1315.26613,
35,phase1,14,pair_015,0.583402,1305.424281,1315.282815,
36,phase1,14,pair_015,0.60036,1305.441239,1315.299773,
37,phase1,14,pair_015,0.616715,1305.457598,1315.316128,
38,phase1,14,pair_015,0.633391,1305.474271,1315.332804,
39,phase1,14,pair_015,0.650313,1305.491193,1315.349726,
40,phase1,14,pair_015,0.667035,1305.507915,1315.366448,
41,phase1,14,pair_015,0.68332,1305.524199,1315.382733,
42,phase1,14,pair_015,0.700036,1305.540916,1315.399449,
43,phase1,14,pair_015,0.717004,1305.557884,1315.416417,
44,phase1,14,pair_015,0.733406,1305.574285,1315.432818,
45,phase1,14,pair_015,0.750331,1305.591211,1315.449744,
46,phase1,14,pair_015,0.766772,1305.607669,1315.466185,
47,phase1,14,pair_015,0.783306,1305.624186,1315.482719,
48,phase1,14,pair_015,0.800393,1305.641276,1315.499806,
49,phase1,14,pair_015,0.817006,1305.657886,1315.516419,
50,phase1,14,pair_015,0.833341,1305.67422,1315.532753,
51,phase1,14,pair_015,0.850044,1305.690923,1315.549457,
52,phase1,14,pair_015,0.867013,1305.707892,1315.566426,
53,phase1,14,pair_015,0.883408,1305.724287,1315.582821,
54,phase1,14,pair_015,0.900072,1305.740951,1315.599485,
55,phase1,14,pair_015,0.916716,1305.757595,1315.616129,
56,phase1,14,pair_015,0.933355,1305.774234,1315.632768,
57,phase1,14,pair_015,0.950334,1305.791213,1315.649747,
58,phase1,14,pair_015,0.96671,1305.807589,1315.666123,
59,phase1,14,pair_015,0.983364,1305.824243,1315.682776,
60,phase1,14,pair_015,1.000275,1305.841154,1315.699688,
61,phase1,14,pair_015,1.017008,1305.857887,1315.716421,
62,phase1,14,pair_015,1.033365,1305.874244,1315.732778,
63,phase1,14,pair_015,1.050003,1305.890882,1315.749416,
64,phase1,14,pair_015,1.066984,1305.90787,1315.766397,
65,phase1,14,pair_015,1.083685,1305.924568,1315.783098,
66,phase1,14,pair_015,1.100015,1305.940896,1315.799428,
67,phase1,14,pair_015,1.116736,1305.957618,1315.816149,
68,phase1,14,pair_015,1.133405,1305.974285,1315.832818,
69,phase1,14,pair_015,1.150016,1305.990896,1315.849429,
70,phase1,14,pair_015,1.166987,1306.007867,1315.8664,
71,phase1,14,pair_015,1.183362,1306.024241,1315.882775,
72,phase1,14,pair_015,1.200025,1306.040904,1315.899438,
73,phase1,14,pair_015,1.216684,1306.057563,1315.916097,
74,phase1,14,pair_015,1.233657,1306.074536,1315.93307,
75,phase1,14,pair_015,1.250021,1306.0909,1315.949434,
76,phase1,14,pair_015,1.26672,1306.107603,1315.966133,
77,phase1,14,pair_015,1.283354,1306.124233,1315.982767,
78,phase1,14,pair_015,1.300333,1306.141212,1315.999746,
79,phase1,14,pair_015,1.316688,1306.157567,1316.0161,
80,phase1,14,pair_015,1.333393,1306.174273,1316.032806,
81,phase1,14,pair_015,1.349988,1306.190867,1316.049401,
82,phase1,14,pair_015,1.367008,1306.207888,1316.066421,
83,phase1,14,pair_015,1.38338,1306.224264,1316.082793,
84,phase1,14,pair_015,1.400035,1306.240914,1316.099448,
85,phase1,14,pair_015,1.416694,1306.257573,1316.116107,
86,phase1,14,pair_015,1.433659,1306.274538,1316.133072,
87,phase1,14,pair_015,1.45004,1306.290919,1316.149453,
88,phase1,14,pair_015,1.466685,1306.307564,1316.166098,
89,phase1,14,pair_015,1.483352,1306.324231,1316.182765,
90,phase1,14,pair_015,1.499988,1306.34087,1316.199401,
91,phase1,14,pair_015,1.516696,1306.357576,1316.216109,
92,phase1,14,pair_015,1.53335,1306.37423,1316.232763,
93,phase1,14,pair_015,1.550082,1306.390961,1316.249494,
94,phase1,14,pair_015,1.566636,1306.407515,1316.266049,
95,phase1,14,pair_015,1.58333,1306.42421,1316.282743,
96,phase1,14,pair_015,1.600025,1306.440904,1316.299438,
97,phase1,14,pair_015,1.616699,1306.457578,1316.316112,
98,phase1,14,pair_015,1.633339,1306.474218,1316.332752,
99,phase1,14,pair_015,1.649986,1306.490865,1316.349399,
100,phase1,14,pair_015,1.666679,1306.50756,1316.366092,
101,phase1,14,pair_015,1.683364,1306.524243,1316.382777,
102,phase1,14,pair_015,1.700007,1306.540886,1316.39942,
103,phase1,14,pair_015,1.716988,1306.557867,1316.416401,
104,phase1,14,pair_015,1.733333,1306.574212,1316.432746,
105,phase1,14,pair_015,1.750016,1306.590898,1316.449429,
106,phase1,14,pair_015,1.76667,1306.607552,1316.466083,
107,phase1,14,pair_015,1.78339,1306.62427,1316.482803,
108,phase1,14,pair_015,1.799964,1306.640843,1316.499377,
109,phase1,14,pair_015,1.816707,1306.657588,1316.51612,
110,phase1,14,pair_015,1.833402,1306.674281,1316.532815,
111,phase1,14,pair_015,1.850332,1306.691211,1316.549744,
112,phase1,14,pair_015,1.866657,1306.707537,1316.56607,
113,phase1,14,pair_015,1.883372,1306.724252,1316.582785,
114,phase1,14,pair_015,1.900033,1306.740912,1316.599446,
115,phase1,14,pair_015,1.916634,1306.757515,1316.616047,
116,phase1,14,pair_015,1.933313,1306.774193,1316.632726,
117,phase1,14,pair_015,1.949967,1306.790847,1316.64938,
118,phase1,14,pair_015,1.96662,1306.807499,1316.666033,
119,phase1,14,pair_015,1.983305,1306.824184,1316.682718,
120,phase1,14,pair_015,1.999976,1306.840855,1316.699389,
121,phase1,14,pair_015,2.016591,1306.857471,1316.716004,
122,phase1,14,pair_015,2.033301,1306.87418,1316.732713,
123,phase1,14,pair_015,2.049994,1306.890874,1316.749407,
124,phase1,14,pair_015,2.06698,1306.907859,1316.766393,
125,phase1,14,pair_015,2.083332,1306.92421,1316.782745,
126,phase1,14,pair_015,2.100055,1306.940935,1316.799468,
127,phase1,14,pair_015,2.11667,1306.957549,1316.816083,
128,phase1,14,pair_015,2.133349,1306.974228,1316.832762,
129,phase1,14,pair_015,2.150011,1306.99089,1316.849424,
130,phase1,14,pair_015,2.166667,1307.007546,1316.86608,
131,phase1,14,pair_015,2.183632,1307.024511,1316.883045,
132,phase1,14,pair_015,2.20025,1307.041129,1316.899663,
133,phase1,14,pair_015,2.216639,1307.057518,1316.916052,
134,phase1,14,pair_015,2.233353,1307.074232,1316.932766,
135,phase1,14,pair_015,2.250029,1307.090908,1316.949442,
136,phase1,14,pair_015,2.26698,1307.107862,1316.966393,
137,phase1,14,pair_015,2.283608,1307.124487,1316.983021,
138,phase1,14,pair_015,2.300014,1307.140894,1316.999427,
139,phase1,14,pair_015,2.316708,1307.157587,1317.016121,
140,phase1,14,pair_015,2.333293,1307.174172,1317.032706,
141,phase1,14,pair_015,2.349978,1307.190857,1317.049391,
142,phase1,14,pair_015,2.366649,1307.207528,1317.066062,
143,phase1,14,pair_015,2.383357,1307.224239,1317.08277,
144,phase1,14,pair_015,2.400304,1307.241183,1317.099717,
145,phase1,14,pair_015,2.416943,1307.257823,1317.116356,
146,phase1,14,pair_015,2.433302,1307.274181,1317.132715,
147,phase1,14,pair_015,2.449984,1307.290863,1317.149397,
148,phase1,14,pair_015,2.46691,1307.307789,1317.166323,
149,phase1,14,pair_015,2.483642,1307.324523,1317.183055,
150,phase1,14,pair_015,2.499984,1307.340864,1317.199397,
151,phase1,14,pair_015,2.516691,1307.35757,1317.216104,
152,phase1,14,pair_015,2.533313,1307.374193,1317.232726,
153,phase1,14,pair_015,2.550281,1307.39116,1317.249694,
154,phase1,14,pair_015,2.566644,1307.407523,1317.266057,
155,phase1,14,pair_015,2.583329,1307.424208,1317.282742,
156,phase1,14,pair_015,2.600241,1307.44112,1317.299654,
157,phase1,14,pair_015,2.616959,1307.457838,1317.316372,
158,phase1,14,pair_015,2.633603,1307.474482,1317.333016,
159,phase1,14,pair_015,2.650015,1307.490895,1317.349428,
160,phase1,14,pair_015,2.666597,1307.507477,1317.36601,
161,phase1,14,pair_015,2.683296,1307.524176,1317.382709,
162,phase1,14,pair_015,2.700283,1307.541162,1317.399696,
163,phase1,14,pair_015,2.716668,1307.557549,1317.416081,
164,phase1,14,pair_015,2.733577,1307.574456,1317.43299,
165,phase1,14,pair_015,2.750281,1307.591161,1317.449694,
166,phase1,14,pair_015,2.766935,1307.607814,1317.466348,
167,phase1,14,pair_015,2.783319,1307.624199,1317.482732,
168,phase1,14,pair_015,2.799953,1307.640832,1317.499366,
169,phase1,14,pair_015,2.816615,1307.657495,1317.516028,
170,phase1,14,pair_015,2.833596,1307.674476,1317.533009,
171,phase1,14,pair_015,2.849997,1307.690876,1317.54941,
172,phase1,14,pair_015,2.866638,1307.707517,1317.566051,
173,phase1,14,pair_015,2.883287,1307.724166,1317.5827,
174,phase1,14,pair_015,2.900276,1307.741156,1317.599689,
175,phase1,14,pair_015,2.916636,1307.757515,1317.616049,
176,phase1,14,pair_015,2.933317,1307.774196,1317.63273,
177,phase1,14,pair_015,2.950214,1307.791093,1317.649627,
178,phase1,14,pair_015,2.966928,1307.807807,1317.666341,
179,phase1,14,pair_015,2.983269,1307.824148,1317.682681,
180,phase1,14,pair_015,2.999963,1307.840842,1317.699376,
181,phase1,14,pair_015,3.016897,1307.857776,1317.71631,
182,phase1,14,pair_015,3.033267,1307.874146,1317.73268,
183,phase1,14,pair_015,3.049949,1307.890828,1317.749362,
184,phase1,14,pair_015,3.066641,1307.90752,1317.766054,
185,phase1,14,pair_015,3.083332,1307.924211,1317.782745,
186,phase1,14,pair_015,3.099949,1307.940828,1317.799362,
187,phase1,14,pair_015,3.116913,1307.957793,1317.816326,
188,phase1,14,pair_015,3.133323,1307.974203,1317.832736,
189,phase1,14,pair_015,3.149962,1307.990841,1317.849375,
190,phase1,14,pair_015,3.166909,1308.007789,1317.866322,
191,phase1,14,pair_015,3.183574,1308.024454,1317.882987,
192,phase1,14,pair_015,3.199972,1308.040851,1317.899385,
193,phase1,14,pair_015,3.216618,1308.057497,1317.916031,
194,phase1,14,pair_015,3.233261,1308.07414,1317.932674,
195,phase1,14,pair_015,3.250251,1308.091131,1317.949664,
196,phase1,14,pair_015,3.266666,1308.107545,1317.966079,
197,phase1,14,pair_015,3.283521,1308.1244,1317.982934,
198,phase1,14,pair_015,3.299934,1308.140813,1317.999347,
199,phase1,14,pair_015,3.316925,1308.157804,1318.016338,
200,phase1,14,pair_015,3.333299,1308.174179,1318.032712,
201,phase1,14,pair_015,3.349934,1308.190813,1318.049347,
202,phase1,14,pair_015,3.366565,1308.207444,1318.065978,
203,phase1,14,pair_015,3.383607,1308.224486,1318.08302,
204,phase1,14,pair_015,3.400215,1308.241094,1318.099628,
205,phase1,14,pair_015,3.416551,1308.25743,1318.115964,
206,phase1,14,pair_015,3.433278,1308.274157,1318.13269,
207,phase1,14,pair_015,3.44994,1308.290819,1318.149352,
208,phase1,14,pair_015,3.466596,1308.307475,1318.166009,
209,phase1,14,pair_015,3.483279,1308.324158,1318.182692,
210,phase1,14,pair_015,3.499928,1308.340806,1318.19934,
211,phase1,14,pair_015,3.516582,1308.357461,1318.215995,
212,phase1,14,pair_015,3.533565,1308.374444,1318.232978,
213,phase1,14,pair_015,3.549957,1308.390836,1318.24937,
214,phase1,14,pair_015,3.566599,1308.407478,1318.266012,
215,phase1,14,pair_015,3.583213,1308.424092,1318.282626,
216,phase1,14,pair_015,3.600247,1308.441126,1318.29966,
217,phase1,14,pair_015,3.616629,1308.457508,1318.316042,
218,phase1,14,pair_015,3.633269,1308.474148,1318.332682,
219,phase1,14,pair_015,3.649944,1308.490823,1318.349357,
220,phase1,14,pair_015,3.666905,1308.507784,1318.366318,
221,phase1,14,pair_015,3.683277,1308.524156,1318.38269,
222,phase1,14,pair_015,3.699877,1308.540756,1318.39929,
223,phase1,14,pair_015,3.716882,1308.557761,1318.416295,
224,phase1,14,pair_015,3.733247,1308.574126,1318.43266,
225,phase1,14,pair_015,3.749914,1308.590793,1318.449327,
226,phase1,14,pair_015,3.766586,1308.607466,1318.465999,
227,phase1,14,pair_015,3.783273,1308.624152,1318.482686,
228,phase1,14,pair_015,3.799931,1308.64081,1318.499344,
229,phase1,14,pair_015,3.816582,1308.657461,1318.515995,
230,phase1,14,pair_015,3.833253,1308.674132,1318.532666,
231,phase1,14,pair_015,3.849973,1308.690852,1318.549386,
232,phase1,14,pair_015,3.866583,1308.707462,1318.565995,
233,phase1,14,pair_015,3.883551,1308.72443,1318.582964,
234,phase1,14,pair_015,3.899919,1308.740798,1318.599332,
235,phase1,14,pair_015,3.916627,1308.757506,1318.61604,
236,phase1,14,pair_015,3.93356,1308.774439,1318.632973,
237,phase1,14,pair_015,3.950219,1308.791098,1318.649632,
238,phase1,14,pair_015,3.966601,1308.80748,1318.666014,
239,phase1,14,pair_015,3.983255,1308.824134,1318.682668,
240,phase1,14,pair_015,3.999939,1308.840819,1318.699352,
241,phase1,14,pair_015,4.016892,1308.857771,1318.716305,
242,phase1,14,pair_015,4.033249,1308.874129,1318.732662,
243,phase1,14,pair_015,4.049906,1308.890785,1318.749319,
244,phase1,14,pair_015,4.066534,1308.907413,1318.765947,
245,phase1,14,pair_015,4.083367,1308.924246,1318.78278,
246,phase1,14,pair_015,4.100038,1308.940917,1318.799451,
247,phase1,14,pair_015,4.117028,1308.957908,1318.816441,
248,phase1,14,pair_015,4.133369,1308.974248,1318.832782,
249,phase1,14,pair_015,4.150034,1308.990913,1318.849447,
250,phase1,14,pair_015,4.16674,1309.007619,1318.866153,
251,phase1,14,pair_015,4.183683,1309.024562,1318.883095,
252,phase1,14,pair_015,4.200043,1309.040922,1318.899456,
253,phase1,14,pair_015,4.216706,1309.057587,1318.916118,
254,phase1,14,pair_015,4.233416,1309.074297,1318.932829,
255,phase1,14,pair_015,4.250344,1309.091223,1318.949757,
256,phase1,14,pair_015,4.266977,1309.107856,1318.96639,
257,phase1,14,pair_015,4.283358,1309.124237,1318.982771,
258,phase1,14,pair_015,4.300029,1309.140908,1318.999442,
259,phase1,14,pair_015,4.317033,1309.157912,1319.016446,
260,phase1,14,pair_015,4.333375,1309.174254,1319.032787,
261,phase1,14,pair_015,4.350019,1309.190899,1319.049432,
262,phase1,14,pair_015,4.366724,1309.207603,1319.066137,
263,phase1,14,pair_015,4.383359,1309.224238,1319.082772,
264,phase1,14,pair_015,4.400336,1309.241215,1319.099749,
265,phase1,14,pair_015,4.41667,1309.257549,1319.116083,
266,phase1,14,pair_015,4.433355,1309.274234,1319.132768,
267,phase1,14,pair_015,4.450273,1309.291152,1319.149686,
268,phase1,14,pair_015,4.466677,1309.307556,1319.16609,
269,phase1,14,pair_015,4.483362,1309.324241,1319.182775,
270,phase1,14,pair_015,4.500025,1309.340904,1319.199438,
271,phase1,14,pair_015,4.516684,1309.357565,1319.216097,
272,phase1,14,pair_015,4.533656,1309.374535,1319.233069,
273,phase1,14,pair_015,4.550044,1309.390926,1319.249457,
274,phase1,14,pair_015,4.566683,1309.407562,1319.266096,
275,phase1,14,pair_015,4.583368,1309.424247,1319.282781,
276,phase1,14,pair_015,4.600309,1309.441187,1319.299721,
277,phase1,14,pair_015,4.616697,1309.457576,1319.31611,
278,phase1,14,pair_015,4.633356,1309.474235,1319.332769,
279,phase1,14,pair_015,4.650048,1309.490927,1319.349461,
280,phase1,14,pair_015,4.666674,1309.507555,1319.366087,
281,phase1,14,pair_015,4.683625,1309.524504,1319.383038,
282,phase1,14,pair_015,4.700001,1309.54088,1319.399414,
283,phase1,14,pair_015,4.71674,1309.557619,1319.416153,
284,phase1,14,pair_015,4.733328,1309.574207,1319.43274,
285,phase1,14,pair_015,4.750321,1309.591202,1319.449734,
286,phase1,14,pair_015,4.766692,1309.607571,1319.466105,
287,phase1,14,pair_015,4.783304,1309.624183,1319.482717,
288,phase1,14,pair_015,4.799962,1309.640841,1319.499375,
289,phase1,14,pair_015,4.816988,1309.657867,1319.516401,
290,phase1,14,pair_015,4.833357,1309.674236,1319.53277,
291,phase1,14,pair_015,4.84997,1309.690848,1319.549383,
292,phase1,14,pair_015,4.866634,1309.707513,1319.566047,
293,phase1,14,pair_015,4.883634,1309.724513,1319.583047,
294,phase1,14,pair_015,4.900008,1309.740887,1319.599421,
295,phase1,14,pair_015,4.916671,1309.757552,1319.616084,
296,phase1,14,pair_015,4.933345,1309.774225,1319.632758,
297,phase1,14,pair_015,4.949991,1309.790872,1319.649404,
298,phase1,14,pair_015,4.966689,1309.807568,1319.666102,
299,phase1,14,pair_015,4.983349,1309.824228,1319.682762,
300,phase1,14,pair_015,5.000306,1309.841186,1319.699719,
301,phase1,14,pair_015,5.016976,1309.857855,1319.716389,
302,phase1,14,pair_015,5.033322,1309.874201,1319.732735,
303,phase1,14,pair_015,5.050014,1309.890893,1319.749427,
304,phase1,14,pair_015,5.066624,1309.907503,1319.766037,
305,phase1,14,pair_015,5.083652,1309.924531,1319.783065,
306,phase1,14,pair_015,5.100021,1309.9409,1319.799434,
307,phase1,14,pair_015,5.116672,1309.957551,1319.816085,
308,phase1,14,pair_015,5.133354,1309.974235,1319.832767,
309,phase1,14,pair_015,5.149982,1309.990861,1319.849395,
310,phase1,14,pair_015,5.166963,1310.007842,1319.866376,
311,phase1,14,pair_015,5.183325,1310.024204,1319.882737,
312,phase1,14,pair_015,5.200056,1310.040937,1319.899469,
313,phase1,14,pair_015,5.216658,1310.057537,1319.916071,
314,phase1,14,pair_015,5.233632,1310.074511,1319.933045,
315,phase1,14,pair_015,5.24999,1310.090869,1319.949403,
316,phase1,14,pair_015,5.266606,1310.107485,1319.966019,
317,phase1,14,pair_015,5.283334,1310.124213,1319.982747,
318,phase1,14,pair_015,5.300255,1310.141134,1319.999668,
319,phase1,14,pair_015,5.316643,1310.157522,1320.016056,
320,phase1,14,pair_015,5.333366,1310.174246,1320.032778,
321,phase1,14,pair_015,5.349966,1310.190845,1320.049379,
322,phase1,14,pair_015,5.366977,1310.207857,1320.06639,
323,phase1,14,pair_015,5.38329,1310.22417,1320.082703,
324,phase1,14,pair_015,5.400038,1310.240917,1320.099451,
325,phase1,14,pair_015,5.416685,1310.257565,1320.116098,
326,phase1,14,pair_015,5.433644,1310.274523,1320.133057,
327,phase1,14,pair_015,5.450243,1310.291122,1320.149656,
328,phase1,14,pair_015,5.466671,1310.30755,1320.166084,
329,phase1,14,pair_015,5.483365,1310.324246,1320.182778,
330,phase1,14,pair_015,5.499968,1310.340848,1320.199381,
331,phase1,14,pair_015,5.516652,1310.357532,1320.216065,
332,phase1,14,pair_015,5.533297,1310.374176,1320.23271,
333,phase1,14,pair_015,5.549966,1310.390845,1320.249379,
334,phase1,14,pair_015,5.566595,1310.407474,1320.266008,
335,phase1,14,pair_015,5.583584,1310.424463,1320.282996,
336,phase1,14,pair_015,5.599973,1310.440852,1320.299386,
337,phase1,14,pair_015,5.616674,1310.457554,1320.316087,
338,phase1,14,pair_015,5.633606,1310.474485,1320.333019,
339,phase1,14,pair_015,5.650291,1310.49117,1320.349704,
340,phase1,14,pair_015,5.666632,1310.507511,1320.366045,
341,phase1,14,pair_015,5.683559,1310.524439,1320.382972,
342,phase1,14,pair_015,5.700286,1310.541165,1320.399699,
343,phase1,14,pair_015,5.716596,1310.557475,1320.416009,
344,phase1,14,pair_015,5.733332,1310.574211,1320.432745,
345,phase1,14,pair_015,5.749988,1310.590867,1320.449401,
346,phase1,14,pair_015,5.766648,1310.607529,1320.466061,
347,phase1,14,pair_015,5.783304,1310.624184,1320.482717,
348,phase1,14,pair_015,5.799972,1310.640851,1320.499385,
349,phase1,14,pair_015,5.816652,1310.657532,1320.516065,
350,phase1,14,pair_015,5.833286,1310.674165,1320.532699,
351,phase1,14,pair_015,5.850331,1310.691212,1320.549744,
352,phase1,14,pair_015,5.86658,1310.707459,1320.565992,
353,phase1,14,pair_015,5.883348,1310.724227,1320.582761,
354,phase1,14,pair_015,5.9,1310.740879,1320.599413,
355,phase1,14,pair_015,5.916633,1310.757512,1320.616046,
356,phase1,14,pair_015,5.933562,1310.774441,1320.632975,
357,phase1,14,pair_015,5.949976,1310.790855,1320.649389,
358,phase1,14,pair_015,5.966927,1310.807807,1320.66634,
359,phase1,14,pair_015,5.983576,1310.824455,1320.682989,
360,phase1,14,pair_015,6.000278,1310.841157,1320.699691,
361,phase1,14,pair_015,6.016645,1310.857524,1320.716058,
362,phase1,14,pair_015,6.033585,1310.874464,1320.732998,
363,phase1,14,pair_015,6.04995,1310.890829,1320.749363,
364,phase1,14,pair_015,6.0666,1310.907479,1320.766013,
365,phase1,14,pair_015,6.083321,1310.924202,1320.782734,
366,phase1,14,pair_015,6.09999,1310.94087,1320.799403,
367,phase1,14,pair_015,6.116942,1310.957821,1320.816355,
368,phase1,14,pair_015,6.133614,1310.974494,1320.833027,
369,phase1,14,pair_015,6.149979,1310.990858,1320.849392,
370,phase1,14,pair_015,6.16665,1311.007529,1320.866063,
371,phase1,14,pair_015,6.18331,1311.024189,1320.882723,
372,phase1,14,pair_015,6.200268,1311.041147,1320.899681,
373,phase1,14,pair_015,6.216615,1311.057493,1320.916027,
374,phase1,14,pair_015,6.233291,1311.07417,1320.932704,
375,phase1,14,pair_015,6.249938,1311.091014,1320.949351,
376,phase1,14,pair_015,6.266957,1311.107838,1320.966369,
377,phase1,14,pair_015,6.283534,1311.124412,1320.982947,
378,phase1,14,pair_015,6.299995,1311.140876,1320.999408,
379,phase1,14,pair_015,6.316611,1311.15749,1321.016024,
380,phase1,14,pair_015,6.333274,1311.174153,1321.032687,
381,phase1,14,pair_015,6.350263,1311.191143,1321.049676,
382,phase1,14,pair_015,6.366677,1311.207556,1321.066089,
383,phase1,14,pair_015,6.383294,1311.224172,1321.082706,
384,phase1,14,pair_015,6.399962,1311.240841,1321.099375,
385,phase1,14,pair_015,6.416918,1311.257797,1321.116331,
386,phase1,14,pair_015,6.433278,1311.274157,1321.132691,
387,phase1,14,pair_015,6.449923,1311.290802,1321.149336,
388,phase1,14,pair_015,6.466605,1311.307484,1321.166018,
389,phase1,14,pair_015,6.48358,1311.324459,1321.182993,
390,phase1,14,pair_015,6.49996,1311.340839,1321.199373,
391,phase1,14,pair_015,6.516663,1311.357543,1321.216076,
392,phase1,14,pair_015,6.533285,1311.374166,1321.232698,
393,phase1,14,pair_015,6.549926,1311.390805,1321.249339,
394,phase1,14,pair_015,6.566608,1311.407487,1321.266021,
395,phase1,14,pair_015,6.583297,1311.424176,1321.28271,
396,phase1,14,pair_015,6.599933,1311.440812,1321.299346,
397,phase1,14,pair_015,6.616933,1311.457817,1321.316346,
398,phase1,14,pair_015,6.633272,1311.474151,1321.332685,
399,phase1,14,pair_015,6.649968,1311.490848,1321.349381,
400,phase1,14,pair_015,6.666571,1311.50745,1321.365984,
401,phase1,14,pair_015,6.683632,1311.524511,1321.383045,
402,phase1,14,pair_015,6.699948,1311.540828,1321.399361,
403,phase1,14,pair_015,6.716552,1311.557432,1321.415965,
404,phase1,14,pair_015,6.733316,1311.574195,1321.432729,
405,phase1,14,pair_015,6.750253,1311.591132,1321.449666,
406,phase1,14,pair_015,6.766901,1311.60778,1321.466314,
407,phase1,14,pair_015,6.783277,1311.624157,1321.48269,
408,phase1,14,pair_015,6.80019,1311.641069,1321.499603,
409,phase1,14,pair_015,6.816573,1311.657452,1321.515986,
410,phase1,14,pair_015,6.833565,1311.674444,1321.532978,
411,phase1,14,pair_015,6.849942,1311.690821,1321.549355,
412,phase1,14,pair_015,6.866653,1311.707532,1321.566066,
413,phase1,14,pair_015,6.883536,1311.724415,1321.582949,
414,phase1,14,pair_015,6.900251,1311.74113,1321.599664,
415,phase1,14,pair_015,6.916624,1311.757503,1321.616037,
416,phase1,14,pair_015,6.933251,1311.77413,1321.632664,
417,phase1,14,pair_015,6.949923,1311.790802,1321.649335,
418,phase1,14,pair_015,6.966898,1311.807777,1321.666311,
419,phase1,14,pair_015,6.983249,1311.824128,1321.682661,
420,phase1,14,pair_015,6.999909,1311.840788,1321.699322,
421,phase1,14,pair_015,7.016886,1311.857765,1321.716299,
422,phase1,14,pair_015,7.033263,1311.874142,1321.732676,
423,phase1,14,pair_015,7.049903,1311.890784,1321.749316,
424,phase1,14,pair_015,7.066579,1311.907458,1321.765991,
425,phase1,14,pair_015,7.083256,1311.924135,1321.782669,
426,phase1,14,pair_015,7.099928,1311.940807,1321.799341,
427,phase1,14,pair_015,7.11689,1311.957769,1321.816303,
428,phase1,14,pair_015,7.133273,1311.974153,1321.832686,
429,phase1,14,pair_015,7.149924,1311.990803,1321.849337,
430,phase1,14,pair_015,7.166937,1312.007817,1321.86635,
431,phase1,14,pair_015,7.183545,1312.024424,1321.882958,
432,phase1,14,pair_015,7.19995,1312.040829,1321.899363,
433,phase1,14,pair_015,7.216601,1312.05748,1321.916014,
434,phase1,14,pair_015,7.233239,1312.074118,1321.932652,
435,phase1,14,pair_015,7.250211,1312.09109,1321.949624,
436,phase1,14,pair_015,7.266562,1312.107442,1321.965975,
437,phase1,14,pair_015,7.28331,1312.124189,1321.982723,
438,phase1,14,pair_015,7.299917,1312.140796,1321.99933,
439,phase1,14,pair_015,7.316891,1312.15777,1322.016304,
440,phase1,14,pair_015,7.333274,1312.174153,1322.032687,
441,phase1,14,pair_015,7.349923,1312.190802,1322.049336,
442,phase1,14,pair_015,7.366581,1312.207461,1322.065994,
443,phase1,14,pair_015,7.38323,1312.224109,1322.082643,
444,phase1,14,pair_015,7.400196,1312.241075,1322.099609,
445,phase1,14,pair_015,7.416617,1312.257495,1322.116029,
446,phase1,14,pair_015,7.433232,1312.274111,1322.132645,
447,phase1,14,pair_015,7.449909,1312.290789,1322.149322,
448,phase1,14,pair_015,7.466863,1312.307742,1322.166276,
449,phase1,14,pair_015,7.483249,1312.324128,1322.182662,
450,phase1,14,pair_015,7.499915,1312.340794,1322.199328,
451,phase1,14,pair_015,7.516889,1312.357768,1322.216302,
452,phase1,14,pair_015,7.533524,1312.374403,1322.232937,
453,phase1,14,pair_015,7.550154,1312.391037,1322.249567,
454,phase1,14,pair_015,7.566567,1312.407446,1322.26598,
455,phase1,14,pair_015,7.58353,1312.424409,1322.282943,
456,phase1,14,pair_015,7.600221,1312.441103,1322.299634,
457,phase1,14,pair_015,7.616602,1312.457482,1322.316015,
458,phase1,14,pair_015,7.633273,1312.474154,1322.332685,
459,phase1,14,pair_015,7.64989,1312.49077,1322.349303,
460,phase1,14,pair_015,7.666892,1312.507772,1322.366305,
461,phase1,14,pair_015,7.683249,1312.524128,1322.382662,
462,phase1,14,pair_015,7.699895,1312.540775,1322.399308,
463,phase1,14,pair_015,7.716538,1312.557417,1322.415951,
464,phase1,14,pair_015,7.733226,1312.574105,1322.432639,
465,phase1,14,pair_015,7.749961,1312.590841,1322.449374,
466,phase1,14,pair_015,7.766556,1312.607436,1322.465969,
467,phase1,14,pair_015,7.783221,1312.6241,1322.482634,
468,phase1,14,pair_015,7.800219,1312.641098,1322.499632,
469,phase1,14,pair_015,7.81686,1312.657739,1322.516273,
470,phase1,14,pair_015,7.83323,1312.674109,1322.532643,
471,phase1,14,pair_015,7.850183,1312.691063,1322.549596,
472,phase1,14,pair_015,7.86653,1312.707409,1322.565943,
473,phase1,14,pair_015,7.883249,1312.724129,1322.582662,
474,phase1,14,pair_015,7.89987,1312.740749,1322.599283,
475,phase1,14,pair_015,7.916564,1312.757443,1322.615977,
476,phase1,14,pair_015,7.933223,1312.774102,1322.632636,
477,phase1,14,pair_015,7.949848,1312.790727,1322.649261,
478,phase1,14,pair_015,7.966566,1312.807445,1322.665979,
479,phase1,14,pair_015,7.983224,1312.824103,1322.682637,
480,phase1,14,pair_015,7.999831,1312.84071,1322.699244,
481,phase1,14,pair_015,8.016647,1312.857526,1322.71606,
482,phase1,14,pair_015,8.03334,1312.874219,1322.732753,
483,phase1,14,pair_015,8.049993,1312.890872,1322.749406,
484,phase1,14,pair_015,8.066669,1312.907548,1322.766082,
485,phase1,14,pair_015,8.083311,1312.92419,1322.782723,
486,phase1,14,pair_015,8.099951,1312.940833,1322.799363,
487,phase1,14,pair_015,8.117,1312.957879,1322.816413,
488,phase1,14,pair_015,8.133293,1312.974172,1322.832706,
489,phase1,14,pair_015,8.15001,1312.990889,1322.849423,
490,phase1,14,pair_015,8.166663,1313.007542,1322.866076,
491,phase1,14,pair_015,8.18367,1313.024549,1322.883083,
492,phase1,14,pair_015,8.200013,1313.040892,1322.899426,
493,phase1,14,pair_015,8.216675,1313.057554,1322.916088,
494,phase1,14,pair_015,8.233325,1313.074204,1322.932738,
495,phase1,14,pair_015,8.250326,1313.091205,1322.949739,
496,phase1,14,pair_015,8.266665,1313.107544,1322.966078,
497,phase1,14,pair_015,8.283285,1313.124165,1322.982698,
498,phase1,14,pair_015,8.300061,1313.140944,1322.999474,
499,phase1,14,pair_015,8.316659,1313.157538,1323.016072,
500,phase1,14,pair_015,8.333648,1313.174529,1323.033061,
501,phase1,14,pair_015,8.35,1313.19088,1323.049413,
502,phase1,14,pair_015,8.3667,1313.20758,1323.066113,
503,phase1,14,pair_015,8.383639,1313.224518,1323.083052,
504,phase1,14,pair_015,8.40029,1313.241169,1323.099703,
505,phase1,14,pair_015,8.416603,1313.257483,1323.116016,
506,phase1,14,pair_015,8.433314,1313.274194,1323.132727,
507,phase1,14,pair_015,8.450301,1313.291182,1323.149714,
508,phase1,14,pair_015,8.466593,1313.307472,1323.166006,
509,phase1,14,pair_015,8.483361,1313.324242,1323.182774,
510,phase1,14,pair_015,8.50003,1313.340909,1323.199443,
511,phase1,14,pair_015,8.516972,1313.357851,1323.216385,
512,phase1,14,pair_015,8.533279,1313.374158,1323.232692,
513,phase1,14,pair_015,8.549975,1313.390854,1323.249388,
514,phase1,14,pair_015,8.56667,1313.407551,1323.266083,
515,phase1,14,pair_015,8.583337,1313.424218,1323.28275,
516,phase1,14,pair_015,8.60031,1313.441189,1323.299723,
517,phase1,14,pair_015,8.616625,1313.45752,1323.316038,
518,phase1,14,pair_015,8.633312,1313.474192,1323.332725,
519,phase1,14,pair_015,8.650049,1313.490928,1323.349462,
520,phase1,14,pair_015,8.666642,1313.507525,1323.366055,
521,phase1,14,pair_015,8.683321,1313.5242,1323.382733,
522,phase1,14,pair_015,8.699996,1313.540876,1323.399409,
523,phase1,14,pair_015,8.716635,1313.557514,1323.416048,
524,phase1,14,pair_015,8.733271,1313.574151,1323.432684,
525,phase1,14,pair_015,8.749996,1313.590876,1323.449409,
526,phase1,14,pair_015,8.766604,1313.607483,1323.466016,
527,phase1,14,pair_015,8.783345,1313.624227,1323.482758,
528,phase1,14,pair_015,8.799988,1313.640868,1323.499401,
529,phase1,14,pair_015,8.816953,1313.657832,1323.516366,
530,phase1,14,pair_015,8.833319,1313.674198,1323.532732,
531,phase1,14,pair_015,8.850027,1313.690906,1323.54944,
532,phase1,14,pair_015,8.866695,1313.707576,1323.566108,
533,phase1,14,pair_015,8.883626,1313.724505,1323.583039,
534,phase1,14,pair_015,8.900009,1313.740888,1323.599421,
535,phase1,14,pair_015,8.916495,1313.757375,1323.615908,
536,phase1,14,pair_015,8.933321,1313.7742,1323.632733,
537,phase1,14,pair_015,8.950312,1313.791191,1323.649724,
538,phase1,14,pair_015,8.966638,1313.807518,1323.666051,
539,phase1,14,pair_015,8.983305,1313.824185,1323.682718,
540,phase1,14,pair_015,9.000244,1313.841125,1323.699657,
541,phase1,14,pair_015,9.016977,1313.857856,1323.71639,
542,phase1,14,pair_015,9.03329,1313.87417,1323.732703,
543,phase1,14,pair_015,9.049959,1313.890843,1323.749372,
544,phase1,14,pair_015,9.066593,1313.907472,1323.766006,
545,phase1,14,pair_015,9.083295,1313.924174,1323.782708,
546,phase1,14,pair_015,9.099988,1313.940867,1323.799401,
547,phase1,14,pair_015,9.116631,1313.95751,1323.816044,
548,phase1,14,pair_015,9.133347,1313.974227,1323.83276,
549,phase1,14,pair_015,9.149961,1313.99084,1323.849374,
550,phase1,14,pair_015,9.166652,1314.007532,1323.866065,
551,phase1,14,pair_015,9.183292,1314.024171,1323.882705,
552,phase1,14,pair_015,9.200045,1314.040924,1323.899457,
553,phase1,14,pair_015,9.216584,1314.057463,1323.915997,
554,phase1,14,pair_015,9.233612,1314.074491,1323.933025,
555,phase1,14,pair_015,9.25,1314.090879,1323.949413,
556,phase1,14,pair_015,9.266636,1314.107515,1323.966049,
557,phase1,14,pair_015,9.283296,1314.124176,1323.982709,
558,phase1,14,pair_015,9.300287,1314.141166,1323.9997,
559,phase1,14,pair_015,9.316609,1314.157511,1324.016022,
560,phase1,14,pair_015,9.333341,1314.174221,1324.032754,
561,phase1,14,pair_015,9.349958,1314.190839,1324.04937,
562,phase1,14,pair_015,9.366582,1314.207461,1324.065995,
563,phase1,14,pair_015,9.383297,1314.224183,1324.08271,
564,phase1,14,pair_015,9.400024,1314.240903,1324.099437,
565,phase1,14,pair_015,9.41663,1314.257509,1324.116043,
566,phase1,14,pair_015,9.433285,1314.27417,1324.132698,
567,phase1,14,pair_015,9.449937,1314.290816,1324.14935,
568,phase1,14,pair_015,9.466625,1314.307504,1324.166038,
569,phase1,14,pair_015,9.483286,1314.324165,1324.182699,
570,phase1,14,pair_015,9.499968,1314.340848,1324.199381,
571,phase1,14,pair_015,9.516911,1314.35779,1324.216324,
572,phase1,14,pair_015,9.533272,1314.374151,1324.232685,
573,phase1,14,pair_015,9.549986,1314.390866,1324.249399,
574,phase1,14,pair_015,9.56664,1314.407521,1324.266053,
575,phase1,14,pair_015,9.583552,1314.424431,1324.282965,
576,phase1,14,pair_015,9.599887,1314.440767,1324.2993,
577,phase1,14,pair_015,9.616661,1314.457541,1324.316074,
578,phase1,14,pair_015,9.633285,1314.474164,1324.332698,
579,phase1,14,pair_015,9.650259,1314.491138,1324.349672,
580,phase1,14,pair_015,9.66658,1314.507459,1324.365993,
581,phase1,14,pair_015,9.683298,1314.524177,1324.382711,
582,phase1,14,pair_015,9.700254,1314.541133,1324.399667,
583,phase1,14,pair_015,9.716615,1314.557494,1324.416028,
584,phase1,14,pair_015,9.733274,1314.574153,1324.432687,
585,phase1,14,pair_015,9.750006,1314.590885,1324.449419,
586,phase1,14,pair_015,9.766635,1314.607514,1324.466047,
587,phase1,14,pair_015,9.783597,1314.624477,1324.48301,
588,phase1,14,pair_015,9.79992,1314.640799,1324.499333,
589,phase1,14,pair_015,9.816556,1314.657435,1324.515969,
590,phase1,14,pair_015,9.833294,1314.674175,1324.532707,
591,phase1,14,pair_015,9.850275,1314.691154,1324.549688,
592,phase1,14,pair_015,9.866637,1314.707516,1324.56605,
593,phase1,14,pair_015,9.883344,1314.724223,1324.582757,
594,phase1,14,pair_015,9.900011,1314.74089,1324.599424,
595,phase1,14,pair_015,9.916946,1314.757825,1324.616359,
596,phase1,14,pair_015,9.933542,1314.774421,1324.632955,
597,phase1,14,pair_015,9.949928,1314.790807,1324.649341,
598,phase1,14,pair_015,9.966533,1314.807412,1324.665946,
599,phase1,14,pair_015,9.983578,1314.824457,1324.682991,
600,phase1,14,pair_015,10.00024,1314.841121,1324.699653,
601,phase1,14,pair_015,10.016652,1314.857531,1324.716065,
602,phase1,14,pair_015,10.033262,1314.874141,1324.732675,
603,phase1,14,pair_015,10.049884,1314.890764,1324.749297,
604,phase1,14,pair_015,10.066638,1314.907517,1324.766051,
605,phase1,14,pair_015,10.083234,1314.924113,1324.782647,
606,phase1,14,pair_015,10.099929,1314.940811,1324.799342,
607,phase1,14,pair_015,10.116552,1314.957431,1324.815965,
608,phase1,14,pair_015,10.1336,1314.974481,1324.833013,
609,phase1,14,pair_015,10.149943,1314.990822,1324.849356,
610,phase1,14,pair_015,10.166652,1315.007531,1324.866065,
611,phase1,14,pair_015,10.183277,1315.024156,1324.88269,
612,phase1,14,pair_015,10.200252,1315.041131,1324.899665,
613,phase1,14,pair_015,10.216629,1315.057508,1324.916042,
614,phase1,14,pair_015,10.233262,1315.074141,1324.932675,
615,phase1,14,pair_015,10.249988,1315.090869,1324.949401,
616,phase1,14,pair_015,-1304.84114,1315.307536,9.858273,response
0,phase2,14,pair_015,0.0,1316.757389,1326.615916,single_opt_onset_seq1_opt3_晒客
1,phase2,14,pair_015,0.0167,1316.774082,1326.632616,
2,phase2,14,pair_015,0.033483,1316.790865,1326.649399,
3,phase2,14,pair_015,0.050079,1316.807461,1326.665996,
4,phase2,14,pair_015,0.066807,1316.82419,1326.682723,
5,phase2,14,pair_015,0.083539,1316.840943,1326.699455,
6,phase2,14,pair_015,0.100121,1316.857504,1326.716038,
7,phase2,14,pair_015,0.116841,1316.874225,1326.732757,
8,phase2,14,pair_015,0.133443,1316.890824,1326.749359,
9,phase2,14,pair_015,0.150115,1316.907496,1326.766032,
10,phase2,14,pair_015,0.166807,1316.924188,1326.782723,
11,phase2,14,pair_015,0.183766,1316.941146,1326.799682,
12,phase2,14,pair_015,0.200454,1316.957836,1326.816371,
13,phase2,14,pair_015,0.216799,1316.97418,1326.832716,
14,phase2,14,pair_015,0.233465,1316.990846,1326.849381,
15,phase2,14,pair_015,0.250129,1317.00751,1326.866045,
16,phase2,14,pair_015,0.267113,1317.024494,1326.883029,
17,phase2,14,pair_015,0.283468,1317.040849,1326.899385,
18,phase2,14,pair_015,0.30012,1317.057503,1326.916037,
19,phase2,14,pair_015,0.317033,1317.074414,1326.93295,
20,phase2,14,pair_015,0.33345,1317.090831,1326.949366,
21,phase2,14,pair_015,0.350128,1317.107509,1326.966045,
22,phase2,14,pair_015,0.366769,1317.12415,1326.982686,
23,phase2,14,pair_015,0.383511,1317.140892,1326.999427,
24,phase2,14,pair_015,0.400115,1317.157495,1327.016031,
25,phase2,14,pair_015,0.416783,1317.174164,1327.032699,
26,phase2,14,pair_015,0.433449,1317.190834,1327.049365,
27,phase2,14,pair_015,0.450145,1317.207525,1327.066061,
28,phase2,14,pair_015,0.467108,1317.224489,1327.083025,
29,phase2,14,pair_015,0.483753,1317.241134,1327.09967,
30,phase2,14,pair_015,0.500123,1317.257508,1327.11604,
31,phase2,14,pair_015,0.516793,1317.274174,1327.132709,
32,phase2,14,pair_015,0.533453,1317.290835,1327.14937,
33,phase2,14,pair_015,0.550092,1317.307472,1327.166008,
34,phase2,14,pair_015,0.566767,1317.324148,1327.182684,
35,phase2,14,pair_015,0.583468,1317.340849,1327.199384,
36,phase2,14,pair_015,0.600157,1317.357538,1327.216073,
37,phase2,14,pair_015,0.617089,1317.374469,1327.233005,
38,phase2,14,pair_015,0.633459,1317.390841,1327.249375,
39,phase2,14,pair_015,0.650124,1317.407504,1327.26604,
40,phase2,14,pair_015,0.666821,1317.424202,1327.282738,
41,phase2,14,pair_015,0.683772,1317.441153,1327.299689,
42,phase2,14,pair_015,0.70012,1317.4575,1327.316036,
43,phase2,14,pair_015,0.716779,1317.474159,1327.332695,
44,phase2,14,pair_015,0.733698,1317.491078,1327.349614,
45,phase2,14,pair_015,0.750079,1317.507459,1327.365995,
46,phase2,14,pair_015,0.76675,1317.524131,1327.382667,
47,phase2,14,pair_015,0.783455,1317.540836,1327.399371,
48,phase2,14,pair_015,0.800108,1317.55749,1327.416024,
49,phase2,14,pair_015,0.816777,1317.574157,1327.432693,
50,phase2,14,pair_015,0.833764,1317.591145,1327.44968,
51,phase2,14,pair_015,0.850119,1317.607499,1327.466035,
52,phase2,14,pair_015,0.866787,1317.624168,1327.482704,
53,phase2,14,pair_015,0.883444,1317.640824,1327.49936,
54,phase2,14,pair_015,0.900094,1317.657474,1327.51601,
55,phase2,14,pair_015,0.916752,1317.674142,1327.532668,
56,phase2,14,pair_015,0.933489,1317.690869,1327.549405,
57,phase2,14,pair_015,0.950417,1317.707798,1327.566333,
58,phase2,14,pair_015,0.967074,1317.724454,1327.58299,
59,phase2,14,pair_015,0.983444,1317.740824,1327.59936,
60,phase2,14,pair_015,1.000179,1317.757562,1327.616095,
61,phase2,14,pair_015,1.01676,1317.77414,1327.632676,
62,phase2,14,pair_015,1.03376,1317.79114,1327.649676,
63,phase2,14,pair_015,1.050091,1317.807472,1327.666007,
64,phase2,14,pair_015,1.066696,1317.824077,1327.682612,
65,phase2,14,pair_015,1.083411,1317.840791,1327.699327,
66,phase2,14,pair_015,1.100404,1317.857785,1327.71632,
67,phase2,14,pair_015,1.11678,1317.87416,1327.732696,
68,phase2,14,pair_015,1.133385,1317.890765,1327.749301,
69,phase2,14,pair_015,1.150157,1317.907538,1327.766073,
70,phase2,14,pair_015,1.166755,1317.924136,1327.782671,
71,phase2,14,pair_015,1.18374,1317.941121,1327.799656,
72,phase2,14,pair_015,1.200061,1317.957442,1327.815978,
73,phase2,14,pair_015,1.21679,1317.974171,1327.832707,
74,phase2,14,pair_015,1.233421,1317.990802,1327.849338,
75,phase2,14,pair_015,1.250386,1318.007767,1327.866303,
76,phase2,14,pair_015,1.266695,1318.024075,1327.882611,
77,phase2,14,pair_015,1.283432,1318.040813,1327.899348,
78,phase2,14,pair_015,1.300033,1318.057414,1327.915949,
79,phase2,14,pair_015,1.317066,1318.074447,1327.932982,
80,phase2,14,pair_015,1.333443,1318.090823,1327.949359,
81,phase2,14,pair_015,1.350147,1318.10753,1327.966063,
82,phase2,14,pair_015,1.366743,1318.124124,1327.982659,
83,phase2,14,pair_015,1.383736,1318.141117,1327.999652,
84,phase2,14,pair_015,1.400093,1318.157473,1328.016009,
85,phase2,14,pair_015,1.416796,1318.174177,1328.032712,
86,phase2,14,pair_015,1.433451,1318.190831,1328.049367,
87,phase2,14,pair_015,1.450429,1318.207809,1328.066345,
88,phase2,14,pair_015,1.466758,1318.224139,1328.082674,
89,phase2,14,pair_015,1.483495,1318.240877,1328.099411,
90,phase2,14,pair_015,1.500038,1318.257418,1328.115954,
0,phase2,14,pair_015,0.0,1318.274074,1328.132601,iti_onset_dur_1.084
1,phase2,14,pair_015,0.016705,1318.29077,1328.149306,
2,phase2,14,pair_015,0.033371,1318.307436,1328.165972,
3,phase2,14,pair_015,0.050044,1318.32411,1328.182645,
4,phase2,14,pair_015,0.066715,1318.34078,1328.199316,
5,phase2,14,pair_015,0.083694,1318.357758,1328.216294,
6,phase2,14,pair_015,0.100076,1318.374141,1328.232677,
7,phase2,14,pair_015,0.116704,1318.390768,1328.249305,
8,phase2,14,pair_015,0.133348,1318.407412,1328.265948,
9,phase2,14,pair_015,0.150391,1318.424455,1328.282991,
10,phase2,14,pair_015,0.166691,1318.440755,1328.299292,
11,phase2,14,pair_015,0.183441,1318.457505,1328.316042,
12,phase2,14,pair_015,0.20033,1318.474395,1328.332931,
13,phase2,14,pair_015,0.21703,1318.491094,1328.34963,
14,phase2,14,pair_015,0.233381,1318.507446,1328.365982,
15,phase2,14,pair_015,0.250003,1318.524067,1328.382603,
16,phase2,14,pair_015,0.26673,1318.540795,1328.399331,
17,phase2,14,pair_015,0.283701,1318.557765,1328.416302,
18,phase2,14,pair_015,0.300039,1318.574104,1328.43264,
19,phase2,14,pair_015,0.316726,1318.590792,1328.449327,
20,phase2,14,pair_015,0.333642,1318.607707,1328.466243,
21,phase2,14,pair_015,0.350369,1318.624434,1328.48297,
22,phase2,14,pair_015,0.366717,1318.640781,1328.499318,
23,phase2,14,pair_015,0.383413,1318.657477,1328.516013,
24,phase2,14,pair_015,0.400043,1318.674107,1328.532644,
25,phase2,14,pair_015,0.417038,1318.691102,1328.549639,
26,phase2,14,pair_015,0.433671,1318.707735,1328.566272,
27,phase2,14,pair_015,0.450077,1318.724141,1328.582678,
28,phase2,14,pair_015,0.466709,1318.740776,1328.59931,
29,phase2,14,pair_015,0.48336,1318.757424,1328.615961,
30,phase2,14,pair_015,0.500335,1318.7744,1328.632936,
31,phase2,14,pair_015,0.51673,1318.790794,1328.64933,
32,phase2,14,pair_015,0.533431,1318.807495,1328.666031,
33,phase2,14,pair_015,0.550042,1318.824106,1328.682643,
34,phase2,14,pair_015,0.567009,1318.841073,1328.69961,
35,phase2,14,pair_015,0.583373,1318.857437,1328.715973,
36,phase2,14,pair_015,0.600288,1318.874352,1328.732888,
37,phase2,14,pair_015,0.61666,1318.890725,1328.749261,
38,phase2,14,pair_015,0.633683,1318.907748,1328.766284,
39,phase2,14,pair_015,0.650064,1318.924128,1328.782664,
40,phase2,14,pair_015,0.666694,1318.940758,1328.799294,
41,phase2,14,pair_015,0.683368,1318.957432,1328.815969,
42,phase2,14,pair_015,0.700344,1318.974408,1328.832945,
43,phase2,14,pair_015,0.716721,1318.990785,1328.849322,
44,phase2,14,pair_015,0.733479,1319.007563,1328.86608,
45,phase2,14,pair_015,0.750103,1319.024168,1328.882704,
46,phase2,14,pair_015,0.767033,1319.041097,1328.899633,
47,phase2,14,pair_015,0.783649,1319.057713,1328.916249,
48,phase2,14,pair_015,0.800073,1319.074142,1328.932674,
49,phase2,14,pair_015,0.816701,1319.090765,1328.949301,
50,phase2,14,pair_015,0.833357,1319.107421,1328.965958,
51,phase2,14,pair_015,0.850052,1319.124117,1328.982653,
52,phase2,14,pair_015,0.866714,1319.140779,1328.999315,
53,phase2,14,pair_015,0.883374,1319.157438,1329.015974,
54,phase2,14,pair_015,0.900342,1319.174406,1329.032943,
55,phase2,14,pair_015,0.916709,1319.190775,1329.04931,
56,phase2,14,pair_015,0.933412,1319.207476,1329.066013,
57,phase2,14,pair_015,0.950049,1319.224119,1329.08265,
58,phase2,14,pair_015,0.967007,1319.241071,1329.099608,
59,phase2,14,pair_015,0.98365,1319.257714,1329.116251,
60,phase2,14,pair_015,1.000049,1319.274114,1329.13265,
61,phase2,14,pair_015,1.016766,1319.290831,1329.149367,
62,phase2,14,pair_015,1.033367,1319.307431,1329.165968,
63,phase2,14,pair_015,1.050338,1319.324402,1329.182939,
64,phase2,14,pair_015,1.066698,1319.340763,1329.199299,
65,phase2,14,pair_015,1.083359,1319.357423,1329.215959,
0,phase2,14,pair_015,0.0,1319.374349,1329.23288,single_opt_onset_seq2_opt4_日神
1,phase2,14,pair_015,0.016729,1319.391074,1329.249609,
2,phase2,14,pair_015,0.033058,1319.407403,1329.265939,
3,phase2,14,pair_015,0.04998,1319.424326,1329.282861,
4,phase2,14,pair_015,0.066677,1319.441022,1329.299558,
5,phase2,14,pair_015,0.083067,1319.457412,1329.315948,
6,phase2,14,pair_015,0.100037,1319.474382,1329.332917,
7,phase2,14,pair_015,0.116408,1319.490752,1329.349288,
8,phase2,14,pair_015,0.133082,1319.507426,1329.365962,
9,phase2,14,pair_015,0.150025,1319.52437,1329.382906,
10,phase2,14,pair_015,0.166706,1319.541051,1329.399587,
11,phase2,14,pair_015,0.183072,1319.557417,1329.415952,
12,phase2,14,pair_015,0.199749,1319.574094,1329.43263,
13,phase2,14,pair_015,0.21641,1319.590754,1329.44929,
14,phase2,14,pair_015,0.233372,1319.607716,1329.466252,
15,phase2,14,pair_015,0.249737,1319.624082,1329.482617,
16,phase2,14,pair_015,0.266375,1319.640719,1329.499255,
17,phase2,14,pair_015,0.283034,1319.657378,1329.515914,
18,phase2,14,pair_015,0.300034,1319.674378,1329.532914,
19,phase2,14,pair_015,0.316408,1319.690753,1329.549288,
20,phase2,14,pair_015,0.333091,1319.707435,1329.565971,
21,phase2,14,pair_015,0.349723,1319.724068,1329.582603,
22,phase2,14,pair_015,0.366349,1319.740694,1329.59923,
23,phase2,14,pair_015,0.383099,1319.757444,1329.61598,
24,phase2,14,pair_015,0.399757,1319.774102,1329.632638,
25,phase2,14,pair_015,0.416439,1319.790783,1329.649319,
26,phase2,14,pair_015,0.433382,1319.807727,1329.666262,
27,phase2,14,pair_015,0.449734,1319.824079,1329.682615,
28,phase2,14,pair_015,0.466662,1319.841009,1329.699542,
29,phase2,14,pair_015,0.483065,1319.857409,1329.715945,
30,phase2,14,pair_015,0.500058,1319.874402,1329.732938,
31,phase2,14,pair_015,0.516695,1319.89104,1329.749575,
32,phase2,14,pair_015,0.533112,1319.907457,1329.765992,
33,phase2,14,pair_015,0.549712,1319.924057,1329.782593,
34,phase2,14,pair_015,0.566706,1319.941051,1329.799586,
35,phase2,14,pair_015,0.583351,1319.957696,1329.816232,
36,phase2,14,pair_015,0.599728,1319.974072,1329.832608,
37,phase2,14,pair_015,0.616428,1319.990772,1329.849308,
38,phase2,14,pair_015,0.633376,1320.007721,1329.866256,
39,phase2,14,pair_015,0.650027,1320.024372,1329.882908,
40,phase2,14,pair_015,0.666375,1320.040719,1329.899255,
41,phase2,14,pair_015,0.683066,1320.057411,1329.915946,
42,phase2,14,pair_015,0.700032,1320.074376,1329.932912,
43,phase2,14,pair_015,0.716697,1320.091041,1329.949577,
44,phase2,14,pair_015,0.733113,1320.107457,1329.965993,
45,phase2,14,pair_015,0.749778,1320.124123,1329.982659,
46,phase2,14,pair_015,0.766303,1320.140647,1329.999183,
47,phase2,14,pair_015,0.783345,1320.157689,1330.016225,
48,phase2,14,pair_015,0.799715,1320.17406,1330.032596,
49,phase2,14,pair_015,0.816413,1320.190758,1330.049294,
50,phase2,14,pair_015,0.833119,1320.207463,1330.065999,
51,phase2,14,pair_015,0.849679,1320.224024,1330.08256,
52,phase2,14,pair_015,0.866394,1320.240739,1330.099275,
53,phase2,14,pair_015,0.883096,1320.25744,1330.115976,
54,phase2,14,pair_015,0.899989,1320.274334,1330.13287,
55,phase2,14,pair_015,0.916384,1320.290729,1330.149264,
56,phase2,14,pair_015,0.933329,1320.307673,1330.16621,
57,phase2,14,pair_015,0.949952,1320.324296,1330.182833,
58,phase2,14,pair_015,0.966386,1320.340731,1330.199266,
59,phase2,14,pair_015,0.982984,1320.357331,1330.215864,
60,phase2,14,pair_015,1.000015,1320.37436,1330.232895,
61,phase2,14,pair_015,1.016387,1320.390731,1330.249267,
62,phase2,14,pair_015,1.033042,1320.407386,1330.265922,
63,phase2,14,pair_015,1.049692,1320.424037,1330.282573,
64,phase2,14,pair_015,1.0667,1320.441044,1330.29958,
65,phase2,14,pair_015,1.083021,1320.457366,1330.315902,
66,phase2,14,pair_015,1.099693,1320.474038,1330.332574,
67,phase2,14,pair_015,1.116375,1320.490719,1330.349255,
68,phase2,14,pair_015,1.133015,1320.50736,1330.365896,
69,phase2,14,pair_015,1.149711,1320.524055,1330.382591,
70,phase2,14,pair_015,1.166422,1320.540767,1330.399303,
71,phase2,14,pair_015,1.183091,1320.557436,1330.415971,
72,phase2,14,pair_015,1.199684,1320.574028,1330.432564,
73,phase2,14,pair_015,1.216646,1320.59099,1330.449526,
74,phase2,14,pair_015,1.233082,1320.607427,1330.465963,
75,phase2,14,pair_015,1.24965,1320.623995,1330.482531,
76,phase2,14,pair_015,1.266356,1320.640701,1330.499237,
77,phase2,14,pair_015,1.283327,1320.657672,1330.516208,
78,phase2,14,pair_015,1.299694,1320.674038,1330.532574,
79,phase2,14,pair_015,1.316367,1320.690712,1330.549248,
80,phase2,14,pair_015,1.333015,1320.70736,1330.565896,
81,phase2,14,pair_015,1.349861,1320.724207,1330.582741,
82,phase2,14,pair_015,1.366796,1320.741141,1330.599677,
83,phase2,14,pair_015,1.383435,1320.75778,1330.616315,
84,phase2,14,pair_015,1.399807,1320.774152,1330.632688,
85,phase2,14,pair_015,1.416483,1320.790831,1330.649363,
86,phase2,14,pair_015,1.43317,1320.807515,1330.666051,
87,phase2,14,pair_015,1.450116,1320.82446,1330.682996,
88,phase2,14,pair_015,1.466475,1320.840823,1330.699355,
89,phase2,14,pair_015,1.483135,1320.857479,1330.716015,
90,phase2,14,pair_015,1.499772,1320.874117,1330.732653,
0,phase2,14,pair_015,0.0,1320.890805,1330.749338,iti_onset_dur_0.929
1,phase2,14,pair_015,0.016633,1320.907436,1330.765972,
2,phase2,14,pair_015,0.033326,1320.924128,1330.782664,
3,phase2,14,pair_015,0.05005,1320.940853,1330.799388,
4,phase2,14,pair_015,0.066971,1320.957773,1330.816309,
5,phase2,14,pair_015,0.083337,1320.974139,1330.832675,
6,phase2,14,pair_015,0.099969,1320.99077,1330.849307,
7,phase2,14,pair_015,0.116729,1321.007531,1330.866068,
8,phase2,14,pair_015,0.133668,1321.02447,1330.883006,
9,phase2,14,pair_015,0.149987,1321.040789,1330.899325,
10,phase2,14,pair_015,0.166651,1321.057453,1330.91599,
11,phase2,14,pair_015,0.183351,1321.074153,1330.932689,
12,phase2,14,pair_015,0.199994,1321.090989,1330.949332,
13,phase2,14,pair_015,0.216667,1321.107469,1330.966005,
14,phase2,14,pair_015,0.23333,1321.124139,1330.982668,
15,phase2,14,pair_015,0.250039,1321.140842,1330.999377,
16,phase2,14,pair_015,0.266659,1321.157461,1331.015997,
17,phase2,14,pair_015,0.283647,1321.174449,1331.032985,
18,phase2,14,pair_015,0.299991,1321.190792,1331.049329,
19,phase2,14,pair_015,0.316693,1321.207495,1331.066031,
20,phase2,14,pair_015,0.333346,1321.224148,1331.082685,
21,phase2,14,pair_015,0.350306,1321.241108,1331.099644,
22,phase2,14,pair_015,0.366668,1321.257469,1331.116006,
23,phase2,14,pair_015,0.383364,1321.274166,1331.132702,
24,phase2,14,pair_015,0.400297,1321.291099,1331.149636,
25,phase2,14,pair_015,0.416961,1321.307763,1331.166299,
26,phase2,14,pair_015,0.433279,1321.324081,1331.182617,
27,phase2,14,pair_015,0.44998,1321.340785,1331.199319,
28,phase2,14,pair_015,0.466703,1321.357505,1331.216042,
29,phase2,14,pair_015,0.483649,1321.374451,1331.232987,
30,phase2,14,pair_015,0.499995,1321.390797,1331.249333,
31,phase2,14,pair_015,0.516651,1321.407463,1331.265989,
32,phase2,14,pair_015,0.533387,1321.424189,1331.282726,
33,phase2,14,pair_015,0.549976,1321.440778,1331.299314,
34,phase2,14,pair_015,0.566955,1321.457756,1331.316293,
35,phase2,14,pair_015,0.583311,1321.474113,1331.332649,
36,phase2,14,pair_015,0.600021,1321.490829,1331.349359,
37,phase2,14,pair_015,0.616647,1321.507449,1331.365986,
38,phase2,14,pair_015,0.63334,1321.524142,1331.382679,
39,phase2,14,pair_015,0.649991,1321.540793,1331.39933,
40,phase2,14,pair_015,0.666641,1321.557443,1331.415979,
41,phase2,14,pair_015,0.683331,1321.574134,1331.432669,
42,phase2,14,pair_015,0.700306,1321.591108,1331.449644,
43,phase2,14,pair_015,0.716674,1321.607476,1331.466012,
44,phase2,14,pair_015,0.733323,1321.624125,1331.482661,
45,phase2,14,pair_015,0.749972,1321.640774,1331.49931,
46,phase2,14,pair_015,0.76696,1321.657762,1331.516298,
47,phase2,14,pair_015,0.783321,1321.674124,1331.532659,
48,phase2,14,pair_015,0.800025,1321.690828,1331.549363,
49,phase2,14,pair_015,0.816672,1321.707474,1331.56601,
50,phase2,14,pair_015,0.833591,1321.724393,1331.582929,
51,phase2,14,pair_015,0.849961,1321.740763,1331.599299,
52,phase2,14,pair_015,0.866691,1321.757492,1331.616029,
53,phase2,14,pair_015,0.883347,1321.774149,1331.632686,
54,phase2,14,pair_015,0.899958,1321.790769,1331.649296,
55,phase2,14,pair_015,0.916654,1321.80746,1331.665993,
0,phase2,14,pair_015,0.0,1321.824125,1331.682658,single_opt_onset_seq3_opt1_日工
1,phase2,14,pair_015,0.01666,1321.840784,1331.699319,
2,phase2,14,pair_015,0.033303,1321.857426,1331.715961,
3,phase2,14,pair_015,0.04997,1321.874094,1331.732628,
4,phase2,14,pair_015,0.066553,1321.890675,1331.749211,
5,phase2,14,pair_015,0.083299,1321.907421,1331.765957,
6,phase2,14,pair_015,0.099945,1321.924067,1331.782603,
7,phase2,14,pair_015,0.116629,1321.940751,1331.799287,
8,phase2,14,pair_015,0.133327,1321.957449,1331.815985,
9,phase2,14,pair_015,0.150043,1321.974167,1331.832701,
10,phase2,14,pair_015,0.16667,1321.990792,1331.849328,
11,phase2,14,pair_015,0.183623,1322.007745,1331.866281,
12,phase2,14,pair_015,0.199971,1322.024094,1331.882629,
13,phase2,14,pair_015,0.216645,1322.040768,1331.899303,
14,phase2,14,pair_015,0.233639,1322.057762,1331.916297,
15,phase2,14,pair_015,0.250232,1322.074355,1331.93289,
16,phase2,14,pair_015,0.266649,1322.090771,1331.949307,
17,phase2,14,pair_015,0.283363,1322.107486,1331.966021,
18,phase2,14,pair_015,0.300018,1322.12414,1331.982676,
19,phase2,14,pair_015,0.316959,1322.141081,1331.999617,
20,phase2,14,pair_015,0.333275,1322.157397,1332.015933,
21,phase2,14,pair_015,0.350044,1322.174166,1332.032702,
22,phase2,14,pair_015,0.366719,1322.190844,1332.049377,
23,phase2,14,pair_015,0.383642,1322.207766,1332.0663,
24,phase2,14,pair_015,0.399996,1322.224118,1332.082654,
25,phase2,14,pair_015,0.41669,1322.240812,1332.099349,
26,phase2,14,pair_015,0.433324,1322.257448,1332.115983,
27,phase2,14,pair_015,0.4503,1322.274422,1332.132958,
28,phase2,14,pair_015,0.466656,1322.290779,1332.149314,
29,phase2,14,pair_015,0.483302,1322.307424,1332.16596,
30,phase2,14,pair_015,0.499967,1322.324089,1332.182625,
31,phase2,14,pair_015,0.516923,1322.341046,1332.199581,
32,phase2,14,pair_015,0.533319,1322.357442,1332.215978,
33,phase2,14,pair_015,0.549987,1322.374109,1332.232645,
34,phase2,14,pair_015,0.566642,1322.390764,1332.2493,
35,phase2,14,pair_015,0.583621,1322.407743,1332.266279,
36,phase2,14,pair_015,0.600231,1322.424353,1332.282889,
37,phase2,14,pair_015,0.616645,1322.440769,1332.299303,
38,phase2,14,pair_015,0.633369,1322.457494,1332.316027,
39,phase2,14,pair_015,0.649967,1322.474089,1332.332625,
40,phase2,14,pair_015,0.666945,1322.491068,1332.349604,
41,phase2,14,pair_015,0.683311,1322.507434,1332.365969,
42,phase2,14,pair_015,0.70003,1322.524154,1332.382689,
43,phase2,14,pair_015,0.716887,1322.54101,1332.399546,
44,phase2,14,pair_015,0.733304,1322.557426,1332.415962,
45,phase2,14,pair_015,0.749957,1322.574082,1332.432615,
46,phase2,14,pair_015,0.766577,1322.590699,1332.449235,
47,phase2,14,pair_015,0.783379,1322.607501,1332.466037,
48,phase2,14,pair_015,0.800279,1322.624401,1332.482937,
49,phase2,14,pair_015,0.816652,1322.640774,1332.49931,
50,phase2,14,pair_015,0.833333,1322.657455,1332.515991,
51,phase2,14,pair_015,0.850025,1322.674147,1332.532683,
52,phase2,14,pair_015,0.866621,1322.690748,1332.549279,
53,phase2,14,pair_015,0.883597,1322.70772,1332.566255,
54,phase2,14,pair_015,0.900013,1322.724135,1332.582671,
55,phase2,14,pair_015,0.916629,1322.740751,1332.599287,
56,phase2,14,pair_015,0.933635,1322.757758,1332.616294,
57,phase2,14,pair_015,0.949917,1322.77404,1332.632575,
58,phase2,14,pair_015,0.966684,1322.790813,1332.649342,
59,phase2,14,pair_015,0.983333,1322.807455,1332.665991,
60,phase2,14,pair_015,0.999919,1322.824041,1332.682577,
61,phase2,14,pair_015,1.016909,1322.841031,1332.699567,
62,phase2,14,pair_015,1.03329,1322.857412,1332.715948,
63,phase2,14,pair_015,1.050192,1322.874315,1332.73285,
64,phase2,14,pair_015,1.066617,1322.890739,1332.749275,
65,phase2,14,pair_015,1.083596,1322.907723,1332.766254,
66,phase2,14,pair_015,1.09999,1322.924112,1332.782648,
67,phase2,14,pair_015,1.116671,1322.940793,1332.799329,
68,phase2,14,pair_015,1.133296,1322.957418,1332.815954,
69,phase2,14,pair_015,1.150264,1322.974386,1332.832922,
70,phase2,14,pair_015,1.166611,1322.990733,1332.849269,
71,phase2,14,pair_015,1.183311,1323.007434,1332.86597,
72,phase2,14,pair_015,1.199965,1323.024088,1332.882623,
73,phase2,14,pair_015,1.2166,1323.040723,1332.899259,
74,phase2,14,pair_015,1.233296,1323.057423,1332.915954,
75,phase2,14,pair_015,1.249938,1323.07406,1332.932596,
76,phase2,14,pair_015,1.266628,1323.09075,1332.949286,
77,phase2,14,pair_015,1.283254,1323.107376,1332.965912,
78,phase2,14,pair_015,1.299958,1323.124081,1332.982616,
79,phase2,14,pair_015,1.316891,1323.141024,1332.999549,
80,phase2,14,pair_015,1.333221,1323.157344,1333.01588,
81,phase2,14,pair_015,1.350296,1323.174419,1333.032955,
82,phase2,14,pair_015,1.366596,1323.190718,1333.049254,
83,phase2,14,pair_015,1.383344,1323.207468,1333.066002,
84,phase2,14,pair_015,1.399953,1323.224075,1333.082611,
85,phase2,14,pair_015,1.416602,1323.240724,1333.09926,
86,phase2,14,pair_015,1.433585,1323.257707,1333.116243,
87,phase2,14,pair_015,1.449985,1323.274107,1333.132643,
88,phase2,14,pair_015,1.466638,1323.29076,1333.149296,
89,phase2,14,pair_015,1.48326,1323.307382,1333.165918,
90,phase2,14,pair_015,1.50024,1323.324363,1333.182898,
0,phase2,14,pair_015,0.0,1323.340724,1333.199258,iti_onset_dur_1.354
1,phase2,14,pair_015,0.016725,1323.357446,1333.215983,
2,phase2,14,pair_015,0.033323,1323.374045,1333.232581,
3,phase2,14,pair_015,0.050003,1323.390725,1333.249261,
4,phase2,14,pair_015,0.066663,1323.407385,1333.265921,
5,phase2,14,pair_015,0.083384,1323.424107,1333.282642,
6,phase2,14,pair_015,0.099965,1323.440687,1333.299223,
7,phase2,14,pair_015,0.116651,1323.457373,1333.315909,
8,phase2,14,pair_015,0.13364,1323.474361,1333.332898,
9,phase2,14,pair_015,0.149987,1323.490709,1333.349245,
10,phase2,14,pair_015,0.166652,1323.507373,1333.36591,
11,phase2,14,pair_015,0.183327,1323.524048,1333.382584,
12,phase2,14,pair_015,0.200285,1323.541006,1333.399543,
13,phase2,14,pair_015,0.216677,1323.557398,1333.415935,
14,phase2,14,pair_015,0.233347,1323.574068,1333.432605,
15,phase2,14,pair_015,0.249977,1323.590699,1333.449235,
16,phase2,14,pair_015,0.266975,1323.607696,1333.466232,
17,phase2,14,pair_015,0.283345,1323.624067,1333.482603,
18,phase2,14,pair_015,0.299988,1323.64071,1333.499246,
19,phase2,14,pair_015,0.316981,1323.657702,1333.516239,
20,phase2,14,pair_015,0.333227,1323.673949,1333.532485,
21,phase2,14,pair_015,0.350005,1323.690727,1333.549263,
22,phase2,14,pair_015,0.366671,1323.707393,1333.565929,
23,phase2,14,pair_015,0.383584,1323.724305,1333.582842,
24,phase2,14,pair_015,0.400294,1323.741016,1333.599552,
25,phase2,14,pair_015,0.416649,1323.757371,1333.615907,
26,phase2,14,pair_015,0.433384,1323.774105,1333.632642,
27,phase2,14,pair_015,0.45004,1323.790761,1333.649297,
28,phase2,14,pair_015,0.466963,1323.807685,1333.666221,
29,phase2,14,pair_015,0.483319,1323.824041,1333.682577,
30,phase2,14,pair_015,0.500005,1323.840726,1333.699262,
31,phase2,14,pair_015,0.516649,1323.85737,1333.715907,
32,phase2,14,pair_015,0.533607,1323.874328,1333.732864,
33,phase2,14,pair_015,0.549925,1323.890647,1333.749183,
34,phase2,14,pair_015,0.566608,1323.907331,1333.765866,
35,phase2,14,pair_015,0.583288,1323.92401,1333.782546,
36,phase2,14,pair_015,0.5999,1323.940622,1333.799158,
37,phase2,14,pair_015,0.616951,1323.957673,1333.816209,
38,phase2,14,pair_015,0.633328,1323.97405,1333.832586,
39,phase2,14,pair_015,0.649972,1323.990694,1333.84923,
40,phase2,14,pair_015,0.666634,1324.007355,1333.865892,
41,phase2,14,pair_015,0.683612,1324.024333,1333.88287,
42,phase2,14,pair_015,0.700005,1324.040727,1333.899263,
43,phase2,14,pair_015,0.716706,1324.057433,1333.915964,
44,phase2,14,pair_015,0.733283,1324.074005,1333.932541,
45,phase2,14,pair_015,0.750295,1324.091017,1333.949553,
46,phase2,14,pair_015,0.76668,1324.107402,1333.965938,
47,phase2,14,pair_015,0.783288,1324.124009,1333.982545,
48,phase2,14,pair_015,0.799945,1324.140666,1333.999203,
49,phase2,14,pair_015,0.816623,1324.157344,1334.01588,
50,phase2,14,pair_015,0.833328,1324.17405,1334.032586,
51,phase2,14,pair_015,0.849966,1324.190687,1334.049224,
52,phase2,14,pair_015,0.86669,1324.207411,1334.065947,
53,phase2,14,pair_015,0.883305,1324.224027,1334.082563,
54,phase2,14,pair_015,0.900277,1324.240999,1334.099535,
55,phase2,14,pair_015,0.916728,1324.257451,1334.115985,
56,phase2,14,pair_015,0.933268,1324.273989,1334.132525,
57,phase2,14,pair_015,0.949976,1324.290697,1334.149234,
58,phase2,14,pair_015,0.966922,1324.307644,1334.16618,
59,phase2,14,pair_015,0.983295,1324.324016,1334.182553,
60,phase2,14,pair_015,0.999977,1324.340698,1334.199234,
61,phase2,14,pair_015,1.016928,1324.35765,1334.216186,
62,phase2,14,pair_015,1.033593,1324.374315,1334.232851,
63,phase2,14,pair_015,1.049966,1324.390687,1334.249223,
64,phase2,14,pair_015,1.06664,1324.407362,1334.265898,
65,phase2,14,pair_015,1.083288,1324.42401,1334.282546,
66,phase2,14,pair_015,1.100275,1324.440997,1334.299533,
67,phase2,14,pair_015,1.116656,1324.457378,1334.315914,
68,phase2,14,pair_015,1.133367,1324.474089,1334.332625,
69,phase2,14,pair_015,1.150218,1324.490939,1334.349476,
70,phase2,14,pair_015,1.166603,1324.507324,1334.365861,
71,phase2,14,pair_015,1.183313,1324.524034,1334.382571,
72,phase2,14,pair_015,1.199915,1324.540636,1334.399173,
73,phase2,14,pair_015,1.216668,1324.557389,1334.415926,
74,phase2,14,pair_015,1.233285,1324.574007,1334.432543,
75,phase2,14,pair_015,1.249974,1324.590696,1334.449232,
76,phase2,14,pair_015,1.266648,1324.60737,1334.465906,
77,phase2,14,pair_015,1.283279,1324.624,1334.482536,
78,phase2,14,pair_015,1.299913,1324.640634,1334.499171,
79,phase2,14,pair_015,1.316721,1324.657443,1334.515979,
80,phase2,14,pair_015,1.333397,1324.674124,1334.532655,
81,phase2,14,pair_015,1.350383,1324.691105,1334.549641,
0,phase2,14,pair_015,0.0,1324.707465,1334.565996,single_opt_onset_seq4_opt2_中暑
1,phase2,14,pair_015,0.016652,1324.724113,1334.582648,
2,phase2,14,pair_015,0.033654,1324.741116,1334.599651,
3,phase2,14,pair_015,0.050262,1324.757722,1334.616258,
4,phase2,14,pair_015,0.066676,1324.774137,1334.632672,
5,phase2,14,pair_015,0.083323,1324.790784,1334.649319,
6,phase2,14,pair_015,0.09998,1324.807441,1334.665977,
7,phase2,14,pair_015,0.116967,1324.824428,1334.682964,
8,phase2,14,pair_015,0.13332,1324.84078,1334.699316,
9,phase2,14,pair_015,0.150006,1324.857469,1334.716002,
10,phase2,14,pair_015,0.166958,1324.874418,1334.732954,
11,phase2,14,pair_015,0.183313,1324.890773,1334.749309,
12,phase2,14,pair_015,0.199982,1324.907442,1334.765978,
13,phase2,14,pair_015,0.216629,1324.92409,1334.782626,
14,phase2,14,pair_015,0.23328,1324.940741,1334.799276,
15,phase2,14,pair_015,0.250314,1324.957774,1334.81631,
16,phase2,14,pair_015,0.266663,1324.974125,1334.832659,
17,phase2,14,pair_015,0.283323,1324.990784,1334.84932,
18,phase2,14,pair_015,0.300039,1325.0075,1334.866035,
19,phase2,14,pair_015,0.316919,1325.02438,1334.882915,
20,phase2,14,pair_015,0.333316,1325.040779,1334.899313,
21,phase2,14,pair_015,0.349968,1325.057429,1334.915965,
22,phase2,14,pair_015,0.366658,1325.074119,1334.932655,
23,phase2,14,pair_015,0.383295,1325.090756,1334.949292,
24,phase2,14,pair_015,0.400276,1325.107737,1334.966273,
25,phase2,14,pair_015,0.416615,1325.124076,1334.982611,
26,phase2,14,pair_015,0.433368,1325.14083,1334.999365,
27,phase2,14,pair_015,0.449974,1325.157434,1335.01597,
28,phase2,14,pair_015,0.466651,1325.174118,1335.032648,
29,phase2,14,pair_015,0.483306,1325.190766,1335.049302,
30,phase2,14,pair_015,0.500003,1325.207464,1335.066,
31,phase2,14,pair_015,0.516647,1325.224108,1335.082644,
32,phase2,14,pair_015,0.533622,1325.241082,1335.099618,
33,phase2,14,pair_015,0.549982,1325.257444,1335.115978,
34,phase2,14,pair_015,0.566633,1325.274093,1335.13263,
35,phase2,14,pair_015,0.583334,1325.290796,1335.14933,
36,phase2,14,pair_015,0.599959,1325.307419,1335.165955,
37,phase2,14,pair_015,0.616664,1325.324125,1335.18266,
38,phase2,14,pair_015,0.633307,1325.340767,1335.199303,
39,phase2,14,pair_015,0.650018,1325.357478,1335.216014,
40,phase2,14,pair_015,0.666973,1325.374437,1335.23297,
41,phase2,14,pair_015,0.683287,1325.390748,1335.249284,
42,phase2,14,pair_015,0.699977,1325.407439,1335.265973,
43,phase2,14,pair_015,0.716645,1325.424105,1335.282641,
44,phase2,14,pair_015,0.733614,1325.441078,1335.29961,
45,phase2,14,pair_015,0.749976,1325.457439,1335.315972,
46,phase2,14,pair_015,0.766617,1325.474078,1335.332614,
47,phase2,14,pair_015,0.783299,1325.490759,1335.349295,
48,phase2,14,pair_015,0.799956,1325.507416,1335.365952,
49,phase2,14,pair_015,0.816642,1325.524102,1335.382638,
50,phase2,14,pair_015,0.833265,1325.540725,1335.399261,
51,phase2,14,pair_015,0.850039,1325.5575,1335.416035,
52,phase2,14,pair_015,0.866611,1325.574072,1335.432608,
53,phase2,14,pair_015,0.883607,1325.591067,1335.449603,
54,phase2,14,pair_015,0.899958,1325.607418,1335.465954,
55,phase2,14,pair_015,0.916667,1325.624128,1335.482664,
56,phase2,14,pair_015,0.933589,1325.641051,1335.499586,
57,phase2,14,pair_015,0.950263,1325.657724,1335.51626,
58,phase2,14,pair_015,0.966623,1325.674083,1335.532619,
59,phase2,14,pair_015,0.983311,1325.690772,1335.549308,
60,phase2,14,pair_015,0.999968,1325.707429,1335.565964,
61,phase2,14,pair_015,1.016941,1325.724401,1335.582937,
62,phase2,14,pair_015,1.033297,1325.740757,1335.599293,
63,phase2,14,pair_015,1.04998,1325.757442,1335.615976,
64,phase2,14,pair_015,1.066934,1325.774395,1335.632931,
65,phase2,14,pair_015,1.083622,1325.791083,1335.649618,
66,phase2,14,pair_015,1.099923,1325.807383,1335.665919,
67,phase2,14,pair_015,1.116661,1325.824122,1335.682657,
68,phase2,14,pair_015,1.133351,1325.840812,1335.699348,
69,phase2,14,pair_015,1.150287,1325.857747,1335.716283,
70,phase2,14,pair_015,1.166917,1325.874377,1335.732913,
71,phase2,14,pair_015,1.183286,1325.890746,1335.749282,
72,phase2,14,pair_015,1.199946,1325.907407,1335.765943,
73,phase2,14,pair_015,1.216539,1325.923999,1335.782535,
74,phase2,14,pair_015,1.233579,1325.941039,1335.799575,
75,phase2,14,pair_015,1.249916,1325.95738,1335.815912,
76,phase2,14,pair_015,1.266668,1325.974129,1335.832664,
77,phase2,14,pair_015,1.283583,1325.991043,1335.849579,
78,phase2,14,pair_015,1.300247,1326.007707,1335.866243,
79,phase2,14,pair_015,1.316601,1326.024061,1335.882597,
80,phase2,14,pair_015,1.333313,1326.040774,1335.89931,
81,phase2,14,pair_015,1.350283,1326.057743,1335.916279,
82,phase2,14,pair_015,1.366913,1326.074374,1335.93291,
83,phase2,14,pair_015,1.383293,1326.090754,1335.94929,
84,phase2,14,pair_015,1.399987,1326.107448,1335.965984,
85,phase2,14,pair_015,1.416918,1326.124378,1335.982915,
86,phase2,14,pair_015,1.433591,1326.141053,1335.999587,
87,phase2,14,pair_015,1.449954,1326.157414,1336.01595,
88,phase2,14,pair_015,1.466663,1326.174123,1336.032659,
89,phase2,14,pair_015,1.483254,1326.190714,1336.04925,
90,phase2,14,pair_015,1.499929,1326.20739,1336.065926,
0,phase2,14,pair_015,0.0,1326.224094,1336.082625,iti_onset_dur_1.466
1,phase2,14,pair_015,0.016702,1326.240794,1336.099327,
2,phase2,14,pair_015,0.033605,1326.257694,1336.11623,
3,phase2,14,pair_015,0.049978,1326.274069,1336.132603,
4,phase2,14,pair_015,0.066937,1326.291025,1336.149561,
5,phase2,14,pair_015,0.083312,1326.307401,1336.165937,
6,phase2,14,pair_015,0.099974,1326.324063,1336.182599,
7,phase2,14,pair_015,0.116589,1326.340678,1336.199214,
8,phase2,14,pair_015,0.133582,1326.357671,1336.216207,
9,phase2,14,pair_015,0.149988,1326.37408,1336.232613,
10,phase2,14,pair_015,0.166694,1326.390785,1336.249319,
11,phase2,14,pair_015,0.183285,1326.407374,1336.26591,
12,phase2,14,pair_015,0.200262,1326.42435,1336.282886,
13,phase2,14,pair_015,0.21666,1326.440748,1336.299285,
14,phase2,14,pair_015,0.233337,1326.457425,1336.315962,
15,phase2,14,pair_015,0.249958,1326.47405,1336.332583,
16,phase2,14,pair_015,0.266954,1326.491043,1336.349579,
17,phase2,14,pair_015,0.283299,1326.507387,1336.365924,
18,phase2,14,pair_015,0.300184,1326.524272,1336.382809,
19,phase2,14,pair_015,0.31664,1326.540728,1336.399264,
20,phase2,14,pair_015,0.333606,1326.557694,1336.41623,
21,phase2,14,pair_015,0.349958,1326.574047,1336.432582,
22,phase2,14,pair_015,0.366681,1326.590769,1336.449306,
23,phase2,14,pair_015,0.38328,1326.607368,1336.465905,
24,phase2,14,pair_015,0.399947,1326.624036,1336.482572,
25,phase2,14,pair_015,0.416638,1326.640726,1336.499263,
26,phase2,14,pair_015,0.433314,1326.657402,1336.515939,
27,phase2,14,pair_015,0.450028,1326.674118,1336.532653,
28,phase2,14,pair_015,0.466594,1326.690682,1336.549219,
29,phase2,14,pair_015,0.483584,1326.707672,1336.566208,
30,phase2,14,pair_015,0.499984,1326.724077,1336.582608,
31,phase2,14,pair_015,0.516637,1326.740725,1336.599261,
32,phase2,14,pair_015,0.533283,1326.757372,1336.615908,
33,phase2,14,pair_015,0.549893,1326.773982,1336.632518,
34,phase2,14,pair_015,0.56663,1326.79072,1336.649254,
35,phase2,14,pair_015,0.583268,1326.807356,1336.665893,
36,phase2,14,pair_015,0.599977,1326.824066,1336.682602,
37,phase2,14,pair_015,0.616916,1326.841005,1336.699541,
38,phase2,14,pair_015,0.633317,1326.857406,1336.715942,
39,phase2,14,pair_015,0.650243,1326.874332,1336.732868,
40,phase2,14,pair_015,0.666588,1326.890677,1336.749213,
41,phase2,14,pair_015,0.683616,1326.907704,1336.766241,
42,phase2,14,pair_015,0.69993,1326.924018,1336.782554,
43,phase2,14,pair_015,0.716663,1326.940752,1336.799288,
44,phase2,14,pair_015,0.733317,1326.957412,1336.815942,
45,phase2,14,pair_015,0.749938,1326.974027,1336.832563,
46,phase2,14,pair_015,0.766637,1326.990726,1336.849262,
47,phase2,14,pair_015,0.783334,1327.007422,1336.865959,
48,phase2,14,pair_015,0.800283,1327.024371,1336.882908,
49,phase2,14,pair_015,0.816949,1327.041037,1336.899573,
50,phase2,14,pair_015,0.833295,1327.057383,1336.91592,
51,phase2,14,pair_015,0.849996,1327.074086,1336.93262,
52,phase2,14,pair_015,0.866605,1327.090693,1336.949229,
53,phase2,14,pair_015,0.883298,1327.107388,1336.965923,
54,phase2,14,pair_015,0.90021,1327.124298,1336.982834,
55,phase2,14,pair_015,0.916675,1327.140763,1336.9993,
56,phase2,14,pair_015,0.933284,1327.157372,1337.015909,
57,phase2,14,pair_015,0.949927,1327.174016,1337.032552,
58,phase2,14,pair_015,0.966921,1327.191009,1337.049546,
59,phase2,14,pair_015,0.983306,1327.207395,1337.065931,
60,phase2,14,pair_015,0.999952,1327.22404,1337.082577,
61,phase2,14,pair_015,1.016942,1327.24103,1337.099566,
62,phase2,14,pair_015,1.033581,1327.25767,1337.116206,
63,phase2,14,pair_015,1.04992,1327.274008,1337.132545,
64,phase2,14,pair_015,1.066858,1327.290947,1337.149483,
65,phase2,14,pair_015,1.083267,1327.307355,1337.165892,
66,phase2,14,pair_015,1.100257,1327.324346,1337.182882,
67,phase2,14,pair_015,1.11661,1327.340698,1337.199235,
68,phase2,14,pair_015,1.133297,1327.357385,1337.215921,
69,phase2,14,pair_015,1.149928,1327.374017,1337.232553,
70,phase2,14,pair_015,1.166577,1327.390665,1337.249202,
71,phase2,14,pair_015,1.183275,1327.407364,1337.2659,
72,phase2,14,pair_015,1.199941,1327.424029,1337.282566,
73,phase2,14,pair_015,1.21688,1327.440968,1337.299505,
74,phase2,14,pair_015,1.233217,1327.457305,1337.315842,
75,phase2,14,pair_015,1.249884,1327.473972,1337.332509,
76,phase2,14,pair_015,1.26661,1327.490698,1337.349234,
77,phase2,14,pair_015,1.283279,1327.507367,1337.365904,
78,phase2,14,pair_015,1.299923,1327.524011,1337.382548,
79,phase2,14,pair_015,1.316896,1327.540985,1337.399521,
80,phase2,14,pair_015,1.333262,1327.55735,1337.415887,
81,phase2,14,pair_015,1.349963,1327.574052,1337.432588,
82,phase2,14,pair_015,1.366886,1327.590974,1337.44951,
83,phase2,14,pair_015,1.383565,1327.607654,1337.466189,
84,phase2,14,pair_015,1.399963,1327.624052,1337.482588,
85,phase2,14,pair_015,1.416585,1327.640673,1337.49921,
86,phase2,14,pair_015,1.433244,1327.657332,1337.515868,
87,phase2,14,pair_015,1.450223,1327.674311,1337.532848,
0,phase2,14,pair_015,0.0,1328.557288,1338.415818,final_choice_onset
1,phase2,14,pair_015,0.01668,1328.573965,1338.432498,
2,phase2,14,pair_015,0.033502,1328.590787,1338.449319,
3,phase2,14,pair_015,0.050478,1328.607763,1338.466296,
4,phase2,14,pair_015,0.066855,1328.624143,1338.482673,
5,phase2,14,pair_015,0.083464,1328.640749,1338.499282,
6,phase2,14,pair_015,0.100197,1328.657489,1338.516014,
7,phase2,14,pair_015,0.117157,1328.674442,1338.532974,
8,phase2,14,pair_015,0.133485,1328.69077,1338.549303,
9,phase2,14,pair_015,0.150162,1328.70745,1338.56598,
10,phase2,14,pair_015,0.166816,1328.724101,1338.582634,
11,phase2,14,pair_015,0.183804,1328.741089,1338.599622,
12,phase2,14,pair_015,0.200443,1328.757728,1338.616261,
13,phase2,14,pair_015,0.216838,1328.774127,1338.632656,
14,phase2,14,pair_015,0.233498,1328.790783,1338.649316,
15,phase2,14,pair_015,0.250149,1328.807433,1338.665966,
16,phase2,14,pair_015,0.267078,1328.824362,1338.682895,
17,phase2,14,pair_015,0.283473,1328.840757,1338.69929,
18,phase2,14,pair_015,0.300136,1328.85742,1338.715953,
19,phase2,14,pair_015,0.3168,1328.874084,1338.732617,
20,phase2,14,pair_015,0.333472,1328.890758,1338.74929,
21,phase2,14,pair_015,0.350145,1328.90743,1338.765963,
22,phase2,14,pair_015,0.366791,1328.924075,1338.782608,
23,phase2,14,pair_015,0.383444,1328.940728,1338.799262,
24,phase2,14,pair_015,0.400484,1328.957769,1338.816302,
25,phase2,14,pair_015,0.416835,1328.974123,1338.832653,
26,phase2,14,pair_015,0.433475,1328.990762,1338.849293,
27,phase2,14,pair_015,0.450094,1329.00738,1338.865912,
28,phase2,14,pair_015,0.46713,1329.024415,1338.882948,
29,phase2,14,pair_015,0.483492,1329.040777,1338.89931,
30,phase2,14,pair_015,0.500111,1329.057396,1338.915929,
31,phase2,14,pair_015,0.516858,1329.074143,1338.932676,
32,phase2,14,pair_015,0.533464,1329.090749,1338.949282,
33,phase2,14,pair_015,0.550146,1329.107431,1338.965964,
34,phase2,14,pair_015,0.566803,1329.124087,1338.982621,
35,phase2,14,pair_015,0.583464,1329.140748,1338.999281,
36,phase2,14,pair_015,0.600149,1329.157434,1339.015967,
37,phase2,14,pair_015,0.616795,1329.17408,1339.032613,
38,phase2,14,pair_015,0.633477,1329.190762,1339.049295,
39,phase2,14,pair_015,0.650136,1329.207421,1339.065954,
40,phase2,14,pair_015,0.666763,1329.224048,1339.082581,
41,phase2,14,pair_015,0.683774,1329.241059,1339.099592,
42,phase2,14,pair_015,0.70012,1329.257411,1339.115938,
43,phase2,14,pair_015,0.716843,1329.274128,1339.132661,
44,phase2,14,pair_015,0.733778,1329.291063,1339.149596,
45,phase2,14,pair_015,0.750447,1329.307732,1339.166265,
46,phase2,14,pair_015,0.766759,1329.324043,1339.182576,
47,phase2,14,pair_015,0.783471,1329.340755,1339.199288,
48,phase2,14,pair_015,0.800111,1329.357395,1339.215928,
49,phase2,14,pair_015,0.817109,1329.374394,1339.232927,
50,phase2,14,pair_015,0.833471,1329.390758,1339.249289,
51,phase2,14,pair_015,0.85011,1329.407395,1339.265928,
52,phase2,14,pair_015,0.866785,1329.42407,1339.282603,
53,phase2,14,pair_015,0.8838,1329.441085,1339.299618,
54,phase2,14,pair_015,0.900111,1329.457397,1339.315929,
55,phase2,14,pair_015,0.916765,1329.47405,1339.332583,
56,phase2,14,pair_015,0.933449,1329.490734,1339.349267,
57,phase2,14,pair_015,0.950076,1329.507361,1339.365894,
58,phase2,14,pair_015,0.966753,1329.524037,1339.38257,
59,phase2,14,pair_015,0.983439,1329.540723,1339.399257,
60,phase2,14,pair_015,1.000152,1329.557436,1339.415969,
61,phase2,14,pair_015,1.016731,1329.574015,1339.432548,
62,phase2,14,pair_015,1.033441,1329.590726,1339.449259,
63,phase2,14,pair_015,1.050117,1329.607402,1339.465935,
64,phase2,14,pair_015,1.066792,1329.624076,1339.482609,
65,phase2,14,pair_015,1.083453,1329.640737,1339.49927,
66,phase2,14,pair_015,1.100434,1329.657719,1339.516252,
67,phase2,14,pair_015,1.116779,1329.674064,1339.532597,
68,phase2,14,pair_015,1.133465,1329.690749,1339.549283,
69,phase2,14,pair_015,1.15042,1329.707705,1339.566238,
70,phase2,14,pair_015,1.167091,1329.724375,1339.582908,
71,phase2,14,pair_015,1.18347,1329.740754,1339.599288,
72,phase2,14,pair_015,1.200165,1329.757452,1339.615983,
73,phase2,14,pair_015,1.216793,1329.774078,1339.63261,
74,phase2,14,pair_015,1.233755,1329.791039,1339.649573,
75,phase2,14,pair_015,1.250134,1329.807418,1339.665952,
76,phase2,14,pair_015,1.266789,1329.824073,1339.682606,
77,phase2,14,pair_015,1.283728,1329.841014,1339.699546,
78,phase2,14,pair_015,1.300093,1329.857377,1339.71591,
79,phase2,14,pair_015,1.317075,1329.874359,1339.732892,
80,phase2,14,pair_015,1.333425,1329.89071,1339.749243,
81,phase2,14,pair_015,1.351656,1329.908986,1339.767473,
82,phase2,14,pair_015,1.366722,1329.924013,1339.78254,
83,phase2,14,pair_015,1.383432,1329.940717,1339.79925,
84,phase2,14,pair_015,1.400127,1329.957412,1339.815945,
85,phase2,14,pair_015,1.416845,1329.974132,1339.832663,
86,phase2,14,pair_015,1.433431,1329.990716,1339.849249,
87,phase2,14,pair_015,1.450404,1330.007689,1339.866222,
88,phase2,14,pair_015,1.466655,1330.02394,1339.882473,
89,phase2,14,pair_015,1.483446,1330.040731,1339.899264,
90,phase2,14,pair_015,1.500068,1330.057353,1339.915886,
91,phase2,14,pair_015,1.517102,1330.074386,1339.93292,
92,phase2,14,pair_015,1.533454,1330.090738,1339.949271,
93,phase2,14,pair_015,1.550121,1330.107406,1339.965939,
94,phase2,14,pair_015,1.566762,1330.124049,1339.98258,
95,phase2,14,pair_015,1.58376,1330.141045,1339.999578,
96,phase2,14,pair_015,1.60013,1330.157415,1340.015948,
97,phase2,14,pair_015,1.616797,1330.174082,1340.032615,
98,phase2,14,pair_015,1.633433,1330.190718,1340.049251,
99,phase2,14,pair_015,1.650114,1330.207398,1340.065932,
100,phase2,14,pair_015,1.666719,1330.224004,1340.082537,
101,phase2,14,pair_015,1.683509,1330.240794,1340.099327,
102,phase2,14,pair_015,1.700376,1330.257661,1340.116194,
103,phase2,14,pair_015,1.716764,1330.274049,1340.132582,
104,phase2,14,pair_015,1.73341,1330.290695,1340.149228,
105,phase2,14,pair_015,1.750107,1330.307392,1340.165925,
106,phase2,14,pair_015,1.766841,1330.324126,1340.182659,
107,phase2,14,pair_015,1.783767,1330.341051,1340.199584,
108,phase2,14,pair_015,1.800055,1330.357339,1340.215873,
109,phase2,14,pair_015,1.816761,1330.374045,1340.232578,
110,phase2,14,pair_015,1.833428,1330.390715,1340.249246,
111,phase2,14,pair_015,1.850021,1330.407306,1340.265838,
112,phase2,14,pair_015,1.867065,1330.42435,1340.282883,
113,phase2,14,pair_015,1.883428,1330.440713,1340.299246,
114,phase2,14,pair_015,1.900119,1330.457404,1340.315937,
115,phase2,14,pair_015,1.91676,1330.474045,1340.332578,
116,phase2,14,pair_015,1.933435,1330.49072,1340.349252,
117,phase2,14,pair_015,1.950097,1330.507386,1340.365915,
118,phase2,14,pair_015,1.966788,1330.524076,1340.382606,
119,phase2,14,pair_015,1.983418,1330.540704,1340.399236,
120,phase2,14,pair_015,2.000414,1330.557698,1340.416231,
121,phase2,14,pair_015,2.016724,1330.574009,1340.432542,
122,phase2,14,pair_015,2.033478,1330.590764,1340.449296,
123,phase2,14,pair_015,2.050324,1330.60761,1340.466142,
124,phase2,14,pair_015,2.067083,1330.624368,1340.4829,
125,phase2,14,pair_015,2.083415,1330.6407,1340.499233,
126,phase2,14,pair_015,2.100093,1330.657402,1340.515911,
127,phase2,14,pair_015,2.116738,1330.674023,1340.532556,
128,phase2,14,pair_015,2.133746,1330.691031,1340.549564,
129,phase2,14,pair_015,2.15006,1330.707345,1340.565878,
130,phase2,14,pair_015,2.166773,1330.724058,1340.582591,
131,phase2,14,pair_015,2.183484,1330.740769,1340.599302,
132,phase2,14,pair_015,2.200067,1330.757354,1340.615885,
133,phase2,14,pair_015,2.217048,1330.774333,1340.632866,
134,phase2,14,pair_015,2.23343,1330.790714,1340.649247,
135,phase2,14,pair_015,2.250073,1330.807358,1340.665891,
136,phase2,14,pair_015,2.266735,1330.82402,1340.682553,
137,phase2,14,pair_015,2.283712,1330.840997,1340.69953,
138,phase2,14,pair_015,2.300096,1330.857381,1340.715914,
139,phase2,14,pair_015,2.316745,1330.874029,1340.732562,
140,phase2,14,pair_015,2.333398,1330.890683,1340.749216,
141,phase2,14,pair_015,2.350385,1330.90767,1340.766203,
142,phase2,14,pair_015,2.366718,1330.924003,1340.782536,
143,phase2,14,pair_015,2.383368,1330.940653,1340.799186,
144,phase2,14,pair_015,2.400066,1330.95735,1340.815883,
145,phase2,14,pair_015,2.416734,1330.974021,1340.832552,
146,phase2,14,pair_015,2.433511,1330.990795,1340.849329,
147,phase2,14,pair_015,2.450058,1331.007344,1340.865876,
148,phase2,14,pair_015,2.466764,1331.02405,1340.882582,
149,phase2,14,pair_015,2.48338,1331.040665,1340.899198,
150,phase2,14,pair_015,2.500068,1331.057352,1340.915886,
151,phase2,14,pair_015,2.516719,1331.074003,1340.932536,
152,phase2,14,pair_015,2.533448,1331.090926,1340.949266,
153,phase2,14,pair_015,2.550059,1331.107342,1340.965876,
154,phase2,14,pair_015,2.566737,1331.124022,1340.982555,
155,phase2,14,pair_015,2.583448,1331.140733,1340.999266,
156,phase2,14,pair_015,2.600083,1331.157367,1341.015901,
157,phase2,14,pair_015,2.616739,1331.174024,1341.032557,
158,phase2,14,pair_015,2.633417,1331.190701,1341.049234,
159,phase2,14,pair_015,2.650117,1331.207402,1341.065935,
160,phase2,14,pair_015,2.666691,1331.223976,1341.082509,
161,phase2,14,pair_015,2.683407,1331.240691,1341.099224,
162,phase2,14,pair_015,2.700369,1331.257654,1341.116186,
163,phase2,14,pair_015,2.716712,1331.273997,1341.13253,
164,phase2,14,pair_015,2.733394,1331.290679,1341.149212,
165,phase2,14,pair_015,2.750384,1331.307669,1341.166201,
166,phase2,14,pair_015,2.76703,1331.324314,1341.182848,
167,phase2,14,pair_015,2.783405,1331.340691,1341.199223,
168,phase2,14,pair_015,2.800107,1331.357394,1341.215925,
169,phase2,14,pair_015,2.816738,1331.374023,1341.232556,
170,phase2,14,pair_015,2.833717,1331.391002,1341.249535,
171,phase2,14,pair_015,2.850073,1331.407358,1341.265891,
172,phase2,14,pair_015,2.866752,1331.424036,1341.282569,
173,phase2,14,pair_015,2.88344,1331.440724,1341.299257,
174,phase2,14,pair_015,2.900045,1331.45733,1341.315863,
175,phase2,14,pair_015,2.91702,1331.474304,1341.332838,
176,phase2,14,pair_015,2.933428,1331.490713,1341.349246,
177,phase2,14,pair_015,2.950139,1331.507424,1341.365957,
178,phase2,14,pair_015,2.967076,1331.52436,1341.382894,
179,phase2,14,pair_015,2.983694,1331.540979,1341.399512,
180,phase2,14,pair_015,3.000075,1331.55736,1341.415893,
181,phase2,14,pair_015,3.016724,1331.574009,1341.432542,
182,phase2,14,pair_015,3.033663,1331.590948,1341.449481,
183,phase2,14,pair_015,3.050038,1331.607322,1341.465855,
184,phase2,14,pair_015,3.066796,1331.624081,1341.482614,
185,phase2,14,pair_015,3.083431,1331.640716,1341.499249,
186,phase2,14,pair_015,3.100038,1331.657323,1341.515856,
187,phase2,14,pair_015,3.117003,1331.674287,1341.53282,
188,phase2,14,pair_015,3.133417,1331.690702,1341.549235,
189,phase2,14,pair_015,3.150103,1331.707388,1341.565921,
190,phase2,14,pair_015,3.166723,1331.724008,1341.582541,
191,phase2,14,pair_015,3.183688,1331.740972,1341.599505,
192,phase2,14,pair_015,3.200063,1331.757348,1341.615881,
193,phase2,14,pair_015,3.216735,1331.77402,1341.632552,
194,phase2,14,pair_015,3.233642,1331.790927,1341.64946,
195,phase2,14,pair_015,3.250378,1331.807663,1341.666196,
196,phase2,14,pair_015,3.266689,1331.823974,1341.682507,
197,phase2,14,pair_015,3.283377,1331.840662,1341.699195,
198,phase2,14,pair_015,3.300053,1331.857338,1341.715871,
199,phase2,14,pair_015,3.316705,1331.873989,1341.732522,
200,phase2,14,pair_015,3.333362,1331.890647,1341.74918,
201,phase2,14,pair_015,3.350007,1331.907295,1341.765825,
202,phase2,14,pair_015,3.366653,1331.923937,1341.78247,
203,phase2,14,pair_015,3.383371,1331.940656,1341.799189,
204,phase2,14,pair_015,3.400338,1331.957622,1341.816156,
205,phase2,14,pair_015,3.416717,1331.974001,1341.832534,
206,phase2,14,pair_015,3.433417,1331.990701,1341.849234,
207,phase2,14,pair_015,3.450353,1332.007638,1341.866171,
208,phase2,14,pair_015,3.467012,1332.024296,1341.88283,
209,phase2,14,pair_015,3.483383,1332.040667,1341.899201,
210,phase2,14,pair_015,3.500083,1332.057368,1341.915901,
211,phase2,14,pair_015,3.516999,1332.074283,1341.932816,
212,phase2,14,pair_015,3.533367,1332.090651,1341.949185,
213,phase2,14,pair_015,3.550267,1332.107551,1341.966085,
214,phase2,14,pair_015,3.566692,1332.123976,1341.982509,
215,phase2,14,pair_015,3.583623,1332.140907,1341.99944,
216,phase2,14,pair_015,3.600355,1332.157639,1342.016172,
217,phase2,14,pair_015,3.616722,1332.174006,1342.03254,
218,phase2,14,pair_015,3.633353,1332.190637,1342.04917,
219,phase2,14,pair_015,3.649991,1332.207275,1342.065809,
220,phase2,14,pair_015,3.666651,1332.223935,1342.082469,
221,phase2,14,pair_015,3.683644,1332.240928,1342.099461,
222,phase2,14,pair_015,3.700034,1332.257319,1342.115852,
223,phase2,14,pair_015,3.716735,1332.27402,1342.132553,
224,phase2,14,pair_015,3.733348,1332.290633,1342.149166,
225,phase2,14,pair_015,3.750303,1332.307587,1342.166121,
226,phase2,14,pair_015,3.766699,1332.323984,1342.182517,
227,phase2,14,pair_015,3.783383,1332.340667,1342.199201,
228,phase2,14,pair_015,3.800318,1332.357603,1342.216136,
229,phase2,14,pair_015,3.816984,1332.374269,1342.232802,
230,phase2,14,pair_015,3.83335,1332.390634,1342.249168,
231,phase2,14,pair_015,3.850036,1332.407321,1342.265854,
232,phase2,14,pair_015,3.867004,1332.424288,1342.282822,
233,phase2,14,pair_015,3.883672,1332.440957,1342.29949,
234,phase2,14,pair_015,3.89995,1332.457234,1342.315767,
235,phase2,14,pair_015,3.916699,1332.473983,1342.332516,
236,phase2,14,pair_015,3.93335,1332.490634,1342.349168,
237,phase2,14,pair_015,3.950008,1332.507293,1342.365826,
238,phase2,14,pair_015,3.966779,1332.524063,1342.382596,
239,phase2,14,pair_015,3.983784,1332.541068,1342.399602,
240,phase2,14,pair_015,4.000129,1332.557414,1342.415947,
241,phase2,14,pair_015,4.016784,1332.574068,1342.432601,
242,phase2,14,pair_015,4.033502,1332.590786,1342.449319,
243,phase2,14,pair_015,4.050457,1332.607742,1342.466275,
244,phase2,14,pair_015,4.066786,1332.624071,1342.482604,
245,phase2,14,pair_015,4.083455,1332.640739,1342.499273,
246,phase2,14,pair_015,4.100186,1332.65747,1342.516004,
247,phase2,14,pair_015,4.117101,1332.674386,1342.532919,
248,phase2,14,pair_015,4.133455,1332.69074,1342.549273,
249,phase2,14,pair_015,4.150124,1332.707408,1342.565942,
250,phase2,14,pair_015,4.16678,1332.724064,1342.582598,
251,phase2,14,pair_015,4.183759,1332.741045,1342.599577,
252,phase2,14,pair_015,4.200406,1332.75769,1342.616223,
253,phase2,14,pair_015,4.216799,1332.774083,1342.632616,
254,phase2,14,pair_015,4.233455,1332.79074,1342.649273,
255,phase2,14,pair_015,4.25041,1332.807695,1342.666228,
256,phase2,14,pair_015,4.266763,1332.824048,1342.682581,
257,phase2,14,pair_015,4.283468,1332.840753,1342.699286,
258,phase2,14,pair_015,4.300122,1332.857407,1342.71594,
259,phase2,14,pair_015,4.316739,1332.874024,1342.732557,
260,phase2,14,pair_015,4.333429,1332.890716,1342.749247,
261,phase2,14,pair_015,4.350127,1332.907412,1342.765945,
262,phase2,14,pair_015,4.366778,1332.924063,1342.782596,
263,phase2,14,pair_015,4.383441,1332.940726,1342.799259,
264,phase2,14,pair_015,4.400428,1332.957712,1342.816245,
265,phase2,14,pair_015,4.416805,1332.974089,1342.832622,
266,phase2,14,pair_015,4.433457,1332.990744,1342.849275,
267,phase2,14,pair_015,4.450145,1333.00743,1342.865963,
268,phase2,14,pair_015,4.467058,1333.024343,1342.882876,
269,phase2,14,pair_015,4.483451,1333.040736,1342.899268,
270,phase2,14,pair_015,4.500125,1333.05741,1342.915943,
271,phase2,14,pair_015,4.516933,1333.074218,1342.932751,
272,phase2,14,pair_015,4.533791,1333.091079,1342.949609,
273,phase2,14,pair_015,4.550397,1333.107682,1342.966215,
274,phase2,14,pair_015,4.566777,1333.124062,1342.982595,
275,phase2,14,pair_015,4.583415,1333.1407,1342.999233,
276,phase2,14,pair_015,4.600106,1333.15739,1343.015923,
277,phase2,14,pair_015,4.616781,1333.174065,1343.032598,
278,phase2,14,pair_015,4.633452,1333.190738,1343.049269,
279,phase2,14,pair_015,4.650127,1333.207412,1343.065945,
280,phase2,14,pair_015,4.667071,1333.224356,1343.082889,
281,phase2,14,pair_015,4.683746,1333.24103,1343.099563,
282,phase2,14,pair_015,4.700122,1333.257407,1343.115939,
283,phase2,14,pair_015,4.716823,1333.274108,1343.132641,
284,phase2,14,pair_015,4.733734,1333.291018,1343.149552,
285,phase2,14,pair_015,4.750401,1333.307686,1343.166219,
286,phase2,14,pair_015,4.76679,1333.324077,1343.182608,
287,phase2,14,pair_015,4.783428,1333.340713,1343.199246,
288,phase2,14,pair_015,4.800149,1333.357434,1343.215966,
289,phase2,14,pair_015,4.817086,1333.37437,1343.232904,
290,phase2,14,pair_015,4.83344,1333.390725,1343.249258,
291,phase2,14,pair_015,4.850094,1333.407379,1343.265912,
292,phase2,14,pair_015,4.866821,1333.424107,1343.282639,
293,phase2,14,pair_015,4.883745,1333.44103,1343.299563,
294,phase2,14,pair_015,4.900091,1333.457376,1343.315909,
295,phase2,14,pair_015,4.916745,1333.474029,1343.332562,
296,phase2,14,pair_015,4.933455,1333.49074,1343.349273,
297,phase2,14,pair_015,4.950088,1333.507376,1343.365906,
298,phase2,14,pair_015,4.966762,1333.524047,1343.38258,
299,phase2,14,pair_015,4.983449,1333.540735,1343.399267,
300,phase2,14,pair_015,5.000109,1333.557394,1343.415926,
301,phase2,14,pair_015,5.016762,1333.574047,1343.43258,
302,phase2,14,pair_015,5.033729,1333.591014,1343.449547,
303,phase2,14,pair_015,5.050106,1333.607392,1343.465924,
304,phase2,14,pair_015,5.066759,1333.624045,1343.482577,
305,phase2,14,pair_015,5.08341,1333.640695,1343.499228,
306,phase2,14,pair_015,5.100402,1333.657686,1343.51622,
307,phase2,14,pair_015,5.116741,1333.674026,1343.532559,
308,phase2,14,pair_015,5.133445,1333.69073,1343.549263,
309,phase2,14,pair_015,5.150082,1333.707367,1343.5659,
310,phase2,14,pair_015,5.167059,1333.724344,1343.582877,
311,phase2,14,pair_015,5.183428,1333.740712,1343.599245,
312,phase2,14,pair_015,5.200128,1333.757412,1343.615945,
313,phase2,14,pair_015,5.216798,1333.774082,1343.632616,
314,phase2,14,pair_015,5.233736,1333.791022,1343.649554,
315,phase2,14,pair_015,5.25009,1333.807374,1343.665908,
316,phase2,14,pair_015,5.266831,1333.824117,1343.682649,
317,phase2,14,pair_015,5.283422,1333.840707,1343.69924,
318,phase2,14,pair_015,5.300082,1333.857367,1343.7159,
319,phase2,14,pair_015,5.316682,1333.873967,1343.7325,
320,phase2,14,pair_015,5.333419,1333.890704,1343.749237,
321,phase2,14,pair_015,5.350174,1333.907459,1343.765992,
322,phase2,14,pair_015,5.366727,1333.924012,1343.782545,
323,phase2,14,pair_015,5.383715,1333.941,1343.799533,
324,phase2,14,pair_015,5.40008,1333.957365,1343.815898,
325,phase2,14,pair_015,5.416743,1333.974027,1343.83256,
326,phase2,14,pair_015,5.43372,1333.991005,1343.849538,
327,phase2,14,pair_015,5.450394,1334.007679,1343.866212,
328,phase2,14,pair_015,5.466764,1334.024048,1343.882581,
329,phase2,14,pair_015,5.483399,1334.040685,1343.899217,
330,phase2,14,pair_015,5.500376,1334.05766,1343.916194,
331,phase2,14,pair_015,5.517039,1334.074324,1343.932857,
332,phase2,14,pair_015,5.533348,1334.090632,1343.949166,
333,phase2,14,pair_015,5.550152,1334.107437,1343.96597,
334,phase2,14,pair_015,5.566757,1334.124042,1343.982575,
335,phase2,14,pair_015,5.583723,1334.141007,1343.99954,
336,phase2,14,pair_015,5.60002,1334.157305,1344.015838,
337,phase2,14,pair_015,5.616993,1334.174278,1344.032811,
338,phase2,14,pair_015,5.63347,1334.190755,1344.049288,
339,phase2,14,pair_015,5.650395,1334.20768,1344.066213,
340,phase2,14,pair_015,5.666707,1334.223992,1344.082525,
341,phase2,14,pair_015,5.683429,1334.240713,1344.099246,
342,phase2,14,pair_015,5.700084,1334.257369,1344.115902,
343,phase2,14,pair_015,5.71674,1334.274024,1344.132558,
344,phase2,14,pair_015,5.733399,1334.290684,1344.149217,
345,phase2,14,pair_015,5.750091,1334.307376,1344.165909,
346,phase2,14,pair_015,5.766773,1334.324058,1344.182591,
347,phase2,14,pair_015,5.78338,1334.340671,1344.199198,
348,phase2,14,pair_015,5.800362,1334.357646,1344.216179,
349,phase2,14,pair_015,5.816754,1334.374038,1344.232572,
350,phase2,14,pair_015,5.833389,1334.390675,1344.249206,
351,phase2,14,pair_015,5.850061,1334.407346,1344.265879,
352,phase2,14,pair_015,5.867,1334.424285,1344.282818,
353,phase2,14,pair_015,5.8834,1334.440685,1344.299218,
354,phase2,14,pair_015,5.900056,1334.457341,1344.315874,
355,phase2,14,pair_015,5.916747,1334.474031,1344.332564,
356,phase2,14,pair_015,5.933693,1334.490977,1344.349511,
357,phase2,14,pair_015,5.950092,1334.507377,1344.36591,
358,phase2,14,pair_015,5.966766,1334.52405,1344.382583,
359,phase2,14,pair_015,5.983466,1334.540751,1344.399284,
360,phase2,14,pair_015,6.000386,1334.55767,1344.416204,
361,phase2,14,pair_015,6.016734,1334.574019,1344.432552,
362,phase2,14,pair_015,6.033397,1334.590683,1344.449215,
363,phase2,14,pair_015,6.049987,1334.607272,1344.465805,
364,phase2,14,pair_015,6.067056,1334.624341,1344.482874,
365,phase2,14,pair_015,6.083404,1334.640689,1344.499222,
366,phase2,14,pair_015,6.100055,1334.65734,1344.515873,
367,phase2,14,pair_015,6.116668,1334.673953,1344.532486,
368,phase2,14,pair_015,6.133404,1334.690688,1344.549222,
369,phase2,14,pair_015,6.150037,1334.707322,1344.565855,
370,phase2,14,pair_015,6.166777,1334.724062,1344.582595,
371,phase2,14,pair_015,6.18345,1334.740734,1344.599267,
372,phase2,14,pair_015,6.20004,1334.757324,1344.615858,
373,phase2,14,pair_015,6.216741,1334.774026,1344.632559,
374,phase2,14,pair_015,6.233394,1334.790678,1344.649211,
375,phase2,14,pair_015,6.2501,1334.807391,1344.665917,
376,phase2,14,pair_015,6.26672,1334.824004,1344.682537,
377,phase2,14,pair_015,6.283682,1334.840966,1344.699499,
378,phase2,14,pair_015,6.300065,1334.857352,1344.715882,
379,phase2,14,pair_015,6.316712,1334.873998,1344.73253,
380,phase2,14,pair_015,6.333354,1334.890639,1344.749172,
381,phase2,14,pair_015,6.350069,1334.907354,1344.765886,
382,phase2,14,pair_015,6.366744,1334.924031,1344.782561,
383,phase2,14,pair_015,6.383334,1334.940619,1344.799151,
384,phase2,14,pair_015,6.400449,1334.957734,1344.816266,
385,phase2,14,pair_015,6.417019,1334.974303,1344.832836,
386,phase2,14,pair_015,6.433396,1334.990681,1344.849214,
387,phase2,14,pair_015,6.450077,1335.007362,1344.865895,
388,phase2,14,pair_015,6.467067,1335.024355,1344.882885,
389,phase2,14,pair_015,6.483373,1335.040657,1344.899191,
390,phase2,14,pair_015,6.500045,1335.05733,1344.915863,
391,phase2,14,pair_015,6.516784,1335.074072,1344.932601,
392,phase2,14,pair_015,6.533389,1335.090673,1344.949206,
393,phase2,14,pair_015,6.550331,1335.107616,1344.966149,
394,phase2,14,pair_015,6.566995,1335.12428,1344.982813,
395,phase2,14,pair_015,6.583397,1335.140681,1344.999214,
396,phase2,14,pair_015,6.600038,1335.157323,1345.015856,
397,phase2,14,pair_015,6.616998,1335.174282,1345.032815,
398,phase2,14,pair_015,6.633353,1335.190638,1345.049171,
399,phase2,14,pair_015,6.650062,1335.207346,1345.06588,
400,phase2,14,pair_015,6.666719,1335.224003,1345.082536,
401,phase2,14,pair_015,6.683351,1335.240636,1345.099169,
402,phase2,14,pair_015,6.700332,1335.257616,1345.116149,
403,phase2,14,pair_015,6.716738,1335.274023,1345.132556,
404,phase2,14,pair_015,6.733379,1335.290664,1345.149197,
405,phase2,14,pair_015,6.750332,1335.307616,1345.166149,
406,phase2,14,pair_015,6.767013,1335.324298,1345.182831,
407,phase2,14,pair_015,6.783362,1335.340647,1345.19918,
408,phase2,14,pair_015,6.800022,1335.357307,1345.21584,
409,phase2,14,pair_015,6.816708,1335.373992,1345.232525,
410,phase2,14,pair_015,6.833704,1335.390989,1345.249522,
411,phase2,14,pair_015,6.850303,1335.407587,1345.26612,
412,phase2,14,pair_015,6.866686,1335.42397,1345.282504,
413,phase2,14,pair_015,6.883444,1335.440729,1345.299262,
414,phase2,14,pair_015,6.900005,1335.45729,1345.315823,
415,phase2,14,pair_015,6.916982,1335.474266,1345.332799,
416,phase2,14,pair_015,6.933374,1335.490659,1345.349192,
417,phase2,14,pair_015,6.950075,1335.507359,1345.365892,
418,phase2,14,pair_015,6.966648,1335.523935,1345.382466,
419,phase2,14,pair_015,6.983364,1335.540649,1345.399182,
420,phase2,14,pair_015,7.000053,1335.557338,1345.415871,
421,phase2,14,pair_015,7.016668,1335.573953,1345.432486,
422,phase2,14,pair_015,7.033661,1335.590945,1345.449479,
423,phase2,14,pair_015,7.05031,1335.607595,1345.466128,
424,phase2,14,pair_015,7.066717,1335.624008,1345.482535,
425,phase2,14,pair_015,7.083426,1335.64071,1345.499244,
426,phase2,14,pair_015,7.100037,1335.657321,1345.515854,
427,phase2,14,pair_015,7.116685,1335.673969,1345.532503,
428,phase2,14,pair_015,7.133376,1335.690661,1345.549194,
429,phase2,14,pair_015,7.150057,1335.707342,1345.565875,
430,phase2,14,pair_015,7.166693,1335.723977,1345.58251,
431,phase2,14,pair_015,7.183656,1335.740941,1345.599474,
432,phase2,14,pair_015,7.200046,1335.757331,1345.615864,
433,phase2,14,pair_015,7.216655,1335.773939,1345.632473,
434,phase2,14,pair_015,7.233369,1335.790654,1345.649187,
435,phase2,14,pair_015,7.250004,1335.807288,1345.665821,
436,phase2,14,pair_015,7.266967,1335.824251,1345.682785,
437,phase2,14,pair_015,7.283387,1335.840685,1345.699205,
438,phase2,14,pair_015,7.300014,1335.857298,1345.715832,
439,phase2,14,pair_015,7.316667,1335.873952,1345.732485,
440,phase2,14,pair_015,7.33333,1335.890614,1345.749148,
441,phase2,14,pair_015,7.35001,1335.907295,1345.765828,
442,phase2,14,pair_015,7.366716,1335.924,1345.782534,
443,phase2,14,pair_015,7.383339,1335.940624,1345.799157,
444,phase2,14,pair_015,7.400306,1335.95759,1345.816124,
445,phase2,14,pair_015,7.416903,1335.974188,1345.832721,
446,phase2,14,pair_015,7.433336,1335.990621,1345.849154,
447,phase2,14,pair_015,7.450299,1336.007584,1345.866117,
448,phase2,14,pair_015,7.466987,1336.024272,1345.882805,
449,phase2,14,pair_015,7.483331,1336.040615,1345.899148,
450,phase2,14,pair_015,7.500015,1336.057299,1345.915833,
451,phase2,14,pair_015,7.516652,1336.073936,1345.932469,
452,phase2,14,pair_015,7.533651,1336.090935,1345.949469,
453,phase2,14,pair_015,7.549989,1336.107274,1345.965807,
454,phase2,14,pair_015,7.566652,1336.123937,1345.98247,
455,phase2,14,pair_015,7.583402,1336.140687,1345.99922,
456,phase2,14,pair_015,7.599999,1336.157283,1346.015817,
457,phase2,14,pair_015,7.616672,1336.173957,1346.03249,
458,phase2,14,pair_015,7.63333,1336.190614,1346.049148,
459,phase2,14,pair_015,7.650265,1336.207549,1346.066082,
460,phase2,14,pair_015,7.666592,1336.223876,1346.082409,
461,phase2,14,pair_015,7.68331,1336.240594,1346.099127,
462,phase2,14,pair_015,7.700007,1336.257291,1346.115824,
463,phase2,14,pair_015,7.716656,1336.273941,1346.132474,
464,phase2,14,pair_015,7.733633,1336.290917,1346.149451,
465,phase2,14,pair_015,7.75027,1336.307554,1346.166087,
466,phase2,14,pair_015,7.766712,1336.323997,1346.18253,
467,phase2,14,pair_015,7.783324,1336.340609,1346.199142,
468,phase2,14,pair_015,7.799963,1336.357247,1346.21578,
469,phase2,14,pair_015,7.816632,1336.373917,1346.23245,
470,phase2,14,pair_015,7.833342,1336.390627,1346.24916,
471,phase2,14,pair_015,7.849999,1336.407284,1346.265817,
472,phase2,14,pair_015,7.866643,1336.423927,1346.28246,
473,phase2,14,pair_015,7.883656,1336.440941,1346.299473,
474,phase2,14,pair_015,7.900106,1336.457393,1346.315924,
475,phase2,14,pair_015,7.917025,1336.474309,1346.332843,
476,phase2,14,pair_015,7.933457,1336.490744,1346.349275,
477,phase2,14,pair_015,7.950117,1336.507402,1346.365935,
478,phase2,14,pair_015,7.966778,1336.524063,1346.382596,
479,phase2,14,pair_015,7.983729,1336.541013,1346.399547,
480,phase2,14,pair_015,8.000114,1336.557399,1346.415932,
481,phase2,14,pair_015,8.016766,1336.574051,1346.432584,
482,phase2,14,pair_015,8.033468,1336.590753,1346.449286,
483,phase2,14,pair_015,8.050422,1336.607706,1346.46624,
484,phase2,14,pair_015,8.066764,1336.624048,1346.482582,
485,phase2,14,pair_015,8.083446,1336.640733,1346.499264,
486,phase2,14,pair_015,8.10014,1336.657424,1346.515958,
487,phase2,14,pair_015,8.116747,1336.674031,1346.532565,
488,phase2,14,pair_015,8.133435,1336.690719,1346.549253,
489,phase2,14,pair_015,8.150077,1336.707361,1346.565895,
490,phase2,14,pair_015,8.166738,1336.724023,1346.582556,
491,phase2,14,pair_015,8.183757,1336.741042,1346.599575,
492,phase2,14,pair_015,8.200097,1336.757382,1346.615915,
493,phase2,14,pair_015,8.216725,1336.77401,1346.632543,
494,phase2,14,pair_015,8.233456,1336.790742,1346.649274,
495,phase2,14,pair_015,8.25011,1336.807394,1346.665927,
496,phase2,14,pair_015,8.267064,1336.824348,1346.682881,
497,phase2,14,pair_015,8.283423,1336.840708,1346.699241,
498,phase2,14,pair_015,8.300089,1336.857374,1346.715907,
499,phase2,14,pair_015,8.317066,1336.874351,1346.732884,
500,phase2,14,pair_015,8.333393,1336.890677,1346.74921,
501,phase2,14,pair_015,8.35006,1336.907351,1346.765878,
502,phase2,14,pair_015,8.366768,1336.924052,1346.782585,
503,phase2,14,pair_015,8.38375,1336.941037,1346.799568,
504,phase2,14,pair_015,8.400363,1336.957648,1346.816181,
505,phase2,14,pair_015,8.41674,1336.974029,1346.832558,
506,phase2,14,pair_015,8.433431,1336.990716,1346.849249,
507,phase2,14,pair_015,8.450106,1337.007391,1346.865924,
508,phase2,14,pair_015,8.467064,1337.024349,1346.882882,
509,phase2,14,pair_015,8.483398,1337.040682,1346.899216,
510,phase2,14,pair_015,8.50007,1337.057354,1346.915888,
511,phase2,14,pair_015,8.516996,1337.07428,1346.932814,
512,phase2,14,pair_015,8.533416,1337.090703,1346.949234,
513,phase2,14,pair_015,8.55008,1337.107364,1346.965897,
514,phase2,14,pair_015,8.566745,1337.124029,1346.982562,
515,phase2,14,pair_015,8.583413,1337.140699,1346.999231,
516,phase2,14,pair_015,8.600407,1337.157692,1347.016225,
517,phase2,14,pair_015,8.617042,1337.174327,1347.03286,
518,phase2,14,pair_015,8.633379,1337.190663,1347.049197,
519,phase2,14,pair_015,8.650082,1337.207368,1347.065899,
520,phase2,14,pair_015,8.667009,1337.224293,1347.082827,
521,phase2,14,pair_015,8.68371,1337.240994,1347.099527,
522,phase2,14,pair_015,8.700098,1337.257387,1347.115916,
523,phase2,14,pair_015,8.716798,1337.274082,1347.132615,
524,phase2,14,pair_015,8.733706,1337.29099,1347.149523,
525,phase2,14,pair_015,8.750046,1337.30733,1347.165864,
526,phase2,14,pair_015,8.766748,1337.324033,1347.182566,
527,phase2,14,pair_015,8.783397,1337.340681,1347.199215,
528,phase2,14,pair_015,8.800076,1337.357361,1347.215894,
529,phase2,14,pair_015,8.81706,1337.374344,1347.232877,
530,phase2,14,pair_015,8.833413,1337.390698,1347.249231,
531,phase2,14,pair_015,8.850069,1337.407353,1347.265887,
532,phase2,14,pair_015,8.866971,1337.424256,1347.282789,
533,phase2,14,pair_015,8.883731,1337.441017,1347.299549,
534,phase2,14,pair_015,8.900063,1337.457348,1347.315881,
535,phase2,14,pair_015,8.916733,1337.474017,1347.33255,
536,phase2,14,pair_015,8.933418,1337.490702,1347.349236,
537,phase2,14,pair_015,8.950388,1337.507673,1347.366206,
538,phase2,14,pair_015,8.967019,1337.524304,1347.382837,
539,phase2,14,pair_015,8.983396,1337.540681,1347.399214,
540,phase2,14,pair_015,9.000068,1337.557353,1347.415886,
541,phase2,14,pair_015,9.016684,1337.573969,1347.432502,
542,phase2,14,pair_015,9.03371,1337.590994,1347.449528,
543,phase2,14,pair_015,9.050059,1337.607343,1347.465877,
544,phase2,14,pair_015,9.066755,1337.624039,1347.482572,
545,phase2,14,pair_015,9.083683,1337.640967,1347.499501,
546,phase2,14,pair_015,9.100363,1337.657648,1347.516181,
547,phase2,14,pair_015,9.116734,1337.674018,1347.532552,
548,phase2,14,pair_015,9.133428,1337.690713,1347.549246,
549,phase2,14,pair_015,9.150066,1337.707351,1347.565884,
550,phase2,14,pair_015,9.167029,1337.724314,1347.582847,
551,phase2,14,pair_015,9.183382,1337.740667,1347.5992,
552,phase2,14,pair_015,9.200085,1337.757369,1347.615902,
553,phase2,14,pair_015,9.216763,1337.774048,1347.632581,
554,phase2,14,pair_015,9.233717,1337.791003,1347.649535,
555,phase2,14,pair_015,9.250058,1337.807342,1347.665875,
556,phase2,14,pair_015,9.266721,1337.824005,1347.682538,
557,phase2,14,pair_015,9.283463,1337.840747,1347.699281,
558,phase2,14,pair_015,9.300041,1337.857327,1347.715859,
559,phase2,14,pair_015,9.316733,1337.874018,1347.732551,
560,phase2,14,pair_015,9.33339,1337.890676,1347.749208,
561,phase2,14,pair_015,9.35008,1337.907365,1347.765898,
562,phase2,14,pair_015,9.366708,1337.923992,1347.782525,
563,phase2,14,pair_015,9.383684,1337.94097,1347.799501,
564,phase2,14,pair_015,9.400024,1337.957308,1347.815842,
565,phase2,14,pair_015,9.41675,1337.974035,1347.832568,
566,phase2,14,pair_015,9.433384,1337.990668,1347.849202,
567,phase2,14,pair_015,9.450349,1338.007633,1347.866166,
568,phase2,14,pair_015,9.466735,1338.02402,1347.882553,
569,phase2,14,pair_015,9.483383,1338.040668,1347.899201,
570,phase2,14,pair_015,9.500049,1338.057335,1347.915866,
571,phase2,14,pair_015,9.517035,1338.07432,1347.932853,
572,phase2,14,pair_015,9.533406,1338.090692,1347.949224,
573,phase2,14,pair_015,9.550098,1338.107384,1347.965916,
574,phase2,14,pair_015,9.566709,1338.123994,1347.982527,
575,phase2,14,pair_015,9.583688,1338.140973,1347.999506,
576,phase2,14,pair_015,9.599958,1338.157242,1348.015775,
577,phase2,14,pair_015,9.616753,1338.174039,1348.032571,
578,phase2,14,pair_015,9.633639,1338.190924,1348.049457,
579,phase2,14,pair_015,9.650379,1338.207664,1348.066197,
580,phase2,14,pair_015,9.666682,1338.223967,1348.0825,
581,phase2,14,pair_015,9.68341,1338.240695,1348.099228,
582,phase2,14,pair_015,9.700022,1338.257306,1348.115839,
583,phase2,14,pair_015,9.717037,1338.274321,1348.132854,
584,phase2,14,pair_015,9.733659,1338.290944,1348.149477,
585,phase2,14,pair_015,9.750068,1338.307358,1348.165886,
586,phase2,14,pair_015,9.766763,1338.324047,1348.18258,
587,phase2,14,pair_015,9.783692,1338.340976,1348.19951,
588,phase2,14,pair_015,9.800332,1338.357616,1348.216149,
589,phase2,14,pair_015,9.81672,1338.374007,1348.232538,
590,phase2,14,pair_015,9.833413,1338.390697,1348.24923,
591,phase2,14,pair_015,9.850282,1338.407568,1348.266099,
592,phase2,14,pair_015,9.866703,1338.423987,1348.28252,
593,phase2,14,pair_015,9.883368,1338.440652,1348.299186,
594,phase2,14,pair_015,9.900081,1338.457366,1348.315899,
595,phase2,14,pair_015,9.917008,1338.474292,1348.332826,
596,phase2,14,pair_015,9.933692,1338.490976,1348.34951,
597,phase2,14,pair_015,9.950066,1338.507352,1348.365884,
598,phase2,14,pair_015,9.9667,1338.523988,1348.382518,
599,phase2,14,pair_015,9.983679,1338.540964,1348.399497,
600,phase2,14,pair_015,10.000337,1338.557622,1348.416154,
601,phase2,14,pair_015,-1328.557545,1338.55768,9.858273,timeout
0,phase3,14,pair_015,0.0,1340.807419,1350.665948,stimulus_onset
1,phase3,14,pair_015,0.016905,1340.824321,1350.682853,
2,phase3,14,pair_015,0.033282,1340.840698,1350.69923,
3,phase3,14,pair_015,0.049912,1340.857328,1350.71586,
4,phase3,14,pair_015,0.066602,1340.87402,1350.73255,
5,phase3,14,pair_015,0.083252,1340.890667,1350.749199,
6,phase3,14,pair_015,0.099923,1340.907338,1350.76587,
7,phase3,14,pair_015,0.116614,1340.924029,1350.782562,
8,phase3,14,pair_015,0.133215,1340.94063,1350.799163,
9,phase3,14,pair_015,0.149914,1340.95733,1350.815862,
10,phase3,14,pair_015,0.166605,1340.97402,1350.832552,
11,phase3,14,pair_015,0.183261,1340.990676,1350.849208,
12,phase3,14,pair_015,0.19998,1341.007395,1350.865927,
13,phase3,14,pair_015,0.216554,1341.023969,1350.882501,
14,phase3,14,pair_015,0.233242,1341.040657,1350.899189,
15,phase3,14,pair_015,0.249915,1341.05733,1350.915862,
16,phase3,14,pair_015,0.266603,1341.074021,1350.932551,
17,phase3,14,pair_015,0.283241,1341.090855,1350.949189,
18,phase3,14,pair_015,0.299909,1341.107325,1350.965856,
19,phase3,14,pair_015,0.316572,1341.123988,1350.982519,
20,phase3,14,pair_015,0.33328,1341.140695,1350.999228,
21,phase3,14,pair_015,0.34991,1341.157325,1351.015858,
22,phase3,14,pair_015,0.36689,1341.174305,1351.032838,
23,phase3,14,pair_015,0.383232,1341.190647,1351.049179,
24,phase3,14,pair_015,0.399846,1341.207262,1351.065793,
25,phase3,14,pair_015,0.416635,1341.224051,1351.082583,
26,phase3,14,pair_015,0.433565,1341.240981,1351.099512,
27,phase3,14,pair_015,0.449905,1341.257321,1351.115853,
28,phase3,14,pair_015,0.466624,1341.274039,1351.132571,
29,phase3,14,pair_015,0.483227,1341.290642,1351.149175,
30,phase3,14,pair_015,0.500218,1341.307633,1351.166165,
31,phase3,14,pair_015,0.516539,1341.323954,1351.182487,
32,phase3,14,pair_015,0.533248,1341.340663,1351.199195,
33,phase3,14,pair_015,0.549927,1341.357342,1351.215875,
34,phase3,14,pair_015,0.566927,1341.374343,1351.232875,
35,phase3,14,pair_015,0.583239,1341.390656,1351.249187,
36,phase3,14,pair_015,0.599888,1341.407305,1351.265836,
37,phase3,14,pair_015,0.616846,1341.424261,1351.282794,
38,phase3,14,pair_015,0.633228,1341.440643,1351.299175,
39,phase3,14,pair_015,0.650195,1341.457611,1351.316143,
40,phase3,14,pair_015,0.666585,1341.474,1351.332533,
41,phase3,14,pair_015,0.683239,1341.490654,1351.349187,
42,phase3,14,pair_015,0.700181,1341.507596,1351.366128,
43,phase3,14,pair_015,0.716861,1341.524276,1351.382809,
44,phase3,14,pair_015,0.733243,1341.540659,1351.399191,
45,phase3,14,pair_015,0.7499,1341.557316,1351.415848,
46,phase3,14,pair_015,0.766587,1341.574004,1351.432534,
47,phase3,14,pair_015,0.783535,1341.590951,1351.449483,
48,phase3,14,pair_015,0.799898,1341.607313,1351.465845,
49,phase3,14,pair_015,0.816641,1341.624056,1351.482588,
50,phase3,14,pair_015,0.833524,1341.640941,1351.499472,
51,phase3,14,pair_015,0.849843,1341.657259,1351.515791,
52,phase3,14,pair_015,0.866572,1341.673988,1351.53252,
53,phase3,14,pair_015,0.883245,1341.69066,1351.549192,
54,phase3,14,pair_015,0.899902,1341.707317,1351.565849,
55,phase3,14,pair_015,0.916882,1341.724297,1351.58283,
56,phase3,14,pair_015,0.933216,1341.740631,1351.599163,
57,phase3,14,pair_015,0.949885,1341.757301,1351.615833,
58,phase3,14,pair_015,0.966649,1341.774066,1351.632596,
59,phase3,14,pair_015,0.983227,1341.790644,1351.649174,
60,phase3,14,pair_015,0.999891,1341.807307,1351.665839,
61,phase3,14,pair_015,1.016562,1341.823978,1351.68251,
62,phase3,14,pair_015,1.0333,1341.840716,1351.699248,
63,phase3,14,pair_015,1.049878,1341.857293,1351.715825,
64,phase3,14,pair_015,1.066572,1341.873988,1351.73252,
65,phase3,14,pair_015,1.083209,1341.890624,1351.749156,
66,phase3,14,pair_015,1.100183,1341.907598,1351.766131,
67,phase3,14,pair_015,1.116575,1341.923992,1351.782523,
68,phase3,14,pair_015,1.133183,1341.940598,1351.79913,
69,phase3,14,pair_015,1.149914,1341.957331,1351.815862,
70,phase3,14,pair_015,1.166559,1341.973974,1351.832507,
71,phase3,14,pair_015,1.183513,1341.990928,1351.849461,
72,phase3,14,pair_015,1.200179,1342.007594,1351.866127,
73,phase3,14,pair_015,1.216568,1342.023985,1351.882516,
74,phase3,14,pair_015,1.233491,1342.040906,1351.899439,
75,phase3,14,pair_015,1.249877,1342.057293,1351.915825,
76,phase3,14,pair_015,1.266854,1342.074269,1351.932801,
77,phase3,14,pair_015,1.283231,1342.090649,1351.949179,
78,phase3,14,pair_015,1.299863,1342.107278,1351.96581,
79,phase3,14,pair_015,1.316561,1342.123977,1351.982509,
80,phase3,14,pair_015,1.333528,1342.140944,1351.999475,
81,phase3,14,pair_015,1.349891,1342.157306,1352.015838,
82,phase3,14,pair_015,1.366539,1342.173955,1352.032487,
83,phase3,14,pair_015,1.383288,1342.190704,1352.049236,
84,phase3,14,pair_015,1.400201,1342.207617,1352.066149,
85,phase3,14,pair_015,1.416502,1342.223917,1352.082449,
86,phase3,14,pair_015,1.433247,1342.240662,1352.099194,
87,phase3,14,pair_015,1.449861,1342.257276,1352.115808,
88,phase3,14,pair_015,1.466878,1342.274296,1352.132826,
89,phase3,14,pair_015,1.483501,1342.290916,1352.149449,
90,phase3,14,pair_015,1.49997,1342.307386,1352.165917,
91,phase3,14,pair_015,1.516595,1342.324011,1352.182542,
92,phase3,14,pair_015,1.533556,1342.340972,1352.199504,
93,phase3,14,pair_015,1.550177,1342.357592,1352.216124,
94,phase3,14,pair_015,1.566559,1342.373974,1352.232507,
95,phase3,14,pair_015,1.583295,1342.390711,1352.249243,
96,phase3,14,pair_015,1.600175,1342.407591,1352.266123,
97,phase3,14,pair_015,1.61684,1342.424255,1352.282788,
98,phase3,14,pair_015,1.633181,1342.440597,1352.299129,
99,phase3,14,pair_015,1.649897,1342.457314,1352.315845,
100,phase3,14,pair_015,1.666884,1342.474299,1352.332832,
101,phase3,14,pair_015,1.683498,1342.490914,1352.349446,
102,phase3,14,pair_015,1.699883,1342.507299,1352.365831,
103,phase3,14,pair_015,1.716548,1342.523964,1352.382496,
104,phase3,14,pair_015,1.7332,1342.540616,1352.399148,
105,phase3,14,pair_015,1.749844,1342.557259,1352.415791,
106,phase3,14,pair_015,1.766486,1342.573901,1352.432433,
107,phase3,14,pair_015,1.783228,1342.590643,1352.449175,
108,phase3,14,pair_015,1.799957,1342.607372,1352.465904,
109,phase3,14,pair_015,1.816877,1342.624292,1352.482824,
110,phase3,14,pair_015,1.833192,1342.640607,1352.499139,
111,phase3,14,pair_015,1.849856,1342.657271,1352.515803,
112,phase3,14,pair_015,1.866614,1342.674029,1352.532562,
113,phase3,14,pair_015,1.883222,1342.690637,1352.549169,
114,phase3,14,pair_015,1.899886,1342.707301,1352.565834,
115,phase3,14,pair_015,1.916575,1342.723991,1352.582523,
116,phase3,14,pair_015,1.933482,1342.740897,1352.59943,
117,phase3,14,pair_015,1.950203,1342.757618,1352.61615,
118,phase3,14,pair_015,1.96685,1342.774265,1352.632798,
119,phase3,14,pair_015,1.983244,1342.79066,1352.649192,
120,phase3,14,pair_015,1.999883,1342.807299,1352.665831,
121,phase3,14,pair_015,2.016536,1342.823955,1352.682483,
122,phase3,14,pair_015,2.033501,1342.840917,1352.699449,
123,phase3,14,pair_015,2.049802,1342.857217,1352.715749,
124,phase3,14,pair_015,2.066538,1342.873955,1352.732485,
125,phase3,14,pair_015,2.083187,1342.890602,1352.749134,
126,phase3,14,pair_015,2.1002,1342.907617,1352.766148,
127,phase3,14,pair_015,2.116536,1342.923951,1352.782483,
128,phase3,14,pair_015,2.133137,1342.940553,1352.799085,
129,phase3,14,pair_015,2.149842,1342.957257,1352.815789,
130,phase3,14,pair_015,2.166841,1342.974257,1352.832789,
131,phase3,14,pair_015,2.183196,1342.990611,1352.849143,
132,phase3,14,pair_015,2.1999,1343.007316,1352.865848,
133,phase3,14,pair_015,2.216837,1343.024252,1352.882784,
134,phase3,14,pair_015,2.233194,1343.040611,1352.899142,
135,phase3,14,pair_015,2.249849,1343.057265,1352.915797,
136,phase3,14,pair_015,2.266551,1343.073966,1352.932499,
137,phase3,14,pair_015,2.283182,1343.090597,1352.949129,
138,phase3,14,pair_015,2.29985,1343.107265,1352.965798,
139,phase3,14,pair_015,2.316536,1343.123952,1352.982484,
140,phase3,14,pair_015,2.416547,1343.223961,1353.082495,
141,phase3,14,pair_015,2.433206,1343.240621,1353.099153,
142,phase3,14,pair_015,2.450197,1343.257613,1353.116145,
143,phase3,14,pair_015,2.466793,1343.274208,1353.13274,
144,phase3,14,pair_015,2.483163,1343.290579,1353.149111,
145,phase3,14,pair_015,2.500158,1343.307575,1353.166105,
146,phase3,14,pair_015,2.516447,1343.323863,1353.182395,
147,phase3,14,pair_015,2.533197,1343.340612,1353.199144,
148,phase3,14,pair_015,2.549928,1343.357343,1353.215876,
149,phase3,14,pair_015,2.566535,1343.37395,1353.232483,
150,phase3,14,pair_015,2.583503,1343.390918,1353.24945,
151,phase3,14,pair_015,2.600085,1343.4075,1353.266032,
152,phase3,14,pair_015,2.616506,1343.423921,1353.282454,
153,phase3,14,pair_015,2.63326,1343.440675,1353.299208,
154,phase3,14,pair_015,2.649841,1343.457256,1353.315788,
155,phase3,14,pair_015,2.666508,1343.473924,1353.332456,
156,phase3,14,pair_015,2.683175,1343.49059,1353.349122,
157,phase3,14,pair_015,2.699877,1343.507292,1353.365824,
158,phase3,14,pair_015,2.716845,1343.524261,1353.382793,
159,phase3,14,pair_015,2.733477,1343.540893,1353.399425,
160,phase3,14,pair_015,2.749853,1343.557268,1353.415801,
161,phase3,14,pair_015,2.766492,1343.573907,1353.432439,
162,phase3,14,pair_015,2.783507,1343.590922,1353.449454,
163,phase3,14,pair_015,2.799746,1343.607161,1353.465694,
164,phase3,14,pair_015,2.816538,1343.623954,1353.482486,
165,phase3,14,pair_015,2.833184,1343.640599,1353.499131,
166,phase3,14,pair_015,2.849831,1343.657247,1353.515779,
167,phase3,14,pair_015,2.86683,1343.674245,1353.532777,
168,phase3,14,pair_015,2.883167,1343.690582,1353.549114,
169,phase3,14,pair_015,2.899883,1343.707299,1353.565831,
170,phase3,14,pair_015,2.916446,1343.723861,1353.582393,
171,phase3,14,pair_015,2.933486,1343.740901,1353.599434,
172,phase3,14,pair_015,2.949869,1343.757284,1353.615816,
173,phase3,14,pair_015,2.966437,1343.773852,1353.632385,
174,phase3,14,pair_015,2.983448,1343.790878,1353.649396,
175,phase3,14,pair_015,2.999804,1343.807219,1353.665751,
176,phase3,14,pair_015,3.016519,1343.823934,1353.682466,
177,phase3,14,pair_015,3.033141,1343.840557,1353.699089,
178,phase3,14,pair_015,3.100087,1343.907502,1353.766034,
179,phase3,14,pair_015,3.116535,1343.92395,1353.782482,
180,phase3,14,pair_015,3.13589,1343.943306,1353.801837,
181,phase3,14,pair_015,3.150683,1343.958099,1353.816631,
182,phase3,14,pair_015,3.166491,1343.973907,1353.832438,
183,phase3,14,pair_015,3.183156,1343.990572,1353.849104,
184,phase3,14,pair_015,3.199829,1344.007245,1353.865777,
185,phase3,14,pair_015,3.216773,1344.024188,1353.88272,
186,phase3,14,pair_015,3.233172,1344.040588,1353.899119,
187,phase3,14,pair_015,3.249872,1344.057288,1353.91582,
188,phase3,14,pair_015,3.266486,1344.073902,1353.932434,
189,phase3,14,pair_015,3.283467,1344.090883,1353.949415,
190,phase3,14,pair_015,3.299831,1344.107247,1353.965779,
191,phase3,14,pair_015,3.316709,1344.124142,1353.982657,
192,phase3,14,pair_015,3.333224,1344.140641,1353.999172,
193,phase3,14,pair_015,3.350123,1344.157539,1354.016071,
194,phase3,14,pair_015,3.366509,1344.173924,1354.032456,
195,phase3,14,pair_015,3.383078,1344.190494,1354.049026,
196,phase3,14,pair_015,3.39975,1344.207166,1354.065698,
197,phase3,14,pair_015,3.416482,1344.223898,1354.08243,
198,phase3,14,pair_015,3.43319,1344.240606,1354.099138,
199,phase3,14,pair_015,3.449823,1344.257239,1354.115771,
200,phase3,14,pair_015,3.466575,1344.273991,1354.132523,
201,phase3,14,pair_015,3.483423,1344.290838,1354.14937,
202,phase3,14,pair_015,3.500105,1344.307521,1354.166053,
203,phase3,14,pair_015,3.516923,1344.324338,1354.18287,
204,phase3,14,pair_015,3.533543,1344.340958,1354.19949,
205,phase3,14,pair_015,3.549857,1344.357273,1354.215805,
206,phase3,14,pair_015,3.566584,1344.374,1354.232532,
207,phase3,14,pair_015,3.58357,1344.390986,1354.249518,
208,phase3,14,pair_015,3.600225,1344.40764,1354.266172,
209,phase3,14,pair_015,3.616575,1344.42399,1354.282522,
210,phase3,14,pair_015,3.633246,1344.440662,1354.299193,
211,phase3,14,pair_015,3.649963,1344.457398,1354.315911,
212,phase3,14,pair_015,3.66689,1344.474306,1354.332838,
213,phase3,14,pair_015,3.683253,1344.490673,1354.349201,
214,phase3,14,pair_015,3.699963,1344.507378,1354.36591,
215,phase3,14,pair_015,3.716575,1344.523991,1354.382522,
216,phase3,14,pair_015,3.733584,1344.541,1354.399532,
217,phase3,14,pair_015,3.749911,1344.557327,1354.415859,
218,phase3,14,pair_015,3.76658,1344.573996,1354.432528,
219,phase3,14,pair_015,3.78321,1344.590626,1354.449158,
220,phase3,14,pair_015,3.799903,1344.607319,1354.465851,
221,phase3,14,pair_015,3.816605,1344.624024,1354.482553,
222,phase3,14,pair_015,3.833249,1344.640664,1354.499197,
223,phase3,14,pair_015,3.849978,1344.657394,1354.515926,
224,phase3,14,pair_015,3.866564,1344.67398,1354.532512,
225,phase3,14,pair_015,3.883543,1344.690961,1354.549491,
226,phase3,14,pair_015,3.899867,1344.707283,1354.565815,
227,phase3,14,pair_015,3.916549,1344.723965,1354.582497,
228,phase3,14,pair_015,3.933226,1344.740643,1354.599173,
229,phase3,14,pair_015,3.949902,1344.757318,1354.61585,
230,phase3,14,pair_015,3.966574,1344.77399,1354.632522,
231,phase3,14,pair_015,3.983287,1344.790703,1354.649235,
232,phase3,14,pair_015,4.000219,1344.807635,1354.666166,
233,phase3,14,pair_015,4.016876,1344.824292,1354.682824,
234,phase3,14,pair_015,4.033239,1344.840654,1354.699186,
235,phase3,14,pair_015,4.049901,1344.857317,1354.715848,
236,phase3,14,pair_015,4.066557,1344.873973,1354.732505,
237,phase3,14,pair_015,4.083197,1344.890613,1354.749145,
238,phase3,14,pair_015,4.099886,1344.907302,1354.765834,
239,phase3,14,pair_015,4.11655,1344.923966,1354.782498,
240,phase3,14,pair_015,4.13327,1344.940686,1354.799217,
241,phase3,14,pair_015,4.150203,1344.957621,1354.81615,
242,phase3,14,pair_015,4.166529,1344.973945,1354.832477,
243,phase3,14,pair_015,4.183232,1344.990648,1354.849179,
244,phase3,14,pair_015,4.199915,1345.007333,1354.865863,
245,phase3,14,pair_015,4.216551,1345.023966,1354.882498,
246,phase3,14,pair_015,4.233243,1345.040659,1354.899191,
247,phase3,14,pair_015,4.249892,1345.057308,1354.91584,
248,phase3,14,pair_015,4.266844,1345.074259,1354.932791,
249,phase3,14,pair_015,4.283584,1345.091,1354.949531,
250,phase3,14,pair_015,4.383239,1345.190653,1355.049186,
251,phase3,14,pair_015,4.399936,1345.207352,1355.065884,
252,phase3,14,pair_015,4.416557,1345.223973,1355.082505,
253,phase3,14,pair_015,4.433532,1345.240948,1355.099479,
254,phase3,14,pair_015,4.449836,1345.257251,1355.115783,
255,phase3,14,pair_015,4.466473,1345.273891,1355.13242,
256,phase3,14,pair_015,4.483534,1345.290952,1355.149482,
257,phase3,14,pair_015,4.500207,1345.307623,1355.166155,
258,phase3,14,pair_015,4.516511,1345.323927,1355.182458,
259,phase3,14,pair_015,4.533278,1345.340694,1355.199226,
260,phase3,14,pair_015,4.550195,1345.357611,1355.216142,
261,phase3,14,pair_015,4.566876,1345.374292,1355.232824,
262,phase3,14,pair_015,4.583184,1345.390599,1355.249131,
263,phase3,14,pair_015,4.599863,1345.407279,1355.265811,
264,phase3,14,pair_015,4.61677,1345.424186,1355.282717,
265,phase3,14,pair_015,4.633544,1345.440959,1355.299491,
266,phase3,14,pair_015,4.649907,1345.457323,1355.315855,
267,phase3,14,pair_015,4.66657,1345.473986,1355.332518,
268,phase3,14,pair_015,4.683198,1345.490614,1355.349146,
269,phase3,14,pair_015,4.699846,1345.507261,1355.365793,
270,phase3,14,pair_015,4.716574,1345.523989,1355.382521,
271,phase3,14,pair_015,4.733208,1345.540624,1355.399155,
272,phase3,14,pair_015,4.749869,1345.557285,1355.415817,
273,phase3,14,pair_015,4.766521,1345.573939,1355.432468,
274,phase3,14,pair_015,4.783514,1345.59093,1355.449462,
275,phase3,14,pair_015,4.799889,1345.607305,1355.465837,
276,phase3,14,pair_015,4.816543,1345.623959,1355.482491,
277,phase3,14,pair_015,4.833533,1345.64095,1355.499481,
278,phase3,14,pair_015,4.850181,1345.657597,1355.516129,
279,phase3,14,pair_015,4.86656,1345.673975,1355.532507,
280,phase3,14,pair_015,4.883241,1345.690657,1355.549189,
281,phase3,14,pair_015,4.899851,1345.707267,1355.565799,
282,phase3,14,pair_015,4.91651,1345.723928,1355.582458,
283,phase3,14,pair_015,4.999874,1345.807292,1355.665822,
284,phase3,14,pair_015,5.016564,1345.82398,1355.682511,
285,phase3,14,pair_015,5.033454,1345.84087,1355.699401,
286,phase3,14,pair_015,5.049878,1345.857293,1355.715825,
287,phase3,14,pair_015,5.066788,1345.874204,1355.732736,
288,phase3,14,pair_015,5.083176,1345.890592,1355.749123,
289,phase3,14,pair_015,5.099886,1345.907335,1355.765834,
290,phase3,14,pair_015,5.116571,1345.924005,1355.782518,
291,phase3,14,pair_015,5.133243,1345.940666,1355.79919,
292,phase3,14,pair_015,5.149915,1345.957338,1355.815863,
293,phase3,14,pair_015,5.16647,1345.973894,1355.832418,
294,phase3,14,pair_015,5.183178,1345.990602,1355.849126,
295,phase3,14,pair_015,5.199932,1346.007353,1355.865879,
296,phase3,14,pair_015,5.216554,1346.023969,1355.882501,
297,phase3,14,pair_015,5.233193,1346.040609,1355.899141,
298,phase3,14,pair_015,5.249864,1346.057284,1355.915812,
299,phase3,14,pair_015,5.266841,1346.074258,1355.932789,
300,phase3,14,pair_015,5.283194,1346.090611,1355.949142,
301,phase3,14,pair_015,5.300138,1346.107555,1355.966086,
302,phase3,14,pair_015,5.316527,1346.123944,1355.982475,
303,phase3,14,pair_015,5.333496,1346.140912,1355.999443,
304,phase3,14,pair_015,5.349864,1346.157281,1356.015812,
305,phase3,14,pair_015,5.366525,1346.173941,1356.032472,
306,phase3,14,pair_015,5.383194,1346.19061,1356.049141,
307,phase3,14,pair_015,5.400176,1346.207592,1356.066123,
308,phase3,14,pair_015,5.416491,1346.223907,1356.082438,
309,phase3,14,pair_015,5.43319,1346.240606,1356.099138,
310,phase3,14,pair_015,5.449909,1346.257325,1356.115856,
311,phase3,14,pair_015,5.466483,1346.273899,1356.13243,
312,phase3,14,pair_015,5.483415,1346.290831,1356.149363,
313,phase3,14,pair_015,-1340.807675,1346.290894,9.858273,response
