frame_idx,phase,trial_id,stim_pair_id,elapsed_time,global_time,flip_time,event_marker
0,phase1,80,pair_081,0.0,1263.857845,1273.716371,stimulus_onset
1,phase1,80,pair_081,0.016992,1263.874834,1273.733363,
2,phase1,80,pair_081,0.033311,1263.89115,1273.749682,
3,phase1,80,pair_081,0.049997,1263.907835,1273.766368,
4,phase1,80,pair_081,0.06664,1263.924479,1273.783011,
5,phase1,80,pair_081,0.083306,1263.941144,1273.799678,
6,phase1,80,pair_081,0.099967,1263.957807,1273.816338,
7,phase1,80,pair_081,0.11669,1263.974529,1273.833062,
8,phase1,80,pair_081,0.133325,1263.991163,1273.849696,
9,phase1,80,pair_081,0.14999,1264.007828,1273.866361,
10,phase1,80,pair_081,0.166645,1264.024483,1273.883016,
11,phase1,80,pair_081,0.183346,1264.041184,1273.899717,
12,phase1,80,pair_081,0.19997,1264.057807,1273.916341,
13,phase1,80,pair_081,0.216658,1264.074496,1273.933029,
14,phase1,80,pair_081,0.233618,1264.091457,1273.949989,
15,phase1,80,pair_081,0.250029,1264.10787,1273.966401,
16,phase1,80,pair_081,0.266644,1264.124482,1273.983016,
17,phase1,80,pair_081,0.283312,1264.14115,1273.999683,
18,phase1,80,pair_081,0.300271,1264.158109,1274.016643,
19,phase1,80,pair_081,0.316641,1264.174485,1274.033013,
20,phase1,80,pair_081,0.333371,1264.191209,1274.049742,
21,phase1,80,pair_081,0.349988,1264.207828,1274.066359,
22,phase1,80,pair_081,0.366655,1264.224495,1274.083026,
23,phase1,80,pair_081,0.383311,1264.241149,1274.099682,
24,phase1,80,pair_081,0.399996,1264.257835,1274.116367,
25,phase1,80,pair_081,0.416629,1264.274467,1274.133,
26,phase1,80,pair_081,0.433631,1264.291469,1274.150002,
27,phase1,80,pair_081,0.450002,1264.307843,1274.166374,
28,phase1,80,pair_081,0.4667,1264.324537,1274.183071,
29,phase1,80,pair_081,0.483304,1264.341142,1274.199676,
30,phase1,80,pair_081,0.499946,1264.357783,1274.216317,
31,phase1,80,pair_081,0.516642,1264.37448,1274.233013,
32,phase1,80,pair_081,0.533322,1264.391159,1274.249693,
33,phase1,80,pair_081,0.549966,1264.407804,1274.266337,
34,phase1,80,pair_081,0.566964,1264.424801,1274.283335,
35,phase1,80,pair_081,0.583343,1264.441181,1274.299715,
36,phase1,80,pair_081,0.599993,1264.45783,1274.316364,
37,phase1,80,pair_081,0.616619,1264.474459,1274.33299,
38,phase1,80,pair_081,0.633634,1264.491474,1274.350005,
39,phase1,80,pair_081,0.650272,1264.50811,1274.366643,
40,phase1,80,pair_081,0.66671,1264.524548,1274.383081,
41,phase1,80,pair_081,0.683271,1264.541109,1274.399642,
42,phase1,80,pair_081,0.699939,1264.557777,1274.41631,
43,phase1,80,pair_081,0.716933,1264.574771,1274.433304,
44,phase1,80,pair_081,0.733318,1264.591156,1274.44969,
45,phase1,80,pair_081,0.75003,1264.607867,1274.466401,
46,phase1,80,pair_081,0.766559,1264.624397,1274.48293,
47,phase1,80,pair_081,0.783262,1264.6411,1274.499633,
48,phase1,80,pair_081,0.799986,1264.657824,1274.516358,
49,phase1,80,pair_081,0.81663,1264.674467,1274.533001,
50,phase1,80,pair_081,0.833357,1264.691194,1274.549728,
51,phase1,80,pair_081,0.850289,1264.708127,1274.56666,
52,phase1,80,pair_081,0.866579,1264.724417,1274.582951,
53,phase1,80,pair_081,0.883283,1264.74112,1274.599654,
54,phase1,80,pair_081,0.899966,1264.757804,1274.616337,
55,phase1,80,pair_081,0.916549,1264.774387,1274.632921,
56,phase1,80,pair_081,0.933384,1264.791224,1274.649755,
57,phase1,80,pair_081,0.949966,1264.807803,1274.666337,
58,phase1,80,pair_081,0.966695,1264.824533,1274.683067,
59,phase1,80,pair_081,0.983637,1264.841475,1274.700008,
60,phase1,80,pair_081,0.999916,1264.857753,1274.716287,
61,phase1,80,pair_081,1.016631,1264.874469,1274.733003,
62,phase1,80,pair_081,1.033269,1264.891106,1274.74964,
63,phase1,80,pair_081,1.049944,1264.907787,1274.766316,
64,phase1,80,pair_081,1.066592,1264.924431,1274.782964,
65,phase1,80,pair_081,1.083277,1264.941115,1274.799648,
66,phase1,80,pair_081,1.099954,1264.957793,1274.816326,
67,phase1,80,pair_081,1.116618,1264.974456,1274.83299,
68,phase1,80,pair_081,1.133608,1264.991446,1274.84998,
69,phase1,80,pair_081,1.149991,1265.007828,1274.866362,
70,phase1,80,pair_081,1.16661,1265.024448,1274.882981,
71,phase1,80,pair_081,1.183286,1265.041123,1274.899657,
72,phase1,80,pair_081,1.200248,1265.058086,1274.916619,
73,phase1,80,pair_081,1.216548,1265.074386,1274.93292,
74,phase1,80,pair_081,1.233279,1265.091117,1274.94965,
75,phase1,80,pair_081,1.250006,1265.107844,1274.966377,
76,phase1,80,pair_081,1.266935,1265.124772,1274.983306,
77,phase1,80,pair_081,1.283273,1265.141111,1274.999645,
78,phase1,80,pair_081,1.299949,1265.157786,1275.01632,
79,phase1,80,pair_081,1.316605,1265.174448,1275.032976,
80,phase1,80,pair_081,1.333252,1265.19109,1275.049623,
81,phase1,80,pair_081,1.349921,1265.207764,1275.066292,
82,phase1,80,pair_081,1.366663,1265.224502,1275.083034,
83,phase1,80,pair_081,1.383269,1265.241107,1275.09964,
84,phase1,80,pair_081,1.40027,1265.258108,1275.116641,
85,phase1,80,pair_081,1.416897,1265.274735,1275.133269,
86,phase1,80,pair_081,1.433306,1265.291143,1275.149677,
87,phase1,80,pair_081,1.449931,1265.307769,1275.166303,
88,phase1,80,pair_081,1.46661,1265.324447,1275.182981,
89,phase1,80,pair_081,1.483568,1265.341406,1275.199939,
90,phase1,80,pair_081,1.499927,1265.357764,1275.216298,
91,phase1,80,pair_081,1.516654,1265.374491,1275.233025,
92,phase1,80,pair_081,1.533269,1265.391107,1275.249641,
93,phase1,80,pair_081,1.550243,1265.408081,1275.266615,
94,phase1,80,pair_081,1.566587,1265.424425,1275.282959,
95,phase1,80,pair_081,1.583323,1265.44116,1275.299694,
96,phase1,80,pair_081,1.599902,1265.457742,1275.316274,
97,phase1,80,pair_081,1.616916,1265.474754,1275.333288,
98,phase1,80,pair_081,1.633308,1265.491145,1275.349679,
99,phase1,80,pair_081,1.649913,1265.50775,1275.366284,
100,phase1,80,pair_081,1.666875,1265.524712,1275.383246,
101,phase1,80,pair_081,1.683612,1265.541452,1275.399984,
102,phase1,80,pair_081,1.699937,1265.557775,1275.416309,
103,phase1,80,pair_081,1.716567,1265.574404,1275.432938,
104,phase1,80,pair_081,1.733539,1265.591377,1275.44991,
105,phase1,80,pair_081,1.750233,1265.60807,1275.466604,
106,phase1,80,pair_081,1.766576,1265.624413,1275.482947,
107,phase1,80,pair_081,1.783246,1265.641084,1275.499617,
108,phase1,80,pair_081,1.800347,1265.658184,1275.516718,
109,phase1,80,pair_081,1.816703,1265.674542,1275.533074,
110,phase1,80,pair_081,1.833372,1265.69121,1275.549744,
111,phase1,80,pair_081,1.85002,1265.707858,1275.566392,
112,phase1,80,pair_081,1.866987,1265.724825,1275.583359,
113,phase1,80,pair_081,1.883386,1265.741224,1275.599757,
114,phase1,80,pair_081,1.900026,1265.757864,1275.616397,
115,phase1,80,pair_081,1.916994,1265.77484,1275.633366,
116,phase1,80,pair_081,1.933632,1265.79147,1275.650004,
117,phase1,80,pair_081,1.950024,1265.807862,1275.666396,
118,phase1,80,pair_081,1.966714,1265.824555,1275.683085,
119,phase1,80,pair_081,1.983339,1265.841176,1275.69971,
120,phase1,80,pair_081,2.000367,1265.858204,1275.716738,
121,phase1,80,pair_081,2.016693,1265.874531,1275.733065,
122,phase1,80,pair_081,2.033363,1265.891201,1275.749735,
123,phase1,80,pair_081,2.050049,1265.907886,1275.76642,
124,phase1,80,pair_081,2.066651,1265.924491,1275.783022,
125,phase1,80,pair_081,2.083359,1265.941196,1275.79973,
126,phase1,80,pair_081,2.10003,1265.957868,1275.816401,
127,phase1,80,pair_081,2.116741,1265.974583,1275.833112,
128,phase1,80,pair_081,2.133364,1265.991202,1275.849735,
129,phase1,80,pair_081,2.150056,1266.007895,1275.866427,
130,phase1,80,pair_081,2.166704,1266.024542,1275.883076,
131,phase1,80,pair_081,2.183402,1266.04124,1275.899774,
132,phase1,80,pair_081,2.20002,1266.057857,1275.916391,
133,phase1,80,pair_081,2.216698,1266.074535,1275.933069,
134,phase1,80,pair_081,2.233356,1266.091197,1275.949727,
135,phase1,80,pair_081,2.250021,1266.107859,1275.966392,
136,phase1,80,pair_081,2.266692,1266.12453,1275.983063,
137,phase1,80,pair_081,2.283692,1266.141531,1276.000063,
138,phase1,80,pair_081,2.300008,1266.157847,1276.016379,
139,phase1,80,pair_081,2.316675,1266.174513,1276.033047,
140,phase1,80,pair_081,2.333662,1266.1915,1276.050034,
141,phase1,80,pair_081,2.35032,1266.208157,1276.066691,
142,phase1,80,pair_081,2.366695,1266.224536,1276.083067,
143,phase1,80,pair_081,2.383368,1266.241208,1276.099739,
144,phase1,80,pair_081,2.400027,1266.257866,1276.116399,
145,phase1,80,pair_081,2.416688,1266.274526,1276.133059,
146,phase1,80,pair_081,2.433361,1266.291199,1276.149732,
147,phase1,80,pair_081,2.450022,1266.30786,1276.166393,
148,phase1,80,pair_081,2.466684,1266.324522,1276.183055,
149,phase1,80,pair_081,2.483666,1266.341504,1276.200038,
150,phase1,80,pair_081,2.499995,1266.357832,1276.216366,
151,phase1,80,pair_081,2.51669,1266.374528,1276.233062,
152,phase1,80,pair_081,2.53339,1266.391228,1276.249762,
153,phase1,80,pair_081,2.55002,1266.407858,1276.266392,
154,phase1,80,pair_081,2.566962,1266.4248,1276.283334,
155,phase1,80,pair_081,2.583357,1266.441194,1276.299728,
156,phase1,80,pair_081,2.600082,1266.45792,1276.316453,
157,phase1,80,pair_081,2.616671,1266.474508,1276.333042,
158,phase1,80,pair_081,2.633393,1266.491232,1276.349764,
159,phase1,80,pair_081,2.650011,1266.507849,1276.366382,
160,phase1,80,pair_081,2.666707,1266.524547,1276.383079,
161,phase1,80,pair_081,2.683288,1266.541126,1276.399659,
162,phase1,80,pair_081,2.700315,1266.558153,1276.416687,
163,phase1,80,pair_081,2.716705,1266.574544,1276.433076,
164,phase1,80,pair_081,2.733402,1266.591241,1276.449774,
165,phase1,80,pair_081,2.750316,1266.608154,1276.466688,
166,phase1,80,pair_081,2.766997,1266.624834,1276.483368,
167,phase1,80,pair_081,2.783361,1266.641199,1276.499733,
168,phase1,80,pair_081,2.800031,1266.657869,1276.516403,
169,phase1,80,pair_081,2.816679,1266.674517,1276.53305,
170,phase1,80,pair_081,2.833646,1266.691483,1276.550017,
171,phase1,80,pair_081,2.850046,1266.707887,1276.566417,
172,phase1,80,pair_081,2.866639,1266.724477,1276.58301,
173,phase1,80,pair_081,2.883333,1266.741171,1276.599704,
174,phase1,80,pair_081,2.900325,1266.758162,1276.616696,
175,phase1,80,pair_081,2.916659,1266.774496,1276.63303,
176,phase1,80,pair_081,2.933345,1266.791184,1276.649717,
177,phase1,80,pair_081,2.950019,1266.807857,1276.666391,
178,phase1,80,pair_081,2.96698,1266.824817,1276.683351,
179,phase1,80,pair_081,2.983336,1266.841174,1276.699707,
180,phase1,80,pair_081,3.000003,1266.857841,1276.716375,
181,phase1,80,pair_081,3.016959,1266.874797,1276.73333,
182,phase1,80,pair_081,3.03331,1266.891147,1276.749681,
183,phase1,80,pair_081,3.050298,1266.908135,1276.766669,
184,phase1,80,pair_081,3.066649,1266.924486,1276.78302,
185,phase1,80,pair_081,3.083333,1266.941172,1276.799705,
186,phase1,80,pair_081,3.099997,1266.957834,1276.816368,
187,phase1,80,pair_081,3.116657,1266.974494,1276.833028,
188,phase1,80,pair_081,3.13335,1266.991188,1276.849721,
189,phase1,80,pair_081,3.149995,1267.007832,1276.866366,
190,phase1,80,pair_081,3.166647,1267.024485,1276.883019,
191,phase1,80,pair_081,3.183265,1267.041103,1276.899636,
192,phase1,80,pair_081,3.199992,1267.057834,1276.916364,
193,phase1,80,pair_081,3.216693,1267.07453,1276.933064,
194,phase1,80,pair_081,3.233366,1267.091203,1276.949737,
195,phase1,80,pair_081,3.250285,1267.108122,1276.966656,
196,phase1,80,pair_081,3.266623,1267.12446,1276.982994,
197,phase1,80,pair_081,3.283319,1267.14116,1276.99969,
198,phase1,80,pair_081,3.299943,1267.157781,1277.016315,
199,phase1,80,pair_081,3.316977,1267.174816,1277.033349,
200,phase1,80,pair_081,3.333306,1267.191144,1277.049678,
201,phase1,80,pair_081,3.349996,1267.207833,1277.066367,
202,phase1,80,pair_081,3.366647,1267.224484,1277.083018,
203,phase1,80,pair_081,3.383319,1267.241157,1277.099691,
204,phase1,80,pair_081,3.400005,1267.257843,1277.116376,
205,phase1,80,pair_081,3.416644,1267.274482,1277.133015,
206,phase1,80,pair_081,3.43341,1267.291251,1277.149782,
207,phase1,80,pair_081,3.449981,1267.307819,1277.166352,
208,phase1,80,pair_081,3.466654,1267.324492,1277.183025,
209,phase1,80,pair_081,3.483347,1267.341185,1277.199718,
210,phase1,80,pair_081,3.499978,1267.357818,1277.21635,
211,phase1,80,pair_081,3.516643,1267.374481,1277.233014,
212,phase1,80,pair_081,3.533624,1267.391462,1277.249995,
213,phase1,80,pair_081,3.549979,1267.407817,1277.266351,
214,phase1,80,pair_081,3.56669,1267.424527,1277.283061,
215,phase1,80,pair_081,3.583304,1267.441141,1277.299675,
216,phase1,80,pair_081,3.599926,1267.457763,1277.316297,
217,phase1,80,pair_081,3.61665,1267.474487,1277.333021,
218,phase1,80,pair_081,3.633248,1267.491086,1277.34962,
219,phase1,80,pair_081,3.650033,1267.507871,1277.366405,
220,phase1,80,pair_081,3.666949,1267.524786,1277.38332,
221,phase1,80,pair_081,3.683397,1267.541234,1277.399768,
222,phase1,80,pair_081,3.700028,1267.557866,1277.4164,
223,phase1,80,pair_081,3.716666,1267.574504,1277.433037,
224,phase1,80,pair_081,3.733623,1267.59146,1277.449994,
225,phase1,80,pair_081,3.749973,1267.60781,1277.466344,
226,phase1,80,pair_081,3.766578,1267.624416,1277.48295,
227,phase1,80,pair_081,3.783284,1267.641123,1277.499655,
228,phase1,80,pair_081,3.800267,1267.658105,1277.516638,
229,phase1,80,pair_081,3.816667,1267.674504,1277.533038,
230,phase1,80,pair_081,3.833321,1267.691158,1277.549692,
231,phase1,80,pair_081,3.850007,1267.707844,1277.566378,
232,phase1,80,pair_081,3.86691,1267.724748,1277.583282,
233,phase1,80,pair_081,3.883334,1267.741174,1277.599706,
234,phase1,80,pair_081,3.89998,1267.757817,1277.616351,
235,phase1,80,pair_081,3.916554,1267.774391,1277.632925,
236,phase1,80,pair_081,3.933249,1267.791087,1277.649621,
237,phase1,80,pair_081,3.950276,1267.808114,1277.666648,
238,phase1,80,pair_081,3.966628,1267.824466,1277.683,
239,phase1,80,pair_081,3.983326,1267.841165,1277.699697,
240,phase1,80,pair_081,4.000303,1267.858141,1277.716675,
241,phase1,80,pair_081,4.016946,1267.874786,1277.733318,
242,phase1,80,pair_081,4.033324,1267.891162,1277.749695,
243,phase1,80,pair_081,4.049988,1267.907826,1277.76636,
244,phase1,80,pair_081,4.066695,1267.924534,1277.783066,
245,phase1,80,pair_081,4.083636,1267.941473,1277.800007,
246,phase1,80,pair_081,4.099927,1267.957764,1277.816298,
247,phase1,80,pair_081,4.116603,1267.974441,1277.832975,
248,phase1,80,pair_081,4.133283,1267.99112,1277.849654,
249,phase1,80,pair_081,4.150272,1268.008109,1277.866643,
250,phase1,80,pair_081,4.166899,1268.024737,1277.883271,
251,phase1,80,pair_081,4.183307,1268.041144,1277.899678,
252,phase1,80,pair_081,4.199951,1268.057788,1277.916322,
253,phase1,80,pair_081,4.216568,1268.074406,1277.932939,
254,phase1,80,pair_081,4.233288,1268.091126,1277.949659,
255,phase1,80,pair_081,4.249958,1268.107795,1277.966329,
256,phase1,80,pair_081,4.266682,1268.124519,1277.983053,
257,phase1,80,pair_081,4.283282,1268.14112,1277.999654,
258,phase1,80,pair_081,4.299915,1268.157752,1278.016286,
259,phase1,80,pair_081,4.316625,1268.174462,1278.032996,
260,phase1,80,pair_081,4.333301,1268.191139,1278.049673,
261,phase1,80,pair_081,4.349988,1268.207825,1278.066359,
262,phase1,80,pair_081,4.366584,1268.224423,1278.082955,
263,phase1,80,pair_081,4.38324,1268.241077,1278.099611,
264,phase1,80,pair_081,4.399953,1268.257791,1278.116325,
265,phase1,80,pair_081,4.416678,1268.274516,1278.133049,
266,phase1,80,pair_081,4.43325,1268.291087,1278.149621,
267,phase1,80,pair_081,4.449942,1268.307779,1278.166314,
268,phase1,80,pair_081,4.466608,1268.324446,1278.18298,
269,phase1,80,pair_081,4.483251,1268.341088,1278.199622,
270,phase1,80,pair_081,4.499914,1268.357751,1278.216285,
271,phase1,80,pair_081,4.516898,1268.374736,1278.23327,
272,phase1,80,pair_081,4.533312,1268.391149,1278.249683,
273,phase1,80,pair_081,4.550008,1268.407846,1278.266379,
274,phase1,80,pair_081,4.566574,1268.424419,1278.282945,
275,phase1,80,pair_081,4.583556,1268.441393,1278.299927,
276,phase1,80,pair_081,4.599923,1268.45776,1278.316294,
277,phase1,80,pair_081,4.616608,1268.474445,1278.332979,
278,phase1,80,pair_081,4.633242,1268.49108,1278.349614,
279,phase1,80,pair_081,4.650232,1268.508069,1278.366603,
280,phase1,80,pair_081,4.66663,1268.524467,1278.383001,
281,phase1,80,pair_081,4.683279,1268.541116,1278.39965,
282,phase1,80,pair_081,4.700245,1268.558082,1278.416616,
283,phase1,80,pair_081,4.716899,1268.574736,1278.43327,
284,phase1,80,pair_081,4.733265,1268.591102,1278.449636,
285,phase1,80,pair_081,4.749925,1268.607763,1278.466297,
286,phase1,80,pair_081,4.76667,1268.624507,1278.483041,
287,phase1,80,pair_081,4.783575,1268.641412,1278.499946,
288,phase1,80,pair_081,4.799938,1268.657776,1278.51631,
289,phase1,80,pair_081,4.816585,1268.674422,1278.532956,
290,phase1,80,pair_081,4.833524,1268.691361,1278.549895,
291,phase1,80,pair_081,4.850243,1268.708081,1278.566615,
292,phase1,80,pair_081,4.866553,1268.72439,1278.582924,
293,phase1,80,pair_081,4.883265,1268.741102,1278.599636,
294,phase1,80,pair_081,4.899917,1268.757754,1278.616288,
295,phase1,80,pair_081,4.9166,1268.774438,1278.632972,
296,phase1,80,pair_081,4.933284,1268.791121,1278.649655,
297,phase1,80,pair_081,4.949951,1268.807789,1278.666322,
298,phase1,80,pair_081,4.966579,1268.824417,1278.68295,
299,phase1,80,pair_081,4.983245,1268.841083,1278.699617,
300,phase1,80,pair_081,5.000241,1268.858079,1278.716613,
301,phase1,80,pair_081,5.016628,1268.874465,1278.732999,
302,phase1,80,pair_081,5.033243,1268.891081,1278.749614,
303,phase1,80,pair_081,5.049903,1268.90774,1278.766274,
304,phase1,80,pair_081,5.066881,1268.924718,1278.783252,
305,phase1,80,pair_081,5.083328,1268.941166,1278.799699,
306,phase1,80,pair_081,5.099966,1268.957803,1278.816337,
307,phase1,80,pair_081,5.116904,1268.974742,1278.833276,
308,phase1,80,pair_081,5.13356,1268.991397,1278.849931,
309,phase1,80,pair_081,5.149952,1269.00779,1278.866324,
310,phase1,80,pair_081,5.166832,1269.02467,1278.883204,
311,phase1,80,pair_081,5.183307,1269.041144,1278.899678,
312,phase1,80,pair_081,5.200228,1269.058066,1278.9166,
313,phase1,80,pair_081,5.216563,1269.0744,1278.932934,
314,phase1,80,pair_081,5.233236,1269.091073,1278.949607,
315,phase1,80,pair_081,5.250181,1269.108018,1278.966552,
316,phase1,80,pair_081,5.266896,1269.124734,1278.983268,
317,phase1,80,pair_081,5.283267,1269.141104,1278.999638,
318,phase1,80,pair_081,5.299912,1269.15775,1279.016284,
319,phase1,80,pair_081,5.316555,1269.174392,1279.032926,
320,phase1,80,pair_081,5.333207,1269.191044,1279.049578,
321,phase1,80,pair_081,5.34991,1269.207747,1279.066281,
322,phase1,80,pair_081,5.366614,1269.224451,1279.082985,
323,phase1,80,pair_081,5.383236,1269.241074,1279.099608,
324,phase1,80,pair_081,5.400216,1269.258054,1279.116588,
325,phase1,80,pair_081,5.416857,1269.274695,1279.133229,
326,phase1,80,pair_081,5.433491,1269.291332,1279.149863,
327,phase1,80,pair_081,5.449923,1269.307761,1279.166295,
328,phase1,80,pair_081,5.466568,1269.324406,1279.182939,
329,phase1,80,pair_081,5.483557,1269.341395,1279.199929,
330,phase1,80,pair_081,5.499908,1269.357746,1279.21628,
331,phase1,80,pair_081,5.516817,1269.374654,1279.233188,
332,phase1,80,pair_081,5.53329,1269.391127,1279.249661,
333,phase1,80,pair_081,5.550208,1269.408046,1279.26658,
334,phase1,80,pair_081,5.566558,1269.424396,1279.282929,
335,phase1,80,pair_081,5.583307,1269.441145,1279.299679,
336,phase1,80,pair_081,5.599973,1269.45781,1279.316344,
337,phase1,80,pair_081,5.616569,1269.474407,1279.33294,
338,phase1,80,pair_081,5.633233,1269.491071,1279.349604,
339,phase1,80,pair_081,5.649877,1269.507714,1279.366249,
340,phase1,80,pair_081,5.666578,1269.524416,1279.38295,
341,phase1,80,pair_081,5.683235,1269.541073,1279.399607,
342,phase1,80,pair_081,5.699917,1269.557754,1279.416288,
343,phase1,80,pair_081,5.716555,1269.574393,1279.432926,
344,phase1,80,pair_081,5.73336,1269.591197,1279.449731,
345,phase1,80,pair_081,5.75001,1269.607848,1279.466381,
346,phase1,80,pair_081,5.766669,1269.624507,1279.483041,
347,phase1,80,pair_081,5.783337,1269.641178,1279.499708,
348,phase1,80,pair_081,5.800016,1269.657853,1279.516387,
349,phase1,80,pair_081,5.816678,1269.674517,1279.533049,
350,phase1,80,pair_081,5.83334,1269.691177,1279.549711,
351,phase1,80,pair_081,5.850014,1269.707851,1279.566385,
352,phase1,80,pair_081,5.866999,1269.724836,1279.58337,
353,phase1,80,pair_081,5.883343,1269.741181,1279.599714,
354,phase1,80,pair_081,5.900007,1269.757844,1279.616378,
355,phase1,80,pair_081,5.916965,1269.774803,1279.633336,
356,phase1,80,pair_081,5.933638,1269.791476,1279.65001,
357,phase1,80,pair_081,5.950011,1269.807849,1279.666382,
358,phase1,80,pair_081,5.966671,1269.824508,1279.683042,
359,phase1,80,pair_081,5.983346,1269.841184,1279.699718,
360,phase1,80,pair_081,6.000317,1269.858155,1279.716688,
361,phase1,80,pair_081,6.016669,1269.874509,1279.733041,
362,phase1,80,pair_081,6.033322,1269.891164,1279.749694,
363,phase1,80,pair_081,6.050271,1269.908108,1279.766642,
364,phase1,80,pair_081,6.066634,1269.924472,1279.783005,
365,phase1,80,pair_081,6.083351,1269.941189,1279.799722,
366,phase1,80,pair_081,6.099953,1269.957791,1279.816324,
367,phase1,80,pair_081,6.116757,1269.974596,1279.833128,
368,phase1,80,pair_081,6.133498,1269.991335,1279.849869,
369,phase1,80,pair_081,6.150016,1270.007857,1279.866387,
370,phase1,80,pair_081,6.166688,1270.024525,1279.883059,
371,phase1,80,pair_081,6.183378,1270.041215,1279.899749,
372,phase1,80,pair_081,6.199976,1270.057813,1279.916347,
373,phase1,80,pair_081,6.216955,1270.074793,1279.933327,
374,phase1,80,pair_081,6.233331,1270.09117,1279.949703,
375,phase1,80,pair_081,6.249992,1270.10783,1279.966364,
376,phase1,80,pair_081,6.266652,1270.124489,1279.983023,
377,phase1,80,pair_081,6.283624,1270.141461,1279.999995,
378,phase1,80,pair_081,6.29999,1270.157828,1280.016362,
379,phase1,80,pair_081,6.316663,1270.174503,1280.033035,
380,phase1,80,pair_081,6.333321,1270.191159,1280.049693,
381,phase1,80,pair_081,6.350323,1270.208163,1280.066694,
382,phase1,80,pair_081,6.366671,1270.224508,1280.083042,
383,phase1,80,pair_081,6.38334,1270.241178,1280.099712,
384,phase1,80,pair_081,6.400299,1270.258137,1280.116671,
385,phase1,80,pair_081,6.416976,1270.274818,1280.133348,
386,phase1,80,pair_081,6.43334,1270.291178,1280.149711,
387,phase1,80,pair_081,6.449992,1270.30783,1280.166364,
388,phase1,80,pair_081,6.466641,1270.324478,1280.183012,
389,phase1,80,pair_081,6.483641,1270.341478,1280.200012,
390,phase1,80,pair_081,6.499973,1270.357811,1280.216345,
391,phase1,80,pair_081,6.516658,1270.374496,1280.23303,
392,phase1,80,pair_081,6.533369,1270.391207,1280.24974,
393,phase1,80,pair_081,6.550308,1270.408145,1280.266679,
394,phase1,80,pair_081,6.566645,1270.424483,1280.283017,
395,phase1,80,pair_081,6.58333,1270.441169,1280.299702,
396,phase1,80,pair_081,6.599991,1270.457828,1280.316362,
397,phase1,80,pair_081,6.616979,1270.474816,1280.33335,
398,phase1,80,pair_081,6.633613,1270.491451,1280.349984,
399,phase1,80,pair_081,6.649977,1270.507814,1280.366348,
400,phase1,80,pair_081,6.666671,1270.524508,1280.383042,
401,phase1,80,pair_081,6.683328,1270.541167,1280.3997,
402,phase1,80,pair_081,6.700273,1270.55811,1280.416644,
403,phase1,80,pair_081,6.716647,1270.574485,1280.433018,
404,phase1,80,pair_081,6.73331,1270.591148,1280.449681,
405,phase1,80,pair_081,6.749985,1270.607823,1280.466357,
406,phase1,80,pair_081,6.766932,1270.624769,1280.483303,
407,phase1,80,pair_081,6.783323,1270.64116,1280.499694,
408,phase1,80,pair_081,6.800011,1270.657848,1280.516382,
409,phase1,80,pair_081,6.816629,1270.674466,1280.533,
410,phase1,80,pair_081,6.833625,1270.691462,1280.549996,
411,phase1,80,pair_081,6.849937,1270.707774,1280.566308,
412,phase1,80,pair_081,6.866594,1270.724431,1280.582965,
413,phase1,80,pair_081,6.883507,1270.741346,1280.599878,
414,phase1,80,pair_081,6.899978,1270.757816,1280.616349,
415,phase1,80,pair_081,6.916668,1270.774506,1280.633039,
416,phase1,80,pair_081,6.933318,1270.791156,1280.64969,
417,phase1,80,pair_081,6.950019,1270.807856,1280.66639,
418,phase1,80,pair_081,6.966962,1270.8248,1280.683334,
419,phase1,80,pair_081,6.983319,1270.84116,1280.69969,
420,phase1,80,pair_081,6.999994,1270.857831,1280.716365,
421,phase1,80,pair_081,7.016651,1270.874489,1280.733022,
422,phase1,80,pair_081,7.033314,1270.891151,1280.749685,
423,phase1,80,pair_081,7.049947,1270.907785,1280.766319,
424,phase1,80,pair_081,7.066636,1270.924476,1280.783007,
425,phase1,80,pair_081,7.083324,1270.941165,1280.799695,
426,phase1,80,pair_081,7.099982,1270.95782,1280.816353,
427,phase1,80,pair_081,7.116934,1270.974772,1280.833306,
428,phase1,80,pair_081,7.133287,1270.991124,1280.849658,
429,phase1,80,pair_081,7.149946,1271.007784,1280.866317,
430,phase1,80,pair_081,7.166938,1271.024776,1280.883309,
431,phase1,80,pair_081,7.183562,1271.041399,1280.899933,
432,phase1,80,pair_081,7.199944,1271.057781,1280.916315,
433,phase1,80,pair_081,7.216678,1271.074516,1280.933049,
434,phase1,80,pair_081,7.233605,1271.091648,1280.949976,
435,phase1,80,pair_081,7.250267,1271.108103,1280.966638,
436,phase1,80,pair_081,7.266617,1271.124455,1280.982989,
437,phase1,80,pair_081,7.283323,1271.141165,1280.999694,
438,phase1,80,pair_081,7.299963,1271.157801,1281.016334,
439,phase1,80,pair_081,7.316948,1271.174785,1281.033319,
440,phase1,80,pair_081,7.333302,1271.191139,1281.049673,
441,phase1,80,pair_081,7.349959,1271.207797,1281.066331,
442,phase1,80,pair_081,7.366629,1271.224466,1281.083,
443,phase1,80,pair_081,7.383282,1271.241119,1281.099653,
444,phase1,80,pair_081,7.40025,1271.258087,1281.116621,
445,phase1,80,pair_081,7.416596,1271.274434,1281.132968,
446,phase1,80,pair_081,7.433281,1271.29112,1281.149652,
447,phase1,80,pair_081,7.450274,1271.308112,1281.166646,
448,phase1,80,pair_081,7.466912,1271.324749,1281.183283,
449,phase1,80,pair_081,7.483303,1271.341141,1281.199674,
450,phase1,80,pair_081,7.499939,1271.357777,1281.216311,
451,phase1,80,pair_081,7.516615,1271.374452,1281.232986,
452,phase1,80,pair_081,7.533605,1271.391442,1281.249976,
453,phase1,80,pair_081,7.549965,1271.407803,1281.266336,
454,phase1,80,pair_081,7.566606,1271.424443,1281.282977,
455,phase1,80,pair_081,7.583299,1271.441136,1281.29967,
456,phase1,80,pair_081,7.600258,1271.458096,1281.31663,
457,phase1,80,pair_081,7.616616,1271.474453,1281.332987,
458,phase1,80,pair_081,7.633317,1271.491154,1281.349688,
459,phase1,80,pair_081,7.649977,1271.507814,1281.366348,
460,phase1,80,pair_081,7.666909,1271.524746,1281.38328,
461,phase1,80,pair_081,7.683261,1271.541099,1281.399632,
462,phase1,80,pair_081,7.699984,1271.557822,1281.416355,
463,phase1,80,pair_081,7.716865,1271.574702,1281.433236,
464,phase1,80,pair_081,7.733613,1271.59145,1281.449984,
465,phase1,80,pair_081,7.750223,1271.60806,1281.466594,
466,phase1,80,pair_081,7.766637,1271.624475,1281.483009,
467,phase1,80,pair_081,7.783268,1271.641105,1281.499639,
468,phase1,80,pair_081,7.800256,1271.658094,1281.516627,
469,phase1,80,pair_081,7.816906,1271.674743,1281.533277,
470,phase1,80,pair_081,7.833253,1271.69109,1281.549624,
471,phase1,80,pair_081,7.849944,1271.707782,1281.566315,
472,phase1,80,pair_081,7.866878,1271.724716,1281.58325,
473,phase1,80,pair_081,7.883572,1271.74141,1281.599943,
474,phase1,80,pair_081,7.899933,1271.757772,1281.616304,
475,phase1,80,pair_081,7.916613,1271.774451,1281.632984,
476,phase1,80,pair_081,7.933277,1271.791115,1281.649648,
477,phase1,80,pair_081,7.949924,1271.80777,1281.666295,
478,phase1,80,pair_081,7.966612,1271.82445,1281.682984,
479,phase1,80,pair_081,7.983263,1271.8411,1281.699634,
480,phase1,80,pair_081,8.000016,1271.857853,1281.716387,
481,phase1,80,pair_081,8.01655,1271.874388,1281.732922,
482,phase1,80,pair_081,8.033265,1271.891102,1281.749636,
483,phase1,80,pair_081,8.049969,1271.907807,1281.766341,
484,phase1,80,pair_081,8.06658,1271.924418,1281.782951,
485,phase1,80,pair_081,8.083247,1271.941085,1281.799618,
486,phase1,80,pair_081,8.100213,1271.95805,1281.816584,
487,phase1,80,pair_081,8.116643,1271.97448,1281.833014,
488,phase1,80,pair_081,8.133255,1271.991093,1281.849627,
489,phase1,80,pair_081,8.15026,1272.0081,1281.866631,
490,phase1,80,pair_081,8.166532,1272.024369,1281.882903,
491,phase1,80,pair_081,8.183293,1272.04113,1281.899664,
492,phase1,80,pair_081,8.199909,1272.057746,1281.91628,
493,phase1,80,pair_081,8.216892,1272.07473,1281.933264,
494,phase1,80,pair_081,8.233549,1272.091387,1281.949921,
495,phase1,80,pair_081,8.249932,1272.107769,1281.966303,
496,phase1,80,pair_081,8.266584,1272.124421,1281.982955,
497,phase1,80,pair_081,8.283251,1272.141088,1281.999622,
498,phase1,80,pair_081,8.300224,1272.158062,1282.016596,
499,phase1,80,pair_081,8.316579,1272.174417,1282.032951,
500,phase1,80,pair_081,8.333258,1272.191096,1282.049629,
501,phase1,80,pair_081,8.349912,1272.207749,1282.066283,
502,phase1,80,pair_081,8.366885,1272.224723,1282.083257,
503,phase1,80,pair_081,8.38326,1272.241097,1282.099631,
504,phase1,80,pair_081,8.399917,1272.257754,1282.116288,
505,phase1,80,pair_081,8.416659,1272.274497,1282.13303,
506,phase1,80,pair_081,8.433227,1272.291064,1282.149598,
507,phase1,80,pair_081,8.449884,1272.307721,1282.166255,
508,phase1,80,pair_081,8.466602,1272.32444,1282.182974,
509,phase1,80,pair_081,8.483219,1272.341057,1282.199591,
510,phase1,80,pair_081,8.499894,1272.357731,1282.216265,
511,phase1,80,pair_081,8.516556,1272.374394,1282.232928,
512,phase1,80,pair_081,8.533349,1272.39119,1282.24972,
513,phase1,80,pair_081,8.549868,1272.407706,1282.266239,
514,phase1,80,pair_081,8.566891,1272.424728,1282.283262,
515,phase1,80,pair_081,8.583539,1272.441377,1282.299911,
516,phase1,80,pair_081,8.599929,1272.457766,1282.3163,
517,phase1,80,pair_081,8.616631,1272.474469,1282.333002,
518,phase1,80,pair_081,8.633211,1272.491048,1282.349582,
519,phase1,80,pair_081,8.650196,1272.508034,1282.366567,
520,phase1,80,pair_081,8.666639,1272.524478,1282.38301,
521,phase1,80,pair_081,8.683306,1272.541143,1282.399677,
522,phase1,80,pair_081,8.700215,1272.558053,1282.416587,
523,phase1,80,pair_081,8.716875,1272.574712,1282.433246,
524,phase1,80,pair_081,8.733259,1272.591096,1282.44963,
525,phase1,80,pair_081,8.749931,1272.607769,1282.466303,
526,phase1,80,pair_081,8.766846,1272.624684,1282.483217,
527,phase1,80,pair_081,8.783549,1272.641387,1282.499921,
528,phase1,80,pair_081,8.799909,1272.657746,1282.51628,
529,phase1,80,pair_081,8.816624,1272.674462,1282.532995,
530,phase1,80,pair_081,8.833508,1272.691346,1282.549879,
531,phase1,80,pair_081,8.84988,1272.707718,1282.566252,
532,phase1,80,pair_081,8.866554,1272.724392,1282.582925,
533,phase1,80,pair_081,8.883257,1272.741094,1282.599628,
534,phase1,80,pair_081,8.899875,1272.757723,1282.616246,
535,phase1,80,pair_081,8.916548,1272.774385,1282.632919,
536,phase1,80,pair_081,8.933522,1272.791359,1282.649893,
537,phase1,80,pair_081,8.949889,1272.807726,1282.66626,
538,phase1,80,pair_081,8.966638,1272.824475,1282.683009,
539,phase1,80,pair_081,8.983549,1272.841387,1282.699921,
540,phase1,80,pair_081,9.000192,1272.858029,1282.716563,
541,phase1,80,pair_081,9.016543,1272.87438,1282.732914,
542,phase1,80,pair_081,9.033203,1272.891041,1282.749575,
543,phase1,80,pair_081,9.050224,1272.908061,1282.766595,
544,phase1,80,pair_081,9.066856,1272.924694,1282.783228,
545,phase1,80,pair_081,9.083242,1272.941079,1282.799613,
546,phase1,80,pair_081,9.100142,1272.95798,1282.816513,
547,phase1,80,pair_081,9.116561,1272.974399,1282.832932,
548,phase1,80,pair_081,9.133526,1272.991364,1282.849897,
549,phase1,80,pair_081,9.149919,1273.007756,1282.86629,
550,phase1,80,pair_081,9.166541,1273.024378,1282.882912,
551,phase1,80,pair_081,9.183292,1273.041129,1282.899663,
552,phase1,80,pair_081,9.200198,1273.058036,1282.91657,
553,phase1,80,pair_081,9.216558,1273.074396,1282.93293,
554,phase1,80,pair_081,9.23321,1273.091048,1282.949582,
555,phase1,80,pair_081,9.249953,1273.107791,1282.966324,
556,phase1,80,pair_081,9.266543,1273.124381,1282.982915,
557,phase1,80,pair_081,9.283227,1273.141064,1282.999598,
558,phase1,80,pair_081,9.299872,1273.157709,1283.016243,
559,phase1,80,pair_081,9.316538,1273.174376,1283.032909,
560,phase1,80,pair_081,9.333509,1273.191346,1283.04988,
561,phase1,80,pair_081,9.349863,1273.207701,1283.066235,
562,phase1,80,pair_081,9.36654,1273.224378,1283.082912,
563,phase1,80,pair_081,9.383222,1273.241059,1283.099593,
564,phase1,80,pair_081,9.399849,1273.257686,1283.11622,
565,phase1,80,pair_081,9.416848,1273.274685,1283.133219,
566,phase1,80,pair_081,9.433261,1273.291098,1283.149632,
567,phase1,80,pair_081,9.449881,1273.307719,1283.166252,
568,phase1,80,pair_081,9.466862,1273.3247,1283.183233,
569,phase1,80,pair_081,9.483511,1273.341349,1283.199882,
570,phase1,80,pair_081,9.499925,1273.357763,1283.216296,
571,phase1,80,pair_081,9.516548,1273.374386,1283.232919,
572,phase1,80,pair_081,9.533201,1273.391039,1283.249573,
573,phase1,80,pair_081,9.550184,1273.408021,1283.266555,
574,phase1,80,pair_081,9.566521,1273.424359,1283.282892,
575,phase1,80,pair_081,9.583222,1273.44106,1283.299594,
576,phase1,80,pair_081,9.600141,1273.457979,1283.316513,
577,phase1,80,pair_081,9.616479,1273.474317,1283.33285,
578,phase1,80,pair_081,9.633201,1273.491038,1283.349572,
579,phase1,80,pair_081,9.649879,1273.507717,1283.366251,
580,phase1,80,pair_081,9.666668,1273.524507,1283.383039,
581,phase1,80,pair_081,9.683321,1273.541158,1283.399692,
582,phase1,80,pair_081,9.69998,1273.557828,1283.416351,
583,phase1,80,pair_081,9.716642,1273.574479,1283.433013,
584,phase1,80,pair_081,9.733313,1273.59115,1283.449684,
585,phase1,80,pair_081,9.74999,1273.607827,1283.466361,
586,phase1,80,pair_081,9.766595,1273.624432,1283.482966,
587,phase1,80,pair_081,9.783258,1273.641095,1283.499629,
588,phase1,80,pair_081,9.799994,1273.657832,1283.516366,
589,phase1,80,pair_081,9.816607,1273.674444,1283.532978,
590,phase1,80,pair_081,9.833319,1273.691156,1283.54969,
591,phase1,80,pair_081,9.849966,1273.707803,1283.566337,
592,phase1,80,pair_081,9.866921,1273.724759,1283.583292,
593,phase1,80,pair_081,9.883332,1273.74117,1283.599703,
594,phase1,80,pair_081,9.899978,1273.757815,1283.616349,
595,phase1,80,pair_081,9.916648,1273.774487,1283.633019,
596,phase1,80,pair_081,9.933621,1273.791458,1283.649992,
597,phase1,80,pair_081,9.949977,1273.807815,1283.666348,
598,phase1,80,pair_081,9.966637,1273.824476,1283.683009,
599,phase1,80,pair_081,9.983312,1273.841149,1283.699683,
600,phase1,80,pair_081,-1263.858099,1274.058172,9.858273,response
0,phase2,80,pair_081,0.0,1275.157775,1285.016306,single_opt_onset_seq1_opt3_空
1,phase2,80,pair_081,0.016963,1275.174734,1285.033268,
2,phase2,80,pair_081,0.03333,1275.191101,1285.049636,
3,phase2,80,pair_081,0.04999,1275.20776,1285.066295,
4,phase2,80,pair_081,0.06666,1275.22443,1285.082965,
5,phase2,80,pair_081,0.083319,1275.241089,1285.099625,
6,phase2,80,pair_081,0.100258,1275.258028,1285.116564,
7,phase2,80,pair_081,0.116667,1275.274438,1285.132973,
8,phase2,80,pair_081,0.133342,1275.291112,1285.149648,
9,phase2,80,pair_081,0.149983,1275.307753,1285.166289,
10,phase2,80,pair_081,0.166954,1275.324724,1285.183259,
11,phase2,80,pair_081,0.183309,1275.341078,1285.199614,
12,phase2,80,pair_081,0.19999,1275.357759,1285.216295,
13,phase2,80,pair_081,0.216653,1275.374423,1285.232959,
14,phase2,80,pair_081,0.233639,1275.391408,1285.249944,
15,phase2,80,pair_081,0.249945,1275.407715,1285.266251,
16,phase2,80,pair_081,0.266685,1275.424456,1285.282991,
17,phase2,80,pair_081,0.28334,1275.44111,1285.299645,
18,phase2,80,pair_081,0.300302,1275.458072,1285.316607,
19,phase2,80,pair_081,0.316635,1275.474405,1285.33294,
20,phase2,80,pair_081,0.333323,1275.491092,1285.349628,
21,phase2,80,pair_081,0.350014,1275.507784,1285.36632,
22,phase2,80,pair_081,0.366614,1275.524384,1285.38292,
23,phase2,80,pair_081,0.383301,1275.541071,1285.399606,
24,phase2,80,pair_081,0.399965,1275.557735,1285.416271,
25,phase2,80,pair_081,0.416649,1275.574423,1285.432955,
26,phase2,80,pair_081,0.433269,1275.591039,1285.449574,
27,phase2,80,pair_081,0.450278,1275.608052,1285.466583,
28,phase2,80,pair_081,0.466667,1275.624437,1285.482972,
29,phase2,80,pair_081,0.483288,1275.641058,1285.499594,
30,phase2,80,pair_081,0.499979,1275.657749,1285.516284,
31,phase2,80,pair_081,0.516916,1275.674686,1285.533222,
32,phase2,80,pair_081,0.533323,1275.691093,1285.549629,
33,phase2,80,pair_081,0.549966,1275.707736,1285.566272,
34,phase2,80,pair_081,0.566901,1275.724671,1285.583207,
35,phase2,80,pair_081,0.583551,1275.741321,1285.599857,
36,phase2,80,pair_081,0.599971,1275.757741,1285.616277,
37,phase2,80,pair_081,0.616637,1275.77441,1285.632942,
38,phase2,80,pair_081,0.633296,1275.791066,1285.649602,
39,phase2,80,pair_081,0.6503,1275.80807,1285.666606,
40,phase2,80,pair_081,0.666625,1275.824395,1285.68293,
41,phase2,80,pair_081,0.68335,1275.841119,1285.699655,
42,phase2,80,pair_081,0.699996,1275.857765,1285.716301,
43,phase2,80,pair_081,0.716623,1275.874393,1285.732929,
44,phase2,80,pair_081,0.733288,1275.891058,1285.749593,
45,phase2,80,pair_081,0.74996,1275.90773,1285.766266,
46,phase2,80,pair_081,0.766674,1275.924444,1285.78298,
47,phase2,80,pair_081,0.783271,1275.941041,1285.799577,
48,phase2,80,pair_081,0.799974,1275.957744,1285.81628,
49,phase2,80,pair_081,0.816606,1275.974375,1285.832911,
50,phase2,80,pair_081,0.833586,1275.991359,1285.849892,
51,phase2,80,pair_081,0.84996,1276.007729,1285.866265,
52,phase2,80,pair_081,0.866913,1276.024682,1285.883218,
53,phase2,80,pair_081,0.883324,1276.041094,1285.89963,
54,phase2,80,pair_081,0.899981,1276.05775,1285.916286,
55,phase2,80,pair_081,0.916918,1276.074687,1285.933223,
56,phase2,80,pair_081,0.933567,1276.091337,1285.949872,
57,phase2,80,pair_081,0.949978,1276.107748,1285.966284,
58,phase2,80,pair_081,0.966671,1276.124441,1285.982976,
59,phase2,80,pair_081,0.983277,1276.141046,1285.999582,
60,phase2,80,pair_081,1.000248,1276.158018,1286.016554,
61,phase2,80,pair_081,1.016618,1276.174388,1286.032923,
62,phase2,80,pair_081,1.033279,1276.191049,1286.049585,
63,phase2,80,pair_081,1.049931,1276.2077,1286.066236,
64,phase2,80,pair_081,1.06694,1276.22471,1286.083246,
65,phase2,80,pair_081,1.083288,1276.241058,1286.099594,
66,phase2,80,pair_081,1.099968,1276.257738,1286.116274,
67,phase2,80,pair_081,1.116664,1276.274433,1286.132969,
68,phase2,80,pair_081,1.133255,1276.291025,1286.149561,
69,phase2,80,pair_081,1.149947,1276.307716,1286.166252,
70,phase2,80,pair_081,1.166605,1276.324375,1286.182911,
71,phase2,80,pair_081,1.1833,1276.341071,1286.199605,
72,phase2,80,pair_081,1.199921,1276.357691,1286.216227,
73,phase2,80,pair_081,1.216899,1276.374669,1286.233205,
74,phase2,80,pair_081,1.233303,1276.391073,1286.249609,
75,phase2,80,pair_081,1.249926,1276.407696,1286.266232,
76,phase2,80,pair_081,1.266912,1276.424681,1286.283217,
77,phase2,80,pair_081,1.283569,1276.441338,1286.299874,
78,phase2,80,pair_081,1.299958,1276.457728,1286.316264,
79,phase2,80,pair_081,1.316641,1276.47441,1286.332946,
80,phase2,80,pair_081,1.333277,1276.491047,1286.349583,
81,phase2,80,pair_081,1.350225,1276.507995,1286.366531,
82,phase2,80,pair_081,1.366636,1276.524406,1286.382942,
83,phase2,80,pair_081,1.383308,1276.541078,1286.399614,
84,phase2,80,pair_081,1.400266,1276.558036,1286.416571,
85,phase2,80,pair_081,1.416882,1276.574651,1286.433187,
86,phase2,80,pair_081,1.433281,1276.591051,1286.449586,
87,phase2,80,pair_081,1.449924,1276.607694,1286.466229,
88,phase2,80,pair_081,1.466573,1276.624343,1286.482879,
89,phase2,80,pair_081,1.483581,1276.641351,1286.499887,
90,phase2,80,pair_081,1.499934,1276.657704,1286.516239,
0,phase2,80,pair_081,0.0,1276.674367,1286.532899,iti_onset_dur_1.160
1,phase2,80,pair_081,0.016659,1276.691022,1286.549558,
2,phase2,80,pair_081,0.03334,1276.707703,1286.566239,
3,phase2,80,pair_081,0.049951,1276.724314,1286.582851,
4,phase2,80,pair_081,0.066678,1276.741042,1286.599578,
5,phase2,80,pair_081,0.08332,1276.757683,1286.616219,
6,phase2,80,pair_081,0.099987,1276.77435,1286.632886,
7,phase2,80,pair_081,0.116957,1276.79132,1286.649856,
8,phase2,80,pair_081,0.133358,1276.807721,1286.666257,
9,phase2,80,pair_081,0.15,1276.824364,1286.6829,
10,phase2,80,pair_081,0.166648,1276.841011,1286.699547,
11,phase2,80,pair_081,0.183626,1276.857989,1286.716525,
12,phase2,80,pair_081,0.199956,1276.874319,1286.732855,
13,phase2,80,pair_081,0.216657,1276.89102,1286.749557,
14,phase2,80,pair_081,0.233317,1276.90768,1286.766216,
15,phase2,80,pair_081,0.250292,1276.924655,1286.783192,
16,phase2,80,pair_081,0.26669,1276.941053,1286.799589,
17,phase2,80,pair_081,0.28331,1276.957673,1286.816209,
18,phase2,80,pair_081,0.299986,1276.974349,1286.832885,
19,phase2,80,pair_081,0.316984,1276.991347,1286.849883,
20,phase2,80,pair_081,0.333327,1277.00769,1286.866226,
21,phase2,80,pair_081,0.350011,1277.024374,1286.882911,
22,phase2,80,pair_081,0.366703,1277.041066,1286.899603,
23,phase2,80,pair_081,0.383291,1277.057654,1286.91619,
24,phase2,80,pair_081,0.39998,1277.074343,1286.93288,
25,phase2,80,pair_081,0.416667,1277.09103,1286.949567,
26,phase2,80,pair_081,0.433296,1277.107659,1286.966195,
27,phase2,80,pair_081,0.449979,1277.124342,1286.982878,
28,phase2,80,pair_081,0.466674,1277.141036,1286.999573,
29,phase2,80,pair_081,0.483578,1277.157941,1287.016478,
30,phase2,80,pair_081,0.499986,1277.17435,1287.032886,
31,phase2,80,pair_081,0.516633,1277.190995,1287.049532,
32,phase2,80,pair_081,0.533309,1277.207672,1287.066209,
33,phase2,80,pair_081,0.550003,1277.224366,1287.082903,
34,phase2,80,pair_081,0.566693,1277.241056,1287.099592,
35,phase2,80,pair_081,0.583266,1277.257629,1287.116165,
36,phase2,80,pair_081,0.599971,1277.274334,1287.13287,
37,phase2,80,pair_081,0.616669,1277.291032,1287.149568,
38,phase2,80,pair_081,0.633316,1277.307679,1287.166216,
39,phase2,80,pair_081,0.650037,1277.3244,1287.182937,
40,phase2,80,pair_081,0.666964,1277.341327,1287.199864,
41,phase2,80,pair_081,0.683558,1277.357929,1287.216458,
42,phase2,80,pair_081,0.699963,1277.374326,1287.232862,
43,phase2,80,pair_081,0.716891,1277.391254,1287.249791,
44,phase2,80,pair_081,0.73329,1277.407653,1287.266189,
45,phase2,80,pair_081,0.749957,1277.42432,1287.282857,
46,phase2,80,pair_081,0.7667,1277.441063,1287.299599,
47,phase2,80,pair_081,0.783397,1277.457769,1287.316296,
48,phase2,80,pair_081,0.800072,1277.474435,1287.332972,
49,phase2,80,pair_081,0.816785,1277.491148,1287.349684,
50,phase2,80,pair_081,0.833394,1277.507757,1287.366294,
51,phase2,80,pair_081,0.850044,1277.524407,1287.382943,
52,phase2,80,pair_081,0.866732,1277.541095,1287.399631,
53,phase2,80,pair_081,0.88346,1277.557826,1287.41636,
54,phase2,80,pair_081,0.900067,1277.57443,1287.432966,
55,phase2,80,pair_081,0.917058,1277.591421,1287.449958,
56,phase2,80,pair_081,0.933367,1277.60773,1287.466267,
57,phase2,80,pair_081,0.950122,1277.624485,1287.483021,
58,phase2,80,pair_081,0.96675,1277.641114,1287.49965,
59,phase2,80,pair_081,0.983711,1277.658074,1287.516611,
60,phase2,80,pair_081,1.000075,1277.674438,1287.532975,
61,phase2,80,pair_081,1.016731,1277.691099,1287.54963,
62,phase2,80,pair_081,1.033696,1277.708059,1287.566595,
63,phase2,80,pair_081,1.050371,1277.724734,1287.58327,
64,phase2,80,pair_081,1.066738,1277.741101,1287.599637,
65,phase2,80,pair_081,1.083416,1277.757779,1287.616316,
66,phase2,80,pair_081,1.100361,1277.774724,1287.633261,
67,phase2,80,pair_081,1.11705,1277.791416,1287.64995,
68,phase2,80,pair_081,1.133387,1277.80775,1287.666286,
69,phase2,80,pair_081,1.150042,1277.824405,1287.682941,
0,phase2,80,pair_081,0.0,1277.841091,1287.699621,single_opt_onset_seq2_opt4_墙
1,phase2,80,pair_081,0.017015,1277.858102,1287.716637,
2,phase2,80,pair_081,0.033329,1277.874414,1287.73295,
3,phase2,80,pair_081,0.050012,1277.891102,1287.749633,
4,phase2,80,pair_081,0.06667,1277.907755,1287.766291,
5,phase2,80,pair_081,0.083676,1277.924762,1287.783298,
6,phase2,80,pair_081,0.100038,1277.941123,1287.799659,
7,phase2,80,pair_081,0.116685,1277.957772,1287.816307,
8,phase2,80,pair_081,0.133405,1277.97449,1287.833026,
9,phase2,80,pair_081,0.150024,1277.99111,1287.849645,
10,phase2,80,pair_081,0.166694,1278.007781,1287.866316,
11,phase2,80,pair_081,0.183386,1278.024476,1287.883008,
12,phase2,80,pair_081,0.200021,1278.041107,1287.899643,
13,phase2,80,pair_081,0.21668,1278.057766,1287.916302,
14,phase2,80,pair_081,0.23365,1278.074735,1287.933271,
15,phase2,80,pair_081,0.250007,1278.091097,1287.949629,
16,phase2,80,pair_081,0.266666,1278.107751,1287.966287,
17,phase2,80,pair_081,0.283358,1278.124444,1287.982979,
18,phase2,80,pair_081,0.30028,1278.141365,1287.999901,
19,phase2,80,pair_081,0.316693,1278.157778,1288.016314,
20,phase2,80,pair_081,0.333343,1278.174428,1288.032964,
21,phase2,80,pair_081,0.350058,1278.191144,1288.049679,
22,phase2,80,pair_081,0.367006,1278.208092,1288.066627,
23,phase2,80,pair_081,0.383343,1278.224428,1288.082964,
24,phase2,80,pair_081,0.400015,1278.241102,1288.099637,
25,phase2,80,pair_081,0.416929,1278.258021,1288.11655,
26,phase2,80,pair_081,0.433673,1278.274758,1288.133294,
27,phase2,80,pair_081,0.449975,1278.29106,1288.149596,
28,phase2,80,pair_081,0.466697,1278.307785,1288.166319,
29,phase2,80,pair_081,0.483406,1278.324493,1288.183027,
30,phase2,80,pair_081,0.500007,1278.341092,1288.199628,
31,phase2,80,pair_081,0.516668,1278.357753,1288.216289,
32,phase2,80,pair_081,0.533333,1278.374419,1288.232954,
33,phase2,80,pair_081,0.550059,1278.391144,1288.249681,
34,phase2,80,pair_081,0.566604,1278.407689,1288.266225,
35,phase2,80,pair_081,0.58365,1278.424735,1288.283271,
36,phase2,80,pair_081,0.600002,1278.441094,1288.299623,
37,phase2,80,pair_081,0.616712,1278.457798,1288.316333,
38,phase2,80,pair_081,0.633342,1278.474428,1288.332963,
39,phase2,80,pair_081,0.65029,1278.491375,1288.349911,
40,phase2,80,pair_081,0.666679,1278.507764,1288.3663,
41,phase2,80,pair_081,0.683283,1278.524368,1288.382904,
42,phase2,80,pair_081,0.70029,1278.541375,1288.399911,
43,phase2,80,pair_081,0.716973,1278.558058,1288.416594,
44,phase2,80,pair_081,0.733334,1278.574419,1288.432955,
45,phase2,80,pair_081,0.749991,1278.591076,1288.449612,
46,phase2,80,pair_081,0.766654,1278.60774,1288.466275,
47,phase2,80,pair_081,0.783306,1278.624391,1288.482927,
48,phase2,80,pair_081,0.800005,1278.641091,1288.499627,
49,phase2,80,pair_081,0.816687,1278.657772,1288.516309,
50,phase2,80,pair_081,0.833341,1278.674427,1288.532963,
51,phase2,80,pair_081,0.849986,1278.691072,1288.549607,
52,phase2,80,pair_081,0.86665,1278.707736,1288.566272,
53,phase2,80,pair_081,0.883333,1278.724418,1288.582954,
54,phase2,80,pair_081,0.90029,1278.741375,1288.599911,
55,phase2,80,pair_081,0.916649,1278.757734,1288.61627,
56,phase2,80,pair_081,0.933578,1278.774663,1288.633199,
57,phase2,80,pair_081,0.949999,1278.791084,1288.64962,
58,phase2,80,pair_081,0.966704,1278.80779,1288.666326,
59,phase2,80,pair_081,0.983318,1278.824403,1288.682939,
60,phase2,80,pair_081,1.000022,1278.841109,1288.699643,
61,phase2,80,pair_081,1.016611,1278.857696,1288.716232,
62,phase2,80,pair_081,1.033303,1278.874389,1288.732925,
63,phase2,80,pair_081,1.050012,1278.891097,1288.749633,
64,phase2,80,pair_081,1.066675,1278.90776,1288.766296,
65,phase2,80,pair_081,1.083274,1278.92436,1288.782896,
66,phase2,80,pair_081,1.100024,1278.941109,1288.799645,
67,phase2,80,pair_081,1.116664,1278.95775,1288.816285,
68,phase2,80,pair_081,1.133611,1278.974696,1288.833232,
69,phase2,80,pair_081,1.149993,1278.991078,1288.849614,
70,phase2,80,pair_081,1.166633,1279.007718,1288.866254,
71,phase2,80,pair_081,1.183318,1279.024403,1288.882939,
72,phase2,80,pair_081,1.200278,1279.041363,1288.899899,
73,phase2,80,pair_081,1.216646,1279.057732,1288.916267,
74,phase2,80,pair_081,1.233376,1279.074462,1288.932998,
75,phase2,80,pair_081,1.24998,1279.091066,1288.949602,
76,phase2,80,pair_081,1.266637,1279.107722,1288.966258,
77,phase2,80,pair_081,1.283296,1279.124382,1288.982917,
78,phase2,80,pair_081,1.299982,1279.141067,1288.999603,
79,phase2,80,pair_081,1.316698,1279.157783,1289.016319,
80,phase2,80,pair_081,1.333314,1279.1744,1289.032936,
81,phase2,80,pair_081,1.350212,1279.191298,1289.049834,
82,phase2,80,pair_081,1.366643,1279.207728,1289.066264,
83,phase2,80,pair_081,1.383573,1279.224659,1289.083194,
84,phase2,80,pair_081,1.399963,1279.241049,1289.099584,
85,phase2,80,pair_081,1.416939,1279.258024,1289.11656,
86,phase2,80,pair_081,1.433257,1279.274342,1289.132878,
87,phase2,80,pair_081,1.450196,1279.291281,1289.149817,
88,phase2,80,pair_081,1.466633,1279.307719,1289.166255,
89,phase2,80,pair_081,1.483602,1279.324687,1289.183223,
90,phase2,80,pair_081,1.49997,1279.341056,1289.199592,
0,phase2,80,pair_081,0.0,1279.357756,1289.216289,iti_onset_dur_0.616
1,phase2,80,pair_081,0.016591,1279.374345,1289.232881,
2,phase2,80,pair_081,0.033608,1279.391361,1289.249897,
3,phase2,80,pair_081,0.049962,1279.407718,1289.266251,
4,phase2,80,pair_081,0.066661,1279.424414,1289.282951,
5,phase2,80,pair_081,0.083268,1279.441023,1289.299557,
6,phase2,80,pair_081,0.100271,1279.458024,1289.316561,
7,phase2,80,pair_081,0.116911,1279.474664,1289.333201,
8,phase2,80,pair_081,0.133324,1279.491079,1289.349613,
9,phase2,80,pair_081,0.150003,1279.507756,1289.366292,
10,phase2,80,pair_081,0.166595,1279.524348,1289.382885,
11,phase2,80,pair_081,0.183252,1279.541005,1289.399542,
12,phase2,80,pair_081,0.199973,1279.557727,1289.416262,
13,phase2,80,pair_081,0.216638,1279.574391,1289.432927,
14,phase2,80,pair_081,0.233265,1279.591018,1289.449555,
15,phase2,80,pair_081,0.250252,1279.608004,1289.466541,
16,phase2,80,pair_081,0.266661,1279.624414,1289.48295,
17,phase2,80,pair_081,0.283279,1279.641033,1289.499569,
18,phase2,80,pair_081,0.299871,1279.657624,1289.51616,
19,phase2,80,pair_081,0.31695,1279.674703,1289.533239,
20,phase2,80,pair_081,0.333271,1279.691024,1289.54956,
21,phase2,80,pair_081,0.349949,1279.707702,1289.566238,
22,phase2,80,pair_081,0.366952,1279.724711,1289.583242,
23,phase2,80,pair_081,0.38358,1279.741333,1289.599869,
24,phase2,80,pair_081,0.399971,1279.757728,1289.61626,
25,phase2,80,pair_081,0.416663,1279.774416,1289.632953,
26,phase2,80,pair_081,0.433557,1279.791311,1289.649846,
27,phase2,80,pair_081,0.45026,1279.808013,1289.666549,
28,phase2,80,pair_081,0.466607,1279.82436,1289.682896,
29,phase2,80,pair_081,0.483298,1279.841055,1289.699587,
30,phase2,80,pair_081,0.499954,1279.857707,1289.716243,
31,phase2,80,pair_081,0.516601,1279.874355,1289.732891,
32,phase2,80,pair_081,0.53356,1279.891313,1289.749849,
33,phase2,80,pair_081,0.549977,1279.90773,1289.766266,
34,phase2,80,pair_081,0.566599,1279.924353,1289.782889,
35,phase2,80,pair_081,0.583564,1279.941317,1289.799853,
36,phase2,80,pair_081,0.600232,1279.957985,1289.816521,
0,phase2,80,pair_081,0.0,1279.974416,1289.832946,single_opt_onset_seq3_opt1_边缘
1,phase2,80,pair_081,0.016622,1279.991033,1289.849569,
2,phase2,80,pair_081,0.033277,1280.007688,1289.866223,
3,phase2,80,pair_081,0.049925,1280.024335,1289.882871,
4,phase2,80,pair_081,0.066658,1280.041068,1289.899604,
5,phase2,80,pair_081,0.083365,1280.057776,1289.916311,
6,phase2,80,pair_081,0.10025,1280.074661,1289.933197,
7,phase2,80,pair_081,0.116934,1280.091344,1289.94988,
8,phase2,80,pair_081,0.133311,1280.107722,1289.966257,
9,phase2,80,pair_081,0.149944,1280.124355,1289.982891,
10,phase2,80,pair_081,0.1666,1280.14101,1289.999546,
11,phase2,80,pair_081,0.183259,1280.157669,1290.016205,
12,phase2,80,pair_081,0.199949,1280.17436,1290.032895,
13,phase2,80,pair_081,0.216599,1280.191009,1290.049545,
14,phase2,80,pair_081,0.233291,1280.207701,1290.066237,
15,phase2,80,pair_081,0.249917,1280.224327,1290.082863,
16,phase2,80,pair_081,0.26661,1280.241021,1290.099557,
17,phase2,80,pair_081,0.283302,1280.257712,1290.116248,
18,phase2,80,pair_081,0.300021,1280.274432,1290.132968,
19,phase2,80,pair_081,0.31658,1280.29099,1290.149526,
20,phase2,80,pair_081,0.333566,1280.307976,1290.166512,
21,phase2,80,pair_081,0.349954,1280.324364,1290.1829,
22,phase2,80,pair_081,0.366852,1280.341262,1290.199798,
23,phase2,80,pair_081,0.383592,1280.358002,1290.216538,
24,phase2,80,pair_081,0.400228,1280.374638,1290.233174,
25,phase2,80,pair_081,0.41689,1280.3913,1290.249836,
26,phase2,80,pair_081,0.433247,1280.407657,1290.266193,
27,phase2,80,pair_081,0.44988,1280.42429,1290.282826,
28,phase2,80,pair_081,0.466907,1280.441317,1290.299853,
29,phase2,80,pair_081,0.483294,1280.457704,1290.31624,
30,phase2,80,pair_081,0.500198,1280.474608,1290.333144,
31,phase2,80,pair_081,0.516586,1280.490997,1290.349533,
32,phase2,80,pair_081,0.533571,1280.507981,1290.366517,
33,phase2,80,pair_081,0.549908,1280.524318,1290.382854,
34,phase2,80,pair_081,0.566647,1280.541057,1290.399593,
35,phase2,80,pair_081,0.583328,1280.557738,1290.416274,
36,phase2,80,pair_081,0.600236,1280.574647,1290.433183,
37,phase2,80,pair_081,0.61664,1280.591051,1290.449586,
38,phase2,80,pair_081,0.633267,1280.607677,1290.466213,
39,phase2,80,pair_081,0.649994,1280.624404,1290.48294,
40,phase2,80,pair_081,0.666546,1280.640956,1290.499492,
41,phase2,80,pair_081,0.683282,1280.657692,1290.516228,
42,phase2,80,pair_081,0.699912,1280.674324,1290.532858,
43,phase2,80,pair_081,0.716594,1280.691005,1290.549541,
44,phase2,80,pair_081,0.733264,1280.707674,1290.56621,
45,phase2,80,pair_081,0.749911,1280.724321,1290.582857,
46,phase2,80,pair_081,0.766584,1280.740995,1290.59953,
47,phase2,80,pair_081,0.783246,1280.757656,1290.616192,
48,phase2,80,pair_081,0.800244,1280.774654,1290.63319,
49,phase2,80,pair_081,0.816872,1280.791282,1290.649818,
50,phase2,80,pair_081,0.83329,1280.8077,1290.666236,
51,phase2,80,pair_081,0.849964,1280.824374,1290.68291,
52,phase2,80,pair_081,0.86656,1280.84097,1290.699506,
53,phase2,80,pair_081,0.883548,1280.857958,1290.716494,
54,phase2,80,pair_081,0.899922,1280.874332,1290.732868,
55,phase2,80,pair_081,0.916595,1280.891005,1290.749541,
56,phase2,80,pair_081,0.933193,1280.907603,1290.766139,
57,phase2,80,pair_081,0.950216,1280.924627,1290.783163,
58,phase2,80,pair_081,0.966827,1280.941238,1290.799774,
59,phase2,80,pair_081,0.983233,1280.957643,1290.81618,
60,phase2,80,pair_081,0.999976,1280.974386,1290.832922,
61,phase2,80,pair_081,1.016901,1280.991311,1290.849847,
62,phase2,80,pair_081,1.033255,1281.007665,1290.866201,
63,phase2,80,pair_081,1.049933,1281.024343,1290.882879,
64,phase2,80,pair_081,1.066558,1281.040968,1290.899504,
65,phase2,80,pair_081,1.083224,1281.057634,1290.91617,
66,phase2,80,pair_081,1.099918,1281.074329,1290.932865,
67,phase2,80,pair_081,1.116593,1281.091239,1290.949539,
68,phase2,80,pair_081,1.133221,1281.107631,1290.966167,
69,phase2,80,pair_081,1.149913,1281.124324,1290.98286,
70,phase2,80,pair_081,1.166575,1281.140986,1290.999521,
71,phase2,80,pair_081,1.183273,1281.157684,1291.01622,
72,phase2,80,pair_081,1.199891,1281.174301,1291.032838,
73,phase2,80,pair_081,1.216879,1281.191289,1291.049825,
74,phase2,80,pair_081,1.233208,1281.207618,1291.066154,
75,phase2,80,pair_081,1.249964,1281.224374,1291.08291,
76,phase2,80,pair_081,1.266574,1281.240985,1291.099521,
77,phase2,80,pair_081,1.283198,1281.257609,1291.116145,
78,phase2,80,pair_081,1.300202,1281.274613,1291.133149,
79,phase2,80,pair_081,1.316589,1281.290999,1291.149535,
80,phase2,80,pair_081,1.333276,1281.307686,1291.166222,
81,phase2,80,pair_081,1.349896,1281.324307,1291.182842,
82,phase2,80,pair_081,1.366867,1281.341278,1291.199814,
83,phase2,80,pair_081,1.383236,1281.357647,1291.216183,
84,phase2,80,pair_081,1.39995,1281.37436,1291.232896,
85,phase2,80,pair_081,1.416679,1281.391091,1291.249626,
86,phase2,80,pair_081,1.433341,1281.407751,1291.266287,
87,phase2,80,pair_081,1.450009,1281.424419,1291.282955,
88,phase2,80,pair_081,1.467013,1281.441423,1291.299959,
89,phase2,80,pair_081,1.483354,1281.457764,1291.3163,
90,phase2,80,pair_081,1.499977,1281.474387,1291.332923,
0,phase2,80,pair_081,0.0,1281.491361,1291.349895,iti_onset_dur_1.278
1,phase2,80,pair_081,0.016339,1281.507698,1291.366234,
2,phase2,80,pair_081,0.033055,1281.524413,1291.38295,
3,phase2,80,pair_081,0.04972,1281.541079,1291.399615,
4,phase2,80,pair_081,0.066409,1281.55777,1291.416304,
5,phase2,80,pair_081,0.083047,1281.574405,1291.432942,
6,phase2,80,pair_081,0.100018,1281.591377,1291.449913,
7,phase2,80,pair_081,0.116401,1281.607763,1291.466296,
8,phase2,80,pair_081,0.133034,1281.624393,1291.48293,
9,phase2,80,pair_081,0.150052,1281.641415,1291.499947,
10,phase2,80,pair_081,0.166659,1281.658017,1291.516554,
11,phase2,80,pair_081,0.183048,1281.674409,1291.532944,
12,phase2,80,pair_081,0.19976,1281.691119,1291.549655,
13,phase2,80,pair_081,0.216707,1281.708066,1291.566602,
14,phase2,80,pair_081,0.233368,1281.724726,1291.583263,
15,phase2,80,pair_081,0.249711,1281.74107,1291.599606,
16,phase2,80,pair_081,0.266395,1281.757754,1291.61629,
17,phase2,80,pair_081,0.28303,1281.774389,1291.632925,
18,phase2,80,pair_081,0.300039,1281.791399,1291.649934,
19,phase2,80,pair_081,0.316382,1281.807741,1291.666278,
20,phase2,80,pair_081,0.333052,1281.824411,1291.682947,
21,phase2,80,pair_081,0.349751,1281.841109,1291.699646,
22,phase2,80,pair_081,0.366715,1281.858073,1291.71661,
23,phase2,80,pair_081,0.383059,1281.874418,1291.732954,
24,phase2,80,pair_081,0.399679,1281.891038,1291.749574,
25,phase2,80,pair_081,0.416413,1281.907772,1291.766308,
26,phase2,80,pair_081,0.43336,1281.924719,1291.783255,
27,phase2,80,pair_081,0.449731,1281.94109,1291.799626,
28,phase2,80,pair_081,0.466339,1281.957697,1291.816234,
29,phase2,80,pair_081,0.483097,1281.974456,1291.832992,
30,phase2,80,pair_081,0.500029,1281.991387,1291.849924,
31,phase2,80,pair_081,0.516379,1282.007738,1291.866274,
32,phase2,80,pair_081,0.533057,1282.024417,1291.882952,
33,phase2,80,pair_081,0.549732,1282.041091,1291.899627,
34,phase2,80,pair_081,0.566384,1282.05775,1291.916279,
35,phase2,80,pair_081,0.583344,1282.074702,1291.933239,
36,phase2,80,pair_081,0.599732,1282.09109,1291.949627,
37,phase2,80,pair_081,0.616384,1282.107743,1291.96628,
38,phase2,80,pair_081,0.633046,1282.124404,1291.982941,
39,phase2,80,pair_081,0.650006,1282.141364,1291.999901,
40,phase2,80,pair_081,0.666372,1282.15773,1292.016267,
41,phase2,80,pair_081,0.683089,1282.174448,1292.032984,
42,phase2,80,pair_081,0.699676,1282.191034,1292.049571,
43,phase2,80,pair_081,0.716671,1282.208029,1292.066566,
44,phase2,80,pair_081,0.733036,1282.224395,1292.082931,
45,phase2,80,pair_081,0.749658,1282.241016,1292.099553,
46,phase2,80,pair_081,0.766392,1282.257751,1292.116288,
47,phase2,80,pair_081,0.783359,1282.274718,1292.133255,
48,phase2,80,pair_081,0.799727,1282.291086,1292.149622,
49,phase2,80,pair_081,0.816372,1282.307731,1292.166267,
50,phase2,80,pair_081,0.833019,1282.324378,1292.182914,
51,phase2,80,pair_081,0.849697,1282.341057,1292.199592,
52,phase2,80,pair_081,0.866361,1282.357729,1292.216256,
53,phase2,80,pair_081,0.883027,1282.374393,1292.232922,
54,phase2,80,pair_081,0.899729,1282.391089,1292.249624,
55,phase2,80,pair_081,0.916699,1282.408061,1292.266594,
56,phase2,80,pair_081,0.933317,1282.424676,1292.283212,
57,phase2,80,pair_081,0.9497,1282.441062,1292.299595,
58,phase2,80,pair_081,0.966391,1282.457751,1292.316286,
59,phase2,80,pair_081,0.983033,1282.474391,1292.332928,
60,phase2,80,pair_081,1.000011,1282.49137,1292.349906,
61,phase2,80,pair_081,1.016359,1282.507717,1292.366254,
62,phase2,80,pair_081,1.033056,1282.524415,1292.382951,
63,phase2,80,pair_081,1.049745,1282.541106,1292.39964,
64,phase2,80,pair_081,1.066664,1282.558023,1292.416559,
65,phase2,80,pair_081,1.083034,1282.574393,1292.432929,
66,phase2,80,pair_081,1.099729,1282.591088,1292.449624,
67,phase2,80,pair_081,1.116333,1282.607701,1292.466228,
68,phase2,80,pair_081,1.133331,1282.624694,1292.483226,
69,phase2,80,pair_081,1.149675,1282.641033,1292.49957,
70,phase2,80,pair_081,1.166403,1282.657764,1292.516298,
71,phase2,80,pair_081,1.183023,1282.674381,1292.532918,
72,phase2,80,pair_081,1.200004,1282.691362,1292.549899,
73,phase2,80,pair_081,1.216349,1282.707712,1292.566244,
74,phase2,80,pair_081,1.233019,1282.724377,1292.582914,
75,phase2,80,pair_081,1.249739,1282.741098,1292.599634,
76,phase2,80,pair_081,1.266331,1282.75769,1292.616227,
0,phase2,80,pair_081,0.0,1282.774398,1292.632931,single_opt_onset_seq4_opt2_失去
1,phase2,80,pair_081,0.016644,1282.791041,1292.649574,
2,phase2,80,pair_081,0.033375,1282.807771,1292.666306,
3,phase2,80,pair_081,0.049978,1282.824374,1292.682909,
4,phase2,80,pair_081,0.06695,1282.841346,1292.69988,
5,phase2,80,pair_081,0.083336,1282.857731,1292.716266,
6,phase2,80,pair_081,0.100023,1282.874419,1292.732954,
7,phase2,80,pair_081,0.116664,1282.891058,1292.749594,
8,phase2,80,pair_081,0.133616,1282.908011,1292.766547,
9,phase2,80,pair_081,0.150006,1282.924401,1292.782936,
10,phase2,80,pair_081,0.166688,1282.941085,1292.799619,
11,phase2,80,pair_081,0.183323,1282.957719,1292.816254,
12,phase2,80,pair_081,0.199993,1282.974388,1292.832924,
13,phase2,80,pair_081,0.216639,1282.991034,1292.84957,
14,phase2,80,pair_081,0.233368,1283.007763,1292.866298,
15,phase2,80,pair_081,0.250002,1283.024397,1292.882933,
16,phase2,80,pair_081,0.266965,1283.041359,1292.899896,
17,phase2,80,pair_081,0.283294,1283.057689,1292.916225,
18,phase2,80,pair_081,0.300029,1283.074424,1292.932959,
19,phase2,80,pair_081,0.316695,1283.09109,1292.949626,
20,phase2,80,pair_081,0.333623,1283.108018,1292.966554,
21,phase2,80,pair_081,0.350224,1283.124619,1292.983154,
22,phase2,80,pair_081,0.366686,1283.141087,1292.999617,
23,phase2,80,pair_081,0.383313,1283.157707,1293.016243,
24,phase2,80,pair_081,0.399955,1283.17435,1293.032886,
25,phase2,80,pair_081,0.416935,1283.19133,1293.049865,
26,phase2,80,pair_081,0.433294,1283.207689,1293.066224,
27,phase2,80,pair_081,0.450158,1283.224553,1293.083088,
28,phase2,80,pair_081,0.466941,1283.241336,1293.099872,
29,phase2,80,pair_081,0.483578,1283.257973,1293.116509,
30,phase2,80,pair_081,0.499981,1283.274376,1293.132912,
31,phase2,80,pair_081,0.516652,1283.291047,1293.149583,
32,phase2,80,pair_081,0.533602,1283.307997,1293.166533,
33,phase2,80,pair_081,0.550255,1283.32465,1293.183186,
34,phase2,80,pair_081,0.566633,1283.341029,1293.199564,
35,phase2,80,pair_081,0.583337,1283.357733,1293.216268,
36,phase2,80,pair_081,0.600283,1283.374681,1293.233214,
37,phase2,80,pair_081,0.616948,1283.391344,1293.249879,
38,phase2,80,pair_081,0.63331,1283.407706,1293.266241,
39,phase2,80,pair_081,0.649959,1283.424355,1293.28289,
40,phase2,80,pair_081,0.666886,1283.441281,1293.299816,
41,phase2,80,pair_081,0.683604,1283.457999,1293.316535,
42,phase2,80,pair_081,0.699928,1283.474323,1293.332859,
43,phase2,80,pair_081,0.716673,1283.491068,1293.349604,
44,phase2,80,pair_081,0.733307,1283.507701,1293.366237,
45,phase2,80,pair_081,0.749931,1283.524326,1293.382862,
46,phase2,80,pair_081,0.766631,1283.541028,1293.399562,
47,phase2,80,pair_081,0.783532,1283.557928,1293.416462,
48,phase2,80,pair_081,0.800032,1283.574427,1293.432963,
49,phase2,80,pair_081,0.816941,1283.591336,1293.449872,
50,phase2,80,pair_081,0.833321,1283.607716,1293.466252,
51,phase2,80,pair_081,0.849981,1283.624375,1293.482911,
52,phase2,80,pair_081,0.866615,1283.64101,1293.499545,
53,phase2,80,pair_081,0.883252,1283.657647,1293.516183,
54,phase2,80,pair_081,0.900254,1283.674649,1293.533185,
55,phase2,80,pair_081,0.916631,1283.691026,1293.549562,
56,phase2,80,pair_081,0.933343,1283.707738,1293.566274,
57,phase2,80,pair_081,0.949942,1283.72434,1293.582873,
58,phase2,80,pair_081,0.96692,1283.741315,1293.59985,
59,phase2,80,pair_081,0.983277,1283.757672,1293.616208,
60,phase2,80,pair_081,0.999989,1283.774387,1293.63292,
61,phase2,80,pair_081,1.016597,1283.790992,1293.649528,
62,phase2,80,pair_081,1.033581,1283.807976,1293.666512,
63,phase2,80,pair_081,1.049978,1283.824373,1293.682909,
64,phase2,80,pair_081,1.066629,1283.841024,1293.69956,
65,phase2,80,pair_081,1.083351,1283.857746,1293.716282,
66,phase2,80,pair_081,1.100263,1283.874658,1293.733194,
67,phase2,80,pair_081,1.116904,1283.891299,1293.749835,
68,phase2,80,pair_081,1.133323,1283.907719,1293.766254,
69,phase2,80,pair_081,1.149932,1283.924327,1293.782863,
70,phase2,80,pair_081,1.16661,1283.941005,1293.799541,
71,phase2,80,pair_081,1.183553,1283.957948,1293.816484,
72,phase2,80,pair_081,1.199968,1283.974363,1293.832899,
73,phase2,80,pair_081,1.216645,1283.99104,1293.849576,
74,phase2,80,pair_081,1.233249,1284.007644,1293.86618,
75,phase2,80,pair_081,1.249948,1284.024347,1293.882879,
76,phase2,80,pair_081,1.26663,1284.041025,1293.899561,
77,phase2,80,pair_081,1.283329,1284.057723,1293.916259,
78,phase2,80,pair_081,1.299873,1284.074268,1293.932804,
79,phase2,80,pair_081,1.316598,1284.090993,1293.949529,
80,phase2,80,pair_081,1.333286,1284.107681,1293.966217,
81,phase2,80,pair_081,1.349962,1284.124357,1293.982892,
82,phase2,80,pair_081,1.366874,1284.141269,1293.999805,
83,phase2,80,pair_081,1.383574,1284.157969,1294.016505,
84,phase2,80,pair_081,1.399949,1284.174344,1294.03288,
85,phase2,80,pair_081,1.416616,1284.191011,1294.049547,
86,phase2,80,pair_081,1.433338,1284.207733,1294.066269,
87,phase2,80,pair_081,1.450206,1284.2246,1294.083136,
88,phase2,80,pair_081,1.466606,1284.241001,1294.099537,
89,phase2,80,pair_081,1.483325,1284.257719,1294.116255,
90,phase2,80,pair_081,1.499921,1284.274316,1294.132852,
0,phase2,80,pair_081,0.0,1284.290984,1294.149517,iti_onset_dur_1.311
1,phase2,80,pair_081,0.016947,1284.307928,1294.166464,
2,phase2,80,pair_081,0.033365,1284.324346,1294.182883,
3,phase2,80,pair_081,0.050045,1284.341026,1294.199563,
4,phase2,80,pair_081,0.066666,1284.357647,1294.216184,
5,phase2,80,pair_081,0.083314,1284.374295,1294.232831,
6,phase2,80,pair_081,0.100045,1284.391026,1294.249562,
7,phase2,80,pair_081,0.116708,1284.407689,1294.266226,
8,phase2,80,pair_081,0.133646,1284.424627,1294.283163,
9,phase2,80,pair_081,0.15029,1284.44127,1294.299807,
10,phase2,80,pair_081,0.166706,1284.457687,1294.316223,
11,phase2,80,pair_081,0.183325,1284.474306,1294.332842,
12,phase2,80,pair_081,0.199986,1284.490966,1294.349503,
13,phase2,80,pair_081,0.216969,1284.50795,1294.366486,
14,phase2,80,pair_081,0.233384,1284.524365,1294.382901,
15,phase2,80,pair_081,0.24999,1284.540971,1294.399508,
16,phase2,80,pair_081,0.266622,1284.557603,1294.41614,
17,phase2,80,pair_081,0.283307,1284.574288,1294.432824,
18,phase2,80,pair_081,0.300005,1284.590986,1294.449522,
19,phase2,80,pair_081,0.316651,1284.607632,1294.466168,
20,phase2,80,pair_081,0.333593,1284.624574,1294.48311,
21,phase2,80,pair_081,0.350303,1284.641284,1294.49982,
22,phase2,80,pair_081,0.366678,1284.657659,1294.516195,
23,phase2,80,pair_081,0.383361,1284.674342,1294.532878,
24,phase2,80,pair_081,0.400002,1284.690983,1294.54952,
25,phase2,80,pair_081,0.416612,1284.707592,1294.566129,
26,phase2,80,pair_081,0.433605,1284.724586,1294.583123,
27,phase2,80,pair_081,0.45002,1284.741001,1294.599537,
28,phase2,80,pair_081,0.466666,1284.757646,1294.616183,
29,phase2,80,pair_081,0.483326,1284.774307,1294.632844,
30,phase2,80,pair_081,0.499957,1284.790938,1294.649475,
31,phase2,80,pair_081,0.516701,1284.807682,1294.666218,
32,phase2,80,pair_081,0.533349,1284.82433,1294.682867,
33,phase2,80,pair_081,0.549984,1284.840965,1294.699501,
34,phase2,80,pair_081,0.566953,1284.857934,1294.716471,
35,phase2,80,pair_081,0.58336,1284.87434,1294.732877,
36,phase2,80,pair_081,0.599957,1284.890938,1294.749475,
37,phase2,80,pair_081,0.616632,1284.907613,1294.76615,
38,phase2,80,pair_081,0.633619,1284.9246,1294.783136,
39,phase2,80,pair_081,0.649983,1284.940964,1294.799501,
40,phase2,80,pair_081,0.666701,1284.957682,1294.816218,
41,phase2,80,pair_081,0.683593,1284.974574,1294.833111,
42,phase2,80,pair_081,0.700296,1284.991277,1294.849813,
43,phase2,80,pair_081,0.716643,1285.007624,1294.86616,
44,phase2,80,pair_081,0.733339,1285.02432,1294.882857,
45,phase2,80,pair_081,0.750037,1285.041018,1294.899555,
46,phase2,80,pair_081,0.76698,1285.057961,1294.916497,
47,phase2,80,pair_081,0.783331,1285.074312,1294.932848,
48,phase2,80,pair_081,0.799995,1285.090976,1294.949512,
49,phase2,80,pair_081,0.816694,1285.107675,1294.966211,
50,phase2,80,pair_081,0.83326,1285.124241,1294.982777,
51,phase2,80,pair_081,0.850269,1285.14125,1294.999786,
52,phase2,80,pair_081,0.866646,1285.157627,1295.016164,
53,phase2,80,pair_081,0.88336,1285.174341,1295.032877,
54,phase2,80,pair_081,0.899944,1285.190925,1295.049461,
55,phase2,80,pair_081,0.916634,1285.207615,1295.066151,
56,phase2,80,pair_081,0.933321,1285.224304,1295.082838,
57,phase2,80,pair_081,0.949982,1285.240963,1295.099499,
58,phase2,80,pair_081,0.966585,1285.257566,1295.116102,
59,phase2,80,pair_081,0.983594,1285.274575,1295.133111,
60,phase2,80,pair_081,0.999974,1285.290956,1295.149491,
61,phase2,80,pair_081,1.016614,1285.307596,1295.166132,
62,phase2,80,pair_081,1.033374,1285.324354,1295.182891,
63,phase2,80,pair_081,1.050061,1285.341048,1295.199579,
64,phase2,80,pair_081,1.066779,1285.35776,1295.216296,
65,phase2,80,pair_081,1.083739,1285.374721,1295.233257,
66,phase2,80,pair_081,1.100064,1285.391045,1295.249582,
67,phase2,80,pair_081,1.116752,1285.407733,1295.266269,
68,phase2,80,pair_081,1.133465,1285.424446,1295.282983,
69,phase2,80,pair_081,1.15037,1285.441351,1295.299887,
70,phase2,80,pair_081,1.166757,1285.457738,1295.316274,
71,phase2,80,pair_081,1.183393,1285.474374,1295.332911,
72,phase2,80,pair_081,1.200144,1285.491124,1295.349661,
73,phase2,80,pair_081,1.21706,1285.508041,1295.366578,
74,phase2,80,pair_081,1.233348,1285.52433,1295.382866,
75,phase2,80,pair_081,1.250075,1285.541056,1295.399593,
76,phase2,80,pair_081,1.266771,1285.557752,1295.416289,
77,phase2,80,pair_081,1.283394,1285.574375,1295.432911,
78,phase2,80,pair_081,1.30036,1285.591341,1295.449877,
0,phase2,80,pair_081,0.0,1286.457565,1296.316093,final_choice_onset
1,phase2,80,pair_081,0.01684,1286.474401,1296.332933,
2,phase2,80,pair_081,0.033475,1286.491036,1296.349568,
3,phase2,80,pair_081,0.050152,1286.507712,1296.366244,
4,phase2,80,pair_081,0.066804,1286.524365,1296.382897,
5,phase2,80,pair_081,0.083764,1286.541325,1296.399857,
6,phase2,80,pair_081,0.100449,1286.558009,1296.416542,
7,phase2,80,pair_081,0.116833,1286.574393,1296.432926,
8,phase2,80,pair_081,0.133485,1286.591045,1296.449578,
9,phase2,80,pair_081,0.15017,1286.607736,1296.466263,
10,phase2,80,pair_081,0.167107,1286.624667,1296.4832,
11,phase2,80,pair_081,0.183476,1286.64104,1296.499568,
12,phase2,80,pair_081,0.200183,1286.657743,1296.516275,
13,phase2,80,pair_081,0.216797,1286.674357,1296.532889,
14,phase2,80,pair_081,0.233787,1286.691347,1296.54988,
15,phase2,80,pair_081,0.250149,1286.707709,1296.566241,
16,phase2,80,pair_081,0.266853,1286.724413,1296.582946,
17,phase2,80,pair_081,0.283487,1286.74105,1296.59958,
18,phase2,80,pair_081,0.300069,1286.757629,1296.616162,
19,phase2,80,pair_081,0.316798,1286.774358,1296.632891,
20,phase2,80,pair_081,0.333468,1286.791028,1296.649561,
21,phase2,80,pair_081,0.350154,1286.807716,1296.666247,
22,phase2,80,pair_081,0.367077,1286.824638,1296.68317,
23,phase2,80,pair_081,0.383459,1286.841041,1296.699552,
24,phase2,80,pair_081,0.400177,1286.857737,1296.716269,
25,phase2,80,pair_081,0.417087,1286.874647,1296.73318,
26,phase2,80,pair_081,0.433817,1286.891377,1296.74991,
27,phase2,80,pair_081,0.450128,1286.907688,1296.766221,
28,phase2,80,pair_081,0.466805,1286.924369,1296.782898,
29,phase2,80,pair_081,0.483459,1286.941019,1296.799552,
30,phase2,80,pair_081,0.500131,1286.957691,1296.816224,
31,phase2,80,pair_081,0.51713,1286.974692,1296.833223,
32,phase2,80,pair_081,0.533456,1286.991016,1296.849549,
33,phase2,80,pair_081,0.550075,1287.007636,1296.866168,
34,phase2,80,pair_081,0.56711,1287.02467,1296.883203,
35,phase2,80,pair_081,0.583773,1287.041333,1296.899866,
36,phase2,80,pair_081,0.600064,1287.057624,1296.916157,
37,phase2,80,pair_081,0.616823,1287.074382,1296.932915,
38,phase2,80,pair_081,0.633445,1287.091005,1296.949538,
39,phase2,80,pair_081,0.65044,1287.108,1296.966533,
40,phase2,80,pair_081,0.666789,1287.124349,1296.982882,
41,phase2,80,pair_081,0.683438,1287.140998,1296.999531,
42,phase2,80,pair_081,0.700189,1287.157749,1297.016282,
43,phase2,80,pair_081,0.717103,1287.174663,1297.033196,
44,phase2,80,pair_081,0.733481,1287.191041,1297.049574,
45,phase2,80,pair_081,0.75013,1287.207691,1297.066223,
46,phase2,80,pair_081,0.766724,1287.224284,1297.082817,
47,phase2,80,pair_081,0.783462,1287.241021,1297.099554,
48,phase2,80,pair_081,0.800413,1287.257973,1297.116506,
49,phase2,80,pair_081,0.816819,1287.274381,1297.132912,
50,phase2,80,pair_081,0.833733,1287.291294,1297.149826,
51,phase2,80,pair_081,0.850136,1287.307696,1297.166229,
52,phase2,80,pair_081,0.867078,1287.324637,1297.18317,
53,phase2,80,pair_081,0.883438,1287.340998,1297.199531,
54,phase2,80,pair_081,0.900079,1287.357639,1297.216172,
55,phase2,80,pair_081,0.916792,1287.374352,1297.232885,
56,phase2,80,pair_081,0.933425,1287.390985,1297.249517,
57,phase2,80,pair_081,0.950125,1287.407688,1297.266218,
58,phase2,80,pair_081,0.966801,1287.424361,1297.282894,
59,phase2,80,pair_081,0.983442,1287.441002,1297.299535,
60,phase2,80,pair_081,1.00045,1287.45801,1297.316543,
61,phase2,80,pair_081,1.016758,1287.474319,1297.332851,
62,phase2,80,pair_081,1.033448,1287.491008,1297.349541,
63,phase2,80,pair_081,1.050035,1287.507595,1297.366128,
64,phase2,80,pair_081,1.067098,1287.524658,1297.383191,
65,phase2,80,pair_081,1.083482,1287.541046,1297.399575,
66,phase2,80,pair_081,1.10011,1287.55767,1297.416203,
67,phase2,80,pair_081,1.116872,1287.574432,1297.432965,
68,phase2,80,pair_081,1.133796,1287.591356,1297.449889,
69,phase2,80,pair_081,1.150137,1287.6077,1297.46623,
70,phase2,80,pair_081,1.166801,1287.624364,1297.482894,
71,phase2,80,pair_081,1.183395,1287.640959,1297.499488,
72,phase2,80,pair_081,1.200044,1287.657604,1297.516137,
73,phase2,80,pair_081,1.217075,1287.674635,1297.533168,
74,phase2,80,pair_081,1.233465,1287.691029,1297.549558,
75,phase2,80,pair_081,1.250107,1287.707667,1297.5662,
76,phase2,80,pair_081,1.26675,1287.724311,1297.582842,
77,phase2,80,pair_081,1.283718,1287.741277,1297.59981,
78,phase2,80,pair_081,1.300102,1287.757662,1297.616195,
79,phase2,80,pair_081,1.316769,1287.774329,1297.632862,
80,phase2,80,pair_081,1.333425,1287.790985,1297.649518,
81,phase2,80,pair_081,1.350407,1287.807967,1297.6665,
82,phase2,80,pair_081,1.366765,1287.824325,1297.682858,
83,phase2,80,pair_081,1.383481,1287.841041,1297.699574,
84,phase2,80,pair_081,1.400147,1287.857707,1297.71624,
85,phase2,80,pair_081,1.417122,1287.874682,1297.733215,
86,phase2,80,pair_081,1.433387,1287.890947,1297.74948,
87,phase2,80,pair_081,1.450061,1287.907621,1297.766154,
88,phase2,80,pair_081,1.466817,1287.924376,1297.782909,
89,phase2,80,pair_081,1.483432,1287.940994,1297.799525,
90,phase2,80,pair_081,1.500044,1287.957604,1297.816137,
91,phase2,80,pair_081,1.516701,1287.974261,1297.832794,
92,phase2,80,pair_081,1.5334,1287.99096,1297.849493,
93,phase2,80,pair_081,1.550398,1288.007957,1297.86649,
94,phase2,80,pair_081,1.567054,1288.024614,1297.883147,
95,phase2,80,pair_081,1.583445,1288.041007,1297.899538,
96,phase2,80,pair_081,1.600082,1288.057642,1297.916175,
97,phase2,80,pair_081,1.617009,1288.074569,1297.933102,
98,phase2,80,pair_081,1.633724,1288.091287,1297.949817,
99,phase2,80,pair_081,1.650342,1288.107905,1297.966435,
100,phase2,80,pair_081,1.666816,1288.124375,1297.982908,
101,phase2,80,pair_081,1.683404,1288.140964,1297.999497,
102,phase2,80,pair_081,1.700384,1288.157943,1298.016477,
103,phase2,80,pair_081,1.716775,1288.174335,1298.032868,
104,phase2,80,pair_081,1.733396,1288.190956,1298.049489,
105,phase2,80,pair_081,1.750077,1288.207636,1298.066169,
106,phase2,80,pair_081,1.767049,1288.224609,1298.083142,
107,phase2,80,pair_081,1.783384,1288.240944,1298.099477,
108,phase2,80,pair_081,1.800075,1288.257635,1298.116168,
109,phase2,80,pair_081,1.816721,1288.274281,1298.132814,
110,phase2,80,pair_081,1.833729,1288.291289,1298.149822,
111,phase2,80,pair_081,1.850091,1288.307651,1298.166184,
112,phase2,80,pair_081,1.866745,1288.324305,1298.182838,
113,phase2,80,pair_081,1.883357,1288.340917,1298.19945,
114,phase2,80,pair_081,1.900055,1288.357615,1298.216148,
115,phase2,80,pair_081,1.917044,1288.374617,1298.233137,
116,phase2,80,pair_081,1.933403,1288.390963,1298.249496,
117,phase2,80,pair_081,1.950076,1288.407635,1298.266168,
118,phase2,80,pair_081,1.966661,1288.424221,1298.282754,
119,phase2,80,pair_081,1.98371,1288.44127,1298.299803,
120,phase2,80,pair_081,2.000109,1288.457669,1298.316202,
121,phase2,80,pair_081,2.016748,1288.474308,1298.332841,
122,phase2,80,pair_081,2.033363,1288.490923,1298.349456,
123,phase2,80,pair_081,2.050054,1288.507613,1298.366146,
124,phase2,80,pair_081,2.066749,1288.524308,1298.382841,
125,phase2,80,pair_081,2.083442,1288.541002,1298.399535,
126,phase2,80,pair_081,2.100056,1288.557616,1298.416149,
127,phase2,80,pair_081,2.117037,1288.574597,1298.43313,
128,phase2,80,pair_081,2.133428,1288.590988,1298.449521,
129,phase2,80,pair_081,2.150065,1288.607624,1298.466157,
130,phase2,80,pair_081,2.166993,1288.624553,1298.483086,
131,phase2,80,pair_081,2.183388,1288.640948,1298.499481,
132,phase2,80,pair_081,2.200072,1288.657631,1298.516164,
133,phase2,80,pair_081,2.216734,1288.674294,1298.532827,
134,phase2,80,pair_081,2.233672,1288.691231,1298.549765,
135,phase2,80,pair_081,2.250066,1288.707626,1298.566159,
136,phase2,80,pair_081,2.267002,1288.724562,1298.583095,
137,phase2,80,pair_081,2.283395,1288.740955,1298.599488,
138,phase2,80,pair_081,2.300049,1288.757609,1298.616142,
139,phase2,80,pair_081,2.316736,1288.774296,1298.632829,
140,phase2,80,pair_081,2.333689,1288.791249,1298.649782,
141,phase2,80,pair_081,2.350181,1288.807764,1298.666274,
142,phase2,80,pair_081,2.366711,1288.824271,1298.682804,
143,phase2,80,pair_081,2.383393,1288.840953,1298.699486,
144,phase2,80,pair_081,2.400353,1288.857912,1298.716445,
145,phase2,80,pair_081,2.416733,1288.874293,1298.732826,
146,phase2,80,pair_081,2.433394,1288.890954,1298.749487,
147,phase2,80,pair_081,2.450357,1288.907916,1298.766449,
148,phase2,80,pair_081,2.467007,1288.924567,1298.7831,
149,phase2,80,pair_081,2.48334,1288.940899,1298.799432,
150,phase2,80,pair_081,2.50031,1288.957871,1298.816402,
151,phase2,80,pair_081,2.516786,1288.974346,1298.832879,
152,phase2,80,pair_081,2.533685,1288.991245,1298.849778,
153,phase2,80,pair_081,2.550071,1289.007631,1298.866164,
154,phase2,80,pair_081,2.566712,1289.024272,1298.882805,
155,phase2,80,pair_081,2.583656,1289.041215,1298.899749,
156,phase2,80,pair_081,2.600042,1289.057602,1298.916135,
157,phase2,80,pair_081,2.616744,1289.074304,1298.932837,
158,phase2,80,pair_081,2.633349,1289.090909,1298.949442,
159,phase2,80,pair_081,2.650123,1289.107682,1298.966215,
160,phase2,80,pair_081,2.666685,1289.124245,1298.982778,
161,phase2,80,pair_081,2.683385,1289.140945,1298.999478,
162,phase2,80,pair_081,2.700034,1289.157594,1299.016127,
163,phase2,80,pair_081,2.716706,1289.174265,1299.032798,
164,phase2,80,pair_081,2.733362,1289.190922,1299.049455,
165,phase2,80,pair_081,2.750357,1289.207917,1299.06645,
166,phase2,80,pair_081,2.766722,1289.224282,1299.082815,
167,phase2,80,pair_081,2.783388,1289.240947,1299.09948,
168,phase2,80,pair_081,2.800155,1289.257714,1299.116248,
169,phase2,80,pair_081,2.816822,1289.274382,1299.132915,
170,phase2,80,pair_081,2.833493,1289.291052,1299.149586,
171,phase2,80,pair_081,2.850483,1289.308046,1299.166576,
172,phase2,80,pair_081,2.86683,1289.32439,1299.182923,
173,phase2,80,pair_081,2.88351,1289.34107,1299.199603,
174,phase2,80,pair_081,2.900083,1289.357643,1299.216176,
175,phase2,80,pair_081,2.917123,1289.374682,1299.233216,
176,phase2,80,pair_081,2.933481,1289.391041,1299.249574,
177,phase2,80,pair_081,2.95016,1289.40772,1299.266253,
178,phase2,80,pair_081,2.966782,1289.424342,1299.282875,
179,phase2,80,pair_081,2.983796,1289.441355,1299.299889,
180,phase2,80,pair_081,3.000165,1289.457724,1299.316257,
181,phase2,80,pair_081,3.016808,1289.474368,1299.332901,
182,phase2,80,pair_081,3.033733,1289.491293,1299.349826,
183,phase2,80,pair_081,3.050463,1289.508022,1299.366555,
184,phase2,80,pair_081,3.066813,1289.524373,1299.382906,
185,phase2,80,pair_081,3.0835,1289.54106,1299.399593,
186,phase2,80,pair_081,3.100208,1289.557768,1299.416301,
187,phase2,80,pair_081,3.116794,1289.574356,1299.432887,
188,phase2,80,pair_081,3.133475,1289.591035,1299.449568,
189,phase2,80,pair_081,3.150157,1289.607716,1299.466249,
190,phase2,80,pair_081,3.166811,1289.62437,1299.482904,
191,phase2,80,pair_081,3.183481,1289.641041,1299.499574,
192,phase2,80,pair_081,3.200417,1289.657977,1299.51651,
193,phase2,80,pair_081,3.216828,1289.674391,1299.532921,
194,phase2,80,pair_081,3.233537,1289.691097,1299.54963,
195,phase2,80,pair_081,3.250137,1289.707697,1299.56623,
196,phase2,80,pair_081,3.267111,1289.724671,1299.583204,
197,phase2,80,pair_081,3.28342,1289.74098,1299.599513,
198,phase2,80,pair_081,3.300169,1289.757729,1299.616262,
199,phase2,80,pair_081,3.317101,1289.774661,1299.633194,
200,phase2,80,pair_081,3.333457,1289.791017,1299.64955,
201,phase2,80,pair_081,3.350153,1289.807713,1299.666246,
202,phase2,80,pair_081,3.366804,1289.824364,1299.682897,
203,phase2,80,pair_081,3.383521,1289.84108,1299.699613,
204,phase2,80,pair_081,3.400446,1289.858006,1299.716539,
205,phase2,80,pair_081,3.416816,1289.874378,1299.732909,
206,phase2,80,pair_081,3.433426,1289.890986,1299.749519,
207,phase2,80,pair_081,3.450402,1289.907961,1299.766495,
208,phase2,80,pair_081,3.466792,1289.924352,1299.782885,
209,phase2,80,pair_081,3.483438,1289.941,1299.799531,
210,phase2,80,pair_081,3.500124,1289.957686,1299.816217,
211,phase2,80,pair_081,3.516878,1289.974438,1299.832971,
212,phase2,80,pair_081,3.533448,1289.991009,1299.849541,
213,phase2,80,pair_081,3.55012,1290.00768,1299.866213,
214,phase2,80,pair_081,3.566828,1290.024393,1299.882921,
215,phase2,80,pair_081,3.583463,1290.041023,1299.899556,
216,phase2,80,pair_081,3.600457,1290.058017,1299.91655,
217,phase2,80,pair_081,3.617049,1290.074608,1299.933141,
218,phase2,80,pair_081,3.633447,1290.091006,1299.949539,
219,phase2,80,pair_081,3.650147,1290.107707,1299.96624,
220,phase2,80,pair_081,3.66707,1290.124629,1299.983163,
221,phase2,80,pair_081,3.683763,1290.141323,1299.999856,
222,phase2,80,pair_081,3.700101,1290.157661,1300.016194,
223,phase2,80,pair_081,3.71682,1290.174381,1300.032913,
224,phase2,80,pair_081,3.733729,1290.191288,1300.049821,
225,phase2,80,pair_081,3.750442,1290.208002,1300.066535,
226,phase2,80,pair_081,3.766748,1290.224308,1300.082841,
227,phase2,80,pair_081,3.78346,1290.241019,1300.099552,
228,phase2,80,pair_081,3.800155,1290.257715,1300.116248,
229,phase2,80,pair_081,3.817094,1290.274654,1300.133187,
230,phase2,80,pair_081,3.833491,1290.291057,1300.149584,
231,phase2,80,pair_081,3.850119,1290.307679,1300.166212,
232,phase2,80,pair_081,3.867063,1290.324623,1300.183156,
233,phase2,80,pair_081,3.883769,1290.341328,1300.199861,
234,phase2,80,pair_081,3.900408,1290.357968,1300.216501,
235,phase2,80,pair_081,3.916712,1290.374272,1300.232805,
236,phase2,80,pair_081,3.933444,1290.391004,1300.249537,
237,phase2,80,pair_081,3.950431,1290.40799,1300.266524,
238,phase2,80,pair_081,3.966739,1290.424298,1300.282832,
239,phase2,80,pair_081,3.983467,1290.441026,1300.29956,
240,phase2,80,pair_081,4.000148,1290.45771,1300.316241,
241,phase2,80,pair_081,4.016775,1290.474335,1300.332867,
242,phase2,80,pair_081,4.033436,1290.490996,1300.349529,
243,phase2,80,pair_081,4.050121,1290.507681,1300.366214,
244,phase2,80,pair_081,4.06681,1290.52437,1300.382903,
245,phase2,80,pair_081,4.083426,1290.540986,1300.399519,
246,phase2,80,pair_081,4.100423,1290.557983,1300.416516,
247,phase2,80,pair_081,4.11679,1290.574352,1300.432883,
248,phase2,80,pair_081,4.133718,1290.591278,1300.449811,
249,phase2,80,pair_081,4.150095,1290.607656,1300.466187,
250,phase2,80,pair_081,4.167048,1290.624608,1300.483141,
251,phase2,80,pair_081,4.183435,1290.640995,1300.499528,
252,phase2,80,pair_081,4.200193,1290.657754,1300.516286,
253,phase2,80,pair_081,4.217061,1290.674622,1300.533154,
254,phase2,80,pair_081,4.233763,1290.691323,1300.549856,
255,phase2,80,pair_081,4.250382,1290.707942,1300.566475,
256,phase2,80,pair_081,4.26677,1290.72433,1300.582863,
257,phase2,80,pair_081,4.283402,1290.740962,1300.599495,
258,phase2,80,pair_081,4.300085,1290.757645,1300.616178,
259,phase2,80,pair_081,4.316808,1290.774372,1300.632901,
260,phase2,80,pair_081,4.333445,1290.791005,1300.649538,
261,phase2,80,pair_081,4.35013,1290.807689,1300.666222,
262,phase2,80,pair_081,4.366749,1290.824309,1300.682842,
263,phase2,80,pair_081,4.383757,1290.841317,1300.69985,
264,phase2,80,pair_081,4.400117,1290.857677,1300.71621,
265,phase2,80,pair_081,4.416823,1290.874383,1300.732916,
266,phase2,80,pair_081,4.433384,1290.890944,1300.749477,
267,phase2,80,pair_081,4.450137,1290.907696,1300.76623,
268,phase2,80,pair_081,4.467014,1290.924573,1300.783106,
269,phase2,80,pair_081,4.483504,1290.941064,1300.799597,
270,phase2,80,pair_081,4.500357,1290.957916,1300.81645,
271,phase2,80,pair_081,4.51705,1290.97461,1300.833143,
272,phase2,80,pair_081,4.533428,1290.99099,1300.849521,
273,phase2,80,pair_081,4.550172,1291.007732,1300.866265,
274,phase2,80,pair_081,4.566764,1291.024325,1300.882857,
275,phase2,80,pair_081,4.583745,1291.041305,1300.899838,
276,phase2,80,pair_081,4.600089,1291.057648,1300.916182,
277,phase2,80,pair_081,4.616783,1291.074343,1300.932876,
278,phase2,80,pair_081,4.633417,1291.091174,1300.94951,
279,phase2,80,pair_081,4.650367,1291.107926,1300.96646,
280,phase2,80,pair_081,4.667032,1291.124591,1300.983125,
281,phase2,80,pair_081,4.683461,1291.141021,1300.999553,
282,phase2,80,pair_081,4.700135,1291.157694,1301.016227,
283,phase2,80,pair_081,4.716741,1291.1743,1301.032833,
284,phase2,80,pair_081,4.733712,1291.191271,1301.049805,
285,phase2,80,pair_081,4.750115,1291.207675,1301.066208,
286,phase2,80,pair_081,4.766737,1291.224298,1301.08283,
287,phase2,80,pair_081,4.783405,1291.240965,1301.099498,
288,phase2,80,pair_081,4.800375,1291.257935,1301.116468,
289,phase2,80,pair_081,4.816735,1291.274295,1301.132828,
290,phase2,80,pair_081,4.833478,1291.291039,1301.149571,
291,phase2,80,pair_081,4.850038,1291.307597,1301.16613,
292,phase2,80,pair_081,4.867054,1291.324614,1301.183147,
293,phase2,80,pair_081,4.8834,1291.34096,1301.199493,
294,phase2,80,pair_081,4.900046,1291.357606,1301.216138,
295,phase2,80,pair_081,4.91699,1291.374549,1301.233082,
296,phase2,80,pair_081,4.933374,1291.390934,1301.249467,
297,phase2,80,pair_081,4.950093,1291.407655,1301.266186,
298,phase2,80,pair_081,4.966688,1291.424248,1301.282781,
299,phase2,80,pair_081,4.98334,1291.440901,1301.299433,
300,phase2,80,pair_081,5.000068,1291.457638,1301.316161,
301,phase2,80,pair_081,5.016687,1291.474249,1301.33278,
302,phase2,80,pair_081,5.033461,1291.491028,1301.349554,
303,phase2,80,pair_081,5.05003,1291.507597,1301.366123,
304,phase2,80,pair_081,5.066692,1291.524262,1301.382784,
305,phase2,80,pair_081,5.083369,1291.540931,1301.399462,
306,phase2,80,pair_081,5.10007,1291.557632,1301.416163,
307,phase2,80,pair_081,5.116774,1291.574335,1301.432867,
308,phase2,80,pair_081,5.133402,1291.590963,1301.449495,
309,phase2,80,pair_081,5.150373,1291.607933,1301.466466,
310,phase2,80,pair_081,5.166786,1291.624351,1301.482879,
311,phase2,80,pair_081,5.183486,1291.641047,1301.499579,
312,phase2,80,pair_081,5.200089,1291.657649,1301.516181,
313,phase2,80,pair_081,5.21704,1291.6746,1301.533133,
314,phase2,80,pair_081,5.233387,1291.690947,1301.54948,
315,phase2,80,pair_081,5.250131,1291.707694,1301.566224,
316,phase2,80,pair_081,5.267023,1291.724583,1301.583115,
317,phase2,80,pair_081,5.283699,1291.741259,1301.599792,
318,phase2,80,pair_081,5.300104,1291.757664,1301.616197,
319,phase2,80,pair_081,5.316791,1291.77435,1301.632883,
320,phase2,80,pair_081,5.333403,1291.790963,1301.649496,
321,phase2,80,pair_081,5.350046,1291.807606,1301.666139,
322,phase2,80,pair_081,5.366738,1291.824298,1301.682831,
323,phase2,80,pair_081,5.383478,1291.841049,1301.69957,
324,phase2,80,pair_081,5.400068,1291.857628,1301.716161,
325,phase2,80,pair_081,5.417049,1291.874609,1301.733142,
326,phase2,80,pair_081,5.433373,1291.890935,1301.749466,
327,phase2,80,pair_081,5.450305,1291.907864,1301.766397,
328,phase2,80,pair_081,5.466722,1291.924282,1301.782815,
329,phase2,80,pair_081,5.483399,1291.940959,1301.799492,
330,phase2,80,pair_081,5.500053,1291.957612,1301.816145,
331,phase2,80,pair_081,5.516766,1291.974326,1301.832859,
332,phase2,80,pair_081,5.533418,1291.990978,1301.849511,
333,phase2,80,pair_081,5.550038,1292.007598,1301.866131,
334,phase2,80,pair_081,5.567015,1292.024575,1301.883108,
335,phase2,80,pair_081,5.583405,1292.040964,1301.899498,
336,phase2,80,pair_081,5.60005,1292.057609,1301.916142,
337,phase2,80,pair_081,5.616672,1292.074232,1301.932765,
338,phase2,80,pair_081,5.633353,1292.090913,1301.949446,
339,phase2,80,pair_081,5.650029,1292.107588,1301.966121,
340,phase2,80,pair_081,5.666684,1292.124244,1301.982777,
341,phase2,80,pair_081,5.68336,1292.14092,1301.999453,
342,phase2,80,pair_081,5.700056,1292.157621,1302.016148,
343,phase2,80,pair_081,5.71675,1292.174309,1302.032842,
344,phase2,80,pair_081,5.73337,1292.19093,1302.049463,
345,phase2,80,pair_081,5.750389,1292.207948,1302.066481,
346,phase2,80,pair_081,5.767024,1292.224584,1302.083117,
347,phase2,80,pair_081,5.783393,1292.240953,1302.099486,
348,phase2,80,pair_081,5.800059,1292.257619,1302.116152,
349,phase2,80,pair_081,5.816969,1292.274529,1302.133062,
350,phase2,80,pair_081,5.833712,1292.291272,1302.149805,
351,phase2,80,pair_081,5.850039,1292.307599,1302.166132,
352,phase2,80,pair_081,5.866713,1292.324272,1302.182805,
353,phase2,80,pair_081,5.883378,1292.340937,1302.199471,
354,phase2,80,pair_081,5.900037,1292.357597,1302.21613,
355,phase2,80,pair_081,5.917001,1292.374561,1302.233094,
356,phase2,80,pair_081,5.933366,1292.390926,1302.249459,
357,phase2,80,pair_081,5.950046,1292.407606,1302.266139,
358,phase2,80,pair_081,5.966657,1292.424217,1302.28275,
359,phase2,80,pair_081,5.983696,1292.441256,1302.299789,
360,phase2,80,pair_081,6.000062,1292.457622,1302.316155,
361,phase2,80,pair_081,6.016707,1292.474266,1302.332799,
362,phase2,80,pair_081,6.033692,1292.491252,1302.349785,
363,phase2,80,pair_081,6.050332,1292.507892,1302.366425,
364,phase2,80,pair_081,6.06671,1292.52427,1302.382803,
365,phase2,80,pair_081,6.083422,1292.540981,1302.399514,
366,phase2,80,pair_081,6.100308,1292.557867,1302.4164,
367,phase2,80,pair_081,6.117007,1292.574567,1302.4331,
368,phase2,80,pair_081,6.133351,1292.590911,1302.449444,
369,phase2,80,pair_081,6.150018,1292.607578,1302.466111,
370,phase2,80,pair_081,6.166983,1292.624542,1302.483076,
371,phase2,80,pair_081,6.183366,1292.640926,1302.499459,
372,phase2,80,pair_081,6.200052,1292.657612,1302.516145,
373,phase2,80,pair_081,6.216693,1292.674253,1302.532786,
374,phase2,80,pair_081,6.233415,1292.690975,1302.549508,
375,phase2,80,pair_081,6.250016,1292.707575,1302.566109,
376,phase2,80,pair_081,6.26672,1292.72428,1302.582813,
377,phase2,80,pair_081,6.283362,1292.740921,1302.599455,
378,phase2,80,pair_081,6.300019,1292.757579,1302.616112,
379,phase2,80,pair_081,6.317014,1292.774573,1302.633107,
380,phase2,80,pair_081,6.333657,1292.791216,1302.649749,
381,phase2,80,pair_081,6.349982,1292.807542,1302.666075,
382,phase2,80,pair_081,6.366691,1292.824251,1302.682784,
383,phase2,80,pair_081,6.383674,1292.841234,1302.699767,
384,phase2,80,pair_081,6.400316,1292.857876,1302.716409,
385,phase2,80,pair_081,6.41673,1292.87429,1302.732823,
386,phase2,80,pair_081,6.433316,1292.890876,1302.749409,
387,phase2,80,pair_081,6.450022,1292.907581,1302.766114,
388,phase2,80,pair_081,6.46699,1292.924549,1302.783082,
389,phase2,80,pair_081,6.483362,1292.940921,1302.799454,
390,phase2,80,pair_081,6.500037,1292.957597,1302.81613,
391,phase2,80,pair_081,6.516701,1292.974261,1302.832794,
392,phase2,80,pair_081,6.533678,1292.991238,1302.849771,
393,phase2,80,pair_081,6.550048,1293.007608,1302.866141,
394,phase2,80,pair_081,6.566693,1293.024253,1302.882786,
395,phase2,80,pair_081,6.583327,1293.040887,1302.89942,
396,phase2,80,pair_081,6.60033,1293.05789,1302.916423,
397,phase2,80,pair_081,6.616694,1293.074254,1302.932787,
398,phase2,80,pair_081,6.633425,1293.090985,1302.949518,
399,phase2,80,pair_081,6.649992,1293.107552,1302.966085,
400,phase2,80,pair_081,6.666682,1293.124242,1302.982775,
401,phase2,80,pair_081,6.683365,1293.140925,1302.999458,
402,phase2,80,pair_081,6.700027,1293.157586,1303.01612,
403,phase2,80,pair_081,6.716684,1293.174244,1303.032777,
404,phase2,80,pair_081,6.733445,1293.191005,1303.049538,
405,phase2,80,pair_081,6.750153,1293.207713,1303.066246,
406,phase2,80,pair_081,6.766776,1293.224337,1303.082869,
407,phase2,80,pair_081,6.783474,1293.241033,1303.099567,
408,phase2,80,pair_081,6.800125,1293.257685,1303.116218,
409,phase2,80,pair_081,6.816791,1293.274351,1303.132884,
410,phase2,80,pair_081,6.83345,1293.29101,1303.149543,
411,phase2,80,pair_081,6.850455,1293.308015,1303.166548,
412,phase2,80,pair_081,6.866749,1293.324309,1303.182842,
413,phase2,80,pair_081,6.88347,1293.341029,1303.199562,
414,phase2,80,pair_081,6.900123,1293.357685,1303.216215,
415,phase2,80,pair_081,6.917097,1293.374657,1303.23319,
416,phase2,80,pair_081,6.933483,1293.391043,1303.249576,
417,phase2,80,pair_081,6.950107,1293.407667,1303.2662,
418,phase2,80,pair_081,6.966721,1293.424281,1303.282814,
419,phase2,80,pair_081,6.983766,1293.441326,1303.299859,
420,phase2,80,pair_081,7.000114,1293.457674,1303.316207,
421,phase2,80,pair_081,7.016799,1293.474358,1303.332891,
422,phase2,80,pair_081,7.033447,1293.491009,1303.349539,
423,phase2,80,pair_081,7.050055,1293.507615,1303.366148,
424,phase2,80,pair_081,7.066782,1293.524342,1303.382875,
425,phase2,80,pair_081,7.083446,1293.541005,1303.399539,
426,phase2,80,pair_081,7.100057,1293.557629,1303.41615,
427,phase2,80,pair_081,7.116819,1293.574393,1303.432912,
428,phase2,80,pair_081,7.133796,1293.591363,1303.449889,
429,phase2,80,pair_081,7.15008,1293.607643,1303.466172,
430,phase2,80,pair_081,7.166733,1293.624296,1303.482826,
431,phase2,80,pair_081,7.183415,1293.640982,1303.499508,
432,phase2,80,pair_081,7.20042,1293.657981,1303.516512,
433,phase2,80,pair_081,7.216766,1293.67433,1303.532859,
434,phase2,80,pair_081,7.233487,1293.69105,1303.54958,
435,phase2,80,pair_081,7.250144,1293.707706,1303.566237,
436,phase2,80,pair_081,7.266738,1293.724299,1303.582831,
437,phase2,80,pair_081,7.283449,1293.741009,1303.599541,
438,phase2,80,pair_081,7.300142,1293.757703,1303.616235,
439,phase2,80,pair_081,7.317095,1293.774656,1303.633188,
440,phase2,80,pair_081,7.333454,1293.791015,1303.649547,
441,phase2,80,pair_081,7.350118,1293.807679,1303.666211,
442,phase2,80,pair_081,7.366772,1293.824336,1303.682865,
443,phase2,80,pair_081,7.383756,1293.841316,1303.699848,
444,phase2,80,pair_081,7.400426,1293.857985,1303.716518,
445,phase2,80,pair_081,7.416744,1293.874304,1303.732837,
446,phase2,80,pair_081,7.433394,1293.890954,1303.749487,
447,phase2,80,pair_081,7.450194,1293.907754,1303.766287,
448,phase2,80,pair_081,7.466739,1293.924302,1303.782832,
449,phase2,80,pair_081,7.483427,1293.940989,1303.79952,
450,phase2,80,pair_081,7.500088,1293.957648,1303.81618,
451,phase2,80,pair_081,7.516794,1293.974354,1303.832886,
452,phase2,80,pair_081,7.533771,1293.991331,1303.849864,
453,phase2,80,pair_081,7.550404,1294.007964,1303.866497,
454,phase2,80,pair_081,7.566758,1294.024318,1303.882851,
455,phase2,80,pair_081,7.583485,1294.041045,1303.899577,
456,phase2,80,pair_081,7.600429,1294.057989,1303.916522,
457,phase2,80,pair_081,7.61706,1294.07462,1303.933153,
458,phase2,80,pair_081,7.633429,1294.090989,1303.949521,
459,phase2,80,pair_081,7.650135,1294.107695,1303.966228,
460,phase2,80,pair_081,7.66674,1294.1243,1303.982833,
461,phase2,80,pair_081,7.683734,1294.141293,1303.999826,
462,phase2,80,pair_081,7.700093,1294.157652,1304.016185,
463,phase2,80,pair_081,7.716782,1294.174342,1304.032875,
464,phase2,80,pair_081,7.733427,1294.190987,1304.04952,
465,phase2,80,pair_081,7.750399,1294.207959,1304.066492,
466,phase2,80,pair_081,7.766776,1294.224336,1304.082869,
467,phase2,80,pair_081,7.783424,1294.240984,1304.099517,
468,phase2,80,pair_081,7.800343,1294.257903,1304.116436,
469,phase2,80,pair_081,7.816735,1294.274294,1304.132828,
470,phase2,80,pair_081,7.833411,1294.290972,1304.149503,
471,phase2,80,pair_081,7.850098,1294.307658,1304.166191,
472,phase2,80,pair_081,7.866693,1294.324253,1304.182786,
473,phase2,80,pair_081,7.883759,1294.341319,1304.199852,
474,phase2,80,pair_081,7.90038,1294.357943,1304.216473,
475,phase2,80,pair_081,7.916767,1294.374326,1304.23286,
476,phase2,80,pair_081,7.933419,1294.390979,1304.249512,
477,phase2,80,pair_081,7.95039,1294.40795,1304.266483,
478,phase2,80,pair_081,7.966722,1294.424282,1304.282815,
479,phase2,80,pair_081,7.983385,1294.440944,1304.299477,
480,phase2,80,pair_081,8.000099,1294.457659,1304.316192,
481,phase2,80,pair_081,8.016759,1294.474321,1304.332852,
482,phase2,80,pair_081,8.033715,1294.491275,1304.349808,
483,phase2,80,pair_081,8.050051,1294.507611,1304.366144,
484,phase2,80,pair_081,8.066787,1294.524347,1304.38288,
485,phase2,80,pair_081,8.083377,1294.540939,1304.39947,
486,phase2,80,pair_081,8.10039,1294.55795,1304.416483,
487,phase2,80,pair_081,8.116712,1294.574272,1304.432805,
488,phase2,80,pair_081,8.133433,1294.590993,1304.449526,
489,phase2,80,pair_081,8.150387,1294.607947,1304.46648,
490,phase2,80,pair_081,8.166731,1294.62429,1304.482823,
491,phase2,80,pair_081,8.183379,1294.640939,1304.499471,
492,phase2,80,pair_081,8.200093,1294.657656,1304.516186,
493,phase2,80,pair_081,8.217012,1294.674571,1304.533104,
494,phase2,80,pair_081,8.23338,1294.69094,1304.549473,
495,phase2,80,pair_081,8.250124,1294.707685,1304.566217,
496,phase2,80,pair_081,8.266693,1294.724253,1304.582786,
497,phase2,80,pair_081,8.28372,1294.74128,1304.599813,
498,phase2,80,pair_081,8.300072,1294.757632,1304.616165,
499,phase2,80,pair_081,8.316742,1294.774301,1304.632835,
500,phase2,80,pair_081,8.333416,1294.790976,1304.649509,
501,phase2,80,pair_081,8.350175,1294.807737,1304.666268,
502,phase2,80,pair_081,8.367075,1294.824634,1304.683168,
503,phase2,80,pair_081,8.38341,1294.84097,1304.699503,
504,phase2,80,pair_081,8.400075,1294.857635,1304.716168,
505,phase2,80,pair_081,8.416752,1294.874312,1304.732845,
506,phase2,80,pair_081,8.433377,1294.89094,1304.74947,
507,phase2,80,pair_081,8.450104,1294.907664,1304.766197,
508,phase2,80,pair_081,8.466772,1294.924332,1304.782865,
509,phase2,80,pair_081,8.483434,1294.940996,1304.799527,
510,phase2,80,pair_081,8.500078,1294.957638,1304.816171,
511,phase2,80,pair_081,8.517043,1294.974603,1304.833136,
512,phase2,80,pair_081,8.533397,1294.990957,1304.849489,
513,phase2,80,pair_081,8.550132,1295.007695,1304.866225,
514,phase2,80,pair_081,8.56678,1295.02434,1304.882873,
515,phase2,80,pair_081,8.583723,1295.041283,1304.899816,
516,phase2,80,pair_081,8.600084,1295.057643,1304.916177,
517,phase2,80,pair_081,8.616717,1295.074277,1304.93281,
518,phase2,80,pair_081,8.633705,1295.091265,1304.949798,
519,phase2,80,pair_081,8.650034,1295.107597,1304.966126,
520,phase2,80,pair_081,8.666749,1295.124309,1304.982841,
521,phase2,80,pair_081,8.683396,1295.140956,1304.999489,
522,phase2,80,pair_081,8.700119,1295.157681,1305.016212,
523,phase2,80,pair_081,8.71673,1295.174292,1305.032823,
524,phase2,80,pair_081,8.733376,1295.190935,1305.049468,
525,phase2,80,pair_081,8.750085,1295.207646,1305.066178,
526,phase2,80,pair_081,8.766805,1295.224365,1305.082898,
527,phase2,80,pair_081,8.783378,1295.240937,1305.09947,
528,phase2,80,pair_081,8.800349,1295.257909,1305.116442,
529,phase2,80,pair_081,8.816751,1295.274311,1305.132844,
530,phase2,80,pair_081,8.833448,1295.291007,1305.14954,
531,phase2,80,pair_081,8.850009,1295.307568,1305.166102,
532,phase2,80,pair_081,8.867025,1295.324585,1305.183118,
533,phase2,80,pair_081,8.883406,1295.340966,1305.199499,
534,phase2,80,pair_081,8.900061,1295.357623,1305.216154,
535,phase2,80,pair_081,8.916724,1295.374284,1305.232817,
536,phase2,80,pair_081,8.93367,1295.39123,1305.249762,
537,phase2,80,pair_081,8.950052,1295.407612,1305.266145,
538,phase2,80,pair_081,8.966752,1295.424312,1305.282845,
539,phase2,80,pair_081,8.983668,1295.441227,1305.299761,
540,phase2,80,pair_081,8.999958,1295.457518,1305.316051,
541,phase2,80,pair_081,9.016726,1295.474285,1305.332818,
542,phase2,80,pair_081,9.033442,1295.491002,1305.349535,
543,phase2,80,pair_081,9.050113,1295.507675,1305.366206,
544,phase2,80,pair_081,9.067031,1295.524591,1305.383124,
545,phase2,80,pair_081,9.083346,1295.540905,1305.399438,
546,phase2,80,pair_081,9.100046,1295.557606,1305.416139,
547,phase2,80,pair_081,9.116788,1295.574348,1305.432881,
548,phase2,80,pair_081,9.133339,1295.590899,1305.449432,
549,phase2,80,pair_081,9.149998,1295.607558,1305.466091,
550,phase2,80,pair_081,9.166957,1295.624517,1305.48305,
551,phase2,80,pair_081,9.183371,1295.640931,1305.499464,
552,phase2,80,pair_081,9.200325,1295.657885,1305.516418,
553,phase2,80,pair_081,9.216994,1295.674553,1305.533087,
554,phase2,80,pair_081,9.233382,1295.690942,1305.549475,
555,phase2,80,pair_081,9.250047,1295.707606,1305.566139,
556,phase2,80,pair_081,9.266697,1295.724257,1305.58279,
557,phase2,80,pair_081,9.283671,1295.741231,1305.599764,
558,phase2,80,pair_081,9.300048,1295.757609,1305.616141,
559,phase2,80,pair_081,9.316964,1295.774524,1305.633057,
560,phase2,80,pair_081,9.333423,1295.790983,1305.649516,
561,phase2,80,pair_081,9.350339,1295.807899,1305.666432,
562,phase2,80,pair_081,9.366698,1295.824258,1305.682791,
563,phase2,80,pair_081,9.38341,1295.84097,1305.699503,
564,phase2,80,pair_081,9.400302,1295.857864,1305.716395,
565,phase2,80,pair_081,9.417006,1295.874565,1305.733098,
566,phase2,80,pair_081,9.433338,1295.890897,1305.749431,
567,phase2,80,pair_081,9.450066,1295.907647,1305.766158,
568,phase2,80,pair_081,9.466679,1295.924239,1305.782772,
569,phase2,80,pair_081,9.483353,1295.940912,1305.799446,
570,phase2,80,pair_081,9.500343,1295.957902,1305.816436,
571,phase2,80,pair_081,9.51675,1295.97431,1305.832843,
572,phase2,80,pair_081,9.53345,1295.99101,1305.849543,
573,phase2,80,pair_081,9.550354,1296.007913,1305.866446,
574,phase2,80,pair_081,9.566679,1296.024239,1305.882772,
575,phase2,80,pair_081,9.583369,1296.040929,1305.899462,
576,phase2,80,pair_081,9.600114,1296.057674,1305.916207,
577,phase2,80,pair_081,9.616708,1296.074268,1305.932801,
578,phase2,80,pair_081,9.633654,1296.091214,1305.949747,
579,phase2,80,pair_081,9.650065,1296.107627,1305.966158,
580,phase2,80,pair_081,9.666733,1296.124293,1305.982826,
581,phase2,80,pair_081,9.683696,1296.141256,1305.999789,
582,phase2,80,pair_081,9.700311,1296.157871,1306.016404,
583,phase2,80,pair_081,9.716707,1296.174267,1306.0328,
584,phase2,80,pair_081,9.733404,1296.190963,1306.049497,
585,phase2,80,pair_081,9.750007,1296.207567,1306.0661,
586,phase2,80,pair_081,9.766996,1296.224556,1306.083089,
587,phase2,80,pair_081,9.78335,1296.24091,1306.099443,
588,phase2,80,pair_081,9.800024,1296.257583,1306.116116,
589,phase2,80,pair_081,9.816671,1296.274231,1306.132764,
590,phase2,80,pair_081,9.833662,1296.291222,1306.149755,
591,phase2,80,pair_081,9.849954,1296.307514,1306.166047,
592,phase2,80,pair_081,9.866687,1296.324247,1306.18278,
593,phase2,80,pair_081,9.883614,1296.341174,1306.199707,
594,phase2,80,pair_081,9.899934,1296.357494,1306.216027,
595,phase2,80,pair_081,9.916952,1296.374512,1306.233045,
596,phase2,80,pair_081,9.933343,1296.390903,1306.249435,
597,phase2,80,pair_081,9.950014,1296.407573,1306.266106,
598,phase2,80,pair_081,9.966933,1296.424493,1306.283026,
599,phase2,80,pair_081,9.983284,1296.440844,1306.299377,
600,phase2,80,pair_081,9.999992,1296.457552,1306.316085,
601,phase2,80,pair_081,-1286.45782,1296.457613,9.858273,timeout
0,phase3,80,pair_081,0.0,1298.174318,1308.032845,stimulus_onset
1,phase3,80,pair_081,0.016973,1298.191286,1308.049818,
2,phase3,80,pair_081,0.033634,1298.207948,1308.06648,
3,phase3,80,pair_081,0.049968,1298.224281,1308.082813,
4,phase3,80,pair_081,0.066664,1298.240977,1308.099509,
5,phase3,80,pair_081,0.083293,1298.257606,1308.116138,
6,phase3,80,pair_081,0.100292,1298.274605,1308.133137,
7,phase3,80,pair_081,0.116613,1298.290926,1308.149458,
8,phase3,80,pair_081,0.13333,1298.307647,1308.166175,
9,phase3,80,pair_081,0.150032,1298.324345,1308.182877,
10,phase3,80,pair_081,0.166947,1298.34126,1308.199792,
11,phase3,80,pair_081,0.183302,1298.357615,1308.216148,
12,phase3,80,pair_081,0.199978,1298.374291,1308.232823,
13,phase3,80,pair_081,0.216683,1298.390996,1308.249528,
14,phase3,80,pair_081,0.233637,1298.40795,1308.266482,
15,phase3,80,pair_081,0.250231,1298.424544,1308.283076,
16,phase3,80,pair_081,0.266632,1298.440945,1308.299477,
17,phase3,80,pair_081,0.28332,1298.457635,1308.316165,
18,phase3,80,pair_081,0.299971,1298.474286,1308.332817,
19,phase3,80,pair_081,0.316931,1298.491244,1308.349776,
20,phase3,80,pair_081,0.333254,1298.507567,1308.366099,
21,phase3,80,pair_081,0.349991,1298.524304,1308.382836,
22,phase3,80,pair_081,0.366613,1298.540925,1308.399458,
23,phase3,80,pair_081,0.38359,1298.557902,1308.416435,
24,phase3,80,pair_081,0.399956,1298.574268,1308.432801,
25,phase3,80,pair_081,0.416617,1298.59093,1308.449462,
26,phase3,80,pair_081,0.433334,1298.607647,1308.46618,
27,phase3,80,pair_081,0.450235,1298.624548,1308.48308,
28,phase3,80,pair_081,0.466628,1298.640941,1308.499473,
29,phase3,80,pair_081,0.483385,1298.657698,1308.51623,
30,phase3,80,pair_081,0.499893,1298.674206,1308.532738,
31,phase3,80,pair_081,0.51693,1298.691243,1308.549775,
32,phase3,80,pair_081,0.533317,1298.70763,1308.566162,
33,phase3,80,pair_081,0.550001,1298.724315,1308.582847,
34,phase3,80,pair_081,0.566628,1298.740941,1308.599473,
35,phase3,80,pair_081,0.58323,1298.757543,1308.616075,
36,phase3,80,pair_081,0.599945,1298.774258,1308.63279,
37,phase3,80,pair_081,0.616606,1298.790923,1308.649451,
38,phase3,80,pair_081,0.633332,1298.807646,1308.666177,
39,phase3,80,pair_081,0.649944,1298.824257,1308.682789,
40,phase3,80,pair_081,0.666652,1298.840992,1308.699497,
41,phase3,80,pair_081,0.683276,1298.857589,1308.716121,
42,phase3,80,pair_081,0.700236,1298.874549,1308.733081,
43,phase3,80,pair_081,0.716929,1298.891242,1308.749774,
44,phase3,80,pair_081,0.733616,1298.907929,1308.766461,
45,phase3,80,pair_081,0.749987,1298.924303,1308.782832,
46,phase3,80,pair_081,0.766697,1298.941011,1308.799543,
47,phase3,80,pair_081,0.783308,1298.957621,1308.816153,
48,phase3,80,pair_081,0.800273,1298.974586,1308.833118,
49,phase3,80,pair_081,0.816623,1298.990936,1308.849469,
50,phase3,80,pair_081,0.833314,1299.007627,1308.866159,
51,phase3,80,pair_081,0.849947,1299.02426,1308.882792,
52,phase3,80,pair_081,0.866943,1299.041256,1308.899789,
53,phase3,80,pair_081,0.883233,1299.057546,1308.916078,
54,phase3,80,pair_081,0.900019,1299.074332,1308.932864,
55,phase3,80,pair_081,0.916626,1299.090939,1308.949472,
56,phase3,80,pair_081,0.93361,1299.107923,1308.966455,
57,phase3,80,pair_081,0.949909,1299.124222,1308.982754,
58,phase3,80,pair_081,0.966597,1299.14091,1308.999442,
59,phase3,80,pair_081,0.983556,1299.157869,1309.016401,
60,phase3,80,pair_081,0.999907,1299.174221,1309.032753,
61,phase3,80,pair_081,1.01689,1299.191206,1309.049736,
62,phase3,80,pair_081,1.033231,1299.207544,1309.066076,
63,phase3,80,pair_081,1.049904,1299.224217,1309.082749,
64,phase3,80,pair_081,1.066566,1299.240882,1309.099412,
65,phase3,80,pair_081,1.083241,1299.257555,1309.116086,
66,phase3,80,pair_081,1.099923,1299.274239,1309.132768,
67,phase3,80,pair_081,1.116537,1299.290851,1309.149382,
68,phase3,80,pair_081,1.133234,1299.307551,1309.166079,
69,phase3,80,pair_081,1.150263,1299.324577,1309.183108,
70,phase3,80,pair_081,1.166623,1299.340936,1309.199468,
71,phase3,80,pair_081,1.183244,1299.357557,1309.216089,
72,phase3,80,pair_081,1.199953,1299.374267,1309.232799,
73,phase3,80,pair_081,1.216935,1299.391248,1309.24978,
74,phase3,80,pair_081,1.233301,1299.407614,1309.266147,
75,phase3,80,pair_081,1.249929,1299.424242,1309.282774,
76,phase3,80,pair_081,1.266841,1299.441154,1309.299686,
77,phase3,80,pair_081,1.283241,1299.457554,1309.316086,
78,phase3,80,pair_081,1.299927,1299.47424,1309.332772,
79,phase3,80,pair_081,1.316607,1299.49092,1309.349452,
80,phase3,80,pair_081,1.333206,1299.507519,1309.366052,
81,phase3,80,pair_081,1.350212,1299.524526,1309.383058,
82,phase3,80,pair_081,1.366625,1299.540938,1309.39947,
83,phase3,80,pair_081,1.383288,1299.557601,1309.416133,
84,phase3,80,pair_081,1.4,1299.574313,1309.432845,
85,phase3,80,pair_081,1.416594,1299.590911,1309.449439,
86,phase3,80,pair_081,1.433555,1299.607873,1309.4664,
87,phase3,80,pair_081,1.449968,1299.624281,1309.482813,
88,phase3,80,pair_081,1.466623,1299.640936,1309.499468,
89,phase3,80,pair_081,1.483269,1299.657582,1309.516114,
90,phase3,80,pair_081,1.50025,1299.674563,1309.533095,
91,phase3,80,pair_081,1.516629,1299.690942,1309.549474,
92,phase3,80,pair_081,1.533257,1299.70757,1309.566102,
93,phase3,80,pair_081,1.549904,1299.724217,1309.582749,
94,phase3,80,pair_081,1.566885,1299.741198,1309.59973,
95,phase3,80,pair_081,1.58326,1299.757573,1309.616106,
96,phase3,80,pair_081,1.599935,1299.774249,1309.632781,
97,phase3,80,pair_081,1.61662,1299.790933,1309.649465,
98,phase3,80,pair_081,1.633563,1299.807876,1309.666408,
99,phase3,80,pair_081,1.76691,1299.941222,1309.799755,
100,phase3,80,pair_081,1.783341,1299.957653,1309.816186,
101,phase3,80,pair_081,1.799925,1299.974238,1309.83277,
102,phase3,80,pair_081,1.81657,1299.990883,1309.849415,
103,phase3,80,pair_081,1.833551,1300.007864,1309.866397,
104,phase3,80,pair_081,1.849891,1300.024204,1309.882736,
105,phase3,80,pair_081,1.866875,1300.041188,1309.899721,
106,phase3,80,pair_081,1.883209,1300.057522,1309.916054,
107,phase3,80,pair_081,1.900232,1300.074545,1309.933077,
108,phase3,80,pair_081,1.916866,1300.091179,1309.949712,
109,phase3,80,pair_081,1.933276,1300.107589,1309.966121,
110,phase3,80,pair_081,1.94984,1300.124153,1309.982685,
111,phase3,80,pair_081,1.966576,1300.140889,1309.999421,
112,phase3,80,pair_081,1.983555,1300.157882,1310.0164,
113,phase3,80,pair_081,1.999999,1300.174314,1310.032844,
114,phase3,80,pair_081,2.01657,1300.190884,1310.049416,
115,phase3,80,pair_081,2.03322,1300.207534,1310.066066,
116,phase3,80,pair_081,2.050217,1300.224531,1310.083063,
117,phase3,80,pair_081,2.066577,1300.24089,1310.099422,
118,phase3,80,pair_081,2.083172,1300.257489,1310.116017,
119,phase3,80,pair_081,2.099902,1300.274215,1310.132747,
120,phase3,80,pair_081,2.116581,1300.290894,1310.149426,
121,phase3,80,pair_081,2.133271,1300.307584,1310.166117,
122,phase3,80,pair_081,2.149902,1300.324214,1310.182747,
123,phase3,80,pair_081,2.166846,1300.341159,1310.199691,
124,phase3,80,pair_081,2.183236,1300.357549,1310.216081,
125,phase3,80,pair_081,2.20019,1300.374502,1310.233035,
126,phase3,80,pair_081,2.216569,1300.390882,1310.249414,
127,phase3,80,pair_081,2.233172,1300.407485,1310.266017,
128,phase3,80,pair_081,2.249849,1300.424162,1310.282694,
129,phase3,80,pair_081,2.266858,1300.44117,1310.299703,
130,phase3,80,pair_081,2.283285,1300.457598,1310.31613,
131,phase3,80,pair_081,2.299902,1300.474214,1310.332747,
132,phase3,80,pair_081,2.316874,1300.491187,1310.349719,
133,phase3,80,pair_081,2.333144,1300.507457,1310.365989,
134,phase3,80,pair_081,2.349922,1300.524235,1310.382768,
135,phase3,80,pair_081,2.366569,1300.540882,1310.399414,
136,phase3,80,pair_081,2.383175,1300.557487,1310.41602,
137,phase3,80,pair_081,2.399865,1300.574178,1310.43271,
138,phase3,80,pair_081,2.416555,1300.590868,1310.4494,
139,phase3,80,pair_081,2.433212,1300.607525,1310.466057,
140,phase3,80,pair_081,2.449884,1300.624197,1310.482729,
141,phase3,80,pair_081,2.466531,1300.640844,1310.499376,
142,phase3,80,pair_081,2.483314,1300.657627,1310.51616,
143,phase3,80,pair_081,2.499887,1300.6742,1310.532732,
144,phase3,80,pair_081,2.516534,1300.690847,1310.549379,
145,phase3,80,pair_081,2.533555,1300.707868,1310.5664,
146,phase3,80,pair_081,2.550185,1300.724498,1310.58303,
147,phase3,80,pair_081,2.566807,1300.74112,1310.599652,
148,phase3,80,pair_081,2.583173,1300.757486,1310.616018,
149,phase3,80,pair_081,2.600161,1300.774474,1310.633006,
150,phase3,80,pair_081,2.699934,1300.874247,1310.732779,
151,phase3,80,pair_081,2.716582,1300.890895,1310.749427,
152,phase3,80,pair_081,2.733215,1300.907528,1310.76606,
153,phase3,80,pair_081,2.749861,1300.924174,1310.782706,
154,phase3,80,pair_081,2.766583,1300.940896,1310.799428,
155,phase3,80,pair_081,2.783211,1300.957524,1310.816056,
156,phase3,80,pair_081,2.799875,1300.974188,1310.83272,
157,phase3,80,pair_081,2.81686,1300.991174,1310.849706,
158,phase3,80,pair_081,2.833199,1301.007512,1310.866044,
159,phase3,80,pair_081,2.84987,1301.024182,1310.882715,
160,phase3,80,pair_081,2.866553,1301.040866,1310.899398,
161,phase3,80,pair_081,2.883341,1301.057654,1310.916186,
162,phase3,80,pair_081,2.899957,1301.07427,1310.932802,
163,phase3,80,pair_081,2.916977,1301.091482,1310.949822,
164,phase3,80,pair_081,2.933328,1301.10764,1310.966173,
165,phase3,80,pair_081,2.950011,1301.124325,1310.982856,
166,phase3,80,pair_081,2.966654,1301.140967,1310.999499,
167,phase3,80,pair_081,2.983241,1301.157554,1311.016086,
168,phase3,80,pair_081,2.999983,1301.174296,1311.032828,
169,phase3,80,pair_081,3.016623,1301.190936,1311.049468,
170,phase3,80,pair_081,3.033325,1301.207638,1311.06617,
171,phase3,80,pair_081,3.050333,1301.224646,1311.083178,
172,phase3,80,pair_081,3.066941,1301.241254,1311.099786,
173,phase3,80,pair_081,3.083327,1301.257645,1311.116173,
174,phase3,80,pair_081,3.099987,1301.274304,1311.132832,
175,phase3,80,pair_081,3.1166,1301.290913,1311.149445,
176,phase3,80,pair_081,3.133583,1301.307896,1311.166428,
177,phase3,80,pair_081,3.149914,1301.324228,1311.182759,
178,phase3,80,pair_081,3.166667,1301.340983,1311.199512,
179,phase3,80,pair_081,3.183289,1301.357602,1311.216134,
180,phase3,80,pair_081,3.200289,1301.374603,1311.233135,
181,phase3,80,pair_081,3.216636,1301.390949,1311.249481,
182,phase3,80,pair_081,3.233251,1301.407564,1311.266096,
183,phase3,80,pair_081,3.250277,1301.42459,1311.283122,
184,phase3,80,pair_081,3.26697,1301.441283,1311.299815,
185,phase3,80,pair_081,3.283317,1301.45763,1311.316162,
186,phase3,80,pair_081,3.299974,1301.474287,1311.332819,
187,phase3,80,pair_081,3.316912,1301.491225,1311.349757,
188,phase3,80,pair_081,3.333629,1301.507942,1311.366474,
189,phase3,80,pair_081,3.349953,1301.524265,1311.382798,
190,phase3,80,pair_081,3.366626,1301.540939,1311.399471,
191,phase3,80,pair_081,3.383313,1301.557627,1311.416158,
192,phase3,80,pair_081,3.399963,1301.574276,1311.432808,
193,phase3,80,pair_081,3.416618,1301.590934,1311.449463,
194,phase3,80,pair_081,3.433304,1301.607618,1311.46615,
195,phase3,80,pair_081,3.450003,1301.624316,1311.482848,
196,phase3,80,pair_081,3.466632,1301.640948,1311.499477,
197,phase3,80,pair_081,3.483597,1301.65791,1311.516442,
198,phase3,80,pair_081,3.499957,1301.67427,1311.532802,
199,phase3,80,pair_081,3.516674,1301.690987,1311.549519,
200,phase3,80,pair_081,3.533318,1301.707631,1311.566163,
201,phase3,80,pair_081,3.550238,1301.724551,1311.583083,
202,phase3,80,pair_081,3.633102,1301.807415,1311.665947,
203,phase3,80,pair_081,3.649947,1301.824261,1311.682792,
204,phase3,80,pair_081,3.666648,1301.840961,1311.699493,
205,phase3,80,pair_081,3.683607,1301.85792,1311.716452,
206,phase3,80,pair_081,3.699961,1301.874274,1311.732806,
207,phase3,80,pair_081,3.716616,1301.89093,1311.749462,
208,phase3,80,pair_081,3.73326,1301.907573,1311.766105,
209,phase3,80,pair_081,3.749933,1301.924246,1311.782778,
210,phase3,80,pair_081,3.766626,1301.940939,1311.799471,
211,phase3,80,pair_081,3.783273,1301.957586,1311.816118,
212,phase3,80,pair_081,3.800018,1301.974334,1311.832863,
213,phase3,80,pair_081,3.81697,1301.991283,1311.849815,
214,phase3,80,pair_081,3.833285,1302.007601,1311.86613,
215,phase3,80,pair_081,3.849972,1302.024291,1311.882817,
216,phase3,80,pair_081,3.866696,1302.041011,1311.899541,
217,phase3,80,pair_081,3.883295,1302.057608,1311.91614,
218,phase3,80,pair_081,3.899894,1302.074208,1311.93274,
219,phase3,80,pair_081,3.916643,1302.090956,1311.949488,
220,phase3,80,pair_081,3.933277,1302.10759,1311.966122,
221,phase3,80,pair_081,3.949942,1302.124255,1311.982787,
222,phase3,80,pair_081,3.966605,1302.14092,1311.99945,
223,phase3,80,pair_081,3.983307,1302.15762,1312.016152,
224,phase3,80,pair_081,3.999974,1302.174287,1312.032819,
225,phase3,80,pair_081,4.016605,1302.190918,1312.04945,
226,phase3,80,pair_081,4.033247,1302.20756,1312.066092,
227,phase3,80,pair_081,4.049874,1302.224187,1312.082719,
228,phase3,80,pair_081,4.066675,1302.240988,1312.09952,
229,phase3,80,pair_081,4.083345,1302.257658,1312.11619,
230,phase3,80,pair_081,4.100281,1302.274594,1312.133126,
231,phase3,80,pair_081,4.116628,1302.290942,1312.149473,
232,phase3,80,pair_081,4.133298,1302.307612,1312.166144,
233,phase3,80,pair_081,4.150027,1302.324342,1312.182872,
234,phase3,80,pair_081,4.166938,1302.341251,1312.199783,
235,phase3,80,pair_081,4.183557,1302.357871,1312.216403,
236,phase3,80,pair_081,4.199992,1302.374306,1312.232837,
237,phase3,80,pair_081,4.216681,1302.390996,1312.249526,
238,phase3,80,pair_081,4.233612,1302.407925,1312.266457,
239,phase3,80,pair_081,4.249905,1302.424219,1312.282751,
240,phase3,80,pair_081,4.266616,1302.440929,1312.299462,
241,phase3,80,pair_081,4.28329,1302.457607,1312.316135,
242,phase3,80,pair_081,4.300243,1302.474556,1312.333088,
243,phase3,80,pair_081,4.316892,1302.491205,1312.349737,
244,phase3,80,pair_081,4.333282,1302.5076,1312.366127,
245,phase3,80,pair_081,4.349949,1302.524263,1312.382795,
246,phase3,80,pair_081,4.366946,1302.54126,1312.399791,
247,phase3,80,pair_081,4.383577,1302.55789,1312.416422,
248,phase3,80,pair_081,4.399913,1302.574226,1312.432758,
249,phase3,80,pair_081,4.416646,1302.590975,1312.449491,
250,phase3,80,pair_081,4.433552,1302.607865,1312.466397,
251,phase3,80,pair_081,4.449936,1302.62425,1312.482781,
252,phase3,80,pair_081,4.466612,1302.640925,1312.499457,
253,phase3,80,pair_081,4.483522,1302.657835,1312.516367,
254,phase3,80,pair_081,4.499934,1302.674247,1312.532779,
255,phase3,80,pair_081,4.51694,1302.691253,1312.549785,
256,phase3,80,pair_081,4.533259,1302.707573,1312.566105,
257,phase3,80,pair_081,4.549975,1302.724288,1312.58282,
258,phase3,80,pair_081,4.566555,1302.740869,1312.599401,
259,phase3,80,pair_081,4.583248,1302.757562,1312.616094,
260,phase3,80,pair_081,4.599914,1302.774227,1312.632759,
261,phase3,80,pair_081,4.61659,1302.790904,1312.649436,
262,phase3,80,pair_081,4.633262,1302.807575,1312.666107,
263,phase3,80,pair_081,4.649918,1302.824231,1312.682763,
264,phase3,80,pair_081,4.666586,1302.840899,1312.699431,
265,phase3,80,pair_081,4.683248,1302.857562,1312.716094,
266,phase3,80,pair_081,4.699925,1302.87424,1312.73277,
267,phase3,80,pair_081,4.716601,1302.890914,1312.749446,
268,phase3,80,pair_081,4.73325,1302.907563,1312.766095,
269,phase3,80,pair_081,4.749944,1302.924256,1312.782789,
270,phase3,80,pair_081,4.766589,1302.940902,1312.799435,
271,phase3,80,pair_081,4.783635,1302.957948,1312.81648,
272,phase3,80,pair_081,4.866911,1303.041224,1312.899756,
273,phase3,80,pair_081,4.883273,1303.057586,1312.916118,
274,phase3,80,pair_081,4.89994,1303.074254,1312.932786,
275,phase3,80,pair_081,4.916626,1303.090939,1312.949471,
276,phase3,80,pair_081,4.933236,1303.107549,1312.966081,
277,phase3,80,pair_081,4.949887,1303.124201,1312.982733,
278,phase3,80,pair_081,4.966628,1303.140943,1312.999473,
279,phase3,80,pair_081,4.983302,1303.157617,1313.016148,
280,phase3,80,pair_081,4.999911,1303.174225,1313.032757,
281,phase3,80,pair_081,5.016893,1303.191207,1313.049738,
282,phase3,80,pair_081,5.033262,1303.207575,1313.066107,
283,phase3,80,pair_081,5.049993,1303.224306,1313.082838,
284,phase3,80,pair_081,5.066904,1303.241218,1313.09975,
285,phase3,80,pair_081,5.083213,1303.257527,1313.116058,
286,phase3,80,pair_081,5.099921,1303.274235,1313.132766,
287,phase3,80,pair_081,5.116566,1303.29088,1313.149411,
288,phase3,80,pair_081,5.133247,1303.307563,1313.166093,
289,phase3,80,pair_081,5.150239,1303.324552,1313.183084,
290,phase3,80,pair_081,5.166533,1303.340847,1313.199378,
291,phase3,80,pair_081,5.183263,1303.357577,1313.216108,
292,phase3,80,pair_081,5.20022,1303.374534,1313.233065,
293,phase3,80,pair_081,5.216872,1303.391186,1313.249717,
294,phase3,80,pair_081,5.233337,1303.407651,1313.266183,
295,phase3,80,pair_081,5.249863,1303.424177,1313.282708,
296,phase3,80,pair_081,5.266581,1303.440895,1313.299426,
297,phase3,80,pair_081,5.283517,1303.45783,1313.316362,
298,phase3,80,pair_081,5.299898,1303.474211,1313.332743,
299,phase3,80,pair_081,5.316602,1303.490916,1313.349447,
300,phase3,80,pair_081,5.333147,1303.50746,1313.365992,
301,phase3,80,pair_081,5.350222,1303.524536,1313.383068,
302,phase3,80,pair_081,-1298.174573,1303.524597,9.858273,response
