frame_idx,phase,trial_id,stim_pair_id,elapsed_time,global_time,flip_time,event_marker
0,phase1,37,pair_038,0.0,1540.606901,1550.46543,stimulus_onset
1,phase1,37,pair_038,0.018501,1540.625399,1550.483931,
2,phase1,37,pair_038,0.033263,1540.640172,1550.498693,
3,phase1,37,pair_038,0.049065,1540.655962,1550.514495,
4,phase1,37,pair_038,0.06568,1540.672576,1550.53111,
5,phase1,37,pair_038,0.082644,1540.68954,1550.548074,
6,phase1,37,pair_038,0.099002,1540.705899,1550.564432,
7,phase1,37,pair_038,0.116004,1540.722913,1550.581434,
8,phase1,37,pair_038,0.132319,1540.739223,1550.597749,
9,phase1,37,pair_038,0.149326,1540.756223,1550.614756,
10,phase1,37,pair_038,0.165684,1540.77258,1550.631114,
11,phase1,37,pair_038,0.182601,1540.789502,1550.648031,
12,phase1,37,pair_038,0.199004,1540.805901,1550.664434,
13,phase1,37,pair_038,0.215665,1540.822562,1550.681095,
14,phase1,37,pair_038,0.23233,1540.839226,1550.69776,
15,phase1,37,pair_038,0.248978,1540.855875,1550.714408,
16,phase1,37,pair_038,0.26565,1540.872546,1550.73108,
17,phase1,37,pair_038,0.282297,1540.889193,1550.747727,
18,phase1,37,pair_038,0.298985,1540.905882,1550.764415,
19,phase1,37,pair_038,0.315649,1540.922545,1550.781079,
20,phase1,37,pair_038,0.332317,1540.939213,1550.797747,
21,phase1,37,pair_038,0.348964,1540.95586,1550.814394,
22,phase1,37,pair_038,0.365652,1540.972548,1550.831082,
23,phase1,37,pair_038,0.382353,1540.989252,1550.847783,
24,phase1,37,pair_038,0.398984,1541.005881,1550.864414,
25,phase1,37,pair_038,0.415659,1541.022556,1550.881089,
26,phase1,37,pair_038,0.432642,1541.039538,1550.898072,
27,phase1,37,pair_038,0.448917,1541.055813,1550.914347,
28,phase1,37,pair_038,0.465632,1541.072528,1550.931062,
29,phase1,37,pair_038,0.482595,1541.089491,1550.948025,
30,phase1,37,pair_038,0.498962,1541.105859,1550.964392,
31,phase1,37,pair_038,0.515659,1541.122555,1550.981089,
32,phase1,37,pair_038,0.532293,1541.139189,1550.997723,
33,phase1,37,pair_038,0.548938,1541.155834,1551.014368,
34,phase1,37,pair_038,0.565963,1541.172859,1551.031393,
35,phase1,37,pair_038,0.582321,1541.189218,1551.047751,
36,phase1,37,pair_038,0.599055,1541.205952,1551.064485,
37,phase1,37,pair_038,0.61565,1541.222547,1551.08108,
38,phase1,37,pair_038,0.632277,1541.239173,1551.097707,
39,phase1,37,pair_038,0.649261,1541.256157,1551.114691,
40,phase1,37,pair_038,0.66565,1541.272546,1551.131079,
41,phase1,37,pair_038,0.682303,1541.2892,1551.147733,
42,phase1,37,pair_038,0.698972,1541.305869,1551.164402,
43,phase1,37,pair_038,0.715914,1541.322811,1551.181344,
44,phase1,37,pair_038,0.732296,1541.339193,1551.197726,
45,phase1,37,pair_038,0.749012,1541.355908,1551.214442,
46,phase1,37,pair_038,0.765975,1541.372875,1551.231405,
47,phase1,37,pair_038,0.782607,1541.389503,1551.248037,
48,phase1,37,pair_038,0.798984,1541.40588,1551.264414,
49,phase1,37,pair_038,0.815614,1541.422511,1551.281044,
50,phase1,37,pair_038,0.832301,1541.439198,1551.297731,
51,phase1,37,pair_038,0.849122,1541.456019,1551.314552,
52,phase1,37,pair_038,0.86579,1541.472686,1551.33122,
53,phase1,37,pair_038,0.882738,1541.489634,1551.348168,
54,phase1,37,pair_038,0.899103,1541.505999,1551.364533,
55,phase1,37,pair_038,0.915773,1541.522669,1551.381203,
56,phase1,37,pair_038,0.932443,1541.539343,1551.397873,
57,phase1,37,pair_038,0.949392,1541.556288,1551.414821,
58,phase1,37,pair_038,0.965752,1541.572648,1551.431182,
59,phase1,37,pair_038,0.982407,1541.589303,1551.447837,
60,phase1,37,pair_038,0.999109,1541.606008,1551.464539,
61,phase1,37,pair_038,1.016069,1541.622965,1551.481498,
62,phase1,37,pair_038,1.032454,1541.639351,1551.497884,
63,phase1,37,pair_038,1.049091,1541.655987,1551.51452,
64,phase1,37,pair_038,1.065791,1541.672687,1551.531221,
65,phase1,37,pair_038,1.082404,1541.689301,1551.547834,
66,phase1,37,pair_038,1.099379,1541.706276,1551.564809,
67,phase1,37,pair_038,1.115755,1541.722651,1551.581185,
68,phase1,37,pair_038,1.132394,1541.73929,1551.597823,
69,phase1,37,pair_038,1.149384,1541.75628,1551.614814,
70,phase1,37,pair_038,1.166048,1541.772945,1551.631478,
71,phase1,37,pair_038,1.182412,1541.789308,1551.647842,
72,phase1,37,pair_038,1.199069,1541.805965,1551.664499,
73,phase1,37,pair_038,1.215711,1541.822607,1551.681141,
74,phase1,37,pair_038,1.232712,1541.839611,1551.698142,
75,phase1,37,pair_038,1.249081,1541.855979,1551.714511,
76,phase1,37,pair_038,1.265744,1541.87264,1551.731174,
77,phase1,37,pair_038,1.282378,1541.889274,1551.747808,
78,phase1,37,pair_038,1.299443,1541.906345,1551.764873,
79,phase1,37,pair_038,1.315754,1541.922673,1551.781184,
80,phase1,37,pair_038,1.332422,1541.939321,1551.797852,
81,phase1,37,pair_038,1.34911,1541.956007,1551.81454,
82,phase1,37,pair_038,1.366053,1541.97295,1551.831483,
83,phase1,37,pair_038,1.38232,1541.989217,1551.84775,
84,phase1,37,pair_038,1.399075,1542.005971,1551.864505,
85,phase1,37,pair_038,1.415739,1542.022638,1551.881169,
86,phase1,37,pair_038,1.432386,1542.039284,1551.897816,
87,phase1,37,pair_038,1.449079,1542.055976,1551.914509,
88,phase1,37,pair_038,1.465719,1542.072616,1551.931149,
89,phase1,37,pair_038,1.482395,1542.089291,1551.947825,
90,phase1,37,pair_038,1.499062,1542.105958,1551.964492,
91,phase1,37,pair_038,1.516042,1542.122938,1551.981472,
92,phase1,37,pair_038,1.5324,1542.139298,1551.99783,
93,phase1,37,pair_038,1.549076,1542.155972,1552.014505,
94,phase1,37,pair_038,1.566026,1542.172925,1552.031456,
95,phase1,37,pair_038,1.582699,1542.189595,1552.048129,
96,phase1,37,pair_038,1.599051,1542.205948,1552.064481,
97,phase1,37,pair_038,1.615749,1542.222646,1552.081179,
98,phase1,37,pair_038,1.63237,1542.239267,1552.0978,
99,phase1,37,pair_038,1.649035,1542.255931,1552.114465,
100,phase1,37,pair_038,1.665705,1542.272602,1552.131135,
101,phase1,37,pair_038,1.682376,1542.289277,1552.147806,
102,phase1,37,pair_038,1.699298,1542.306195,1552.164728,
103,phase1,37,pair_038,1.716006,1542.322902,1552.181436,
104,phase1,37,pair_038,1.732375,1542.339272,1552.197805,
105,phase1,37,pair_038,1.749053,1542.355949,1552.214483,
106,phase1,37,pair_038,1.765713,1542.37261,1552.231143,
107,phase1,37,pair_038,1.782671,1542.389568,1552.248101,
108,phase1,37,pair_038,1.79905,1542.405946,1552.26448,
109,phase1,37,pair_038,1.815727,1542.422623,1552.281157,
110,phase1,37,pair_038,1.832403,1542.439299,1552.297832,
111,phase1,37,pair_038,1.849049,1542.455946,1552.314479,
112,phase1,37,pair_038,1.865684,1542.47258,1552.331114,
113,phase1,37,pair_038,1.88238,1542.489276,1552.34781,
114,phase1,37,pair_038,1.899081,1542.505978,1552.364511,
115,phase1,37,pair_038,1.915709,1542.522605,1552.381139,
116,phase1,37,pair_038,1.932684,1542.53958,1552.398114,
117,phase1,37,pair_038,1.949053,1542.55595,1552.414483,
118,phase1,37,pair_038,1.965757,1542.572654,1552.431187,
119,phase1,37,pair_038,1.982372,1542.589271,1552.447802,
120,phase1,37,pair_038,1.999356,1542.606254,1552.464786,
121,phase1,37,pair_038,2.015736,1542.622632,1552.481166,
122,phase1,37,pair_038,2.032414,1542.639311,1552.497844,
123,phase1,37,pair_038,2.049033,1542.655929,1552.514463,
124,phase1,37,pair_038,2.066022,1542.672918,1552.531452,
125,phase1,37,pair_038,2.082364,1542.68926,1552.547794,
126,phase1,37,pair_038,2.099077,1542.705973,1552.564507,
127,phase1,37,pair_038,2.115749,1542.722646,1552.581179,
128,phase1,37,pair_038,2.132361,1542.739259,1552.597791,
129,phase1,37,pair_038,2.149041,1542.755937,1552.614471,
130,phase1,37,pair_038,2.165648,1542.772544,1552.631078,
131,phase1,37,pair_038,2.182363,1542.789259,1552.647793,
132,phase1,37,pair_038,2.199347,1542.806243,1552.664777,
133,phase1,37,pair_038,2.216,1542.822898,1552.68143,
134,phase1,37,pair_038,2.232348,1542.839244,1552.697778,
135,phase1,37,pair_038,2.249076,1542.855972,1552.714506,
136,phase1,37,pair_038,2.265669,1542.872565,1552.731098,
137,phase1,37,pair_038,2.282341,1542.889237,1552.74777,
138,phase1,37,pair_038,2.299032,1542.90593,1552.764462,
139,phase1,37,pair_038,2.315945,1542.922842,1552.781375,
140,phase1,37,pair_038,2.332683,1542.93958,1552.798113,
141,phase1,37,pair_038,2.349323,1542.956219,1552.814753,
142,phase1,37,pair_038,2.365708,1542.972604,1552.831138,
143,phase1,37,pair_038,2.382363,1542.98926,1552.847793,
144,phase1,37,pair_038,2.399049,1543.005947,1552.864479,
145,phase1,37,pair_038,2.415993,1543.022889,1552.881423,
146,phase1,37,pair_038,2.432347,1543.039243,1552.897777,
147,phase1,37,pair_038,2.449051,1543.055948,1552.914481,
148,phase1,37,pair_038,2.465697,1543.072594,1552.931127,
149,phase1,37,pair_038,2.482684,1543.08958,1552.948114,
150,phase1,37,pair_038,2.498998,1543.105895,1552.964428,
151,phase1,37,pair_038,2.515734,1543.122633,1552.981164,
152,phase1,37,pair_038,2.532355,1543.139251,1552.997784,
153,phase1,37,pair_038,2.549028,1543.155924,1553.014458,
154,phase1,37,pair_038,2.565704,1543.172602,1553.031134,
155,phase1,37,pair_038,2.582417,1543.189314,1553.047847,
156,phase1,37,pair_038,2.599012,1543.205908,1553.064442,
157,phase1,37,pair_038,2.615673,1543.222569,1553.081103,
158,phase1,37,pair_038,2.632663,1543.239559,1553.098093,
159,phase1,37,pair_038,2.649021,1543.255919,1553.114451,
160,phase1,37,pair_038,2.665688,1543.272585,1553.131118,
161,phase1,37,pair_038,2.682331,1543.289228,1553.147761,
162,phase1,37,pair_038,2.699015,1543.305911,1553.164445,
163,phase1,37,pair_038,2.71566,1543.322556,1553.18109,
164,phase1,37,pair_038,2.73234,1543.339236,1553.19777,
165,phase1,37,pair_038,2.749003,1543.3559,1553.214433,
166,phase1,37,pair_038,2.76597,1543.372866,1553.2314,
167,phase1,37,pair_038,2.782367,1543.389263,1553.247797,
168,phase1,37,pair_038,2.799055,1543.405951,1553.264485,
169,phase1,37,pair_038,2.815986,1543.422883,1553.281416,
170,phase1,37,pair_038,2.832625,1543.439521,1553.298055,
171,phase1,37,pair_038,2.84903,1543.455926,1553.31446,
172,phase1,37,pair_038,2.865606,1543.472502,1553.331036,
173,phase1,37,pair_038,2.882349,1543.489245,1553.347779,
174,phase1,37,pair_038,2.899313,1543.506213,1553.364742,
175,phase1,37,pair_038,2.915694,1543.52259,1553.381124,
176,phase1,37,pair_038,2.932372,1543.539269,1553.397802,
177,phase1,37,pair_038,2.948945,1543.555842,1553.414375,
178,phase1,37,pair_038,2.965658,1543.572554,1553.431088,
179,phase1,37,pair_038,2.98264,1543.589538,1553.44807,
180,phase1,37,pair_038,2.999023,1543.605919,1553.464453,
181,phase1,37,pair_038,3.015743,1543.622639,1553.481173,
182,phase1,37,pair_038,3.032271,1543.639167,1553.4977,
183,phase1,37,pair_038,3.049299,1543.656195,1553.514729,
184,phase1,37,pair_038,3.065689,1543.672586,1553.531119,
185,phase1,37,pair_038,3.08241,1543.689307,1553.54784,
186,phase1,37,pair_038,3.099308,1543.706204,1553.564738,
187,phase1,37,pair_038,3.115955,1543.722852,1553.581385,
188,phase1,37,pair_038,3.13234,1543.739236,1553.59777,
189,phase1,37,pair_038,3.148989,1543.755888,1553.614419,
190,phase1,37,pair_038,3.165645,1543.772541,1553.631075,
191,phase1,37,pair_038,3.182338,1543.789234,1553.647768,
192,phase1,37,pair_038,3.199069,1543.805965,1553.664499,
193,phase1,37,pair_038,3.21598,1543.822876,1553.68141,
194,phase1,37,pair_038,3.232341,1543.839237,1553.697771,
195,phase1,37,pair_038,3.249035,1543.855932,1553.714465,
196,phase1,37,pair_038,3.265682,1543.872585,1553.731112,
197,phase1,37,pair_038,3.282331,1543.889227,1553.74776,
198,phase1,37,pair_038,3.299018,1543.905914,1553.764447,
199,phase1,37,pair_038,3.315622,1543.922518,1553.781052,
200,phase1,37,pair_038,3.332354,1543.93925,1553.797784,
201,phase1,37,pair_038,3.348988,1543.955885,1553.814418,
202,phase1,37,pair_038,3.365647,1543.972543,1553.831077,
203,phase1,37,pair_038,3.382678,1543.989573,1553.848107,
204,phase1,37,pair_038,3.398961,1544.005857,1553.864391,
205,phase1,37,pair_038,3.415738,1544.022636,1553.881168,
206,phase1,37,pair_038,3.432588,1544.039484,1553.898018,
207,phase1,37,pair_038,3.448985,1544.055881,1553.914415,
208,phase1,37,pair_038,3.465597,1544.072493,1553.931027,
209,phase1,37,pair_038,3.482324,1544.08922,1553.947754,
210,phase1,37,pair_038,3.499275,1544.106171,1553.964705,
211,phase1,37,pair_038,3.515949,1544.122846,1553.981379,
212,phase1,37,pair_038,3.532624,1544.13952,1553.998054,
213,phase1,37,pair_038,3.548932,1544.155829,1554.014362,
214,phase1,37,pair_038,3.56566,1544.17256,1554.03109,
215,phase1,37,pair_038,3.582348,1544.189247,1554.047778,
216,phase1,37,pair_038,3.598976,1544.205872,1554.064406,
217,phase1,37,pair_038,3.615582,1544.222478,1554.081012,
218,phase1,37,pair_038,3.632311,1544.239209,1554.097741,
219,phase1,37,pair_038,3.64898,1544.255876,1554.11441,
220,phase1,37,pair_038,3.665983,1544.272879,1554.131413,
221,phase1,37,pair_038,3.68234,1544.289238,1554.14777,
222,phase1,37,pair_038,3.699004,1544.3059,1554.164434,
223,phase1,37,pair_038,3.71569,1544.322588,1554.18112,
224,phase1,37,pair_038,3.732639,1544.339535,1554.198069,
225,phase1,37,pair_038,3.749091,1544.355987,1554.214521,
226,phase1,37,pair_038,3.765569,1544.372465,1554.230999,
227,phase1,37,pair_038,3.7823,1544.389197,1554.24773,
228,phase1,37,pair_038,3.798975,1544.405871,1554.264405,
229,phase1,37,pair_038,3.815907,1544.422803,1554.281337,
230,phase1,37,pair_038,3.832367,1544.439263,1554.297796,
231,phase1,37,pair_038,3.848905,1544.455802,1554.314335,
232,phase1,37,pair_038,3.865651,1544.472547,1554.33108,
233,phase1,37,pair_038,3.88233,1544.489226,1554.34776,
234,phase1,37,pair_038,3.899017,1544.505915,1554.364447,
235,phase1,37,pair_038,3.91562,1544.522516,1554.38105,
236,phase1,37,pair_038,3.932611,1544.539507,1554.398041,
237,phase1,37,pair_038,3.949278,1544.556174,1554.414708,
238,phase1,37,pair_038,3.965665,1544.572561,1554.431095,
239,phase1,37,pair_038,3.982279,1544.589175,1554.447709,
240,phase1,37,pair_038,3.998984,1544.60588,1554.464414,
241,phase1,37,pair_038,4.015631,1544.622527,1554.481061,
242,phase1,37,pair_038,4.032335,1544.639231,1554.497765,
243,phase1,37,pair_038,4.048973,1544.655869,1554.514403,
244,phase1,37,pair_038,4.065648,1544.672545,1554.531078,
245,phase1,37,pair_038,4.082276,1544.689172,1554.547706,
246,phase1,37,pair_038,4.099049,1544.705946,1554.564479,
247,phase1,37,pair_038,4.115641,1544.722537,1554.581071,
248,phase1,37,pair_038,4.132277,1544.739173,1554.597707,
249,phase1,37,pair_038,4.149301,1544.756197,1554.614731,
250,phase1,37,pair_038,4.165559,1544.772455,1554.630989,
251,phase1,37,pair_038,4.182376,1544.789273,1554.647806,
252,phase1,37,pair_038,4.19904,1544.805936,1554.66447,
253,phase1,37,pair_038,4.215637,1544.822534,1554.681067,
254,phase1,37,pair_038,4.232544,1544.83944,1554.697973,
255,phase1,37,pair_038,4.248976,1544.855872,1554.714406,
256,phase1,37,pair_038,4.265627,1544.872523,1554.731057,
257,phase1,37,pair_038,4.28227,1544.889168,1554.7477,
258,phase1,37,pair_038,4.299247,1544.906143,1554.764677,
259,phase1,37,pair_038,4.315878,1544.922778,1554.781308,
260,phase1,37,pair_038,4.332307,1544.939203,1554.797737,
261,phase1,37,pair_038,4.348956,1544.955852,1554.814386,
262,phase1,37,pair_038,4.365627,1544.972523,1554.831057,
263,phase1,37,pair_038,4.38237,1544.989268,1554.8478,
264,phase1,37,pair_038,4.398946,1545.005842,1554.864376,
265,phase1,37,pair_038,4.415623,1545.02252,1554.881053,
266,phase1,37,pair_038,4.432596,1545.039493,1554.898026,
267,phase1,37,pair_038,4.448989,1545.055885,1554.914418,
268,phase1,37,pair_038,4.465555,1545.072451,1554.930985,
269,phase1,37,pair_038,4.482558,1545.089454,1554.947988,
270,phase1,37,pair_038,4.499271,1545.106167,1554.964701,
271,phase1,37,pair_038,4.515647,1545.122543,1554.981077,
272,phase1,37,pair_038,4.532213,1545.139109,1554.997643,
273,phase1,37,pair_038,4.548947,1545.155844,1555.014377,
274,phase1,37,pair_038,4.565937,1545.172833,1555.031367,
275,phase1,37,pair_038,4.582584,1545.189481,1555.048014,
276,phase1,37,pair_038,4.598939,1545.205835,1555.064369,
277,phase1,37,pair_038,4.615617,1545.222513,1555.081047,
278,phase1,37,pair_038,4.632258,1545.239154,1555.097688,
279,phase1,37,pair_038,4.649239,1545.256135,1555.114669,
280,phase1,37,pair_038,4.665616,1545.272513,1555.131046,
281,phase1,37,pair_038,4.682273,1545.289169,1555.147703,
282,phase1,37,pair_038,4.698932,1545.305828,1555.164362,
283,phase1,37,pair_038,4.715877,1545.322773,1555.181307,
284,phase1,37,pair_038,4.732292,1545.339188,1555.197722,
285,phase1,37,pair_038,4.748948,1545.355844,1555.214378,
286,phase1,37,pair_038,4.765612,1545.372508,1555.231042,
287,phase1,37,pair_038,4.782411,1545.389307,1555.24784,
288,phase1,37,pair_038,4.799316,1545.406212,1555.264746,
289,phase1,37,pair_038,4.816033,1545.422929,1555.281463,
290,phase1,37,pair_038,4.83242,1545.439317,1555.29785,
291,phase1,37,pair_038,4.849068,1545.455964,1555.314498,
292,phase1,37,pair_038,4.865758,1545.472655,1555.331188,
293,phase1,37,pair_038,4.882729,1545.489627,1555.348159,
294,phase1,37,pair_038,4.899034,1545.505952,1555.364464,
295,phase1,37,pair_038,4.915682,1545.522578,1555.381111,
296,phase1,37,pair_038,4.932432,1545.539328,1555.397862,
297,phase1,37,pair_038,4.949325,1545.556221,1555.414755,
298,phase1,37,pair_038,4.965719,1545.572615,1555.431149,
299,phase1,37,pair_038,4.982392,1545.589289,1555.447822,
300,phase1,37,pair_038,4.999305,1545.606201,1555.464735,
301,phase1,37,pair_038,5.015694,1545.62259,1555.481124,
302,phase1,37,pair_038,5.032686,1545.639582,1555.498116,
303,phase1,37,pair_038,5.049036,1545.655942,1555.514466,
304,phase1,37,pair_038,5.06568,1545.672576,1555.53111,
305,phase1,37,pair_038,5.082724,1545.689623,1555.548154,
306,phase1,37,pair_038,5.099302,1545.706198,1555.564732,
307,phase1,37,pair_038,5.115671,1545.722568,1555.581101,
308,phase1,37,pair_038,5.132375,1545.739271,1555.597804,
309,phase1,37,pair_038,5.149029,1545.755925,1555.614459,
310,phase1,37,pair_038,5.165677,1545.772573,1555.631107,
311,phase1,37,pair_038,5.182393,1545.789289,1555.647823,
312,phase1,37,pair_038,5.199038,1545.805934,1555.664468,
313,phase1,37,pair_038,5.216019,1545.822915,1555.681449,
314,phase1,37,pair_038,5.232701,1545.839598,1555.698131,
315,phase1,37,pair_038,5.249061,1545.855957,1555.714491,
316,phase1,37,pair_038,5.265725,1545.872621,1555.731155,
317,phase1,37,pair_038,5.282359,1545.889255,1555.747788,
318,phase1,37,pair_038,5.29901,1545.905906,1555.76444,
319,phase1,37,pair_038,5.31569,1545.922586,1555.78112,
320,phase1,37,pair_038,5.332362,1545.939259,1555.797792,
321,phase1,37,pair_038,5.349307,1545.956203,1555.814737,
322,phase1,37,pair_038,5.36564,1545.972536,1555.83107,
323,phase1,37,pair_038,5.382364,1545.98926,1555.847794,
324,phase1,37,pair_038,5.399033,1546.005929,1555.864463,
325,phase1,37,pair_038,5.415769,1546.022667,1555.881199,
326,phase1,37,pair_038,5.432319,1546.039215,1555.897749,
327,phase1,37,pair_038,5.448945,1546.055841,1555.914375,
328,phase1,37,pair_038,5.465667,1546.072563,1555.931097,
329,phase1,37,pair_038,5.482397,1546.089294,1555.947827,
330,phase1,37,pair_038,5.499317,1546.106214,1555.964747,
331,phase1,37,pair_038,5.516,1546.122896,1555.98143,
332,phase1,37,pair_038,5.532378,1546.139274,1555.997808,
333,phase1,37,pair_038,5.549048,1546.155944,1556.014478,
334,phase1,37,pair_038,5.565648,1546.172544,1556.031078,
335,phase1,37,pair_038,5.582675,1546.189571,1556.048105,
336,phase1,37,pair_038,5.599042,1546.205938,1556.064472,
337,phase1,37,pair_038,5.615752,1546.222648,1556.081182,
338,phase1,37,pair_038,5.632353,1546.239249,1556.097783,
339,phase1,37,pair_038,5.649048,1546.255952,1556.114478,
340,phase1,37,pair_038,5.66569,1546.272586,1556.13112,
341,phase1,37,pair_038,5.682381,1546.289279,1556.147811,
342,phase1,37,pair_038,5.699007,1546.305903,1556.164437,
343,phase1,37,pair_038,5.715974,1546.32287,1556.181404,
344,phase1,37,pair_038,5.732348,1546.339245,1556.197778,
345,phase1,37,pair_038,5.749028,1546.355926,1556.214458,
346,phase1,37,pair_038,5.765715,1546.372612,1556.231145,
347,phase1,37,pair_038,5.782696,1546.389592,1556.248126,
348,phase1,37,pair_038,5.798968,1546.405865,1556.264398,
349,phase1,37,pair_038,5.815725,1546.422632,1556.281155,
350,phase1,37,pair_038,5.832394,1546.439291,1556.297824,
351,phase1,37,pair_038,5.84935,1546.456246,1556.31478,
352,phase1,37,pair_038,5.865975,1546.472871,1556.331405,
353,phase1,37,pair_038,5.882355,1546.489251,1556.347785,
354,phase1,37,pair_038,5.899022,1546.505918,1556.364452,
355,phase1,37,pair_038,5.915649,1546.522545,1556.381079,
356,phase1,37,pair_038,5.932668,1546.539564,1556.398098,
357,phase1,37,pair_038,5.948949,1546.555845,1556.414379,
358,phase1,37,pair_038,5.965738,1546.572636,1556.431168,
359,phase1,37,pair_038,5.982402,1546.589312,1556.447832,
360,phase1,37,pair_038,5.999324,1546.606221,1556.464754,
361,phase1,37,pair_038,6.015686,1546.622582,1556.481116,
362,phase1,37,pair_038,6.032364,1546.639259,1556.497793,
363,phase1,37,pair_038,6.049342,1546.656238,1556.514772,
364,phase1,37,pair_038,6.065981,1546.672876,1556.53141,
365,phase1,37,pair_038,6.082364,1546.689261,1556.547794,
366,phase1,37,pair_038,6.099036,1546.705932,1556.564466,
367,phase1,37,pair_038,6.115736,1546.722633,1556.581166,
368,phase1,37,pair_038,6.132658,1546.739554,1556.598088,
369,phase1,37,pair_038,6.149015,1546.755911,1556.614445,
370,phase1,37,pair_038,6.165665,1546.772561,1556.631095,
371,phase1,37,pair_038,6.18239,1546.789286,1556.64782,
372,phase1,37,pair_038,6.199322,1546.806223,1556.664752,
373,phase1,37,pair_038,6.215651,1546.822547,1556.681081,
374,phase1,37,pair_038,6.232356,1546.839255,1556.697786,
375,phase1,37,pair_038,6.249099,1546.855995,1556.714529,
376,phase1,37,pair_038,6.265615,1546.872511,1556.731044,
377,phase1,37,pair_038,6.282316,1546.889212,1556.747746,
378,phase1,37,pair_038,6.298997,1546.905893,1556.764427,
379,phase1,37,pair_038,6.315718,1546.922614,1556.781148,
380,phase1,37,pair_038,6.332652,1546.939548,1556.798082,
381,phase1,37,pair_038,6.349309,1546.956205,1556.814739,
382,phase1,37,pair_038,6.365659,1546.972555,1556.831089,
383,phase1,37,pair_038,6.382342,1546.989238,1556.847772,
384,phase1,37,pair_038,6.398981,1547.005877,1556.864411,
385,phase1,37,pair_038,6.415959,1547.022855,1556.881389,
386,phase1,37,pair_038,6.432337,1547.039233,1556.897767,
387,phase1,37,pair_038,6.449006,1547.055903,1556.914436,
388,phase1,37,pair_038,6.465634,1547.07253,1556.931064,
389,phase1,37,pair_038,6.48264,1547.089536,1556.94807,
390,phase1,37,pair_038,6.499028,1547.105924,1556.964458,
391,phase1,37,pair_038,6.51567,1547.122566,1556.9811,
392,phase1,37,pair_038,6.532322,1547.139218,1556.997752,
393,phase1,37,pair_038,6.548946,1547.155843,1557.014376,
394,phase1,37,pair_038,6.565673,1547.172571,1557.031103,
395,phase1,37,pair_038,6.582376,1547.189274,1557.047805,
396,phase1,37,pair_038,6.599002,1547.205898,1557.064431,
397,phase1,37,pair_038,6.615664,1547.22256,1557.081093,
398,phase1,37,pair_038,6.632346,1547.239242,1557.097776,
399,phase1,37,pair_038,6.649059,1547.255956,1557.114489,
400,phase1,37,pair_038,6.665967,1547.272863,1557.131397,
401,phase1,37,pair_038,6.682323,1547.28922,1557.147753,
402,phase1,37,pair_038,6.698986,1547.305901,1557.164416,
403,phase1,37,pair_038,6.715635,1547.322532,1557.181065,
404,phase1,37,pair_038,6.732331,1547.339227,1557.197761,
405,phase1,37,pair_038,6.749285,1547.356181,1557.214714,
406,phase1,37,pair_038,6.765696,1547.372593,1557.231126,
407,phase1,37,pair_038,6.782246,1547.389142,1557.247676,
408,phase1,37,pair_038,6.799082,1547.405978,1557.264512,
409,phase1,37,pair_038,6.815621,1547.422518,1557.281051,
410,phase1,37,pair_038,6.832622,1547.439521,1557.298052,
411,phase1,37,pair_038,6.848973,1547.455871,1557.314403,
412,phase1,37,pair_038,6.865691,1547.472587,1557.331121,
413,phase1,37,pair_038,6.882389,1547.489285,1557.347819,
414,phase1,37,pair_038,6.898957,1547.505853,1557.364387,
415,phase1,37,pair_038,6.915595,1547.522491,1557.381025,
416,phase1,37,pair_038,6.932324,1547.539221,1557.397754,
417,phase1,37,pair_038,6.949043,1547.555939,1557.414473,
418,phase1,37,pair_038,6.965966,1547.572862,1557.431396,
419,phase1,37,pair_038,6.982337,1547.589235,1557.447767,
420,phase1,37,pair_038,6.999007,1547.605903,1557.464437,
421,phase1,37,pair_038,7.015729,1547.622625,1557.481159,
422,phase1,37,pair_038,7.03264,1547.639536,1557.49807,
423,phase1,37,pair_038,7.048962,1547.655858,1557.514392,
424,phase1,37,pair_038,7.06558,1547.672476,1557.53101,
425,phase1,37,pair_038,7.082243,1547.689139,1557.547672,
426,phase1,37,pair_038,7.098981,1547.705877,1557.564411,
427,phase1,37,pair_038,7.115951,1547.722849,1557.581381,
428,phase1,37,pair_038,7.132559,1547.739455,1557.597989,
429,phase1,37,pair_038,7.14897,1547.755866,1557.6144,
430,phase1,37,pair_038,7.165657,1547.772553,1557.631087,
431,phase1,37,pair_038,7.182605,1547.789501,1557.648035,
432,phase1,37,pair_038,7.198992,1547.805888,1557.664421,
433,phase1,37,pair_038,7.215656,1547.822553,1557.681086,
434,phase1,37,pair_038,7.232213,1547.83911,1557.697643,
435,phase1,37,pair_038,7.249268,1547.856165,1557.714698,
436,phase1,37,pair_038,7.265661,1547.872557,1557.73109,
437,phase1,37,pair_038,7.282301,1547.889197,1557.747731,
438,phase1,37,pair_038,7.298989,1547.905886,1557.764419,
439,phase1,37,pair_038,7.315949,1547.922846,1557.781379,
440,phase1,37,pair_038,7.332266,1547.939162,1557.797695,
441,phase1,37,pair_038,7.348964,1547.95586,1557.814394,
442,phase1,37,pair_038,7.365576,1547.972473,1557.831006,
443,phase1,37,pair_038,7.382288,1547.989184,1557.847718,
444,phase1,37,pair_038,7.398965,1548.005861,1557.864395,
445,phase1,37,pair_038,7.415636,1548.022532,1557.881066,
446,phase1,37,pair_038,7.432367,1548.039263,1557.897797,
447,phase1,37,pair_038,7.449303,1548.056199,1557.914733,
448,phase1,37,pair_038,7.465925,1548.072824,1557.931355,
449,phase1,37,pair_038,7.482298,1548.089194,1557.947728,
450,phase1,37,pair_038,7.498951,1548.105847,1557.964381,
451,phase1,37,pair_038,7.515545,1548.122441,1557.980975,
452,phase1,37,pair_038,7.53257,1548.139466,1557.998,
453,phase1,37,pair_038,7.548991,1548.155887,1558.014421,
454,phase1,37,pair_038,7.565633,1548.172529,1558.031063,
455,phase1,37,pair_038,7.582292,1548.189188,1558.047722,
456,phase1,37,pair_038,7.599258,1548.206154,1558.064688,
457,phase1,37,pair_038,7.61566,1548.222556,1558.08109,
458,phase1,37,pair_038,7.632298,1548.239194,1558.097728,
459,phase1,37,pair_038,7.649021,1548.255917,1558.114451,
460,phase1,37,pair_038,7.665929,1548.272825,1558.131359,
461,phase1,37,pair_038,7.682297,1548.289193,1558.147727,
462,phase1,37,pair_038,7.698936,1548.305832,1558.164366,
463,phase1,37,pair_038,7.715568,1548.322464,1558.180998,
464,phase1,37,pair_038,7.732278,1548.339174,1558.197708,
465,phase1,37,pair_038,7.748963,1548.35586,1558.214392,
466,phase1,37,pair_038,7.765616,1548.372512,1558.231046,
467,phase1,37,pair_038,7.782268,1548.389164,1558.247698,
468,phase1,37,pair_038,7.799284,1548.40618,1558.264714,
469,phase1,37,pair_038,7.815915,1548.422811,1558.281345,
470,phase1,37,pair_038,7.832242,1548.439139,1558.297672,
471,phase1,37,pair_038,7.849037,1548.455933,1558.314467,
472,phase1,37,pair_038,7.865899,1548.472795,1558.331329,
473,phase1,37,pair_038,7.882591,1548.489487,1558.348021,
474,phase1,37,pair_038,7.8992,1548.506097,1558.36463,
475,phase1,37,pair_038,7.915606,1548.522502,1558.381036,
476,phase1,37,pair_038,7.932271,1548.539167,1558.3977,
477,phase1,37,pair_038,7.949233,1548.556129,1558.414663,
478,phase1,37,pair_038,7.965578,1548.572476,1558.431008,
479,phase1,37,pair_038,7.982234,1548.58913,1558.447664,
480,phase1,37,pair_038,7.998932,1548.605828,1558.464362,
481,phase1,37,pair_038,8.015617,1548.622513,1558.481047,
482,phase1,37,pair_038,8.032271,1548.639167,1558.497701,
483,phase1,37,pair_038,8.0489,1548.655797,1558.51433,
484,phase1,37,pair_038,8.065677,1548.672573,1558.531107,
485,phase1,37,pair_038,8.082261,1548.689157,1558.547691,
486,phase1,37,pair_038,8.098973,1548.705869,1558.564403,
487,phase1,37,pair_038,8.115871,1548.722767,1558.581301,
488,phase1,37,pair_038,8.132258,1548.739154,1558.597688,
489,phase1,37,pair_038,8.148918,1548.755814,1558.614348,
490,phase1,37,pair_038,8.165912,1548.772808,1558.631342,
491,phase1,37,pair_038,8.182286,1548.789182,1558.647716,
492,phase1,37,pair_038,8.198936,1548.805832,1558.664366,
493,phase1,37,pair_038,8.215587,1548.822484,1558.681017,
494,phase1,37,pair_038,8.232552,1548.839449,1558.697982,
495,phase1,37,pair_038,8.24895,1548.855846,1558.714379,
496,phase1,37,pair_038,8.265586,1548.872482,1558.731016,
497,phase1,37,pair_038,8.282258,1548.889154,1558.747688,
498,phase1,37,pair_038,8.299226,1548.906122,1558.764656,
499,phase1,37,pair_038,8.315675,1548.922571,1558.781105,
500,phase1,37,pair_038,8.332267,1548.939163,1558.797697,
501,phase1,37,pair_038,8.348885,1548.955781,1558.814315,
502,phase1,37,pair_038,8.365518,1548.972414,1558.830948,
503,phase1,37,pair_038,8.382328,1548.989224,1558.847758,
504,phase1,37,pair_038,8.398908,1549.005804,1558.864338,
505,phase1,37,pair_038,8.415512,1549.022408,1558.880942,
506,phase1,37,pair_038,8.432566,1549.039462,1558.897996,
507,phase1,37,pair_038,8.44895,1549.056046,1558.91438,
508,phase1,37,pair_038,8.465589,1549.072484,1558.931018,
509,phase1,37,pair_038,8.482236,1549.089133,1558.947666,
510,phase1,37,pair_038,8.498902,1549.105799,1558.964332,
511,phase1,37,pair_038,8.515656,1549.122552,1558.981086,
512,phase1,37,pair_038,8.532237,1549.139135,1558.997667,
513,phase1,37,pair_038,8.549216,1549.156112,1559.014645,
514,phase1,37,pair_038,8.565526,1549.172423,1559.030955,
515,phase1,37,pair_038,8.58254,1549.189436,1559.04797,
516,phase1,37,pair_038,8.598926,1549.205823,1559.064356,
517,phase1,37,pair_038,8.615589,1549.222485,1559.081019,
518,phase1,37,pair_038,8.632259,1549.239156,1559.097689,
519,phase1,37,pair_038,8.649216,1549.256112,1559.114646,
520,phase1,37,pair_038,8.665847,1549.272743,1559.131277,
521,phase1,37,pair_038,8.682253,1549.289149,1559.147683,
522,phase1,37,pair_038,8.698916,1549.305812,1559.164346,
523,phase1,37,pair_038,8.715663,1549.322559,1559.181093,
524,phase1,37,pair_038,8.732373,1549.339269,1559.197803,
525,phase1,37,pair_038,8.749358,1549.356254,1559.214788,
526,phase1,37,pair_038,8.765697,1549.372593,1559.231127,
527,phase1,37,pair_038,8.782369,1549.389265,1559.247799,
528,phase1,37,pair_038,8.799337,1549.406233,1559.264766,
529,phase1,37,pair_038,8.816005,1549.422901,1559.281435,
530,phase1,37,pair_038,8.832347,1549.439243,1559.297777,
531,phase1,37,pair_038,8.849027,1549.455925,1559.314457,
532,phase1,37,pair_038,8.865722,1549.472618,1559.331152,
533,phase1,37,pair_038,8.882666,1549.489562,1559.348095,
534,phase1,37,pair_038,8.898976,1549.505872,1559.364405,
535,phase1,37,pair_038,8.915701,1549.522598,1559.381131,
536,phase1,37,pair_038,8.932399,1549.539296,1559.397829,
537,phase1,37,pair_038,8.948947,1549.555843,1559.414376,
538,phase1,37,pair_038,8.965693,1549.572589,1559.431122,
539,phase1,37,pair_038,8.982362,1549.589258,1559.447792,
540,phase1,37,pair_038,8.999093,1549.60599,1559.464523,
541,phase1,37,pair_038,9.015695,1549.622592,1559.481125,
542,phase1,37,pair_038,9.032366,1549.639263,1559.497796,
543,phase1,37,pair_038,9.049003,1549.6559,1559.514433,
544,phase1,37,pair_038,9.065673,1549.672569,1559.531103,
545,phase1,37,pair_038,9.082313,1549.689209,1559.547743,
546,phase1,37,pair_038,9.099027,1549.705923,1559.564457,
547,phase1,37,pair_038,-1540.607157,1549.922662,9.858273,response
0,phase2,37,pair_038,0.0,1551.039206,1560.897734,single_opt_onset_seq1_opt1_阻挡
1,phase2,37,pair_038,0.016711,1551.055912,1560.914445,
2,phase2,37,pair_038,0.033328,1551.072528,1560.931062,
3,phase2,37,pair_038,0.050265,1551.089464,1560.947999,
4,phase2,37,pair_038,0.066661,1551.10586,1560.964395,
5,phase2,37,pair_038,0.08336,1551.12256,1560.981094,
6,phase2,37,pair_038,0.099956,1551.139155,1560.99769,
7,phase2,37,pair_038,0.116973,1551.156171,1561.014707,
8,phase2,37,pair_038,0.133604,1551.172802,1561.031338,
9,phase2,37,pair_038,0.150004,1551.189202,1561.047737,
10,phase2,37,pair_038,0.166699,1551.205897,1561.064433,
11,phase2,37,pair_038,0.183331,1551.222529,1561.081065,
12,phase2,37,pair_038,0.200282,1551.23948,1561.098016,
13,phase2,37,pair_038,0.216677,1551.255875,1561.114411,
14,phase2,37,pair_038,0.233379,1551.272577,1561.131113,
15,phase2,37,pair_038,0.249986,1551.289184,1561.14772,
16,phase2,37,pair_038,0.266922,1551.306119,1561.164655,
17,phase2,37,pair_038,0.283286,1551.322484,1561.181019,
18,phase2,37,pair_038,0.299985,1551.339184,1561.197719,
19,phase2,37,pair_038,0.316642,1551.35584,1561.214375,
20,phase2,37,pair_038,0.333632,1551.37283,1561.231366,
21,phase2,37,pair_038,0.349972,1551.38917,1561.247706,
22,phase2,37,pair_038,0.366674,1551.405872,1561.264408,
23,phase2,37,pair_038,0.383291,1551.42249,1561.281025,
24,phase2,37,pair_038,0.400287,1551.439485,1561.298021,
25,phase2,37,pair_038,0.416658,1551.455861,1561.314392,
26,phase2,37,pair_038,0.433373,1551.472571,1561.331107,
27,phase2,37,pair_038,0.450224,1551.489422,1561.347958,
28,phase2,37,pair_038,0.466966,1551.506165,1561.3647,
29,phase2,37,pair_038,0.483308,1551.522506,1561.381041,
30,phase2,37,pair_038,0.499991,1551.539189,1561.397725,
31,phase2,37,pair_038,0.516921,1551.556119,1561.414655,
32,phase2,37,pair_038,0.533641,1551.572838,1561.431374,
33,phase2,37,pair_038,0.549939,1551.589138,1561.447672,
34,phase2,37,pair_038,0.566656,1551.605854,1561.46439,
35,phase2,37,pair_038,0.583405,1551.622603,1561.481139,
36,phase2,37,pair_038,0.599965,1551.639164,1561.497698,
37,phase2,37,pair_038,0.616674,1551.655874,1561.514408,
38,phase2,37,pair_038,0.633367,1551.672566,1561.531101,
39,phase2,37,pair_038,0.649998,1551.689197,1561.547732,
40,phase2,37,pair_038,0.666644,1551.705843,1561.564378,
41,phase2,37,pair_038,0.683251,1551.72245,1561.580985,
42,phase2,37,pair_038,0.699992,1551.739194,1561.597726,
43,phase2,37,pair_038,0.716683,1551.755881,1561.614416,
44,phase2,37,pair_038,0.733648,1551.772847,1561.631382,
45,phase2,37,pair_038,0.750297,1551.789495,1561.64803,
46,phase2,37,pair_038,0.766699,1551.805897,1561.664433,
47,phase2,37,pair_038,0.783327,1551.822529,1561.681061,
48,phase2,37,pair_038,0.800312,1551.83951,1561.698046,
49,phase2,37,pair_038,0.816906,1551.856104,1561.71464,
50,phase2,37,pair_038,0.833274,1551.872475,1561.731008,
51,phase2,37,pair_038,0.849971,1551.889169,1561.747705,
52,phase2,37,pair_038,0.866661,1551.905859,1561.764394,
53,phase2,37,pair_038,0.883304,1551.922503,1561.781038,
54,phase2,37,pair_038,0.899965,1551.939166,1561.797699,
55,phase2,37,pair_038,0.916654,1551.955852,1561.814388,
56,phase2,37,pair_038,0.933235,1551.972433,1561.830969,
57,phase2,37,pair_038,0.950291,1551.98949,1561.848025,
58,phase2,37,pair_038,0.966914,1552.006112,1561.864648,
59,phase2,37,pair_038,0.983269,1552.022467,1561.881003,
60,phase2,37,pair_038,1.000022,1552.039237,1561.897756,
61,phase2,37,pair_038,1.016956,1552.056154,1561.91469,
62,phase2,37,pair_038,1.033342,1552.07254,1561.931075,
63,phase2,37,pair_038,1.049962,1552.08916,1561.947696,
64,phase2,37,pair_038,1.066621,1552.105819,1561.964355,
65,phase2,37,pair_038,1.083269,1552.122467,1561.981003,
66,phase2,37,pair_038,1.100266,1552.139464,1561.998,
67,phase2,37,pair_038,1.116873,1552.156071,1562.014607,
68,phase2,37,pair_038,1.133208,1552.172406,1562.030942,
69,phase2,37,pair_038,1.149962,1552.18916,1562.047695,
70,phase2,37,pair_038,1.166925,1552.206123,1562.064658,
71,phase2,37,pair_038,1.183342,1552.222539,1562.081075,
72,phase2,37,pair_038,1.199968,1552.239166,1562.097702,
73,phase2,37,pair_038,1.216576,1552.255774,1562.11431,
74,phase2,37,pair_038,1.233597,1552.272795,1562.131331,
75,phase2,37,pair_038,1.249968,1552.289166,1562.147702,
76,phase2,37,pair_038,1.266626,1552.305823,1562.16436,
77,phase2,37,pair_038,1.28336,1552.322558,1562.181094,
78,phase2,37,pair_038,1.30026,1552.339458,1562.197993,
79,phase2,37,pair_038,1.316689,1552.355888,1562.214423,
80,phase2,37,pair_038,1.333321,1552.372519,1562.231055,
81,phase2,37,pair_038,1.350223,1552.389421,1562.247957,
82,phase2,37,pair_038,1.366615,1552.405813,1562.264349,
83,phase2,37,pair_038,1.383569,1552.422767,1562.281303,
84,phase2,37,pair_038,1.4,1552.439198,1562.297733,
85,phase2,37,pair_038,1.416601,1552.455799,1562.314335,
86,phase2,37,pair_038,1.433583,1552.472781,1562.331317,
87,phase2,37,pair_038,1.449865,1552.489063,1562.347599,
88,phase2,37,pair_038,1.466627,1552.505825,1562.364361,
89,phase2,37,pair_038,1.483321,1552.522519,1562.381054,
90,phase2,37,pair_038,1.499945,1552.539142,1562.397678,
0,phase2,37,pair_038,0.0,1552.555728,1562.414261,iti_onset_dur_0.600
1,phase2,37,pair_038,0.016783,1552.572507,1562.431043,
2,phase2,37,pair_038,0.03342,1552.589144,1562.447681,
3,phase2,37,pair_038,0.050089,1552.605813,1562.46435,
4,phase2,37,pair_038,0.067057,1552.622781,1562.481317,
5,phase2,37,pair_038,0.083344,1552.639068,1562.497604,
6,phase2,37,pair_038,0.100075,1552.655799,1562.514336,
7,phase2,37,pair_038,0.116757,1552.672482,1562.531018,
8,phase2,37,pair_038,0.133384,1552.689108,1562.547644,
9,phase2,37,pair_038,0.150087,1552.705811,1562.564347,
10,phase2,37,pair_038,0.166722,1552.722446,1562.580983,
11,phase2,37,pair_038,0.18348,1552.739204,1562.597741,
12,phase2,37,pair_038,0.200411,1552.756135,1562.614672,
13,phase2,37,pair_038,0.217012,1552.772736,1562.631273,
14,phase2,37,pair_038,0.233442,1552.789166,1562.647702,
15,phase2,37,pair_038,0.250066,1552.80579,1562.664326,
16,phase2,37,pair_038,0.267061,1552.822786,1562.681322,
17,phase2,37,pair_038,0.283686,1552.83941,1562.697946,
18,phase2,37,pair_038,0.300006,1552.85573,1562.714266,
19,phase2,37,pair_038,0.316745,1552.872469,1562.731006,
20,phase2,37,pair_038,0.333387,1552.889111,1562.747647,
21,phase2,37,pair_038,0.350371,1552.906095,1562.764632,
22,phase2,37,pair_038,0.366736,1552.92246,1562.780996,
23,phase2,37,pair_038,0.383336,1552.93906,1562.797597,
24,phase2,37,pair_038,0.400129,1552.955853,1562.814389,
25,phase2,37,pair_038,0.417046,1552.97277,1562.831307,
26,phase2,37,pair_038,0.43343,1552.989154,1562.847691,
27,phase2,37,pair_038,0.450062,1553.005786,1562.864323,
28,phase2,37,pair_038,0.466759,1553.022483,1562.88102,
29,phase2,37,pair_038,0.483373,1553.039102,1562.897634,
30,phase2,37,pair_038,0.500104,1553.055829,1562.914365,
31,phase2,37,pair_038,0.51672,1553.072444,1562.930981,
32,phase2,37,pair_038,0.533379,1553.089103,1562.94764,
33,phase2,37,pair_038,0.550381,1553.106105,1562.964641,
34,phase2,37,pair_038,0.56702,1553.122744,1562.981281,
35,phase2,37,pair_038,0.583402,1553.139126,1562.997662,
0,phase2,37,pair_038,0.0,1553.155875,1563.014406,single_opt_onset_seq2_opt4_开垦
1,phase2,37,pair_038,0.016485,1553.172357,1563.030892,
2,phase2,37,pair_038,0.033278,1553.189149,1563.047684,
3,phase2,37,pair_038,0.04992,1553.205791,1563.064326,
4,phase2,37,pair_038,0.066562,1553.222433,1563.080969,
5,phase2,37,pair_038,0.083238,1553.239109,1563.097645,
6,phase2,37,pair_038,0.100012,1553.25589,1563.114419,
7,phase2,37,pair_038,0.11701,1553.272881,1563.131417,
8,phase2,37,pair_038,0.133368,1553.289239,1563.147774,
9,phase2,37,pair_038,0.14996,1553.305831,1563.164367,
10,phase2,37,pair_038,0.166703,1553.322578,1563.181109,
11,phase2,37,pair_038,0.18365,1553.339521,1563.198056,
12,phase2,37,pair_038,0.200351,1553.356222,1563.214758,
13,phase2,37,pair_038,0.216638,1553.372509,1563.231045,
14,phase2,37,pair_038,0.233367,1553.389248,1563.247773,
15,phase2,37,pair_038,0.250339,1553.406209,1563.264745,
16,phase2,37,pair_038,0.267002,1553.422872,1563.281408,
17,phase2,37,pair_038,0.283356,1553.439226,1563.297762,
18,phase2,37,pair_038,0.299954,1553.455825,1563.314361,
19,phase2,37,pair_038,0.316749,1553.472634,1563.331156,
20,phase2,37,pair_038,0.333675,1553.489546,1563.348081,
21,phase2,37,pair_038,0.35002,1553.505891,1563.364426,
22,phase2,37,pair_038,0.366637,1553.522508,1563.381043,
23,phase2,37,pair_038,0.383628,1553.539499,1563.398035,
24,phase2,37,pair_038,0.399998,1553.555875,1563.414405,
25,phase2,37,pair_038,0.41668,1553.57255,1563.431086,
26,phase2,37,pair_038,0.433358,1553.589231,1563.447764,
27,phase2,37,pair_038,0.450042,1553.605927,1563.464448,
28,phase2,37,pair_038,0.466664,1553.622535,1563.481071,
29,phase2,37,pair_038,0.483353,1553.639224,1563.49776,
30,phase2,37,pair_038,0.500022,1553.655893,1563.514428,
31,phase2,37,pair_038,0.516664,1553.672535,1563.53107,
32,phase2,37,pair_038,0.533268,1553.689139,1563.547674,
33,phase2,37,pair_038,0.550266,1553.706136,1563.564672,
34,phase2,37,pair_038,0.566664,1553.722537,1563.58107,
35,phase2,37,pair_038,0.583371,1553.739244,1563.597777,
36,phase2,37,pair_038,0.600313,1553.756184,1563.614719,
37,phase2,37,pair_038,0.616974,1553.772845,1563.631381,
38,phase2,37,pair_038,0.633281,1553.789152,1563.647687,
39,phase2,37,pair_038,0.649988,1553.805858,1563.664394,
40,phase2,37,pair_038,0.666705,1553.822577,1563.681112,
41,phase2,37,pair_038,0.683338,1553.839209,1563.697745,
42,phase2,37,pair_038,0.700008,1553.855879,1563.714415,
43,phase2,37,pair_038,0.716664,1553.872535,1563.73107,
44,phase2,37,pair_038,0.733315,1553.889185,1563.747721,
45,phase2,37,pair_038,0.749978,1553.905848,1563.764384,
46,phase2,37,pair_038,0.766652,1553.922522,1563.781058,
47,phase2,37,pair_038,0.783273,1553.939144,1563.79768,
48,phase2,37,pair_038,0.799986,1553.955857,1563.814392,
49,phase2,37,pair_038,0.816642,1553.972513,1563.831048,
50,phase2,37,pair_038,0.833625,1553.989496,1563.848031,
51,phase2,37,pair_038,0.850009,1554.005881,1563.864415,
52,phase2,37,pair_038,0.866584,1554.022457,1563.880991,
53,phase2,37,pair_038,0.883661,1554.039533,1563.898067,
54,phase2,37,pair_038,0.899974,1554.055845,1563.91438,
55,phase2,37,pair_038,0.916656,1554.07253,1563.931063,
56,phase2,37,pair_038,0.933325,1554.089197,1563.947731,
57,phase2,37,pair_038,0.949983,1554.105854,1563.964389,
58,phase2,37,pair_038,0.966958,1554.122829,1563.981365,
59,phase2,37,pair_038,0.983321,1554.139196,1563.997727,
60,phase2,37,pair_038,1.0,1554.155873,1564.014406,
61,phase2,37,pair_038,1.01661,1554.172481,1564.031017,
62,phase2,37,pair_038,1.033327,1554.189197,1564.047733,
63,phase2,37,pair_038,1.04994,1554.205813,1564.064346,
64,phase2,37,pair_038,1.066686,1554.222557,1564.081093,
65,phase2,37,pair_038,1.083382,1554.239252,1564.097788,
66,phase2,37,pair_038,1.100322,1554.256196,1564.114728,
67,phase2,37,pair_038,1.116649,1554.27252,1564.131056,
68,phase2,37,pair_038,1.133285,1554.289156,1564.147691,
69,phase2,37,pair_038,1.150042,1554.305916,1564.164448,
70,phase2,37,pair_038,1.166968,1554.322838,1564.181374,
71,phase2,37,pair_038,1.183314,1554.339185,1564.197721,
72,phase2,37,pair_038,1.199976,1554.355846,1564.214382,
73,phase2,37,pair_038,1.216677,1554.372547,1564.231083,
74,phase2,37,pair_038,1.233259,1554.38913,1564.247666,
75,phase2,37,pair_038,1.250268,1554.406142,1564.264674,
76,phase2,37,pair_038,1.266631,1554.422501,1564.281037,
77,phase2,37,pair_038,1.283352,1554.439222,1564.297758,
78,phase2,37,pair_038,1.300243,1554.456113,1564.314649,
79,phase2,37,pair_038,1.316943,1554.472813,1564.331349,
80,phase2,37,pair_038,1.333321,1554.489191,1564.347727,
81,phase2,37,pair_038,1.349989,1554.505859,1564.364395,
82,phase2,37,pair_038,1.366959,1554.52283,1564.381366,
83,phase2,37,pair_038,1.383609,1554.53948,1564.398015,
84,phase2,37,pair_038,1.399964,1554.555834,1564.41437,
85,phase2,37,pair_038,1.416679,1554.572553,1564.431086,
86,phase2,37,pair_038,1.433306,1554.589178,1564.447713,
87,phase2,37,pair_038,1.450296,1554.606166,1564.464702,
88,phase2,37,pair_038,1.466639,1554.622509,1564.481045,
89,phase2,37,pair_038,1.483332,1554.639203,1564.497739,
90,phase2,37,pair_038,1.500006,1554.655876,1564.514412,
0,phase2,37,pair_038,0.0,1554.67281,1564.531343,iti_onset_dur_1.027
1,phase2,37,pair_038,0.01634,1554.689149,1564.547683,
2,phase2,37,pair_038,0.033052,1554.705861,1564.564395,
3,phase2,37,pair_038,0.049946,1554.722753,1564.581289,
4,phase2,37,pair_038,0.06635,1554.739156,1564.597693,
5,phase2,37,pair_038,0.083317,1554.756123,1564.61466,
6,phase2,37,pair_038,0.099675,1554.772482,1564.631018,
7,phase2,37,pair_038,0.116358,1554.789165,1564.647701,
8,phase2,37,pair_038,0.133305,1554.806112,1564.664648,
9,phase2,37,pair_038,0.149698,1554.822508,1564.681041,
10,phase2,37,pair_038,0.166347,1554.839154,1564.69769,
11,phase2,37,pair_038,0.183107,1554.855922,1564.71445,
12,phase2,37,pair_038,0.199992,1554.872799,1564.731335,
13,phase2,37,pair_038,0.216353,1554.88916,1564.747696,
14,phase2,37,pair_038,0.233049,1554.905859,1564.764392,
15,phase2,37,pair_038,0.249669,1554.922476,1564.781012,
16,phase2,37,pair_038,0.26668,1554.939487,1564.798024,
17,phase2,37,pair_038,0.283317,1554.956124,1564.81466,
18,phase2,37,pair_038,0.299704,1554.972511,1564.831048,
19,phase2,37,pair_038,0.316599,1554.989406,1564.847942,
20,phase2,37,pair_038,0.333032,1555.005845,1564.864375,
21,phase2,37,pair_038,0.349986,1555.022793,1564.881329,
22,phase2,37,pair_038,0.366355,1555.039164,1564.897698,
23,phase2,37,pair_038,0.383039,1555.055846,1564.914383,
24,phase2,37,pair_038,0.399769,1555.072581,1564.931112,
25,phase2,37,pair_038,0.416335,1555.089142,1564.947678,
26,phase2,37,pair_038,0.433001,1555.105808,1564.964344,
27,phase2,37,pair_038,0.449732,1555.12254,1564.981075,
28,phase2,37,pair_038,0.466365,1555.139172,1564.997708,
29,phase2,37,pair_038,0.483015,1555.155822,1565.014358,
30,phase2,37,pair_038,0.499639,1555.172445,1565.030982,
31,phase2,37,pair_038,0.516398,1555.189207,1565.047741,
32,phase2,37,pair_038,0.532965,1555.205773,1565.064309,
33,phase2,37,pair_038,0.549989,1555.222795,1565.081332,
34,phase2,37,pair_038,0.56635,1555.239157,1565.097694,
35,phase2,37,pair_038,0.583006,1555.255819,1565.114349,
36,phase2,37,pair_038,0.59974,1555.272547,1565.131083,
37,phase2,37,pair_038,0.616643,1555.28945,1565.147986,
38,phase2,37,pair_038,0.633331,1555.306138,1565.164674,
39,phase2,37,pair_038,0.649632,1555.322439,1565.180975,
40,phase2,37,pair_038,0.666397,1555.339204,1565.19774,
41,phase2,37,pair_038,0.683262,1555.356069,1565.214605,
42,phase2,37,pair_038,0.699965,1555.372771,1565.231308,
43,phase2,37,pair_038,0.716336,1555.389143,1565.247679,
44,phase2,37,pair_038,0.733031,1555.405837,1565.264374,
45,phase2,37,pair_038,0.749593,1555.422399,1565.280936,
46,phase2,37,pair_038,0.766649,1555.439456,1565.297992,
47,phase2,37,pair_038,0.782999,1555.455808,1565.314342,
48,phase2,37,pair_038,0.799706,1555.472513,1565.331049,
49,phase2,37,pair_038,0.816619,1555.489426,1565.347962,
50,phase2,37,pair_038,0.832979,1555.505786,1565.364322,
51,phase2,37,pair_038,0.849629,1555.522435,1565.380972,
52,phase2,37,pair_038,0.866317,1555.539124,1565.39766,
53,phase2,37,pair_038,0.882997,1555.555803,1565.41434,
54,phase2,37,pair_038,0.899628,1555.572435,1565.430971,
55,phase2,37,pair_038,0.916616,1555.589423,1565.447959,
56,phase2,37,pair_038,0.933025,1555.605831,1565.464368,
57,phase2,37,pair_038,0.94968,1555.622487,1565.481023,
58,phase2,37,pair_038,0.966343,1555.63916,1565.497687,
59,phase2,37,pair_038,0.983296,1555.656102,1565.514639,
60,phase2,37,pair_038,0.99968,1555.672487,1565.531023,
61,phase2,37,pair_038,1.016354,1555.689162,1565.547697,
0,phase2,37,pair_038,0.0,1555.705812,1565.564344,single_opt_onset_seq3_opt3_植树
1,phase2,37,pair_038,0.016958,1555.722767,1565.581302,
2,phase2,37,pair_038,0.033365,1555.739173,1565.597709,
3,phase2,37,pair_038,0.050029,1555.755838,1565.614373,
4,phase2,37,pair_038,0.066965,1555.772773,1565.631309,
5,phase2,37,pair_038,0.083636,1555.789446,1565.647981,
6,phase2,37,pair_038,0.099994,1555.805803,1565.664339,
7,phase2,37,pair_038,0.116893,1555.822702,1565.681238,
8,phase2,37,pair_038,0.133378,1555.839187,1565.697723,
9,phase2,37,pair_038,0.150306,1555.856114,1565.71465,
10,phase2,37,pair_038,0.166663,1555.872471,1565.731007,
11,phase2,37,pair_038,0.183317,1555.889126,1565.747662,
12,phase2,37,pair_038,0.199969,1555.905777,1565.764313,
13,phase2,37,pair_038,0.217005,1555.922813,1565.781349,
14,phase2,37,pair_038,0.23333,1555.939139,1565.797675,
15,phase2,37,pair_038,0.249966,1555.955775,1565.814311,
16,phase2,37,pair_038,0.266637,1555.972445,1565.830981,
17,phase2,37,pair_038,0.283301,1555.98911,1565.847646,
18,phase2,37,pair_038,0.300278,1556.006086,1565.864622,
19,phase2,37,pair_038,0.316666,1556.022474,1565.88101,
20,phase2,37,pair_038,0.333318,1556.039126,1565.897662,
21,phase2,37,pair_038,0.349964,1556.055772,1565.914308,
22,phase2,37,pair_038,0.366941,1556.072749,1565.931285,
23,phase2,37,pair_038,0.383355,1556.089163,1565.947699,
24,phase2,37,pair_038,0.399973,1556.105782,1565.964318,
25,phase2,37,pair_038,0.416633,1556.122441,1565.980977,
26,phase2,37,pair_038,0.433619,1556.139428,1565.997963,
27,phase2,37,pair_038,0.450001,1556.155809,1566.014345,
28,phase2,37,pair_038,0.466568,1556.172376,1566.030912,
29,phase2,37,pair_038,0.483327,1556.189135,1566.047671,
30,phase2,37,pair_038,0.50027,1556.206078,1566.064614,
31,phase2,37,pair_038,0.516637,1556.222445,1566.080981,
32,phase2,37,pair_038,0.533334,1556.239142,1566.097678,
33,phase2,37,pair_038,0.550024,1556.255832,1566.114368,
34,phase2,37,pair_038,0.566962,1556.272771,1566.131307,
35,phase2,37,pair_038,0.583305,1556.289114,1566.14765,
36,phase2,37,pair_038,0.599985,1556.305794,1566.16433,
37,phase2,37,pair_038,0.61691,1556.322719,1566.181255,
38,phase2,37,pair_038,0.633311,1556.339119,1566.197655,
39,phase2,37,pair_038,0.650262,1556.35607,1566.214607,
40,phase2,37,pair_038,0.666679,1556.372488,1566.231024,
41,phase2,37,pair_038,0.683295,1556.389103,1566.247639,
42,phase2,37,pair_038,0.699942,1556.405751,1566.264286,
43,phase2,37,pair_038,0.716902,1556.42271,1566.281246,
44,phase2,37,pair_038,0.733351,1556.439159,1566.297695,
45,phase2,37,pair_038,0.74996,1556.455768,1566.314304,
46,phase2,37,pair_038,0.766944,1556.472752,1566.331288,
47,phase2,37,pair_038,0.783293,1556.489101,1566.347637,
48,phase2,37,pair_038,0.799972,1556.50578,1566.364316,
49,phase2,37,pair_038,0.81667,1556.522478,1566.381014,
50,phase2,37,pair_038,0.833622,1556.53943,1566.397966,
51,phase2,37,pair_038,0.850295,1556.556103,1566.41464,
52,phase2,37,pair_038,0.866639,1556.572447,1566.430983,
53,phase2,37,pair_038,0.883308,1556.589116,1566.447653,
54,phase2,37,pair_038,0.900293,1556.606102,1566.464637,
55,phase2,37,pair_038,0.916886,1556.622694,1566.48123,
56,phase2,37,pair_038,0.933341,1556.63915,1566.497685,
57,phase2,37,pair_038,0.950016,1556.655824,1566.51436,
58,phase2,37,pair_038,0.966903,1556.672711,1566.531247,
59,phase2,37,pair_038,0.983615,1556.689424,1566.547959,
60,phase2,37,pair_038,1.00024,1556.706049,1566.564584,
61,phase2,37,pair_038,1.016634,1556.722443,1566.580979,
62,phase2,37,pair_038,1.033283,1556.739092,1566.597627,
63,phase2,37,pair_038,1.04997,1556.755779,1566.614315,
64,phase2,37,pair_038,1.066911,1556.772719,1566.631255,
65,phase2,37,pair_038,1.083284,1556.789092,1566.647628,
66,phase2,37,pair_038,1.099963,1556.805771,1566.664307,
67,phase2,37,pair_038,1.116613,1556.822422,1566.680958,
68,phase2,37,pair_038,1.133595,1556.839404,1566.697939,
69,phase2,37,pair_038,1.150013,1556.855822,1566.714358,
70,phase2,37,pair_038,1.166626,1556.872434,1566.73097,
71,phase2,37,pair_038,1.183259,1556.889067,1566.747603,
72,phase2,37,pair_038,1.199931,1556.905739,1566.764275,
73,phase2,37,pair_038,1.216652,1556.92246,1566.780996,
74,phase2,37,pair_038,1.233379,1556.939188,1566.797724,
75,phase2,37,pair_038,1.249943,1556.955751,1566.814287,
76,phase2,37,pair_038,1.26691,1556.972719,1566.831255,
77,phase2,37,pair_038,1.283544,1556.989353,1566.847889,
78,phase2,37,pair_038,1.299933,1557.005742,1566.864277,
79,phase2,37,pair_038,1.316625,1557.022434,1566.880969,
80,phase2,37,pair_038,1.333235,1557.039044,1566.89758,
81,phase2,37,pair_038,1.349959,1557.055768,1566.914303,
82,phase2,37,pair_038,1.366616,1557.072424,1566.93096,
83,phase2,37,pair_038,1.383258,1557.089066,1566.947602,
84,phase2,37,pair_038,1.400272,1557.10608,1566.964616,
85,phase2,37,pair_038,1.416884,1557.122692,1566.981228,
86,phase2,37,pair_038,1.433286,1557.139094,1566.997631,
87,phase2,37,pair_038,1.449929,1557.155737,1567.014273,
88,phase2,37,pair_038,1.466553,1557.172361,1567.030897,
89,phase2,37,pair_038,1.483379,1557.189188,1567.047724,
90,phase2,37,pair_038,1.500051,1557.205859,1567.064395,
0,phase2,37,pair_038,0.0,1557.222827,1567.081361,iti_onset_dur_0.901
1,phase2,37,pair_038,0.016259,1557.239083,1567.09762,
2,phase2,37,pair_038,0.03304,1557.255868,1567.114401,
3,phase2,37,pair_038,0.049729,1557.272554,1567.13109,
4,phase2,37,pair_038,0.066684,1557.289509,1567.148045,
5,phase2,37,pair_038,0.082987,1557.305811,1567.164348,
6,phase2,37,pair_038,0.099715,1557.32254,1567.181077,
7,phase2,37,pair_038,0.116663,1557.339488,1567.198024,
8,phase2,37,pair_038,0.133342,1557.35617,1567.214703,
9,phase2,37,pair_038,0.149702,1557.372526,1567.231063,
10,phase2,37,pair_038,0.166349,1557.389174,1567.247711,
11,phase2,37,pair_038,0.183065,1557.40589,1567.264427,
12,phase2,37,pair_038,0.200009,1557.422834,1567.281371,
13,phase2,37,pair_038,0.216358,1557.439189,1567.297719,
14,phase2,37,pair_038,0.233016,1557.455845,1567.314377,
15,phase2,37,pair_038,0.24975,1557.472577,1567.331111,
16,phase2,37,pair_038,0.266673,1557.489498,1567.348034,
17,phase2,37,pair_038,0.283036,1557.505862,1567.364397,
18,phase2,37,pair_038,0.299691,1557.522516,1567.381053,
19,phase2,37,pair_038,0.316368,1557.539193,1567.397729,
20,phase2,37,pair_038,0.333013,1557.555838,1567.414375,
21,phase2,37,pair_038,0.349685,1557.572511,1567.431046,
22,phase2,37,pair_038,0.366346,1557.589171,1567.447707,
23,phase2,37,pair_038,0.383048,1557.605873,1567.464409,
24,phase2,37,pair_038,0.399987,1557.622817,1567.481349,
25,phase2,37,pair_038,0.416654,1557.639479,1567.498015,
26,phase2,37,pair_038,0.432999,1557.655824,1567.51436,
27,phase2,37,pair_038,0.449733,1557.672558,1567.531094,
28,phase2,37,pair_038,0.466301,1557.689126,1567.547663,
29,phase2,37,pair_038,0.483322,1557.706146,1567.564683,
30,phase2,37,pair_038,0.499658,1557.722483,1567.581019,
31,phase2,37,pair_038,0.516364,1557.739193,1567.597725,
32,phase2,37,pair_038,0.533044,1557.755869,1567.614405,
33,phase2,37,pair_038,0.549995,1557.77282,1567.631356,
34,phase2,37,pair_038,0.566323,1557.789148,1567.647684,
35,phase2,37,pair_038,0.583003,1557.805827,1567.664364,
36,phase2,37,pair_038,0.599687,1557.822512,1567.681048,
37,phase2,37,pair_038,0.616664,1557.839489,1567.698025,
38,phase2,37,pair_038,0.633012,1557.855837,1567.714373,
39,phase2,37,pair_038,0.649682,1557.872509,1567.731044,
40,phase2,37,pair_038,0.666319,1557.889143,1567.74768,
41,phase2,37,pair_038,0.682985,1557.90581,1567.764346,
42,phase2,37,pair_038,0.699655,1557.92248,1567.781016,
43,phase2,37,pair_038,0.716346,1557.939171,1567.797707,
44,phase2,37,pair_038,0.733073,1557.955898,1567.814435,
45,phase2,37,pair_038,0.749996,1557.97282,1567.831357,
46,phase2,37,pair_038,0.766638,1557.989463,1567.847999,
47,phase2,37,pair_038,0.783,1558.00583,1567.864361,
48,phase2,37,pair_038,0.799708,1558.022534,1567.88107,
49,phase2,37,pair_038,0.816622,1558.039448,1567.897984,
50,phase2,37,pair_038,0.833309,1558.056134,1567.91467,
51,phase2,37,pair_038,0.849665,1558.072489,1567.931026,
52,phase2,37,pair_038,0.866361,1558.089186,1567.947723,
53,phase2,37,pair_038,0.882974,1558.1058,1567.964336,
54,phase2,37,pair_038,0.899983,1558.122809,1567.981345,
0,phase2,37,pair_038,0.0,1558.13914,1567.997672,single_opt_onset_seq4_opt2_埋木
1,phase2,37,pair_038,0.016747,1558.155885,1568.014419,
2,phase2,37,pair_038,0.033344,1558.172481,1568.031016,
3,phase2,37,pair_038,0.050025,1558.189162,1568.047697,
4,phase2,37,pair_038,0.066701,1558.205837,1568.064373,
5,phase2,37,pair_038,0.083352,1558.222487,1568.081023,
6,phase2,37,pair_038,0.100038,1558.239175,1568.097709,
7,phase2,37,pair_038,0.11657,1558.255706,1568.114241,
8,phase2,37,pair_038,0.133353,1558.272489,1568.131025,
9,phase2,37,pair_038,0.150034,1558.289178,1568.147705,
10,phase2,37,pair_038,0.166966,1558.306102,1568.164638,
11,phase2,37,pair_038,0.183635,1558.322771,1568.181307,
12,phase2,37,pair_038,0.200021,1558.339158,1568.197693,
13,phase2,37,pair_038,0.216688,1558.355824,1568.21436,
14,phase2,37,pair_038,0.233409,1558.372545,1568.23108,
15,phase2,37,pair_038,0.250311,1558.389447,1568.247982,
16,phase2,37,pair_038,0.266983,1558.406118,1568.264654,
17,phase2,37,pair_038,0.28336,1558.422496,1568.281031,
18,phase2,37,pair_038,0.300018,1558.439154,1568.29769,
19,phase2,37,pair_038,0.316688,1558.455824,1568.31436,
20,phase2,37,pair_038,0.333648,1558.472784,1568.33132,
21,phase2,37,pair_038,0.350026,1558.489162,1568.347698,
22,phase2,37,pair_038,0.366741,1558.505877,1568.364413,
23,phase2,37,pair_038,0.383332,1558.522468,1568.381004,
24,phase2,37,pair_038,0.400328,1558.539467,1568.398,
25,phase2,37,pair_038,0.416684,1558.55582,1568.414356,
26,phase2,37,pair_038,0.433401,1558.572538,1568.431073,
27,phase2,37,pair_038,0.450033,1558.589169,1568.447705,
28,phase2,37,pair_038,0.466986,1558.606123,1568.464657,
29,phase2,37,pair_038,0.483329,1558.622465,1568.481001,
30,phase2,37,pair_038,0.500056,1558.639191,1568.497727,
31,phase2,37,pair_038,0.51672,1558.655856,1568.514392,
32,phase2,37,pair_038,0.533652,1558.672788,1568.531324,
33,phase2,37,pair_038,0.550009,1558.689145,1568.547681,
34,phase2,37,pair_038,0.566712,1558.705848,1568.564384,
35,phase2,37,pair_038,0.583351,1558.722487,1568.581023,
36,phase2,37,pair_038,0.600335,1558.739471,1568.598007,
37,phase2,37,pair_038,0.616947,1558.756083,1568.614619,
38,phase2,37,pair_038,0.633333,1558.772468,1568.631004,
39,phase2,37,pair_038,0.649995,1558.78913,1568.647666,
40,phase2,37,pair_038,0.666653,1558.805788,1568.664324,
41,phase2,37,pair_038,0.683344,1558.822486,1568.681016,
42,phase2,37,pair_038,0.699999,1558.839135,1568.697671,
43,phase2,37,pair_038,0.716658,1558.855794,1568.714329,
44,phase2,37,pair_038,0.733648,1558.872784,1568.73132,
45,phase2,37,pair_038,0.75001,1558.889146,1568.747681,
46,phase2,37,pair_038,0.766668,1558.905804,1568.764339,
47,phase2,37,pair_038,0.783382,1558.922522,1568.781054,
48,phase2,37,pair_038,0.79997,1558.939106,1568.797642,
49,phase2,37,pair_038,0.81697,1558.956106,1568.814642,
50,phase2,37,pair_038,0.833364,1558.972503,1568.831036,
51,phase2,37,pair_038,0.850007,1558.989143,1568.847679,
52,phase2,37,pair_038,0.866657,1559.005793,1568.864328,
53,phase2,37,pair_038,0.883644,1559.02278,1568.881315,
54,phase2,37,pair_038,0.900011,1559.039147,1568.897683,
55,phase2,37,pair_038,0.916649,1559.056035,1568.914321,
56,phase2,37,pair_038,0.933609,1559.072745,1568.931281,
57,phase2,37,pair_038,0.950271,1559.089407,1568.947943,
58,phase2,37,pair_038,0.966947,1559.106083,1568.964619,
59,phase2,37,pair_038,0.983364,1559.1225,1568.981036,
60,phase2,37,pair_038,1.000045,1559.139181,1568.997717,
61,phase2,37,pair_038,1.016978,1559.156115,1569.01465,
62,phase2,37,pair_038,1.033312,1559.172448,1569.030983,
63,phase2,37,pair_038,1.050039,1559.189175,1569.047711,
64,phase2,37,pair_038,1.066655,1559.205792,1569.064327,
65,phase2,37,pair_038,1.083325,1559.222461,1569.080996,
66,phase2,37,pair_038,1.099997,1559.239133,1569.097669,
67,phase2,37,pair_038,1.116652,1559.255788,1569.114324,
68,phase2,37,pair_038,1.133368,1559.272504,1569.131039,
69,phase2,37,pair_038,1.149994,1559.28913,1569.147666,
70,phase2,37,pair_038,1.166669,1559.305805,1569.164341,
71,phase2,37,pair_038,1.183317,1559.322458,1569.180989,
72,phase2,37,pair_038,1.200035,1559.339171,1569.197707,
73,phase2,37,pair_038,1.216639,1559.355775,1569.214311,
74,phase2,37,pair_038,1.233614,1559.37275,1569.231286,
75,phase2,37,pair_038,1.249984,1559.38912,1569.247656,
76,phase2,37,pair_038,1.26668,1559.405816,1569.264351,
77,phase2,37,pair_038,1.283579,1559.422715,1569.281251,
78,phase2,37,pair_038,1.300281,1559.439416,1569.297952,
79,phase2,37,pair_038,1.316665,1559.4558,1569.314336,
80,phase2,37,pair_038,1.33336,1559.472501,1569.331031,
81,phase2,37,pair_038,1.350248,1559.489384,1569.34792,
82,phase2,37,pair_038,1.366953,1559.506089,1569.364625,
83,phase2,37,pair_038,1.383325,1559.522461,1569.380997,
84,phase2,37,pair_038,1.400018,1559.539154,1569.39769,
85,phase2,37,pair_038,1.416637,1559.555773,1569.414308,
86,phase2,37,pair_038,1.433286,1559.572422,1569.430958,
87,phase2,37,pair_038,1.450281,1559.589418,1569.447953,
88,phase2,37,pair_038,1.466683,1559.60582,1569.464355,
89,phase2,37,pair_038,1.483355,1559.622491,1569.481027,
90,phase2,37,pair_038,1.499954,1559.639089,1569.497625,
0,phase2,37,pair_038,0.0,1559.656075,1569.514609,iti_onset_dur_1.487
1,phase2,37,pair_038,0.016408,1559.672481,1569.531017,
2,phase2,37,pair_038,0.033044,1559.689116,1569.547653,
3,phase2,37,pair_038,0.049656,1559.705729,1569.564265,
4,phase2,37,pair_038,0.066636,1559.722709,1569.581246,
5,phase2,37,pair_038,0.083044,1559.739117,1569.597653,
6,phase2,37,pair_038,0.099712,1559.755785,1569.614321,
7,phase2,37,pair_038,0.116365,1559.772438,1569.630974,
8,phase2,37,pair_038,0.133292,1559.789364,1569.647901,
9,phase2,37,pair_038,0.149702,1559.805774,1569.664311,
10,phase2,37,pair_038,0.166376,1559.822449,1569.680985,
11,phase2,37,pair_038,0.183006,1559.839079,1569.697616,
12,phase2,37,pair_038,0.200021,1559.856094,1569.714631,
13,phase2,37,pair_038,0.216368,1559.87244,1569.730977,
14,phase2,37,pair_038,0.233022,1559.889095,1569.747632,
15,phase2,37,pair_038,0.249672,1559.905744,1569.764281,
16,phase2,37,pair_038,0.266342,1559.922415,1569.780952,
17,phase2,37,pair_038,0.283016,1559.939089,1569.797625,
18,phase2,37,pair_038,0.299752,1559.955825,1569.814361,
19,phase2,37,pair_038,0.316356,1559.972429,1569.830965,
20,phase2,37,pair_038,0.333012,1559.989085,1569.847621,
21,phase2,37,pair_038,0.349976,1560.006049,1569.864586,
22,phase2,37,pair_038,0.366388,1560.022461,1569.880997,
23,phase2,37,pair_038,0.382988,1560.03906,1569.897597,
24,phase2,37,pair_038,0.399666,1560.055739,1569.914276,
25,phase2,37,pair_038,0.416647,1560.072719,1569.931256,
26,phase2,37,pair_038,0.433044,1560.089116,1569.947653,
27,phase2,37,pair_038,0.449744,1560.105816,1569.964353,
28,phase2,37,pair_038,0.466315,1560.122388,1569.980925,
29,phase2,37,pair_038,0.483319,1560.139391,1569.997928,
30,phase2,37,pair_038,0.499702,1560.155775,1570.014311,
31,phase2,37,pair_038,0.516333,1560.172405,1570.030942,
32,phase2,37,pair_038,0.532976,1560.189049,1570.047585,
33,phase2,37,pair_038,0.550006,1560.206079,1570.064615,
34,phase2,37,pair_038,0.566366,1560.222439,1570.080975,
35,phase2,37,pair_038,0.583039,1560.239112,1570.097648,
36,phase2,37,pair_038,0.599664,1560.255737,1570.114274,
37,phase2,37,pair_038,0.616665,1560.272738,1570.131274,
38,phase2,37,pair_038,0.633003,1560.289075,1570.147612,
39,phase2,37,pair_038,0.649696,1560.305769,1570.164306,
40,phase2,37,pair_038,0.666351,1560.322423,1570.18096,
41,phase2,37,pair_038,0.683322,1560.339394,1570.197931,
42,phase2,37,pair_038,0.699956,1560.356029,1570.214565,
43,phase2,37,pair_038,0.716355,1560.372428,1570.230965,
44,phase2,37,pair_038,0.732992,1560.389065,1570.247601,
45,phase2,37,pair_038,0.749988,1560.406061,1570.264598,
46,phase2,37,pair_038,0.766642,1560.422714,1570.281251,
47,phase2,37,pair_038,0.78304,1560.439113,1570.297649,
48,phase2,37,pair_038,0.799672,1560.455745,1570.314281,
49,phase2,37,pair_038,0.816318,1560.472391,1570.330927,
50,phase2,37,pair_038,0.833307,1560.489379,1570.347916,
51,phase2,37,pair_038,0.84966,1560.505733,1570.364269,
52,phase2,37,pair_038,0.866346,1560.522419,1570.380955,
53,phase2,37,pair_038,0.882999,1560.539072,1570.397608,
54,phase2,37,pair_038,0.899975,1560.556048,1570.414585,
55,phase2,37,pair_038,0.916374,1560.572446,1570.430983,
56,phase2,37,pair_038,0.933071,1560.589144,1570.44768,
57,phase2,37,pair_038,0.949938,1560.606011,1570.464547,
58,phase2,37,pair_038,0.96632,1560.622393,1570.480929,
59,phase2,37,pair_038,0.983015,1560.639088,1570.497624,
60,phase2,37,pair_038,0.999701,1560.655774,1570.51431,
61,phase2,37,pair_038,1.01631,1560.672383,1570.530919,
62,phase2,37,pair_038,1.032991,1560.689063,1570.5476,
63,phase2,37,pair_038,1.049663,1560.705735,1570.564272,
64,phase2,37,pair_038,1.066355,1560.722428,1570.580964,
65,phase2,37,pair_038,1.082992,1560.739065,1570.597601,
66,phase2,37,pair_038,1.099632,1560.755704,1570.614241,
67,phase2,37,pair_038,1.116313,1560.772386,1570.630922,
68,phase2,37,pair_038,1.133012,1560.789085,1570.647621,
69,phase2,37,pair_038,1.149703,1560.805776,1570.664313,
70,phase2,37,pair_038,1.166626,1560.822698,1570.681235,
71,phase2,37,pair_038,1.183278,1560.83935,1570.697887,
72,phase2,37,pair_038,1.199654,1560.855727,1570.714264,
73,phase2,37,pair_038,1.216297,1560.87237,1570.730906,
74,phase2,37,pair_038,1.232945,1560.889018,1570.747555,
75,phase2,37,pair_038,1.249963,1560.906035,1570.764572,
76,phase2,37,pair_038,1.266295,1560.922368,1570.780904,
77,phase2,37,pair_038,1.283001,1560.939074,1570.797611,
78,phase2,37,pair_038,1.299709,1560.955782,1570.814318,
79,phase2,37,pair_038,1.316317,1560.972389,1570.830926,
80,phase2,37,pair_038,1.333024,1560.989097,1570.847633,
81,phase2,37,pair_038,1.349632,1561.005705,1570.864241,
82,phase2,37,pair_038,1.366383,1561.022456,1570.880992,
83,phase2,37,pair_038,1.382962,1561.039035,1570.897571,
84,phase2,37,pair_038,1.39995,1561.056022,1570.914559,
85,phase2,37,pair_038,1.416339,1561.072412,1570.930948,
86,phase2,37,pair_038,1.43298,1561.089053,1570.947589,
87,phase2,37,pair_038,1.449648,1561.105721,1570.964257,
88,phase2,37,pair_038,1.466479,1561.122552,1570.981088,
89,phase2,37,pair_038,1.483029,1561.139102,1570.997638,
0,phase2,37,pair_038,0.0,1562.67248,1572.531006,final_choice_onset
1,phase2,37,pair_038,0.01665,1562.689125,1572.547657,
2,phase2,37,pair_038,0.033359,1562.705833,1572.564365,
3,phase2,37,pair_038,0.05005,1562.722524,1572.581056,
4,phase2,37,pair_038,0.066643,1562.739117,1572.59765,
5,phase2,37,pair_038,0.0836,1562.756074,1572.614607,
6,phase2,37,pair_038,0.099978,1562.772452,1572.630985,
7,phase2,37,pair_038,0.116598,1562.789072,1572.647605,
8,phase2,37,pair_038,0.133621,1562.806095,1572.664628,
9,phase2,37,pair_038,0.150272,1562.822745,1572.681278,
10,phase2,37,pair_038,0.166645,1562.839118,1572.697651,
11,phase2,37,pair_038,0.183585,1562.856059,1572.714592,
12,phase2,37,pair_038,0.199981,1562.872457,1572.730987,
13,phase2,37,pair_038,0.21663,1562.889103,1572.747636,
14,phase2,37,pair_038,0.233327,1562.905801,1572.764333,
15,phase2,37,pair_038,0.24995,1562.922425,1572.780956,
16,phase2,37,pair_038,0.266654,1562.939129,1572.797661,
17,phase2,37,pair_038,0.283609,1562.956083,1572.814616,
18,phase2,37,pair_038,0.29999,1562.972463,1572.830996,
19,phase2,37,pair_038,0.3166,1562.989074,1572.847607,
20,phase2,37,pair_038,0.333356,1563.00583,1572.864362,
21,phase2,37,pair_038,0.350278,1563.022751,1572.881284,
22,phase2,37,pair_038,0.366622,1563.039095,1572.897629,
23,phase2,37,pair_038,0.383296,1563.05577,1572.914302,
24,phase2,37,pair_038,0.400044,1563.072517,1572.93105,
25,phase2,37,pair_038,0.416622,1563.089096,1572.947628,
26,phase2,37,pair_038,0.433311,1563.105787,1572.964317,
27,phase2,37,pair_038,0.449987,1563.122461,1572.980994,
28,phase2,37,pair_038,0.466916,1563.139391,1572.997923,
29,phase2,37,pair_038,0.483636,1563.156109,1573.014642,
30,phase2,37,pair_038,0.499975,1563.172449,1573.030982,
31,phase2,37,pair_038,0.516676,1563.18915,1573.047683,
32,phase2,37,pair_038,0.533354,1563.205828,1573.064361,
33,phase2,37,pair_038,0.549947,1563.222421,1573.080954,
34,phase2,37,pair_038,0.566646,1563.239119,1573.097652,
35,phase2,37,pair_038,0.583319,1563.255792,1573.114325,
36,phase2,37,pair_038,0.599979,1563.272452,1573.130985,
37,phase2,37,pair_038,0.61664,1563.289115,1573.147646,
38,phase2,37,pair_038,0.633613,1563.306086,1573.164619,
39,phase2,37,pair_038,0.64995,1563.322424,1573.180957,
40,phase2,37,pair_038,0.666589,1563.339062,1573.197595,
41,phase2,37,pair_038,0.683299,1563.355772,1573.214305,
42,phase2,37,pair_038,0.700257,1563.372731,1573.231264,
43,phase2,37,pair_038,0.716611,1563.389085,1573.247617,
44,phase2,37,pair_038,0.733295,1563.405768,1573.264301,
45,phase2,37,pair_038,0.74996,1563.422433,1573.280966,
46,phase2,37,pair_038,0.76694,1563.439413,1573.297946,
47,phase2,37,pair_038,0.783281,1563.455755,1573.314288,
48,phase2,37,pair_038,0.79998,1563.472456,1573.330986,
49,phase2,37,pair_038,0.816614,1563.489087,1573.34762,
50,phase2,37,pair_038,0.833271,1563.505755,1573.364278,
51,phase2,37,pair_038,0.849949,1563.522422,1573.380955,
52,phase2,37,pair_038,0.866651,1563.539125,1573.397658,
53,phase2,37,pair_038,0.883273,1563.555746,1573.414279,
54,phase2,37,pair_038,0.899942,1563.572415,1573.430948,
55,phase2,37,pair_038,0.916593,1563.589067,1573.4476,
56,phase2,37,pair_038,0.933255,1563.605729,1573.464262,
57,phase2,37,pair_038,0.950014,1563.622488,1573.481021,
58,phase2,37,pair_038,0.966929,1563.639402,1573.497935,
59,phase2,37,pair_038,0.983573,1563.656046,1573.514579,
60,phase2,37,pair_038,0.99999,1563.672464,1573.530997,
61,phase2,37,pair_038,1.016614,1563.689087,1573.547621,
62,phase2,37,pair_038,1.033293,1563.705766,1573.564299,
63,phase2,37,pair_038,1.050234,1563.722707,1573.58124,
64,phase2,37,pair_038,1.066661,1563.739137,1573.597667,
65,phase2,37,pair_038,1.083292,1563.755765,1573.614298,
66,phase2,37,pair_038,1.099986,1563.772459,1573.630992,
67,phase2,37,pair_038,1.116565,1563.789039,1573.647572,
68,phase2,37,pair_038,1.133235,1563.805708,1573.664241,
69,phase2,37,pair_038,1.149959,1563.822432,1573.680965,
70,phase2,37,pair_038,1.166594,1563.839068,1573.697601,
71,phase2,37,pair_038,1.183589,1563.856063,1573.714596,
72,phase2,37,pair_038,1.199935,1563.872408,1573.730941,
73,phase2,37,pair_038,1.216605,1563.889081,1573.747611,
74,phase2,37,pair_038,1.233249,1563.905722,1573.764256,
75,phase2,37,pair_038,1.250232,1563.922705,1573.781238,
76,phase2,37,pair_038,1.266619,1563.939092,1573.797625,
77,phase2,37,pair_038,1.283281,1563.955754,1573.814287,
78,phase2,37,pair_038,1.300208,1563.972681,1573.831214,
79,phase2,37,pair_038,1.316586,1563.989059,1573.847592,
80,phase2,37,pair_038,1.333567,1564.00604,1573.864573,
81,phase2,37,pair_038,1.349976,1564.022449,1573.880982,
82,phase2,37,pair_038,1.366658,1564.039133,1573.897665,
83,phase2,37,pair_038,1.383234,1564.055707,1573.91424,
84,phase2,37,pair_038,1.399912,1564.072386,1573.930919,
85,phase2,37,pair_038,1.416604,1564.089078,1573.947611,
86,phase2,37,pair_038,1.433267,1564.10574,1573.964273,
87,phase2,37,pair_038,1.450223,1564.122696,1573.981229,
88,phase2,37,pair_038,1.466908,1564.139381,1573.997914,
89,phase2,37,pair_038,1.483259,1564.155732,1574.014265,
90,phase2,37,pair_038,1.499938,1564.172411,1574.030944,
91,phase2,37,pair_038,1.516578,1564.189051,1574.047584,
92,phase2,37,pair_038,1.533572,1564.206045,1574.064579,
93,phase2,37,pair_038,1.549933,1564.222406,1574.080939,
94,phase2,37,pair_038,1.566654,1564.239127,1574.097661,
95,phase2,37,pair_038,1.583543,1564.256016,1574.114549,
96,phase2,37,pair_038,1.600241,1564.272714,1574.131248,
97,phase2,37,pair_038,1.616847,1564.28932,1574.147853,
98,phase2,37,pair_038,1.633271,1564.305744,1574.164278,
99,phase2,37,pair_038,1.649914,1564.322387,1574.18092,
100,phase2,37,pair_038,1.66658,1564.339053,1574.197586,
101,phase2,37,pair_038,1.683238,1564.355711,1574.214244,
102,phase2,37,pair_038,1.699919,1564.372392,1574.230925,
103,phase2,37,pair_038,1.716582,1564.389055,1574.247589,
104,phase2,37,pair_038,1.733253,1564.405726,1574.264259,
105,phase2,37,pair_038,1.750228,1564.422701,1574.281234,
106,phase2,37,pair_038,1.766663,1564.439137,1574.29767,
107,phase2,37,pair_038,1.783223,1564.455697,1574.31423,
108,phase2,37,pair_038,1.800237,1564.472712,1574.331243,
109,phase2,37,pair_038,1.816877,1564.48935,1574.347883,
110,phase2,37,pair_038,1.833294,1564.505767,1574.3643,
111,phase2,37,pair_038,1.849972,1564.522445,1574.380978,
112,phase2,37,pair_038,1.866563,1564.539036,1574.397569,
113,phase2,37,pair_038,1.883556,1564.556029,1574.414562,
114,phase2,37,pair_038,1.899957,1564.57243,1574.430963,
115,phase2,37,pair_038,1.91664,1564.589113,1574.447646,
116,phase2,37,pair_038,1.93325,1564.605723,1574.464256,
117,phase2,37,pair_038,1.949908,1564.622381,1574.480914,
118,phase2,37,pair_038,1.966545,1564.639018,1574.497551,
119,phase2,37,pair_038,1.983241,1564.655714,1574.514247,
120,phase2,37,pair_038,1.999996,1564.672469,1574.531003,
121,phase2,37,pair_038,2.01657,1564.689044,1574.547577,
122,phase2,37,pair_038,2.033531,1564.706004,1574.564537,
123,phase2,37,pair_038,2.04993,1564.722404,1574.580937,
124,phase2,37,pair_038,2.066582,1564.739055,1574.597589,
125,phase2,37,pair_038,2.083535,1564.756008,1574.614541,
126,phase2,37,pair_038,2.099905,1564.772378,1574.630911,
127,phase2,37,pair_038,2.116492,1564.788965,1574.647498,
128,phase2,37,pair_038,2.133244,1564.805717,1574.66425,
129,phase2,37,pair_038,2.150218,1564.822691,1574.681225,
130,phase2,37,pair_038,2.166852,1564.839325,1574.697858,
131,phase2,37,pair_038,2.183234,1564.855707,1574.714241,
132,phase2,37,pair_038,2.199952,1564.872426,1574.730959,
133,phase2,37,pair_038,2.216541,1564.889014,1574.747548,
134,phase2,37,pair_038,2.233549,1564.906022,1574.764555,
135,phase2,37,pair_038,2.249839,1564.922314,1574.780845,
136,phase2,37,pair_038,2.266579,1564.939052,1574.797585,
137,phase2,37,pair_038,2.283229,1564.955702,1574.814235,
138,phase2,37,pair_038,2.300209,1564.972682,1574.831216,
139,phase2,37,pair_038,2.316814,1564.989287,1574.847821,
140,phase2,37,pair_038,2.333219,1565.005692,1574.864225,
141,phase2,37,pair_038,2.349933,1565.022406,1574.880939,
142,phase2,37,pair_038,2.366886,1565.039359,1574.897892,
143,phase2,37,pair_038,2.383658,1565.056131,1574.914665,
144,phase2,37,pair_038,2.400334,1565.072807,1574.931341,
145,phase2,37,pair_038,2.41668,1565.089153,1574.947687,
146,phase2,37,pair_038,2.433347,1565.105822,1574.964353,
147,phase2,37,pair_038,2.450059,1565.122532,1574.981065,
148,phase2,37,pair_038,2.466997,1565.13947,1574.998003,
149,phase2,37,pair_038,2.483335,1565.155809,1575.014342,
150,phase2,37,pair_038,2.499978,1565.172451,1575.030985,
151,phase2,37,pair_038,2.516725,1565.189198,1575.047731,
152,phase2,37,pair_038,2.533328,1565.205802,1575.064335,
153,phase2,37,pair_038,2.549996,1565.222469,1575.081002,
154,phase2,37,pair_038,2.566627,1565.2391,1575.097633,
155,phase2,37,pair_038,2.583329,1565.255803,1575.114336,
156,phase2,37,pair_038,2.600007,1565.272481,1575.131014,
157,phase2,37,pair_038,2.616985,1565.289459,1575.147992,
158,phase2,37,pair_038,2.633401,1565.305875,1575.164407,
159,phase2,37,pair_038,2.64999,1565.322464,1575.180997,
160,phase2,37,pair_038,2.666648,1565.339121,1575.197654,
161,phase2,37,pair_038,2.683637,1565.356128,1575.214643,
162,phase2,37,pair_038,2.699853,1565.372326,1575.230859,
163,phase2,37,pair_038,2.716768,1565.389241,1575.247774,
164,phase2,37,pair_038,2.733352,1565.405827,1575.264358,
165,phase2,37,pair_038,2.75027,1565.422743,1575.281276,
166,phase2,37,pair_038,2.766646,1565.439119,1575.297652,
167,phase2,37,pair_038,2.783359,1565.455853,1575.314366,
168,phase2,37,pair_038,2.80001,1565.472485,1575.331016,
169,phase2,37,pair_038,2.816992,1565.489466,1575.347999,
170,phase2,37,pair_038,2.833328,1565.505802,1575.364335,
171,phase2,37,pair_038,2.849946,1565.522419,1575.380952,
172,phase2,37,pair_038,2.866736,1565.539209,1575.397742,
173,phase2,37,pair_038,2.883282,1565.555755,1575.414288,
174,phase2,37,pair_038,2.900007,1565.57248,1575.431013,
175,phase2,37,pair_038,2.916672,1565.589146,1575.447679,
176,phase2,37,pair_038,2.933403,1565.605877,1575.464409,
177,phase2,37,pair_038,2.950353,1565.622827,1575.48136,
178,phase2,37,pair_038,2.966986,1565.639459,1575.497992,
179,phase2,37,pair_038,2.983341,1565.655817,1575.514348,
180,phase2,37,pair_038,2.999902,1565.672375,1575.530908,
181,phase2,37,pair_038,3.016969,1565.689442,1575.547975,
182,phase2,37,pair_038,3.033628,1565.706101,1575.564635,
183,phase2,37,pair_038,3.049996,1565.722473,1575.581002,
184,phase2,37,pair_038,3.066684,1565.739157,1575.59769,
185,phase2,37,pair_038,3.083339,1565.755813,1575.614345,
186,phase2,37,pair_038,3.099932,1565.772406,1575.630939,
187,phase2,37,pair_038,3.116653,1565.789126,1575.647659,
188,phase2,37,pair_038,3.133327,1565.8058,1575.664333,
189,phase2,37,pair_038,3.149966,1565.82244,1575.680972,
190,phase2,37,pair_038,3.166991,1565.839464,1575.697997,
191,phase2,37,pair_038,3.183295,1565.855769,1575.714302,
192,phase2,37,pair_038,3.199985,1565.872458,1575.730991,
193,phase2,37,pair_038,3.216656,1565.88913,1575.747663,
194,phase2,37,pair_038,3.233646,1565.906119,1575.764652,
195,phase2,37,pair_038,3.249956,1565.922429,1575.780962,
196,phase2,37,pair_038,3.266647,1565.93912,1575.797654,
197,phase2,37,pair_038,3.28332,1565.955793,1575.814326,
198,phase2,37,pair_038,3.300302,1565.972775,1575.831308,
199,phase2,37,pair_038,3.316934,1565.989407,1575.84794,
200,phase2,37,pair_038,3.333313,1566.005786,1575.864319,
201,phase2,37,pair_038,3.349987,1566.022465,1575.880993,
202,phase2,37,pair_038,3.366982,1566.039455,1575.897988,
203,phase2,37,pair_038,3.383622,1566.056096,1575.914629,
204,phase2,37,pair_038,3.399936,1566.072409,1575.930942,
205,phase2,37,pair_038,3.416661,1566.089134,1575.947667,
206,phase2,37,pair_038,3.43357,1566.106043,1575.964576,
207,phase2,37,pair_038,3.449912,1566.122385,1575.980918,
208,phase2,37,pair_038,3.466642,1566.139115,1575.997648,
209,phase2,37,pair_038,3.483357,1566.15583,1576.014363,
210,phase2,37,pair_038,3.5003,1566.172773,1576.031307,
211,phase2,37,pair_038,3.516625,1566.189101,1576.047632,
212,phase2,37,pair_038,3.533316,1566.20579,1576.064322,
213,phase2,37,pair_038,3.549988,1566.222462,1576.080994,
214,phase2,37,pair_038,3.566691,1566.239164,1576.097697,
215,phase2,37,pair_038,3.58363,1566.256103,1576.114636,
216,phase2,37,pair_038,3.599923,1566.272397,1576.13093,
217,phase2,37,pair_038,3.616678,1566.289152,1576.147685,
218,phase2,37,pair_038,3.633298,1566.305773,1576.164305,
219,phase2,37,pair_038,3.649975,1566.322449,1576.180982,
220,phase2,37,pair_038,3.66665,1566.339124,1576.197657,
221,phase2,37,pair_038,3.683229,1566.355702,1576.214236,
222,phase2,37,pair_038,3.700248,1566.372721,1576.231254,
223,phase2,37,pair_038,3.716605,1566.389078,1576.247611,
224,phase2,37,pair_038,3.733308,1566.405781,1576.264314,
225,phase2,37,pair_038,3.749951,1566.422425,1576.280958,
226,phase2,37,pair_038,3.766556,1566.43903,1576.297563,
227,phase2,37,pair_038,3.783636,1566.45611,1576.314643,
228,phase2,37,pair_038,3.800265,1566.472739,1576.331272,
229,phase2,37,pair_038,3.816631,1566.489104,1576.347637,
230,phase2,37,pair_038,3.833359,1566.505838,1576.364366,
231,phase2,37,pair_038,3.850251,1566.522724,1576.381257,
232,phase2,37,pair_038,3.866933,1566.539406,1576.397939,
233,phase2,37,pair_038,3.883293,1566.555766,1576.4143,
234,phase2,37,pair_038,3.89993,1566.572403,1576.430937,
235,phase2,37,pair_038,3.916538,1566.589012,1576.447545,
236,phase2,37,pair_038,3.93359,1566.606063,1576.464596,
237,phase2,37,pair_038,3.949972,1566.622446,1576.480979,
238,phase2,37,pair_038,3.966607,1566.639081,1576.497614,
239,phase2,37,pair_038,3.983268,1566.655743,1576.514274,
240,phase2,37,pair_038,3.999933,1566.672406,1576.530939,
241,phase2,37,pair_038,4.016621,1566.689094,1576.547627,
242,phase2,37,pair_038,4.033287,1566.705761,1576.564294,
243,phase2,37,pair_038,4.049932,1566.722406,1576.580939,
244,phase2,37,pair_038,4.06695,1566.739424,1576.597957,
245,phase2,37,pair_038,4.083274,1566.755748,1576.614281,
246,phase2,37,pair_038,4.099971,1566.772446,1576.630977,
247,phase2,37,pair_038,4.116674,1566.789148,1576.647681,
248,phase2,37,pair_038,4.133254,1566.805728,1576.66426,
249,phase2,37,pair_038,4.150197,1566.82267,1576.681203,
250,phase2,37,pair_038,4.16663,1566.839104,1576.697637,
251,phase2,37,pair_038,4.183256,1566.855729,1576.714262,
252,phase2,37,pair_038,4.199958,1566.872432,1576.730965,
253,phase2,37,pair_038,4.216602,1566.889075,1576.747608,
254,phase2,37,pair_038,4.233294,1566.905767,1576.7643,
255,phase2,37,pair_038,4.250157,1566.922632,1576.781163,
256,phase2,37,pair_038,4.266599,1566.939072,1576.797606,
257,phase2,37,pair_038,4.283585,1566.956061,1576.814591,
258,phase2,37,pair_038,4.299947,1566.97242,1576.830953,
259,phase2,37,pair_038,4.316601,1566.989074,1576.847608,
260,phase2,37,pair_038,4.33328,1567.005753,1576.864286,
261,phase2,37,pair_038,4.350225,1567.022698,1576.881231,
262,phase2,37,pair_038,4.366605,1567.03908,1576.897612,
263,phase2,37,pair_038,4.38324,1567.055714,1576.914247,
264,phase2,37,pair_038,4.400214,1567.072688,1576.93122,
265,phase2,37,pair_038,4.416907,1567.089381,1576.947914,
266,phase2,37,pair_038,4.433256,1567.105729,1576.964262,
267,phase2,37,pair_038,4.449935,1567.122408,1576.980941,
268,phase2,37,pair_038,4.46661,1567.139084,1576.997616,
269,phase2,37,pair_038,4.483255,1567.15573,1577.014261,
270,phase2,37,pair_038,4.499932,1567.172406,1577.030939,
271,phase2,37,pair_038,4.516637,1567.189111,1577.047643,
272,phase2,37,pair_038,4.533215,1567.205688,1577.064221,
273,phase2,37,pair_038,4.549925,1567.222399,1577.080931,
274,phase2,37,pair_038,4.566618,1567.239092,1577.097625,
275,phase2,37,pair_038,4.5833,1567.255773,1577.114306,
276,phase2,37,pair_038,4.599915,1567.272389,1577.130922,
277,phase2,37,pair_038,4.616881,1567.289354,1577.147887,
278,phase2,37,pair_038,4.633575,1567.306049,1577.164582,
279,phase2,37,pair_038,4.649932,1567.322405,1577.180938,
280,phase2,37,pair_038,4.666571,1567.339044,1577.197577,
281,phase2,37,pair_038,4.683236,1567.355709,1577.214242,
282,phase2,37,pair_038,4.699851,1567.372328,1577.230857,
283,phase2,37,pair_038,4.716532,1567.389008,1577.247538,
284,phase2,37,pair_038,4.733163,1567.405639,1577.26417,
285,phase2,37,pair_038,4.749876,1567.422352,1577.280882,
286,phase2,37,pair_038,4.766537,1567.439013,1577.297544,
287,phase2,37,pair_038,4.7832,1567.455676,1577.314206,
288,phase2,37,pair_038,4.799887,1567.472364,1577.330894,
289,phase2,37,pair_038,4.816513,1567.488993,1577.347519,
290,phase2,37,pair_038,4.83321,1567.505687,1577.364217,
291,phase2,37,pair_038,4.84996,1567.52244,1577.380967,
292,phase2,37,pair_038,4.866621,1567.539097,1577.397628,
293,phase2,37,pair_038,4.88321,1567.555685,1577.414216,
294,phase2,37,pair_038,4.900249,1567.572723,1577.431255,
295,phase2,37,pair_038,4.916531,1567.589005,1577.447537,
296,phase2,37,pair_038,4.93326,1567.605736,1577.464266,
297,phase2,37,pair_038,4.949849,1567.622327,1577.480855,
298,phase2,37,pair_038,4.966561,1567.639039,1577.497567,
299,phase2,37,pair_038,4.983249,1567.655725,1577.514255,
300,phase2,37,pair_038,4.999875,1567.672353,1577.530881,
301,phase2,37,pair_038,5.016517,1567.688995,1577.547523,
302,phase2,37,pair_038,5.033174,1567.70565,1577.56418,
303,phase2,37,pair_038,5.049861,1567.72234,1577.580867,
304,phase2,37,pair_038,5.066528,1567.739003,1577.597535,
305,phase2,37,pair_038,5.083184,1567.755663,1577.61419,
306,phase2,37,pair_038,5.09984,1567.772317,1577.630847,
307,phase2,37,pair_038,5.116523,1567.788998,1577.647529,
308,phase2,37,pair_038,5.133184,1567.80566,1577.66419,
309,phase2,37,pair_038,5.149873,1567.822353,1577.680879,
310,phase2,37,pair_038,5.166526,1567.839005,1577.697532,
311,phase2,37,pair_038,5.183211,1567.855687,1577.714217,
312,phase2,37,pair_038,5.199925,1567.8724,1577.730931,
313,phase2,37,pair_038,5.216583,1567.889058,1577.74759,
314,phase2,37,pair_038,5.233258,1567.905732,1577.764264,
315,phase2,37,pair_038,5.249883,1567.922357,1577.780889,
316,phase2,37,pair_038,5.266618,1567.939093,1577.797624,
317,phase2,37,pair_038,5.283286,1567.955761,1577.814293,
318,phase2,37,pair_038,5.299928,1567.972401,1577.830934,
319,phase2,37,pair_038,5.316882,1567.989356,1577.847888,
320,phase2,37,pair_038,5.333272,1568.005745,1577.864278,
321,phase2,37,pair_038,5.349926,1568.0224,1577.880933,
322,phase2,37,pair_038,5.366868,1568.039341,1577.897874,
323,phase2,37,pair_038,5.383581,1568.056055,1577.914588,
324,phase2,37,pair_038,5.400205,1568.072679,1577.931211,
325,phase2,37,pair_038,5.416582,1568.089055,1577.947588,
326,phase2,37,pair_038,5.433218,1568.105691,1577.964224,
327,phase2,37,pair_038,5.450233,1568.122707,1577.98124,
328,phase2,37,pair_038,-1562.672734,1568.639426,9.858273,response
0,phase3,37,pair_038,0.0,1569.755789,1579.614316,stimulus_onset
1,phase3,37,pair_038,0.016696,1569.772481,1579.631012,
2,phase3,37,pair_038,0.033301,1569.789085,1579.647617,
3,phase3,37,pair_038,0.049961,1569.805745,1579.664278,
4,phase3,37,pair_038,0.066626,1569.822411,1579.680943,
5,phase3,37,pair_038,0.083637,1569.839421,1579.697953,
6,phase3,37,pair_038,0.100008,1569.855796,1579.714325,
7,phase3,37,pair_038,0.116662,1569.872448,1579.730979,
8,phase3,37,pair_038,0.133307,1569.889092,1579.747623,
9,phase3,37,pair_038,0.150286,1569.90607,1579.764602,
10,phase3,37,pair_038,0.166602,1569.922386,1579.780918,
11,phase3,37,pair_038,0.183302,1569.939085,1579.797618,
12,phase3,37,pair_038,0.200015,1569.955799,1579.814331,
13,phase3,37,pair_038,0.21693,1569.972714,1579.831247,
14,phase3,37,pair_038,0.23332,1569.989104,1579.847636,
15,phase3,37,pair_038,0.249982,1570.005766,1579.864298,
16,phase3,37,pair_038,0.266635,1570.02242,1579.880952,
17,phase3,37,pair_038,0.28329,1570.039076,1579.897607,
18,phase3,37,pair_038,0.300275,1570.056059,1579.914591,
19,phase3,37,pair_038,0.316635,1570.07242,1579.930952,
20,phase3,37,pair_038,0.333358,1570.089143,1579.947675,
21,phase3,37,pair_038,0.34996,1570.105744,1579.964276,
22,phase3,37,pair_038,0.366614,1570.122398,1579.980931,
23,phase3,37,pair_038,0.383314,1570.139098,1579.99763,
24,phase3,37,pair_038,0.400014,1570.1558,1580.01433,
25,phase3,37,pair_038,0.416568,1570.172352,1580.030884,
26,phase3,37,pair_038,0.433612,1570.189396,1580.047928,
27,phase3,37,pair_038,0.449989,1570.205773,1580.064306,
28,phase3,37,pair_038,0.466689,1570.222476,1580.081006,
29,phase3,37,pair_038,0.483305,1570.239089,1580.097622,
30,phase3,37,pair_038,0.50028,1570.256064,1580.114596,
31,phase3,37,pair_038,0.51653,1570.272315,1580.130847,
32,phase3,37,pair_038,0.533288,1570.289072,1580.147604,
33,phase3,37,pair_038,0.550015,1570.305799,1580.164331,
34,phase3,37,pair_038,0.566943,1570.322727,1580.18126,
35,phase3,37,pair_038,0.583238,1570.339022,1580.197554,
36,phase3,37,pair_038,0.599897,1570.355681,1580.214213,
37,phase3,37,pair_038,0.6167,1570.372484,1580.231017,
38,phase3,37,pair_038,0.633287,1570.389071,1580.247603,
39,phase3,37,pair_038,0.649949,1570.405762,1580.264266,
40,phase3,37,pair_038,0.666628,1570.422421,1580.280944,
41,phase3,37,pair_038,0.683286,1570.43907,1580.297602,
42,phase3,37,pair_038,0.699922,1570.455706,1580.314239,
43,phase3,37,pair_038,0.716927,1570.472711,1580.331243,
44,phase3,37,pair_038,0.733229,1570.489013,1580.347545,
45,phase3,37,pair_038,0.749952,1570.505736,1580.364268,
46,phase3,37,pair_038,0.766951,1570.522735,1580.381268,
47,phase3,37,pair_038,0.78359,1570.539374,1580.397906,
48,phase3,37,pair_038,0.79996,1570.555745,1580.414277,
49,phase3,37,pair_038,0.816625,1570.572409,1580.430941,
50,phase3,37,pair_038,0.833282,1570.589066,1580.447598,
51,phase3,37,pair_038,0.850215,1570.605999,1580.464531,
52,phase3,37,pair_038,0.866616,1570.6224,1580.480933,
53,phase3,37,pair_038,0.883214,1570.638999,1580.497531,
54,phase3,37,pair_038,0.899949,1570.655733,1580.514265,
55,phase3,37,pair_038,0.916939,1570.672726,1580.531256,
56,phase3,37,pair_038,0.933289,1570.689074,1580.547605,
57,phase3,37,pair_038,0.949982,1570.70578,1580.564298,
58,phase3,37,pair_038,0.966594,1570.722379,1580.580911,
59,phase3,37,pair_038,0.983598,1570.739382,1580.597915,
60,phase3,37,pair_038,0.999912,1570.755697,1580.614229,
61,phase3,37,pair_038,1.016558,1570.772342,1580.630875,
62,phase3,37,pair_038,1.033205,1570.788989,1580.647521,
63,phase3,37,pair_038,1.049916,1570.80572,1580.664232,
64,phase3,37,pair_038,1.066616,1570.8224,1580.680932,
65,phase3,37,pair_038,1.083275,1570.839059,1580.697591,
66,phase3,37,pair_038,1.099963,1570.855747,1580.714279,
67,phase3,37,pair_038,1.116895,1570.872679,1580.731211,
68,phase3,37,pair_038,1.133209,1570.888992,1580.747525,
69,phase3,37,pair_038,1.149937,1570.90572,1580.764253,
70,phase3,37,pair_038,1.166574,1570.922358,1580.780891,
71,phase3,37,pair_038,1.18329,1570.939074,1580.797607,
72,phase3,37,pair_038,1.300003,1571.055786,1580.914319,
73,phase3,37,pair_038,1.316624,1571.072408,1580.93094,
74,phase3,37,pair_038,1.333255,1571.089039,1580.947571,
75,phase3,37,pair_038,1.349931,1571.105715,1580.964247,
76,phase3,37,pair_038,1.366608,1571.122392,1580.980924,
77,phase3,37,pair_038,1.383226,1571.139009,1580.997542,
78,phase3,37,pair_038,1.399906,1571.155691,1581.014223,
79,phase3,37,pair_038,1.416844,1571.172628,1581.03116,
80,phase3,37,pair_038,1.433221,1571.189005,1581.047538,
81,phase3,37,pair_038,1.450016,1571.2058,1581.064332,
82,phase3,37,pair_038,1.466535,1571.222319,1581.080851,
83,phase3,37,pair_038,1.483555,1571.239339,1581.097871,
84,phase3,37,pair_038,1.499928,1571.255712,1581.114245,
85,phase3,37,pair_038,1.516623,1571.272407,1581.130939,
86,phase3,37,pair_038,1.533596,1571.28938,1581.147913,
87,phase3,37,pair_038,1.549908,1571.305709,1581.164225,
88,phase3,37,pair_038,1.566568,1571.322352,1581.180884,
89,phase3,37,pair_038,1.583337,1571.339121,1581.197653,
90,phase3,37,pair_038,1.600208,1571.355992,1581.214524,
91,phase3,37,pair_038,1.616522,1571.372309,1581.230839,
92,phase3,37,pair_038,1.633193,1571.388978,1581.24751,
93,phase3,37,pair_038,1.649939,1571.405723,1581.264255,
94,phase3,37,pair_038,1.666544,1571.422328,1581.280861,
95,phase3,37,pair_038,1.683565,1571.439349,1581.297881,
96,phase3,37,pair_038,1.699943,1571.45573,1581.314259,
97,phase3,37,pair_038,1.716495,1571.472279,1581.330811,
98,phase3,37,pair_038,1.733258,1571.489042,1581.347574,
99,phase3,37,pair_038,1.750242,1571.506026,1581.364558,
100,phase3,37,pair_038,1.766575,1571.522359,1581.380892,
101,phase3,37,pair_038,1.783209,1571.538993,1581.397525,
102,phase3,37,pair_038,1.799893,1571.555677,1581.414209,
103,phase3,37,pair_038,1.816587,1571.572374,1581.430903,
104,phase3,37,pair_038,1.833269,1571.589053,1581.447586,
105,phase3,37,pair_038,1.849873,1571.605657,1581.464189,
106,phase3,37,pair_038,1.866633,1571.622417,1581.480949,
107,phase3,37,pair_038,1.883229,1571.639013,1581.497545,
108,phase3,37,pair_038,1.900221,1571.656005,1581.514538,
109,phase3,37,pair_038,1.916617,1571.672401,1581.530934,
110,phase3,37,pair_038,1.933244,1571.689028,1581.54756,
111,phase3,37,pair_038,1.949909,1571.705692,1581.564225,
112,phase3,37,pair_038,1.96686,1571.722644,1581.581176,
113,phase3,37,pair_038,1.983256,1571.73904,1581.597572,
114,phase3,37,pair_038,1.999964,1571.755748,1581.614281,
115,phase3,37,pair_038,2.016891,1571.772675,1581.631208,
116,phase3,37,pair_038,2.033548,1571.789332,1581.647864,
117,phase3,37,pair_038,2.049911,1571.805696,1581.664228,
118,phase3,37,pair_038,2.066634,1571.822418,1581.68095,
119,phase3,37,pair_038,2.083242,1571.839026,1581.697559,
120,phase3,37,pair_038,2.100236,1571.856021,1581.714553,
121,phase3,37,pair_038,2.116609,1571.872393,1581.730925,
122,phase3,37,pair_038,2.133237,1571.889021,1581.747554,
123,phase3,37,pair_038,2.149869,1571.905653,1581.764186,
124,phase3,37,pair_038,2.166508,1571.922292,1581.780824,
125,phase3,37,pair_038,2.18324,1571.939024,1581.797556,
126,phase3,37,pair_038,2.200003,1571.955789,1581.814319,
127,phase3,37,pair_038,2.216501,1571.972285,1581.830817,
128,phase3,37,pair_038,2.233238,1571.989022,1581.847554,
129,phase3,37,pair_038,2.250195,1572.005979,1581.864512,
130,phase3,37,pair_038,2.266599,1572.022383,1581.880915,
131,phase3,37,pair_038,2.283237,1572.039021,1581.897553,
132,phase3,37,pair_038,2.299815,1572.0556,1581.914132,
133,phase3,37,pair_038,2.316857,1572.072642,1581.931174,
134,phase3,37,pair_038,2.333311,1572.089098,1581.947628,
135,phase3,37,pair_038,2.349888,1572.105672,1581.964205,
136,phase3,37,pair_038,2.366557,1572.122341,1581.980873,
137,phase3,37,pair_038,2.38353,1572.139313,1581.997846,
138,phase3,37,pair_038,2.400163,1572.155949,1582.014479,
139,phase3,37,pair_038,2.416607,1572.172391,1582.030923,
140,phase3,37,pair_038,2.433161,1572.188945,1582.047477,
141,phase3,37,pair_038,2.450211,1572.205995,1582.064527,
142,phase3,37,pair_038,2.466585,1572.222369,1582.080902,
143,phase3,37,pair_038,2.483292,1572.239076,1582.097608,
144,phase3,37,pair_038,2.499949,1572.255733,1582.114266,
145,phase3,37,pair_038,2.516476,1572.27226,1582.130793,
146,phase3,37,pair_038,2.533236,1572.28902,1582.147552,
147,phase3,37,pair_038,2.54997,1572.305754,1582.164286,
148,phase3,37,pair_038,2.566604,1572.322387,1582.18092,
149,phase3,37,pair_038,2.583233,1572.339017,1582.19755,
150,phase3,37,pair_038,2.599832,1572.355616,1582.214149,
151,phase3,37,pair_038,2.616582,1572.372367,1582.230899,
152,phase3,37,pair_038,2.633276,1572.38906,1582.247593,
153,phase3,37,pair_038,2.650203,1572.405987,1582.264519,
154,phase3,37,pair_038,2.666844,1572.422628,1582.281161,
155,phase3,37,pair_038,2.683166,1572.43895,1582.297482,
156,phase3,37,pair_038,2.699882,1572.455666,1582.314199,
157,phase3,37,pair_038,2.716873,1572.472657,1582.331189,
158,phase3,37,pair_038,2.73351,1572.489294,1582.347826,
159,phase3,37,pair_038,2.749906,1572.50569,1582.364222,
160,phase3,37,pair_038,2.766812,1572.522596,1582.381128,
161,phase3,37,pair_038,2.783522,1572.539306,1582.397838,
162,phase3,37,pair_038,2.800181,1572.555965,1582.414497,
163,phase3,37,pair_038,2.816635,1572.572422,1582.430952,
164,phase3,37,pair_038,2.833146,1572.58893,1582.447462,
165,phase3,37,pair_038,2.849892,1572.605677,1582.464209,
166,phase3,37,pair_038,2.866879,1572.622663,1582.481195,
167,phase3,37,pair_038,2.883231,1572.639015,1582.497547,
168,phase3,37,pair_038,2.899937,1572.655721,1582.514253,
169,phase3,37,pair_038,2.916512,1572.672298,1582.530828,
170,phase3,37,pair_038,2.933167,1572.688951,1582.547483,
171,phase3,37,pair_038,2.949901,1572.705685,1582.564218,
172,phase3,37,pair_038,2.966557,1572.72234,1582.580873,
173,phase3,37,pair_038,2.983205,1572.738989,1582.597521,
174,phase3,37,pair_038,2.999843,1572.755627,1582.61416,
175,phase3,37,pair_038,3.016548,1572.772332,1582.630865,
176,phase3,37,pair_038,3.099889,1572.855674,1582.714205,
177,phase3,37,pair_038,3.116579,1572.872363,1582.730895,
178,phase3,37,pair_038,3.133191,1572.888975,1582.747507,
179,phase3,37,pair_038,3.150181,1572.905965,1582.764497,
180,phase3,37,pair_038,3.166609,1572.922393,1582.780925,
181,phase3,37,pair_038,3.18334,1572.939125,1582.797656,
182,phase3,37,pair_038,3.199963,1572.955747,1582.81428,
183,phase3,37,pair_038,3.216645,1572.972429,1582.830962,
184,phase3,37,pair_038,3.233317,1572.989101,1582.847633,
185,phase3,37,pair_038,3.25029,1573.006074,1582.864606,
186,phase3,37,pair_038,3.266637,1573.022424,1582.880953,
187,phase3,37,pair_038,3.283317,1573.039101,1582.897633,
188,phase3,37,pair_038,3.299994,1573.05578,1582.914311,
189,phase3,37,pair_038,3.31698,1573.072765,1582.931297,
190,phase3,37,pair_038,3.333322,1573.089107,1582.947639,
191,phase3,37,pair_038,3.349998,1573.105782,1582.964314,
192,phase3,37,pair_038,3.366663,1573.122473,1582.980979,
193,phase3,37,pair_038,3.383638,1573.139423,1582.997954,
194,phase3,37,pair_038,3.399985,1573.155769,1583.014301,
195,phase3,37,pair_038,3.416604,1573.172389,1583.030921,
196,phase3,37,pair_038,3.433289,1573.189074,1583.047605,
197,phase3,37,pair_038,3.450306,1573.206091,1583.064622,
198,phase3,37,pair_038,3.466952,1573.222737,1583.081268,
199,phase3,37,pair_038,3.483307,1573.239091,1583.097623,
200,phase3,37,pair_038,3.500009,1573.255816,1583.114325,
201,phase3,37,pair_038,3.516608,1573.272393,1583.130924,
202,phase3,37,pair_038,3.533597,1573.289381,1583.147913,
203,phase3,37,pair_038,3.549977,1573.305761,1583.164293,
204,phase3,37,pair_038,3.566913,1573.322697,1583.181229,
205,phase3,37,pair_038,3.583303,1573.339088,1583.19762,
206,phase3,37,pair_038,3.600273,1573.356057,1583.214589,
207,phase3,37,pair_038,3.616658,1573.372447,1583.230975,
208,phase3,37,pair_038,3.633315,1573.389099,1583.247631,
209,phase3,37,pair_038,3.650002,1573.405799,1583.264319,
210,phase3,37,pair_038,3.666944,1573.422728,1583.28126,
211,phase3,37,pair_038,3.683312,1573.439097,1583.297629,
212,phase3,37,pair_038,3.700032,1573.455818,1583.314348,
213,phase3,37,pair_038,3.716592,1573.472377,1583.330909,
214,phase3,37,pair_038,3.733618,1573.489402,1583.347934,
215,phase3,37,pair_038,3.749855,1573.505639,1583.364171,
216,phase3,37,pair_038,3.766636,1573.522421,1583.380953,
217,phase3,37,pair_038,3.783556,1573.53934,1583.397872,
218,phase3,37,pair_038,3.866967,1573.622751,1583.481284,
219,phase3,37,pair_038,3.883336,1573.639121,1583.497653,
220,phase3,37,pair_038,3.899967,1573.655751,1583.514283,
221,phase3,37,pair_038,3.916644,1573.672431,1583.530961,
222,phase3,37,pair_038,3.933593,1573.689378,1583.54791,
223,phase3,37,pair_038,3.949949,1573.705751,1583.564265,
224,phase3,37,pair_038,3.966611,1573.722396,1583.580928,
225,phase3,37,pair_038,3.983299,1573.739085,1583.597615,
226,phase3,37,pair_038,3.999951,1573.755735,1583.614268,
227,phase3,37,pair_038,4.016943,1573.772727,1583.631259,
228,phase3,37,pair_038,4.033216,1573.789,1583.647533,
229,phase3,37,pair_038,4.05001,1573.805794,1583.664326,
230,phase3,37,pair_038,4.066927,1573.822711,1583.681243,
231,phase3,37,pair_038,4.0836,1573.839384,1583.697916,
232,phase3,37,pair_038,4.099914,1573.855698,1583.71423,
233,phase3,37,pair_038,4.116695,1573.872482,1583.731011,
234,phase3,37,pair_038,4.133267,1573.889052,1583.747584,
235,phase3,37,pair_038,4.150261,1573.906045,1583.764577,
236,phase3,37,pair_038,4.16655,1573.922334,1583.780866,
237,phase3,37,pair_038,4.183274,1573.939058,1583.79759,
238,phase3,37,pair_038,4.200002,1573.955786,1583.814318,
239,phase3,37,pair_038,4.216597,1573.972381,1583.830913,
240,phase3,37,pair_038,4.233576,1573.98936,1583.847893,
241,phase3,37,pair_038,4.249936,1574.00572,1583.864252,
242,phase3,37,pair_038,4.266605,1574.022391,1583.880921,
243,phase3,37,pair_038,4.283267,1574.039052,1583.897583,
244,phase3,37,pair_038,4.30024,1574.056024,1583.914556,
245,phase3,37,pair_038,4.383306,1574.139091,1583.997623,
246,phase3,37,pair_038,4.399945,1574.15573,1584.014262,
247,phase3,37,pair_038,4.4166,1574.172385,1584.030917,
248,phase3,37,pair_038,4.433226,1574.18902,1584.047542,
249,phase3,37,pair_038,4.449958,1574.205742,1584.064274,
250,phase3,37,pair_038,4.466609,1574.222393,1584.080925,
251,phase3,37,pair_038,4.483308,1574.239092,1584.097624,
252,phase3,37,pair_038,4.50016,1574.255944,1584.114476,
253,phase3,37,pair_038,4.516532,1574.272318,1584.130848,
254,phase3,37,pair_038,4.533285,1574.289078,1584.147602,
255,phase3,37,pair_038,4.549888,1574.305675,1584.164204,
256,phase3,37,pair_038,4.566876,1574.322662,1584.181193,
257,phase3,37,pair_038,4.583265,1574.339052,1584.197581,
258,phase3,37,pair_038,4.599955,1574.35574,1584.214271,
259,phase3,37,pair_038,4.616539,1574.372324,1584.230855,
260,phase3,37,pair_038,4.633588,1574.389373,1584.247904,
261,phase3,37,pair_038,4.649958,1574.405743,1584.264274,
262,phase3,37,pair_038,4.666574,1574.422359,1584.28089,
263,phase3,37,pair_038,4.683549,1574.439334,1584.297865,
264,phase3,37,pair_038,4.699914,1574.455699,1584.31423,
265,phase3,37,pair_038,4.716847,1574.472632,1584.331163,
266,phase3,37,pair_038,4.733309,1574.489094,1584.347625,
267,phase3,37,pair_038,4.749927,1574.505714,1584.364244,
268,phase3,37,pair_038,4.76646,1574.522245,1584.380776,
269,phase3,37,pair_038,4.783173,1574.538957,1584.397489,
270,phase3,37,pair_038,4.799914,1574.555699,1584.41423,
271,phase3,37,pair_038,4.816677,1574.572462,1584.430993,
272,phase3,37,pair_038,4.833219,1574.589003,1584.447535,
273,phase3,37,pair_038,4.849859,1574.605643,1584.464175,
274,phase3,37,pair_038,4.866586,1574.622371,1584.480903,
275,phase3,37,pair_038,4.883252,1574.639037,1584.497568,
276,phase3,37,pair_038,-1569.756044,1574.6391,9.858273,response
